dataset_id,stratum,base_seed,lambda,n_samples,n_variables,mechanism,noise,edge_count,cdfm_f1,lingam_f1,cdfm_precision,lingam_precision,cdfm_recall,lingam_recall,cdfm_shd,lingam_shd,cdfm_runtime_sec,lingam_runtime_sec,feature_runtime_sec,cdfm_threshold,winner,winner_margin,mean_abs_skewness,mean_abs_excess_kurtosis,mean_abs_pearson_correlation,mean_abs_spearman_correlation,nonlinearity_gain_median,nonlinearity_gain_mean,nonlinearity_gain_max,router_defer_probability,router_prediction,router_target,selected_solver,hybrid_f1,oracle_f1,raw_prediction_path
router_ood_student_t_seed_2000_lambda_0p00,router_ood_student_t,2000,0.0,1000,10,rff,student_t_df3,8,1.0,1.0,1.0,1.0,1.0,1.0,0,0,2.4577721999958158,0.2714832999918144,0.20963480000500567,0.7845835292162187,tie,0.0,1.2030306196687748,21.128499513989368,0.14423815905762521,0.14428358535025204,-0.007395479981538653,-0.010528042005773595,0.11235474501504139,0.9989826765153902,1,0,DirectLiNGAM,1.0,1.0,results/synthetic/raw_predictions/router_ood_student_t_seed_2000_lambda_0p00.npz
router_ood_student_t_seed_2000_lambda_0p25,router_ood_student_t,2000,0.25,1000,10,rff,student_t_df3,8,0.9411764705882353,1.0,0.8888888888888888,1.0,1.0,1.0,1,0,2.422547399997711,0.22333109998726286,0.21054249998996966,0.728550462332492,lingam,0.05882352941176472,1.3239387646529612,21.453964266818847,0.11239147520157758,0.1127136735136735,0.007216848724305438,0.004475778474510525,0.13154041161643534,0.9901310987914237,1,1,DirectLiNGAM,1.0,1.0,results/synthetic/raw_predictions/router_ood_student_t_seed_2000_lambda_0p25.npz
router_ood_student_t_seed_2000_lambda_0p50,router_ood_student_t,2000,0.5,1000,10,rff,student_t_df3,8,0.8421052631578948,0.631578947368421,0.7272727272727273,0.5454545454545454,1.0,0.75,3,5,2.4985731999913696,0.2260559000133071,0.18712200000300072,0.7114967928571981,cdfm,0.21052631578947378,1.3705843427653845,21.51172183117377,0.07575217251563066,0.07377580924247591,0.009034715328338666,0.017589211044337503,0.17465974703989934,0.9491101191093271,1,0,DirectLiNGAM,0.631578947368421,0.8421052631578948,results/synthetic/raw_predictions/router_ood_student_t_seed_2000_lambda_0p50.npz
router_ood_student_t_seed_2000_lambda_0p75,router_ood_student_t,2000,0.75,1000,10,rff,student_t_df3,8,0.75,0.16666666666666666,0.75,0.25,0.75,0.125,4,8,2.382314000016777,0.36282779998146,0.21605809999164194,0.7382185475421413,cdfm,0.5833333333333334,1.3573312734179943,20.77607076781429,0.05867352526132191,0.06919425826092493,-0.006588194193343039,0.026144409855136115,0.3116715435273546,0.7271413493744938,1,0,DirectLiNGAM,0.16666666666666666,0.75,results/synthetic/raw_predictions/router_ood_student_t_seed_2000_lambda_0p75.npz
router_ood_student_t_seed_2000_lambda_1p00,router_ood_student_t,2000,1.0,1000,10,rff,student_t_df3,8,0.9333333333333333,0.13333333333333333,1.0,0.14285714285714285,0.875,0.125,1,9,2.7830395000055432,0.3203709999797866,0.23736929998267442,0.7749547372292361,cdfm,0.8,1.3445551466016386,19.771032715618794,0.06854935842264004,0.08286481166481166,0.000538893557852693,0.03757600203037117,0.4319825595053569,0.23918533865524813,0,0,CDFM,0.9333333333333333,0.9333333333333333,results/synthetic/raw_predictions/router_ood_student_t_seed_2000_lambda_1p00.npz
router_ood_student_t_seed_2001_lambda_0p00,router_ood_student_t,2001,0.0,1000,10,rff,student_t_df3,10,0.8571428571428572,1.0,0.8181818181818182,1.0,0.9,1.0,3,0,2.3436565999872983,0.2656045999901835,0.21750909998081625,0.8091299023780851,lingam,0.1428571428571428,0.597747940545636,9.034673718994862,0.1908241134881962,0.18159331172664506,-0.022365334552141306,-0.05951940485426231,0.012870822201928188,0.9867901132303405,1,1,DirectLiNGAM,1.0,1.0,results/synthetic/raw_predictions/router_ood_student_t_seed_2001_lambda_0p00.npz
router_ood_student_t_seed_2001_lambda_0p25,router_ood_student_t,2001,0.25,1000,10,rff,student_t_df3,10,0.8181818181818182,1.0,0.75,1.0,0.9,1.0,4,0,2.363041400007205,0.24084089999087155,0.1927477999997791,0.7727275664230353,lingam,0.18181818181818177,0.5944111691944239,9.000012825533876,0.14494614528299424,0.13944842451509118,-0.004957325193094761,-0.024665090165841484,0.0747779550116824,0.9316662545033307,1,1,DirectLiNGAM,1.0,1.0,results/synthetic/raw_predictions/router_ood_student_t_seed_2001_lambda_0p25.npz
router_ood_student_t_seed_2001_lambda_0p50,router_ood_student_t,2001,0.5,1000,10,rff,student_t_df3,10,0.8000000000000002,0.5454545454545454,0.8,0.5,0.8,0.6,4,7,2.320784699986689,0.22961030001170002,0.21271880000131205,0.7478871002308362,cdfm,0.25454545454545474,0.6023341487715643,8.810918554345644,0.08713146645635929,0.08345918425918424,0.011176310144756042,0.021615338142759188,0.21552087878094553,0.397460299191393,0,0,CDFM,0.8000000000000002,0.8000000000000002,results/synthetic/raw_predictions/router_ood_student_t_seed_2001_lambda_0p50.npz
router_ood_student_t_seed_2001_lambda_0p75,router_ood_student_t,2001,0.75,1000,10,rff,student_t_df3,10,0.6153846153846154,0.3157894736842105,0.5,0.3333333333333333,0.8,0.3,9,9,2.2641361999849323,0.2317242000135593,0.19904889998724684,0.6705589019769578,cdfm,0.2995951417004049,0.5864707726990399,8.113529914751638,0.06311232852685729,0.08747309973976641,0.011062095862544759,0.03874072577159668,0.24070401047964637,0.21068002903005154,0,0,CDFM,0.6153846153846154,0.6153846153846154,results/synthetic/raw_predictions/router_ood_student_t_seed_2001_lambda_0p75.npz
router_ood_student_t_seed_2001_lambda_1p00,router_ood_student_t,2001,1.0,1000,10,rff,student_t_df3,10,0.6666666666666666,0.2105263157894737,0.5714285714285714,0.2222222222222222,0.8,0.2,7,10,2.3827646000136156,0.22783729998627678,0.20625920000020415,0.7256687413868632,cdfm,0.45614035087719296,0.54300616949803,7.334751495811891,0.0748766845106304,0.10803840483840485,-4.493513987173889e-05,0.061583519815937716,0.4718177317777132,0.029644974952652146,0,0,CDFM,0.6666666666666666,0.6666666666666666,results/synthetic/raw_predictions/router_ood_student_t_seed_2001_lambda_1p00.npz
router_ood_student_t_seed_2002_lambda_0p00,router_ood_student_t,2002,0.0,1000,10,rff,student_t_df3,10,0.9523809523809523,1.0,0.9090909090909091,1.0,1.0,1.0,1,0,2.230793499998981,0.23417770001105964,0.19723630000953563,0.8174357039954433,lingam,0.04761904761904767,0.42865030643022467,6.486716091372875,0.27498265282366585,0.25952246565579906,-0.021099775171664666,-0.050018708507712326,0.014331252406582578,0.9960189954600336,1,1,DirectLiNGAM,1.0,1.0,results/synthetic/raw_predictions/router_ood_student_t_seed_2002_lambda_0p00.npz
router_ood_student_t_seed_2002_lambda_0p25,router_ood_student_t,2002,0.25,1000,10,rff,student_t_df3,10,0.9523809523809523,1.0,0.9090909090909091,1.0,1.0,1.0,1,0,2.299256800004514,0.23218849999830127,0.2005191000062041,0.8144614814227995,lingam,0.04761904761904767,0.43089571692735895,6.269427520929556,0.2259655621599697,0.22196606863273532,0.0003346295209288011,-0.015165075677129028,0.08405003907674526,0.966312709170235,1,1,DirectLiNGAM,1.0,1.0,results/synthetic/raw_predictions/router_ood_student_t_seed_2002_lambda_0p25.npz
router_ood_student_t_seed_2002_lambda_0p50,router_ood_student_t,2002,0.5,1000,10,rff,student_t_df3,10,0.9523809523809523,0.761904761904762,0.9090909090909091,0.7272727272727273,1.0,0.8,1,4,2.347010700003011,0.26874689999385737,0.23758950000046752,0.800907618913159,cdfm,0.19047619047619035,0.4452183246863729,6.233328462102682,0.16470140058782515,0.16383608303608305,0.05819988215691553,0.05256849150035821,0.1942746158437395,0.4526367874683121,0,0,CDFM,0.9523809523809523,0.9523809523809523,results/synthetic/raw_predictions/router_ood_student_t_seed_2002_lambda_0p50.npz
router_ood_student_t_seed_2002_lambda_0p75,router_ood_student_t,2002,0.75,1000,10,rff,student_t_df3,10,0.7272727272727272,0.3333333333333333,0.6666666666666666,0.2857142857142857,0.8,0.4,6,10,2.440637199993944,0.2734987000003457,0.19694120000349358,0.7874112264499327,cdfm,0.39393939393939387,0.4479324149783662,5.933086623699386,0.12393192674376756,0.1314232178232178,0.027949279316648038,0.06148872343400221,0.34920543117474145,0.09941703019974144,0,0,CDFM,0.7272727272727272,0.7272727272727272,results/synthetic/raw_predictions/router_ood_student_t_seed_2002_lambda_0p75.npz
router_ood_student_t_seed_2002_lambda_1p00,router_ood_student_t,2002,1.0,1000,10,rff,student_t_df3,10,0.761904761904762,0.3333333333333333,0.7272727272727273,0.2857142857142857,0.8,0.4,4,11,2.3971008000080474,0.2291003999998793,0.22865569998975843,0.7930896549204794,cdfm,0.42857142857142866,0.4861297573292604,5.428171634090146,0.10860078067254993,0.12195754809088147,0.02911470420457362,0.09187191997113987,0.48214081299762146,0.008533763778756125,0,0,CDFM,0.761904761904762,0.761904761904762,results/synthetic/raw_predictions/router_ood_student_t_seed_2002_lambda_1p00.npz
router_ood_student_t_seed_2003_lambda_0p00,router_ood_student_t,2003,0.0,1000,10,rff,student_t_df3,11,0.8695652173913043,1.0,0.8333333333333334,1.0,0.9090909090909091,1.0,3,0,2.651758099993458,0.24809529999038205,0.1929799999925308,0.803847381988912,lingam,0.13043478260869568,0.4560870867652554,9.107014001275093,0.1971775123469591,0.18450764690764693,-0.01806162799095258,-0.16951122059159235,0.06314782358879362,0.9884395410227277,1,1,DirectLiNGAM,1.0,1.0,results/synthetic/raw_predictions/router_ood_student_t_seed_2003_lambda_0p00.npz
router_ood_student_t_seed_2003_lambda_0p25,router_ood_student_t,2003,0.25,1000,10,rff,student_t_df3,11,0.8571428571428572,1.0,0.9,1.0,0.8181818181818182,1.0,3,0,2.4676925000094343,0.22944360002293251,0.22354909998830408,0.797152571692275,lingam,0.1428571428571428,0.49125643485498866,9.604488489964506,0.16744019072202548,0.15733208719875386,0.0010699017833127398,-0.013930696981421914,0.05322018646229273,0.994142639403225,1,1,DirectLiNGAM,1.0,1.0,results/synthetic/raw_predictions/router_ood_student_t_seed_2003_lambda_0p25.npz
router_ood_student_t_seed_2003_lambda_0p50,router_ood_student_t,2003,0.5,1000,10,rff,student_t_df3,11,0.8181818181818182,0.8333333333333333,0.8181818181818182,0.7692307692307693,0.8181818181818182,0.9090909090909091,3,3,2.3360295000020415,0.23122320001129992,0.20055690000299364,0.7524732111385741,lingam,0.015151515151515027,0.5843195482557259,10.30105698469955,0.12365758827590481,0.1114225463558797,0.028478538503567626,0.032241162890155946,0.14494831176478212,0.9202018514639212,1,0,DirectLiNGAM,0.8333333333333333,0.8333333333333333,results/synthetic/raw_predictions/router_ood_student_t_seed_2003_lambda_0p50.npz
router_ood_student_t_seed_2003_lambda_0p75,router_ood_student_t,2003,0.75,1000,10,rff,student_t_df3,11,0.7200000000000001,0.45454545454545453,0.6428571428571429,0.45454545454545453,0.8181818181818182,0.45454545454545453,7,10,2.320955099974526,0.2315484999853652,0.2101179999881424,0.7038973326037606,cdfm,0.26545454545454555,0.5531630745637888,9.564230995497091,0.08349719517415558,0.09624255010921677,0.03992984877009593,0.06491661357612571,0.2730387914039337,0.4971641519065824,0,0,CDFM,0.7200000000000001,0.7200000000000001,results/synthetic/raw_predictions/router_ood_student_t_seed_2003_lambda_0p75.npz
router_ood_student_t_seed_2003_lambda_1p00,router_ood_student_t,2003,1.0,1000,10,rff,student_t_df3,11,0.6206896551724137,0.23999999999999996,0.5,0.21428571428571427,0.8181818181818182,0.2727272727272727,9,12,2.4355511000030674,0.23894530002144165,0.2219459000043571,0.6866055503410803,cdfm,0.3806896551724137,0.45667216009582584,7.71830409680666,0.0884644515657429,0.10635743435743436,0.056195966797632044,0.10349304190073257,0.41838693626434187,0.09223411438518841,0,0,CDFM,0.6206896551724137,0.6206896551724137,results/synthetic/raw_predictions/router_ood_student_t_seed_2003_lambda_1p00.npz
router_ood_student_t_seed_2004_lambda_0p00,router_ood_student_t,2004,0.0,1000,10,rff,student_t_df3,11,0.88,1.0,0.7857142857142857,1.0,1.0,1.0,3,0,2.4041138000029605,0.2598082000040449,0.2032537000195589,0.7610679770816489,lingam,0.12,1.2893403649566593,18.53049515957428,0.1955282451854513,0.1976268944268944,-0.027220857365844196,-0.027301271563181007,0.335812066070044,0.869078083976476,1,1,DirectLiNGAM,1.0,1.0,results/synthetic/raw_predictions/router_ood_student_t_seed_2004_lambda_0p00.npz
router_ood_student_t_seed_2004_lambda_0p25,router_ood_student_t,2004,0.25,1000,10,rff,student_t_df3,11,0.88,1.0,0.7857142857142857,1.0,1.0,1.0,3,0,2.601341199973831,0.24549950001528487,0.196030699997209,0.7289068674984226,lingam,0.12,1.458571699260841,20.82019366102528,0.15235699792612867,0.15821000807667476,-0.005501117199278007,-0.02934153043802571,0.33445281609353644,0.6592821471995781,1,1,DirectLiNGAM,1.0,1.0,results/synthetic/raw_predictions/router_ood_student_t_seed_2004_lambda_0p25.npz
router_ood_student_t_seed_2004_lambda_0p50,router_ood_student_t,2004,0.5,1000,10,rff,student_t_df3,11,0.8181818181818182,0.7826086956521738,0.8181818181818182,0.75,0.8181818181818182,0.8181818181818182,4,5,2.339079800003674,0.2463242999801878,0.21020890001091175,0.707899617607887,cdfm,0.035573122529644396,1.480839532527959,21.554918973050857,0.08594619991030719,0.0881662020328687,0.010614118333406959,0.027221177307698206,0.271641839203995,0.6685739040790255,1,0,DirectLiNGAM,0.7826086956521738,0.8181818181818182,results/synthetic/raw_predictions/router_ood_student_t_seed_2004_lambda_0p50.npz
router_ood_student_t_seed_2004_lambda_0p75,router_ood_student_t,2004,0.75,1000,10,rff,student_t_df3,11,0.64,0.47619047619047616,0.5714285714285714,0.5,0.7272727272727273,0.45454545454545453,9,9,2.6574049000046216,0.24356179998721927,0.21244790000491776,0.6670570160834572,cdfm,0.16380952380952385,1.3491234777060603,19.411054948330385,0.07694653204995162,0.11414011968942503,0.015048284517502501,0.04085820263605608,0.19854633322264578,0.7604505827558942,1,0,DirectLiNGAM,0.47619047619047616,0.64,results/synthetic/raw_predictions/router_ood_student_t_seed_2004_lambda_0p75.npz
router_ood_student_t_seed_2004_lambda_1p00,router_ood_student_t,2004,1.0,1000,10,rff,student_t_df3,11,0.6086956521739131,0.3846153846153846,0.5833333333333334,0.3333333333333333,0.6363636363636364,0.45454545454545453,9,10,2.4521045000001322,0.2378951999999117,0.20772010000655428,0.7297539491394324,cdfm,0.2240802675585285,1.2272065448983822,16.63674640469204,0.12142052291340284,0.1559853741187075,0.057152714636078336,0.08155450681586911,0.338607969715245,0.16468637296707123,0,0,CDFM,0.6086956521739131,0.6086956521739131,results/synthetic/raw_predictions/router_ood_student_t_seed_2004_lambda_1p00.npz
router_ood_student_t_seed_2005_lambda_0p00,router_ood_student_t,2005,0.0,1000,10,rff,student_t_df3,7,1.0,1.0,1.0,1.0,1.0,1.0,0,0,2.488205300003756,0.2512468000059016,0.21549650002270937,0.7871389138383691,tie,0.0,0.5349576677995291,11.732428984114666,0.12416246108301085,0.12030893097559764,-0.011880418098507723,-0.044396672209273395,0.0053660690030711685,0.9985424703676304,1,0,DirectLiNGAM,1.0,1.0,results/synthetic/raw_predictions/router_ood_student_t_seed_2005_lambda_0p00.npz
router_ood_student_t_seed_2005_lambda_0p25,router_ood_student_t,2005,0.25,1000,10,rff,student_t_df3,7,1.0,1.0,1.0,1.0,1.0,1.0,0,0,2.3961450000060722,0.24355280000600033,0.20599400001810864,0.7890661645566912,tie,0.0,0.574211917637349,11.878679382476383,0.10285848490723909,0.10022895596228931,-0.0065846941942825366,-0.018219104001388542,0.05773721894647488,0.9949259724764234,1,0,DirectLiNGAM,1.0,1.0,results/synthetic/raw_predictions/router_ood_student_t_seed_2005_lambda_0p25.npz
router_ood_student_t_seed_2005_lambda_0p50,router_ood_student_t,2005,0.5,1000,10,rff,student_t_df3,7,0.8750000000000001,0.923076923076923,0.7777777777777778,1.0,1.0,0.8571428571428571,2,1,2.432171599997673,0.23053080000681803,0.20653180000954308,0.7055194866198278,lingam,0.048076923076922906,0.5871439531159608,11.978222540470949,0.06864762205431,0.06686880126880128,0.01195693051553286,0.015916174801485067,0.17051246683258756,0.9556894005972277,1,1,DirectLiNGAM,0.923076923076923,0.923076923076923,results/synthetic/raw_predictions/router_ood_student_t_seed_2005_lambda_0p50.npz
router_ood_student_t_seed_2005_lambda_0p75,router_ood_student_t,2005,0.75,1000,10,rff,student_t_df3,7,0.8235294117647058,0.2,0.7,0.3333333333333333,1.0,0.14285714285714285,3,6,2.4349098000093363,0.22714139998424798,0.2000699999916833,0.7291239997146969,cdfm,0.6235294117647059,0.5964771475626109,11.40184199858356,0.04726255079157043,0.06019175112508446,-0.006943910360011442,0.032893122306509634,0.3163847712210316,0.7308106563166323,1,0,DirectLiNGAM,0.2,0.8235294117647058,results/synthetic/raw_predictions/router_ood_student_t_seed_2005_lambda_0p75.npz
router_ood_student_t_seed_2005_lambda_1p00,router_ood_student_t,2005,1.0,1000,10,rff,student_t_df3,7,0.7777777777777778,0.26666666666666666,0.6363636363636364,0.25,1.0,0.2857142857142857,4,6,2.4616948000038974,0.22810090001439676,0.19934019999345765,0.7436206434304479,cdfm,0.5111111111111111,0.6076348526467819,10.522483459290642,0.053641625218289156,0.06606922126922127,0.010659221398204185,0.07736211458996715,0.44820712273186236,0.18376317993793176,0,0,CDFM,0.7777777777777778,0.7777777777777778,results/synthetic/raw_predictions/router_ood_student_t_seed_2005_lambda_1p00.npz
router_ood_student_t_seed_2006_lambda_0p00,router_ood_student_t,2006,0.0,1000,10,rff,student_t_df3,13,0.7741935483870968,1.0,0.6666666666666666,1.0,0.9230769230769231,1.0,7,0,2.616271900013089,0.27714109999942593,0.20681050000712276,0.724190638304092,lingam,0.22580645161290325,2.592204489132243,48.674312956465094,0.2076361881747836,0.1902565897232564,-0.09352245556919014,-0.10308983652714403,0.2633375514039901,0.9999999790269183,1,1,DirectLiNGAM,1.0,1.0,results/synthetic/raw_predictions/router_ood_student_t_seed_2006_lambda_0p00.npz
router_ood_student_t_seed_2006_lambda_0p25,router_ood_student_t,2006,0.25,1000,10,rff,student_t_df3,13,0.8125000000000001,0.9600000000000001,0.6842105263157895,1.0,1.0,0.9230769230769231,6,1,2.6082294000079855,0.24041339999530464,0.21635709999827668,0.6477971175007174,lingam,0.14749999999999996,2.50969614131887,49.514088157442245,0.1594230818173926,0.14170092170092172,-0.07345448876873578,-0.17405428777258763,0.06214569294006931,0.9999999974041867,1,1,DirectLiNGAM,0.9600000000000001,0.9600000000000001,results/synthetic/raw_predictions/router_ood_student_t_seed_2006_lambda_0p25.npz
router_ood_student_t_seed_2006_lambda_0p50,router_ood_student_t,2006,0.5,1000,10,rff,student_t_df3,13,0.6875,0.8,0.5789473684210527,0.8333333333333334,0.8461538461538461,0.7692307692307693,9,4,2.4559643999964464,0.23969149999902584,0.20505630000843666,0.6578788582486894,lingam,0.11250000000000004,2.255886577269299,47.123942763764006,0.10056071879152192,0.1051809297142631,-0.030770883892822565,-0.10446693734249342,0.3396485889431835,0.9999998698745832,1,1,DirectLiNGAM,0.8,0.8,results/synthetic/raw_predictions/router_ood_student_t_seed_2006_lambda_0p50.npz
router_ood_student_t_seed_2006_lambda_0p75,router_ood_student_t,2006,0.75,1000,10,rff,student_t_df3,13,0.8333333333333333,0.3448275862068966,0.9090909090909091,0.3125,0.7692307692307693,0.38461538461538464,3,13,2.420702999981586,0.2374054999963846,0.20681629999307916,0.7416634121529784,cdfm,0.4885057471264367,2.068963721973209,42.635711130480765,0.07681656972871072,0.12816516976516976,0.012719001472286072,-0.059476049585500304,0.14181445281863775,0.9999997497916737,1,0,DirectLiNGAM,0.3448275862068966,0.8333333333333333,results/synthetic/raw_predictions/router_ood_student_t_seed_2006_lambda_0p75.npz
router_ood_student_t_seed_2006_lambda_1p00,router_ood_student_t,2006,1.0,1000,10,rff,student_t_df3,13,0.8,0.17391304347826086,0.8333333333333334,0.2,0.7692307692307693,0.15384615384615385,4,15,2.389996699988842,0.26746770000318065,0.2457787999883294,0.7357697269087833,cdfm,0.6260869565217392,1.8494538805100107,37.35117407153884,0.07687291361903682,0.13870777817444485,0.0223242966113349,0.023913186383615864,0.20371355375263808,0.999996594335334,1,0,DirectLiNGAM,0.17391304347826086,0.8,results/synthetic/raw_predictions/router_ood_student_t_seed_2006_lambda_1p00.npz
router_ood_student_t_seed_2007_lambda_0p00,router_ood_student_t,2007,0.0,1000,10,rff,student_t_df3,8,1.0,1.0,1.0,1.0,1.0,1.0,0,0,2.5439569000154734,0.24634490002063103,0.20051120000425726,0.8182906350933895,tie,0.0,0.519596761358428,10.13123097518121,0.12427060983376405,0.12371627971627973,-0.01798848995253459,-0.032857213254310035,0.03552508938609289,0.9936916712226702,1,0,DirectLiNGAM,1.0,1.0,results/synthetic/raw_predictions/router_ood_student_t_seed_2007_lambda_0p00.npz
router_ood_student_t_seed_2007_lambda_0p25,router_ood_student_t,2007,0.25,1000,10,rff,student_t_df3,8,0.9411764705882353,1.0,0.8888888888888888,1.0,1.0,1.0,1,0,2.736147699994035,0.25566309998976067,0.21824330001254566,0.8060220842890428,lingam,0.05882352941176472,0.5064228075484264,11.042462612073058,0.09821991338328821,0.0971143968477302,-0.00962343462100089,-0.014163709564059065,0.0430062477569816,0.995982630568699,1,1,DirectLiNGAM,1.0,1.0,results/synthetic/raw_predictions/router_ood_student_t_seed_2007_lambda_0p25.npz
router_ood_student_t_seed_2007_lambda_0p50,router_ood_student_t,2007,0.5,1000,10,rff,student_t_df3,8,0.7272727272727273,0.7142857142857143,0.5714285714285714,0.8333333333333334,1.0,0.625,6,3,2.61146459999145,0.23842370000784285,0.20100150001235306,0.6836067961301583,cdfm,0.012987012987012991,0.4995971355248165,11.479700531343813,0.06144579529512213,0.060191569258235926,0.002132862436440197,0.013606534653338453,0.1195406371670621,0.9877057350217743,1,0,DirectLiNGAM,0.7142857142857143,0.7272727272727273,results/synthetic/raw_predictions/router_ood_student_t_seed_2007_lambda_0p50.npz
router_ood_student_t_seed_2007_lambda_0p75,router_ood_student_t,2007,0.75,1000,10,rff,student_t_df3,8,0.7777777777777777,0.28571428571428575,0.7,0.3333333333333333,0.875,0.25,4,7,2.3504036999947857,0.2413304999936372,0.20366729999659583,0.72977312104516,cdfm,0.4920634920634919,0.4431680169613602,10.703199888990955,0.053413088464809286,0.06906922293588962,0.001725233033320514,0.0287073809800736,0.23802188978567437,0.9539092082235326,1,0,DirectLiNGAM,0.28571428571428575,0.7777777777777777,results/synthetic/raw_predictions/router_ood_student_t_seed_2007_lambda_0p75.npz
router_ood_student_t_seed_2007_lambda_1p00,router_ood_student_t,2007,1.0,1000,10,rff,student_t_df3,8,0.7368421052631579,0.0,0.6363636363636364,0.0,0.875,0.0,5,9,2.4738135000225157,0.2324182999727782,0.20610320000560023,0.7745144961791314,cdfm,0.7368421052631579,0.45411634591466904,9.506891765911757,0.060619487337078455,0.07641351934685268,0.001904313061010198,0.04629969822259926,0.35671743479573204,0.6438505277193465,1,0,DirectLiNGAM,0.0,0.7368421052631579,results/synthetic/raw_predictions/router_ood_student_t_seed_2007_lambda_1p00.npz
router_ood_student_t_seed_2008_lambda_0p00,router_ood_student_t,2008,0.0,1000,10,rff,student_t_df3,9,0.9473684210526316,1.0,0.9,1.0,1.0,1.0,1,0,2.4484228000219446,0.268333200016059,0.21926379998330958,0.8272885082203701,lingam,0.05263157894736836,1.4868828982169653,25.747009960318934,0.17184772894054953,0.15657758991092324,-0.06692787669843007,-0.11514362375163771,-0.0032831204094796334,0.9999655253114145,1,1,DirectLiNGAM,1.0,1.0,results/synthetic/raw_predictions/router_ood_student_t_seed_2008_lambda_0p00.npz
router_ood_student_t_seed_2008_lambda_0p25,router_ood_student_t,2008,0.25,1000,10,rff,student_t_df3,9,0.9473684210526316,1.0,0.9,1.0,1.0,1.0,1,0,2.3265668000094593,0.2507546000124421,0.2012119000137318,0.8131920301997652,lingam,0.05263157894736836,1.3797300166076758,24.614621821623413,0.13540308835526055,0.11633043686377022,-0.07455566436072483,-0.1147481962974286,0.03710986085973932,0.9999244709027016,1,1,DirectLiNGAM,1.0,1.0,results/synthetic/raw_predictions/router_ood_student_t_seed_2008_lambda_0p25.npz
router_ood_student_t_seed_2008_lambda_0p50,router_ood_student_t,2008,0.5,1000,10,rff,student_t_df3,9,0.823529411764706,0.7777777777777778,0.875,0.7777777777777778,0.7777777777777778,0.7777777777777778,3,3,2.277145699976245,0.22828360000858083,0.19303989998297766,0.7936410113648817,cdfm,0.045751633986928164,1.2880477051209944,22.940286878129584,0.08162443540207585,0.06192503075315897,-0.008886351730027579,-0.05113205701489949,0.16796225680354773,0.994850469830092,1,0,DirectLiNGAM,0.7777777777777778,0.823529411764706,results/synthetic/raw_predictions/router_ood_student_t_seed_2008_lambda_0p50.npz
router_ood_student_t_seed_2008_lambda_0p75,router_ood_student_t,2008,0.75,1000,10,rff,student_t_df3,9,0.8421052631578948,0.16666666666666666,0.8,0.3333333333333333,0.8888888888888888,0.1111111111111111,3,8,2.2568682999990415,0.23796080000465736,0.20463039999594912,0.7926964004670692,cdfm,0.6754385964912282,1.3083810712280068,21.599333321873004,0.04509244502049449,0.04996043636043637,0.015262795572732142,0.017682515513811115,0.3461066252383172,0.7406965203461223,1,0,DirectLiNGAM,0.16666666666666666,0.8421052631578948,results/synthetic/raw_predictions/router_ood_student_t_seed_2008_lambda_0p75.npz
router_ood_student_t_seed_2008_lambda_1p00,router_ood_student_t,2008,1.0,1000,10,rff,student_t_df3,9,0.7000000000000001,0.10526315789473685,0.6363636363636364,0.1,0.7777777777777778,0.1111111111111111,4,9,2.2768083999981172,0.23374100000364706,0.2063297999848146,0.7218357745005167,cdfm,0.5947368421052632,1.3371565030770576,20.534352521259226,0.0679261267803666,0.06875710955710956,0.032317118394071004,-0.07601538123617432,0.49716891230462085,0.04021384282700662,0,0,CDFM,0.7000000000000001,0.7000000000000001,results/synthetic/raw_predictions/router_ood_student_t_seed_2008_lambda_1p00.npz
router_ood_student_t_seed_2009_lambda_0p00,router_ood_student_t,2009,0.0,1000,10,rff,student_t_df3,7,0.9333333333333333,0.9333333333333333,0.875,0.875,1.0,1.0,1,1,2.364771499997005,0.2283062000060454,0.19809960000566207,0.8325513384704842,tie,0.0,0.7685337672156078,13.05821662022947,0.17381482279968669,0.177948361681695,-0.011037693508055245,-0.008229889457774007,0.2308580259870557,0.9729682465684165,1,0,DirectLiNGAM,0.9333333333333333,0.9333333333333333,results/synthetic/raw_predictions/router_ood_student_t_seed_2009_lambda_0p00.npz
router_ood_student_t_seed_2009_lambda_0p25,router_ood_student_t,2009,0.25,1000,10,rff,student_t_df3,7,0.8235294117647058,0.9333333333333333,0.7,0.875,1.0,1.0,3,1,2.279719699989073,0.2259034000162501,0.2208569000067655,0.8040856932774332,lingam,0.1098039215686275,0.9730424104594333,17.30979218940528,0.1264153600564234,0.11629295575962245,-0.0016985416243195939,-0.017542217362940836,0.1251854593642408,0.9943709418742263,1,1,DirectLiNGAM,0.9333333333333333,0.9333333333333333,results/synthetic/raw_predictions/router_ood_student_t_seed_2009_lambda_0p25.npz
router_ood_student_t_seed_2009_lambda_0p50,router_ood_student_t,2009,0.5,1000,10,rff,student_t_df3,7,0.8750000000000001,0.6250000000000001,0.7777777777777778,0.5555555555555556,1.0,0.7142857142857143,2,4,2.2778780999942683,0.2318115999805741,0.23268159999861382,0.7820712357026406,cdfm,0.25,1.141979758879597,20.37709972980639,0.07332209365739764,0.04562640206793341,0.030220285512352014,0.03088953131240485,0.25972655868313776,0.9535547754783473,1,0,DirectLiNGAM,0.6250000000000001,0.8750000000000001,results/synthetic/raw_predictions/router_ood_student_t_seed_2009_lambda_0p50.npz
router_ood_student_t_seed_2009_lambda_0p75,router_ood_student_t,2009,0.75,1000,10,rff,student_t_df3,7,0.8235294117647058,0.16666666666666666,0.7,0.2,1.0,0.14285714285714285,3,8,2.382665100012673,0.22766340000089258,0.27626490002148785,0.7501068736895643,cdfm,0.6568627450980392,1.0967706367683105,18.71933927583762,0.038237502591092626,0.058230915564248906,-0.00532515287620777,0.045074286616306344,0.42674219085000503,0.660618580191329,1,0,DirectLiNGAM,0.16666666666666666,0.8235294117647058,results/synthetic/raw_predictions/router_ood_student_t_seed_2009_lambda_0p75.npz
router_ood_student_t_seed_2009_lambda_1p00,router_ood_student_t,2009,1.0,1000,10,rff,student_t_df3,7,0.6666666666666665,0.15384615384615383,0.5454545454545454,0.16666666666666666,0.8571428571428571,0.14285714285714285,5,7,2.4322563000023365,0.23653649998595938,0.2259425999945961,0.7276864610139198,cdfm,0.5128205128205127,0.9754148739147406,14.523298961686175,0.06112789267922944,0.08876554369887701,0.011841598783648651,0.07243399078935396,0.4256125533424864,0.1556064940743717,0,0,CDFM,0.6666666666666665,0.6666666666666665,results/synthetic/raw_predictions/router_ood_student_t_seed_2009_lambda_1p00.npz
router_ood_student_t_seed_2010_lambda_0p00,router_ood_student_t,2010,0.0,1000,10,rff,student_t_df3,11,0.846153846153846,1.0,0.7333333333333333,1.0,1.0,1.0,4,0,2.450005999999121,0.2418519000057131,0.20135050002136268,0.7683562021314269,lingam,0.15384615384615397,1.17490747823393,16.254441924999828,0.2276964595877415,0.21984591397924733,-0.014954380058827765,-0.05895541221219984,0.02870290333141625,0.990158550853304,1,1,DirectLiNGAM,1.0,1.0,results/synthetic/raw_predictions/router_ood_student_t_seed_2010_lambda_0p00.npz
router_ood_student_t_seed_2010_lambda_0p25,router_ood_student_t,2010,0.25,1000,10,rff,student_t_df3,11,0.8333333333333333,1.0,0.7692307692307693,1.0,0.9090909090909091,1.0,4,0,2.316277899983106,0.23561879998305812,0.1941999999980908,0.7705643176906211,lingam,0.16666666666666674,1.0770516832577612,16.168198473280892,0.1912103632560278,0.19301265327931996,0.008029182180788443,-0.008873248916597467,0.07134187568521998,0.9891100110517753,1,1,DirectLiNGAM,1.0,1.0,results/synthetic/raw_predictions/router_ood_student_t_seed_2010_lambda_0p25.npz
router_ood_student_t_seed_2010_lambda_0p50,router_ood_student_t,2010,0.5,1000,10,rff,student_t_df3,11,0.7500000000000001,0.6923076923076923,0.6923076923076923,0.6,0.8181818181818182,0.8181818181818182,5,6,2.376891300023999,0.22590089999721386,0.20399819998419844,0.7058699501841159,cdfm,0.05769230769230782,1.1234336329014085,15.890329334068657,0.1379798108682114,0.1410658122658123,0.04075019726987983,0.03309781643401207,0.13962239431544407,0.796540214033152,1,0,DirectLiNGAM,0.6923076923076923,0.7500000000000001,results/synthetic/raw_predictions/router_ood_student_t_seed_2010_lambda_0p50.npz
router_ood_student_t_seed_2010_lambda_0p75,router_ood_student_t,2010,0.75,1000,10,rff,student_t_df3,11,0.7500000000000001,0.4999999999999999,0.6923076923076923,0.46153846153846156,0.8181818181818182,0.5454545454545454,5,10,2.3119455999985803,0.2418173000041861,0.20673629999510013,0.6939086384614257,cdfm,0.2500000000000002,1.1135739264937656,14.837571444702082,0.09535661878966495,0.11252664159330829,0.031021453720834053,0.055589945875061234,0.26601135731218606,0.2116293106107846,0,0,CDFM,0.7500000000000001,0.7500000000000001,results/synthetic/raw_predictions/router_ood_student_t_seed_2010_lambda_0p75.npz
router_ood_student_t_seed_2010_lambda_1p00,router_ood_student_t,2010,1.0,1000,10,rff,student_t_df3,11,0.6896551724137931,0.16666666666666669,0.5555555555555556,0.15384615384615385,0.9090909090909091,0.18181818181818182,8,16,2.3953489999985322,0.2376376000174787,0.2167399000027217,0.6431927573236927,cdfm,0.5229885057471264,1.0806226541424104,13.938492008498628,0.09419193604666702,0.12835942329275665,0.024215130568914757,0.05759784313230496,0.32968265742329245,0.09370981874618767,0,0,CDFM,0.6896551724137931,0.6896551724137931,results/synthetic/raw_predictions/router_ood_student_t_seed_2010_lambda_1p00.npz
router_ood_student_t_seed_2011_lambda_0p00,router_ood_student_t,2011,0.0,1000,10,rff,student_t_df3,8,1.0,1.0,1.0,1.0,1.0,1.0,0,0,2.544385899993358,0.292853599996306,0.24605430001975037,0.8215849498540443,tie,0.0,2.9488787404808106,55.45088890111215,0.17526123810233712,0.16257175057175058,-0.07181947498498573,-0.1206553982488229,-0.00011421298099055354,0.9999999996451365,1,0,DirectLiNGAM,1.0,1.0,results/synthetic/raw_predictions/router_ood_student_t_seed_2011_lambda_0p00.npz
router_ood_student_t_seed_2011_lambda_0p25,router_ood_student_t,2011,0.25,1000,10,rff,student_t_df3,8,0.9411764705882353,0.9411764705882353,0.8888888888888888,0.8888888888888888,1.0,1.0,1,1,3.0685724000213668,0.24587859999155626,0.18626280000898987,0.8157304912825172,tie,0.0,3.0236609553432228,56.40698423069093,0.12730223309889432,0.10823084769751438,-0.05210196735927819,-0.07198061795922592,-0.006737307468057258,0.9999999991222883,1,0,DirectLiNGAM,0.9411764705882353,0.9411764705882353,results/synthetic/raw_predictions/router_ood_student_t_seed_2011_lambda_0p25.npz
router_ood_student_t_seed_2011_lambda_0p50,router_ood_student_t,2011,0.5,1000,10,rff,student_t_df3,8,0.7777777777777777,0.631578947368421,0.7,0.5454545454545454,0.875,0.75,4,7,2.440193899994483,0.22347409999929368,0.20912260000477545,0.7867928416464618,cdfm,0.14619883040935666,2.978149167420383,55.47594975271799,0.07796795703317425,0.09757396397396398,-0.015437597876961464,-0.0370059726633397,0.08510383739402412,0.9999999858986357,1,0,DirectLiNGAM,0.631578947368421,0.7777777777777777,results/synthetic/raw_predictions/router_ood_student_t_seed_2011_lambda_0p50.npz
router_ood_student_t_seed_2011_lambda_0p75,router_ood_student_t,2011,0.75,1000,10,rff,student_t_df3,8,0.5833333333333334,0.1904761904761905,0.4375,0.15384615384615385,0.875,0.25,10,12,2.443141399999149,0.27102970000123605,0.204657300026156,0.6919712811076287,cdfm,0.3928571428571429,2.889112596265061,51.22577312860854,0.08545435315566052,0.1262896198896199,0.01486026699200644,-0.01407711034462375,0.15739280122039317,0.9999989627798445,1,0,DirectLiNGAM,0.1904761904761905,0.5833333333333334,results/synthetic/raw_predictions/router_ood_student_t_seed_2011_lambda_0p75.npz
router_ood_student_t_seed_2011_lambda_1p00,router_ood_student_t,2011,1.0,1000,10,rff,student_t_df3,8,0.823529411764706,0.09523809523809525,0.7777777777777778,0.07692307692307693,0.875,0.125,3,13,2.7471598999982234,0.26751920001697727,0.2016038000001572,0.7464144465191856,cdfm,0.7282913165266107,2.6675569653018445,45.733076888129055,0.09332152781695077,0.13025342332009,0.0277521979196453,0.04953099200706038,0.2651991233903456,0.9999631224369794,1,0,DirectLiNGAM,0.09523809523809525,0.823529411764706,results/synthetic/raw_predictions/router_ood_student_t_seed_2011_lambda_1p00.npz
router_ood_student_t_seed_2012_lambda_0p00,router_ood_student_t,2012,0.0,1000,10,rff,student_t_df3,8,0.8421052631578948,1.0,0.7272727272727273,1.0,1.0,1.0,3,0,2.2295420999871567,0.23011439997935668,0.2257818999933079,0.7862038114772993,lingam,0.1578947368421052,1.2691888921940817,27.228176685898955,0.17566721133219593,0.16845491645491645,-0.018182977339520463,-0.07083671262722163,0.0136316913864821,0.9999987502614134,1,1,DirectLiNGAM,1.0,1.0,results/synthetic/raw_predictions/router_ood_student_t_seed_2012_lambda_0p00.npz
router_ood_student_t_seed_2012_lambda_0p25,router_ood_student_t,2012,0.25,1000,10,rff,student_t_df3,8,0.823529411764706,1.0,0.7777777777777778,1.0,0.875,1.0,3,0,2.2944907000055537,0.2440266000048723,0.2006917999824509,0.8078052070798332,lingam,0.17647058823529405,1.305411300675399,26.42837934224857,0.14402235852096207,0.14245262165262165,-0.009161799432692307,-0.08537810185182337,0.06991959683222794,0.9999774155067824,1,1,DirectLiNGAM,1.0,1.0,results/synthetic/raw_predictions/router_ood_student_t_seed_2012_lambda_0p25.npz
router_ood_student_t_seed_2012_lambda_0p50,router_ood_student_t,2012,0.5,1000,10,rff,student_t_df3,8,0.7000000000000001,0.888888888888889,0.5833333333333334,0.8,0.875,1.0,5,2,2.679504799976712,0.2681174000026658,0.19472910001059063,0.7588616508817733,lingam,0.18888888888888888,1.3037948925058989,25.415269467301137,0.09425435461793118,0.09532519079185747,-0.004308157310357915,-0.008722184295127304,0.1370480060419867,0.9998172694845667,1,1,DirectLiNGAM,0.888888888888889,0.888888888888889,results/synthetic/raw_predictions/router_ood_student_t_seed_2012_lambda_0p50.npz
router_ood_student_t_seed_2012_lambda_0p75,router_ood_student_t,2012,0.75,1000,10,rff,student_t_df3,8,0.7777777777777777,0.35294117647058826,0.7,0.3333333333333333,0.875,0.375,3,7,2.4235912000003736,0.23066090000793338,0.18550740001956,0.7435597953552846,cdfm,0.4248366013071894,1.2598418948720678,24.056284303127537,0.07741500920273592,0.10626659853326521,0.038821496859902535,0.032094401014043906,0.26125476051102026,0.9956791774235547,1,0,DirectLiNGAM,0.35294117647058826,0.7777777777777777,results/synthetic/raw_predictions/router_ood_student_t_seed_2012_lambda_0p75.npz
router_ood_student_t_seed_2012_lambda_1p00,router_ood_student_t,2012,1.0,1000,10,rff,student_t_df3,8,0.75,0.3157894736842105,0.75,0.2727272727272727,0.75,0.375,3,9,2.4734969999990426,0.24541819997830316,0.19676990000880323,0.7364388062476398,cdfm,0.4342105263157895,1.2181031681238863,22.664339774139787,0.09830381097853384,0.12995776569109904,0.06845209799908605,0.09787579648814085,0.3794468643801478,0.9696322670633262,1,0,DirectLiNGAM,0.3157894736842105,0.75,results/synthetic/raw_predictions/router_ood_student_t_seed_2012_lambda_1p00.npz
router_ood_student_t_seed_2013_lambda_0p00,router_ood_student_t,2013,0.0,1000,10,rff,student_t_df3,9,1.0,1.0,1.0,1.0,1.0,1.0,0,0,2.5334785000013653,0.2547898000048008,0.19337230001110584,0.8478927185837434,tie,0.0,2.0815424269465628,44.49817390603101,0.163723990009316,0.1741739005739006,-0.019913242903570067,-0.0072060294743670344,0.26634430603309095,0.9999999881245875,1,0,DirectLiNGAM,1.0,1.0,results/synthetic/raw_predictions/router_ood_student_t_seed_2013_lambda_0p00.npz
router_ood_student_t_seed_2013_lambda_0p25,router_ood_student_t,2013,0.25,1000,10,rff,student_t_df3,9,0.9473684210526316,1.0,0.9,1.0,1.0,1.0,1,0,2.4755139999906532,0.2262568000005558,0.21140919998288155,0.8245297279013074,lingam,0.05263157894736836,2.531449420659757,54.89456335819641,0.12735319263854292,0.13873278619945287,-0.003956398464896085,0.018803903458827344,0.34736935095578486,0.999999999370945,1,1,DirectLiNGAM,1.0,1.0,results/synthetic/raw_predictions/router_ood_student_t_seed_2013_lambda_0p25.npz
router_ood_student_t_seed_2013_lambda_0p50,router_ood_student_t,2013,0.5,1000,10,rff,student_t_df3,9,0.9,0.8888888888888888,0.8181818181818182,0.8888888888888888,1.0,0.8888888888888888,2,2,2.2814521999971475,0.23356510000303388,0.1891489000117872,0.8091450956604628,cdfm,0.011111111111111183,2.732612074374881,60.028586499742424,0.07960009757953912,0.08585522238855574,0.04434922905912499,0.05399291080373923,0.3402293618581488,0.9999999997212821,1,0,DirectLiNGAM,0.8888888888888888,0.9,results/synthetic/raw_predictions/router_ood_student_t_seed_2013_lambda_0p50.npz
router_ood_student_t_seed_2013_lambda_0p75,router_ood_student_t,2013,0.75,1000,10,rff,student_t_df3,9,0.8888888888888888,0.4444444444444444,0.8888888888888888,0.4444444444444444,0.8888888888888888,0.4444444444444444,1,7,2.302441199979512,0.24673210000037216,0.19094520001090132,0.7730664396481363,cdfm,0.4444444444444444,2.5838343281746234,56.39881828061997,0.061434060503560387,0.07919169652502987,0.014921653084186106,0.04785810707144496,0.3062432299653511,0.9999999993031972,1,0,DirectLiNGAM,0.4444444444444444,0.8888888888888888,results/synthetic/raw_predictions/router_ood_student_t_seed_2013_lambda_0p75.npz
router_ood_student_t_seed_2013_lambda_1p00,router_ood_student_t,2013,1.0,1000,10,rff,student_t_df3,9,0.8888888888888888,0.3,0.8888888888888888,0.2727272727272727,0.8888888888888888,0.3333333333333333,1,9,2.508687599998666,0.25770609997562133,0.18845049999072216,0.7885059193880837,cdfm,0.5888888888888888,2.2755286228838787,46.95087388866891,0.06696765147105913,0.08640870347537016,0.03290195570784844,0.0821656652119754,0.4292255247239376,0.9999991787228159,1,0,DirectLiNGAM,0.3,0.8888888888888888,results/synthetic/raw_predictions/router_ood_student_t_seed_2013_lambda_1p00.npz
router_ood_student_t_seed_2014_lambda_0p00,router_ood_student_t,2014,0.0,1000,10,rff,student_t_df3,12,0.9166666666666666,1.0,0.9166666666666666,1.0,0.9166666666666666,1.0,2,0,2.3535887000034563,0.3619528000126593,0.28782379999756813,0.7418596437320986,lingam,0.08333333333333337,0.5651170197015541,12.118954020052705,0.22120457736601054,0.21425840145840142,-0.04413579812980557,-0.08118413632195069,0.030855797487997307,0.9998112785191788,1,1,DirectLiNGAM,1.0,1.0,results/synthetic/raw_predictions/router_ood_student_t_seed_2014_lambda_0p00.npz
router_ood_student_t_seed_2014_lambda_0p25,router_ood_student_t,2014,0.25,1000,10,rff,student_t_df3,12,0.9166666666666666,1.0,0.9166666666666666,1.0,0.9166666666666666,1.0,2,0,2.5628593000001274,0.2321162999724038,0.19349049997981638,0.7724859796664735,lingam,0.08333333333333337,0.5877968765176809,11.711788099739797,0.18368000649636282,0.1847491660824994,0.009121517316618009,0.011346914495235052,0.06775978922796864,0.9981426255239665,1,1,DirectLiNGAM,1.0,1.0,results/synthetic/raw_predictions/router_ood_student_t_seed_2014_lambda_0p25.npz
router_ood_student_t_seed_2014_lambda_0p50,router_ood_student_t,2014,0.5,1000,10,rff,student_t_df3,12,0.8333333333333334,0.6956521739130435,0.8333333333333334,0.7272727272727273,0.8333333333333334,0.6666666666666666,4,5,2.30421989999013,0.2321558000112418,0.2251436999940779,0.7390054473578582,cdfm,0.1376811594202899,0.6762833066369817,12.253832448983312,0.12747917450627194,0.13558582171915504,0.013793825461317065,0.015140329153150245,0.20437393493566444,0.9508333935614066,1,0,DirectLiNGAM,0.6956521739130435,0.8333333333333334,results/synthetic/raw_predictions/router_ood_student_t_seed_2014_lambda_0p50.npz
router_ood_student_t_seed_2014_lambda_0p75,router_ood_student_t,2014,0.75,1000,10,rff,student_t_df3,12,0.888888888888889,0.4166666666666667,0.8,0.4166666666666667,1.0,0.4166666666666667,3,10,2.2547713999811094,0.2568011999828741,0.20965639999485575,0.7079485298420674,cdfm,0.47222222222222227,0.745397453010235,12.402905366477018,0.08574657708921787,0.1036693535360202,0.019068839322533913,-0.03855559498121046,0.35929236566699024,0.26257438581417736,0,0,CDFM,0.888888888888889,0.888888888888889,results/synthetic/raw_predictions/router_ood_student_t_seed_2014_lambda_0p75.npz
router_ood_student_t_seed_2014_lambda_1p00,router_ood_student_t,2014,1.0,1000,10,rff,student_t_df3,12,0.75,0.08695652173913043,0.75,0.09090909090909091,0.75,0.08333333333333333,6,13,2.437334300018847,0.22763209999538958,0.30877909998525865,0.7421600057381883,cdfm,0.6630434782608696,0.7999624493876565,12.052917979129102,0.06781047772698388,0.09552383659050327,0.05215884376726896,0.06930148295851399,0.4848364392235424,0.025660160263637162,0,0,CDFM,0.75,0.75,results/synthetic/raw_predictions/router_ood_student_t_seed_2014_lambda_1p00.npz
router_ood_tanh_seed_1000_lambda_0p00,router_ood_tanh,1000,0.0,1000,10,tanh_additive,laplace,9,0.9,1.0,0.8181818181818182,1.0,1.0,1.0,2,0,2.349995600001421,0.2289328000042587,0.1840718000021297,0.7898509239717593,lingam,0.0999999999999999,0.1881733477260677,1.808803063259782,0.1644936212849508,0.1627913529246862,-0.0123169985721868,-0.0206776675989528,0.0059452281789013,0.8786883007217149,1,1,DirectLiNGAM,1.0,1.0,results/synthetic/raw_predictions/router_ood_tanh_seed_1000_lambda_0p00.npz
router_ood_tanh_seed_1000_lambda_0p25,router_ood_tanh,1000,0.25,1000,10,tanh_additive,laplace,9,0.761904761904762,1.0,0.6666666666666666,1.0,0.8888888888888888,1.0,4,0,2.344909000006737,0.23221219997503795,0.1820653000031598,0.75811470815288,lingam,0.23809523809523803,0.18399389060534416,1.6658771999807158,0.16178190775827056,0.16616651203317873,-0.009615505796386028,-0.012643700375638996,0.009702094405521887,0.8631007038098016,1,1,DirectLiNGAM,1.0,1.0,results/synthetic/raw_predictions/router_ood_tanh_seed_1000_lambda_0p25.npz
router_ood_tanh_seed_1000_lambda_0p50,router_ood_tanh,1000,0.5,1000,10,tanh_additive,laplace,9,0.7272727272727274,1.0,0.6153846153846154,1.0,0.8888888888888888,1.0,5,0,2.4013970000087284,0.23069550000946037,0.19896770000923425,0.7284792275928943,lingam,0.2727272727272726,0.22199184279918133,1.5843879342949074,0.1581602621066907,0.1676349097682431,0.003741430141050167,0.00534138131802722,0.048442432036773085,0.6474216241918898,1,1,DirectLiNGAM,1.0,1.0,results/synthetic/raw_predictions/router_ood_tanh_seed_1000_lambda_0p50.npz
router_ood_tanh_seed_1000_lambda_0p75,router_ood_tanh,1000,0.75,1000,10,tanh_additive,laplace,9,0.6666666666666667,0.7000000000000001,0.5333333333333333,0.6363636363636364,0.8888888888888888,0.7777777777777778,7,4,2.340113599988399,0.22830200000316836,0.20953339998959564,0.7096689429303468,lingam,0.033333333333333326,0.2571899871347854,1.5464458786951405,0.15373364336200496,0.1676077833411167,0.02017406524631818,0.030456027971393407,0.11197946680337247,0.2950349932272371,0,1,CDFM,0.6666666666666667,0.7000000000000001,results/synthetic/raw_predictions/router_ood_tanh_seed_1000_lambda_0p75.npz
router_ood_tanh_seed_1000_lambda_1p00,router_ood_tanh,1000,1.0,1000,10,tanh_additive,laplace,9,0.7499999999999999,0.27272727272727276,0.6,0.23076923076923078,1.0,0.3333333333333333,6,10,2.2729207000229508,0.22868719999678433,0.2157498000015039,0.6994362026193058,cdfm,0.4772727272727271,0.2848019132157449,1.5336133509106804,0.14862854125728417,0.16627272573939245,0.03427412410071805,0.05666574623173113,0.18882442668378827,0.08861399688961225,0,0,CDFM,0.7499999999999999,0.7499999999999999,results/synthetic/raw_predictions/router_ood_tanh_seed_1000_lambda_1p00.npz
router_ood_tanh_seed_1001_lambda_0p00,router_ood_tanh,1001,0.0,1000,10,tanh_additive,laplace,7,1.0,1.0,1.0,1.0,1.0,1.0,0,0,2.3279450999980327,0.2298263999982737,0.19154749999870546,0.81980098229798,tie,0.0,0.13264001806226505,2.1705854278167473,0.1287095616435759,0.12422427249093917,-0.015777588261933127,-0.020720615790453575,0.01370885209364259,0.9118408324014202,1,0,DirectLiNGAM,1.0,1.0,results/synthetic/raw_predictions/router_ood_tanh_seed_1001_lambda_0p00.npz
router_ood_tanh_seed_1001_lambda_0p25,router_ood_tanh,1001,0.25,1000,10,tanh_additive,laplace,7,1.0,1.0,1.0,1.0,1.0,1.0,0,0,2.3126084999821614,0.23934219998773187,0.1929734000004828,0.8082800396854354,tie,0.0,0.13841824136090947,2.0645202411991233,0.12632144911194407,0.12626819853486518,-0.009089086574920038,-0.014993301341276175,0.018634432411563033,0.8765836425262548,1,0,DirectLiNGAM,1.0,1.0,results/synthetic/raw_predictions/router_ood_tanh_seed_1001_lambda_0p25.npz
router_ood_tanh_seed_1001_lambda_0p50,router_ood_tanh,1001,0.5,1000,10,tanh_additive,laplace,7,1.0,1.0,1.0,1.0,1.0,1.0,0,0,2.3297239000094123,0.23266350000631064,0.20055059998412617,0.7971017892887479,tie,0.0,0.1402188067692698,1.993942031167953,0.12332926260096914,0.12721054641054644,0.00028224681795657497,-0.005436485244115659,0.019420124835977687,0.8418760918541599,1,0,DirectLiNGAM,1.0,1.0,results/synthetic/raw_predictions/router_ood_tanh_seed_1001_lambda_0p50.npz
router_ood_tanh_seed_1001_lambda_0p75,router_ood_tanh,1001,0.75,1000,10,tanh_additive,laplace,7,1.0,1.0,1.0,1.0,1.0,1.0,0,0,2.3265587000059895,0.23921580001479015,0.2390523999929428,0.7811955292637116,tie,0.0,0.13962966266556365,1.9487181347414917,0.11964131293898203,0.12700224166890836,0.013580911884220288,0.009277080508052328,0.06582307016321842,0.6960859649852849,1,0,DirectLiNGAM,1.0,1.0,results/synthetic/raw_predictions/router_ood_tanh_seed_1001_lambda_0p75.npz
router_ood_tanh_seed_1001_lambda_1p00,router_ood_tanh,1001,1.0,1000,10,tanh_additive,laplace,7,0.9333333333333333,0.5333333333333333,0.875,0.5,1.0,0.5714285714285714,1,4,2.497210500005167,0.22274620001553558,0.20142980001401156,0.7645178355074002,cdfm,0.4,0.1431084317809477,1.9191039322217769,0.11524271702188023,0.12585916985916987,0.0201513374362035,0.026522515189593827,0.12289390403084105,0.503160188235991,1,0,DirectLiNGAM,0.5333333333333333,0.9333333333333333,results/synthetic/raw_predictions/router_ood_tanh_seed_1001_lambda_1p00.npz
router_ood_tanh_seed_1002_lambda_0p00,router_ood_tanh,1002,0.0,1000,10,tanh_additive,laplace,14,0.75,1.0,0.6666666666666666,1.0,0.8571428571428571,1.0,8,0,2.39541499997722,0.2332227999868337,0.19362579999142326,0.6811855755570755,lingam,0.25,0.19684781649637792,2.14139490018331,0.2775496104466581,0.2562029191362525,-0.01895771460827592,-0.022578401091111318,0.004600643424130984,0.9882866844561762,1,1,DirectLiNGAM,1.0,1.0,results/synthetic/raw_predictions/router_ood_tanh_seed_1002_lambda_0p00.npz
router_ood_tanh_seed_1002_lambda_0p25,router_ood_tanh,1002,0.25,1000,10,tanh_additive,laplace,14,0.7999999999999999,1.0,0.75,1.0,0.8571428571428571,1.0,6,0,2.2324622999876738,0.23053929998422973,0.20346859999699518,0.6893617177811759,lingam,0.20000000000000007,0.18421774334184865,1.8813530429678296,0.2696164205670341,0.2614800934800935,-0.006335243718475353,-0.014104405755758536,0.024196306209578505,0.9777418839710109,1,1,DirectLiNGAM,1.0,1.0,results/synthetic/raw_predictions/router_ood_tanh_seed_1002_lambda_0p25.npz
router_ood_tanh_seed_1002_lambda_0p50,router_ood_tanh,1002,0.5,1000,10,tanh_additive,laplace,14,0.7692307692307692,1.0,0.8333333333333334,1.0,0.7142857142857143,1.0,5,0,2.521320600004401,0.21642010001232848,0.204209899995476,0.7019614150898572,lingam,0.23076923076923084,0.1983260333594799,1.720544455374315,0.2603272156644978,0.2631119601786269,-0.0010930437562261467,-0.001897737559593688,0.042214476085763716,0.9570513520097297,1,1,DirectLiNGAM,1.0,1.0,results/synthetic/raw_predictions/router_ood_tanh_seed_1002_lambda_0p50.npz
router_ood_tanh_seed_1002_lambda_0p75,router_ood_tanh,1002,0.75,1000,10,tanh_additive,laplace,14,0.7857142857142857,0.7096774193548386,0.7857142857142857,0.6470588235294118,0.7857142857142857,0.7857142857142857,6,6,2.276098300004378,0.2292035999998916,0.20334390000789426,0.6822723200502614,cdfm,0.07603686635944706,0.21515810422138734,1.6171671569742423,0.2494800154564878,0.26115962169295504,0.012729159271275483,0.014719568431824554,0.10225857874950955,0.8483297354996798,1,0,DirectLiNGAM,0.7096774193548386,0.7857142857142857,results/synthetic/raw_predictions/router_ood_tanh_seed_1002_lambda_0p75.npz
router_ood_tanh_seed_1002_lambda_1p00,router_ood_tanh,1002,1.0,1000,10,tanh_additive,laplace,14,0.75,0.0975609756097561,0.6666666666666666,0.07407407407407407,0.8571428571428571,0.14285714285714285,8,25,2.3469420000037644,0.234273200010648,0.21069649999844842,0.6312718803079945,cdfm,0.6524390243902439,0.2237840296872326,1.5446493839330053,0.2370124159795436,0.2561160150493484,0.018896632829868996,0.035596648114018754,0.17456450744184293,0.6306354072186466,1,0,DirectLiNGAM,0.0975609756097561,0.75,results/synthetic/raw_predictions/router_ood_tanh_seed_1002_lambda_1p00.npz
router_ood_tanh_seed_1003_lambda_0p00,router_ood_tanh,1003,0.0,1000,10,tanh_additive,laplace,10,0.7,1.0,0.7,1.0,0.7,1.0,6,0,2.292075199977262,0.2198653999948874,0.22114619999774732,0.8057538588032473,lingam,0.30000000000000004,0.20277279818591004,1.8405831039684777,0.19232124195328465,0.185656372323039,-0.02109283711752584,-0.02611314418038454,-0.004588411845354851,0.9331964184273535,1,1,DirectLiNGAM,1.0,1.0,results/synthetic/raw_predictions/router_ood_tanh_seed_1003_lambda_0p00.npz
router_ood_tanh_seed_1003_lambda_0p25,router_ood_tanh,1003,0.25,1000,10,tanh_additive,laplace,10,0.7,1.0,0.7,1.0,0.7,1.0,6,0,2.393578899995191,0.220982400001958,0.21173850001650862,0.8173691542998447,lingam,0.30000000000000004,0.21737724481408197,1.6282416449270207,0.18555126004170258,0.18755027368360702,-0.010425035416383958,-0.012243609223786284,0.0245395934337875,0.842138050551148,1,1,DirectLiNGAM,1.0,1.0,results/synthetic/raw_predictions/router_ood_tanh_seed_1003_lambda_0p25.npz
router_ood_tanh_seed_1003_lambda_0p50,router_ood_tanh,1003,0.5,1000,10,tanh_additive,laplace,10,0.7777777777777777,1.0,0.875,1.0,0.7,1.0,4,0,2.3374252000066917,0.2363275999960024,0.19314980000490323,0.8172661079643848,lingam,0.22222222222222232,0.23309468630882318,1.5179924141494154,0.18003101732760424,0.1881298883965551,0.009268598235071372,0.007225603802973267,0.0825635975207102,0.5696126189044134,1,1,DirectLiNGAM,1.0,1.0,results/synthetic/raw_predictions/router_ood_tanh_seed_1003_lambda_0p50.npz
router_ood_tanh_seed_1003_lambda_0p75,router_ood_tanh,1003,0.75,1000,10,tanh_additive,laplace,10,0.7777777777777777,0.6666666666666666,0.875,0.6363636363636364,0.7,0.7,4,4,2.279473800008418,0.2221443000016734,0.20297360001131892,0.8017195990753969,cdfm,0.11111111111111105,0.2490163681397121,1.4678819826967326,0.17530983247810034,0.18772591652591655,0.03108237180928018,0.042958121388506514,0.15636579699505448,0.24400874141854592,0,0,CDFM,0.7777777777777777,0.7777777777777777,results/synthetic/raw_predictions/router_ood_tanh_seed_1003_lambda_0p75.npz
router_ood_tanh_seed_1003_lambda_1p00,router_ood_tanh,1003,1.0,1000,10,tanh_additive,laplace,10,0.6666666666666665,0.5833333333333334,0.75,0.5,0.6,0.7,5,7,2.3825391000136733,0.21731060001184233,0.195659400022123,0.7766876813788424,cdfm,0.08333333333333315,0.26245513847801527,1.4596959784332446,0.17019934666977846,0.18567037127037125,0.055518241421828145,0.07054312364298058,0.23642814771985074,0.06231415695876787,0,0,CDFM,0.6666666666666665,0.6666666666666665,results/synthetic/raw_predictions/router_ood_tanh_seed_1003_lambda_1p00.npz
router_ood_tanh_seed_1004_lambda_0p00,router_ood_tanh,1004,0.0,1000,10,tanh_additive,laplace,7,0.75,1.0,0.6666666666666666,1.0,0.8571428571428571,1.0,4,0,2.3256279999914113,0.24410270000225864,0.21253150000120513,0.8430882732690931,lingam,0.25,0.16242506543184904,1.9354710251465992,0.21522391438512822,0.21153808993808995,-0.005523897167317542,-0.0075326601829211175,0.018318096746964736,0.9610443507803325,1,1,DirectLiNGAM,1.0,1.0,results/synthetic/raw_predictions/router_ood_tanh_seed_1004_lambda_0p00.npz
router_ood_tanh_seed_1004_lambda_0p25,router_ood_tanh,1004,0.25,1000,10,tanh_additive,laplace,7,0.7999999999999999,1.0,0.75,1.0,0.8571428571428571,1.0,3,0,2.360496199980844,0.2300814000191167,0.30095500001334585,0.8291737205676102,lingam,0.20000000000000007,0.19064609926236178,1.7638522322853654,0.2119698427586671,0.21776640363307026,0.004838154580522186,0.006420778043590246,0.04441760534087145,0.9029032319173612,1,1,DirectLiNGAM,1.0,1.0,results/synthetic/raw_predictions/router_ood_tanh_seed_1004_lambda_0p25.npz
router_ood_tanh_seed_1004_lambda_0p50,router_ood_tanh,1004,0.5,1000,10,tanh_additive,laplace,7,0.8750000000000001,0.9333333333333333,0.7777777777777778,0.875,1.0,1.0,2,1,3.0039387000142597,0.3616543999814894,0.25329880000208504,0.810614066635714,lingam,0.05833333333333324,0.21355666460029918,1.651661411400498,0.2088460688298234,0.2220181945515279,0.029791690405747636,0.030751709674658435,0.07876443394170397,0.7287204058030969,1,1,DirectLiNGAM,0.9333333333333333,0.9333333333333333,results/synthetic/raw_predictions/router_ood_tanh_seed_1004_lambda_0p50.npz
router_ood_tanh_seed_1004_lambda_0p75,router_ood_tanh,1004,0.75,1000,10,tanh_additive,laplace,7,0.8750000000000001,0.6666666666666665,0.7777777777777778,0.5454545454545454,1.0,0.8571428571428571,2,5,3.03400120002334,0.23276349998195656,0.19711919999099337,0.7783671009810242,cdfm,0.2083333333333336,0.22856226951248618,1.5784804571296172,0.20566114156664525,0.224102828369495,0.04850210563685462,0.06004614526218981,0.15013716566926252,0.4127893436054587,0,0,CDFM,0.8750000000000001,0.8750000000000001,results/synthetic/raw_predictions/router_ood_tanh_seed_1004_lambda_0p75.npz
router_ood_tanh_seed_1004_lambda_1p00,router_ood_tanh,1004,1.0,1000,10,tanh_additive,laplace,7,0.8235294117647058,0.4444444444444444,0.7,0.36363636363636365,1.0,0.5714285714285714,3,7,2.843262299982598,0.27152049998403527,0.18810440000379458,0.7192157828503566,cdfm,0.3790849673202614,0.23764455274849308,1.5278376393952007,0.20233489527493217,0.22443682683682684,0.07246478356940492,0.08970362479574454,0.229454033442737,0.13711313406190612,0,0,CDFM,0.8235294117647058,0.8235294117647058,results/synthetic/raw_predictions/router_ood_tanh_seed_1004_lambda_1p00.npz
router_ood_tanh_seed_1005_lambda_0p00,router_ood_tanh,1005,0.0,1000,10,tanh_additive,laplace,12,0.8,1.0,0.6666666666666666,1.0,1.0,1.0,6,0,2.5832956999947783,0.29117110001971014,0.21880100000998937,0.7294809814395531,lingam,0.19999999999999996,0.1608965669578355,1.7845228948795686,0.21415000948087054,0.20994925714925716,-0.01591729924524109,-0.023199928436953985,0.018915606658627213,0.9593038661353941,1,1,DirectLiNGAM,1.0,1.0,results/synthetic/raw_predictions/router_ood_tanh_seed_1005_lambda_0p00.npz
router_ood_tanh_seed_1005_lambda_0p25,router_ood_tanh,1005,0.25,1000,10,tanh_additive,laplace,12,0.7857142857142857,1.0,0.6875,1.0,0.9166666666666666,1.0,6,0,2.599400000006426,0.2694138000078965,0.20210950000910088,0.7327907013361384,lingam,0.2142857142857143,0.1675339061549984,1.5977424225404788,0.21095853594319622,0.21326432126432132,-0.006284271302695077,-0.008765740058583858,0.042802811091783355,0.9223477210505202,1,1,DirectLiNGAM,1.0,1.0,results/synthetic/raw_predictions/router_ood_tanh_seed_1005_lambda_0p25.npz
router_ood_tanh_seed_1005_lambda_0p50,router_ood_tanh,1005,0.5,1000,10,tanh_additive,laplace,12,0.7857142857142857,1.0,0.6875,1.0,0.9166666666666666,1.0,6,0,2.868673899996793,0.28212090002489276,0.20262339999317192,0.7274819414835443,lingam,0.2142857142857143,0.19187296785915003,1.4870020913963957,0.20603888323909342,0.21416318536318535,0.017136844580768973,0.01329826472024967,0.0564117871242617,0.807812847356574,1,1,DirectLiNGAM,1.0,1.0,results/synthetic/raw_predictions/router_ood_tanh_seed_1005_lambda_0p50.npz
router_ood_tanh_seed_1005_lambda_0p75,router_ood_tanh,1005,0.75,1000,10,tanh_additive,laplace,12,0.8,0.8,0.7692307692307693,0.7692307692307693,0.8333333333333334,0.8333333333333334,5,3,2.5681943999952637,0.24475740001071244,0.20412680000299588,0.7257525732910318,tie,0.0,0.2097157430791154,1.423225829614967,0.1994808875587459,0.2122873514873515,0.030015759974565594,0.036577373109032925,0.09287265936696212,0.6246428219992132,1,0,DirectLiNGAM,0.8,0.8,results/synthetic/raw_predictions/router_ood_tanh_seed_1005_lambda_0p75.npz
router_ood_tanh_seed_1005_lambda_1p00,router_ood_tanh,1005,1.0,1000,10,tanh_additive,laplace,12,0.8,0.64,0.7692307692307693,0.6153846153846154,0.8333333333333334,0.6666666666666666,5,5,2.6954045000020415,0.2513663000136148,0.1976587999961339,0.6836936691234446,cdfm,0.16000000000000003,0.2212059760771768,1.378067054816758,0.19095014157871376,0.20771539758206423,0.05096787081780073,0.060551440927091395,0.1618361335155718,0.2777492732279601,0,0,CDFM,0.8,0.8,results/synthetic/raw_predictions/router_ood_tanh_seed_1005_lambda_1p00.npz
router_ood_tanh_seed_1006_lambda_0p00,router_ood_tanh,1006,0.0,1000,10,tanh_additive,laplace,12,0.9090909090909091,0.9600000000000001,1.0,0.9230769230769231,0.8333333333333334,1.0,2,1,2.7056240999954753,0.26167700000223704,0.2292668999871239,0.7949039073720825,lingam,0.050909090909091015,0.07118544162031325,1.3673344247571566,0.18978088410520805,0.18067898734565402,-0.01264714231677505,-0.01491706874739428,0.008113955167073172,0.9706359312310144,1,1,DirectLiNGAM,0.9600000000000001,0.9600000000000001,results/synthetic/raw_predictions/router_ood_tanh_seed_1006_lambda_0p00.npz
router_ood_tanh_seed_1006_lambda_0p25,router_ood_tanh,1006,0.25,1000,10,tanh_additive,laplace,12,0.9090909090909091,0.9600000000000001,1.0,0.9230769230769231,0.8333333333333334,1.0,2,1,3.3044395000033546,0.24417459999676794,0.26497260000905953,0.7716413700919834,lingam,0.050909090909091015,0.07507185124067019,1.2272745441703259,0.18217193170847004,0.1807749503749504,-0.004465686610359071,-0.008269991570298079,0.016042652052617463,0.9510273390312065,1,1,DirectLiNGAM,0.9600000000000001,0.9600000000000001,results/synthetic/raw_predictions/router_ood_tanh_seed_1006_lambda_0p25.npz
router_ood_tanh_seed_1006_lambda_0p50,router_ood_tanh,1006,0.5,1000,10,tanh_additive,laplace,12,1.0,1.0,1.0,1.0,1.0,1.0,0,0,3.1802267000020947,0.28412440000101924,0.2579572999966331,0.7538510856666539,tie,0.0,0.1130942322284989,1.13774233612829,0.1747341767975883,0.17945550745550745,0.010165611771796507,0.008407527481145347,0.04718431022405326,0.8455765246816384,1,0,DirectLiNGAM,1.0,1.0,results/synthetic/raw_predictions/router_ood_tanh_seed_1006_lambda_0p50.npz
router_ood_tanh_seed_1006_lambda_0p75,router_ood_tanh,1006,0.75,1000,10,tanh_additive,laplace,12,0.888888888888889,0.7199999999999999,0.8,0.6923076923076923,1.0,0.75,3,4,3.195047599991085,0.29227020000689663,0.2517488999874331,0.7044942708976089,cdfm,0.1688888888888891,0.14634733156046115,1.07862739512243,0.16796083626557992,0.17700410927077595,0.029434093797016718,0.03067554779118243,0.1006512190909424,0.5483873521553091,1,0,DirectLiNGAM,0.7199999999999999,0.888888888888889,results/synthetic/raw_predictions/router_ood_tanh_seed_1006_lambda_0p75.npz
router_ood_tanh_seed_1006_lambda_1p00,router_ood_tanh,1006,1.0,1000,10,tanh_additive,laplace,12,0.7407407407407408,0.24242424242424246,0.6666666666666666,0.19047619047619047,0.8333333333333334,0.3333333333333333,5,17,2.979937500000233,0.27406940000946634,0.1919532000028994,0.6721803441027319,cdfm,0.4983164983164984,0.17079575068356906,1.0415912233028757,0.16062173338124988,0.17312032512032513,0.04306458520953244,0.05727244965480135,0.16487233307665514,0.24444505555020346,0,0,CDFM,0.7407407407407408,0.7407407407407408,results/synthetic/raw_predictions/router_ood_tanh_seed_1006_lambda_1p00.npz
router_ood_tanh_seed_1007_lambda_0p00,router_ood_tanh,1007,0.0,1000,10,tanh_additive,laplace,8,0.8,0.9411764705882353,0.6666666666666666,0.8888888888888888,1.0,1.0,4,1,2.8656607999873813,0.2960927000094671,0.25944009999511763,0.7807877646912843,lingam,0.14117647058823524,0.11990536137610201,1.329375434759772,0.23017974374992925,0.22664490477823812,-0.009360377445475972,-0.0066674018244358285,0.03807211673413572,0.9644439469332845,1,1,DirectLiNGAM,0.9411764705882353,0.9411764705882353,results/synthetic/raw_predictions/router_ood_tanh_seed_1007_lambda_0p00.npz
router_ood_tanh_seed_1007_lambda_0p25,router_ood_tanh,1007,0.25,1000,10,tanh_additive,laplace,8,0.8421052631578948,0.9411764705882353,0.7272727272727273,0.8888888888888888,1.0,1.0,3,1,2.9027637999970466,0.28701950001413934,0.19155199997476302,0.7699111710908065,lingam,0.09907120743034048,0.1126010429900512,1.215942520780617,0.22394872389191092,0.23069736723070058,0.001298283318380931,0.007229637285998379,0.049704485531088805,0.9499681318462299,1,1,DirectLiNGAM,0.9411764705882353,0.9411764705882353,results/synthetic/raw_predictions/router_ood_tanh_seed_1007_lambda_0p25.npz
router_ood_tanh_seed_1007_lambda_0p50,router_ood_tanh,1007,0.5,1000,10,tanh_additive,laplace,8,0.8,0.9411764705882353,0.6666666666666666,0.8888888888888888,1.0,1.0,4,1,2.5885593999992125,0.2704164999886416,0.19575449998956174,0.762060721259407,lingam,0.14117647058823524,0.12233361093748644,1.1417469422251916,0.2185604195901037,0.2319555116888451,0.02536877988641356,0.026982916613591822,0.07977814280136136,0.8683261321168984,1,1,DirectLiNGAM,0.9411764705882353,0.9411764705882353,results/synthetic/raw_predictions/router_ood_tanh_seed_1007_lambda_0p50.npz
router_ood_tanh_seed_1007_lambda_0p75,router_ood_tanh,1007,0.75,1000,10,tanh_additive,laplace,8,0.8,0.823529411764706,0.6666666666666666,0.7777777777777778,1.0,0.875,4,2,2.709169399982784,0.3359665000170935,0.20229879999533296,0.755587426813174,lingam,0.02352941176470591,0.12788259189401463,1.1040464533301777,0.2137501188069803,0.2315369504702839,0.04066755839625065,0.05070009272881796,0.10952527133953203,0.7672743472869015,1,0,DirectLiNGAM,0.823529411764706,0.823529411764706,results/synthetic/raw_predictions/router_ood_tanh_seed_1007_lambda_0p75.npz
router_ood_tanh_seed_1007_lambda_1p00,router_ood_tanh,1007,1.0,1000,10,tanh_additive,laplace,8,0.7272727272727273,0.5,0.5714285714285714,0.4166666666666667,1.0,0.625,6,7,2.927099599997746,0.24845539999660105,0.19433460000436753,0.7197032821362541,cdfm,0.2272727272727273,0.13245244434798048,1.072985498841056,0.20901822665211994,0.22971522038188708,0.06373021946650702,0.07829852287760344,0.17094695739330193,0.4916255805307791,0,0,CDFM,0.7272727272727273,0.7272727272727273,results/synthetic/raw_predictions/router_ood_tanh_seed_1007_lambda_1p00.npz
router_ood_tanh_seed_1008_lambda_0p00,router_ood_tanh,1008,0.0,1000,10,tanh_additive,laplace,8,0.8421052631578948,1.0,0.7272727272727273,1.0,1.0,1.0,3,0,2.3657660000026226,0.2558085999917239,0.20014160001301207,0.786691336139663,lingam,0.1578947368421052,0.3201049326457551,2.53941559460988,0.15882569377195696,0.15790246456913126,-0.010884171076681368,-0.014667628679484578,0.005388983953907245,0.7252509076603219,1,1,DirectLiNGAM,1.0,1.0,results/synthetic/raw_predictions/router_ood_tanh_seed_1008_lambda_0p00.npz
router_ood_tanh_seed_1008_lambda_0p25,router_ood_tanh,1008,0.25,1000,10,tanh_additive,laplace,8,0.8421052631578948,1.0,0.7272727272727273,1.0,1.0,1.0,3,0,2.537424399983138,0.24768509998102672,0.2009509000054095,0.7752227768119783,lingam,0.1578947368421052,0.3110013657063074,2.394822459816741,0.15444180279955277,0.1585631505631506,-0.00796019354502526,-0.007733717122429115,0.027852218476243,0.6488387287623031,1,1,DirectLiNGAM,1.0,1.0,results/synthetic/raw_predictions/router_ood_tanh_seed_1008_lambda_0p25.npz
router_ood_tanh_seed_1008_lambda_0p50,router_ood_tanh,1008,0.5,1000,10,tanh_additive,laplace,8,0.761904761904762,1.0,0.6153846153846154,1.0,1.0,1.0,5,0,2.4138808000134304,0.23749349999707192,0.19898330001160502,0.7492561148962152,lingam,0.23809523809523803,0.3345408271446239,2.3063413159299975,0.14942566759001047,0.15785733225733228,0.008901368557491667,0.013665173663176974,0.05707267360092697,0.39618060436445673,0,1,CDFM,0.761904761904762,1.0,results/synthetic/raw_predictions/router_ood_tanh_seed_1008_lambda_0p50.npz
router_ood_tanh_seed_1008_lambda_0p75,router_ood_tanh,1008,0.75,1000,10,tanh_additive,laplace,8,0.8,1.0,0.6666666666666666,1.0,1.0,1.0,4,0,2.3524695999803953,0.23088089999509975,0.19472540001152083,0.7686674763649037,lingam,0.19999999999999996,0.35647884945237035,2.2548653880381586,0.1438494877954206,0.15579428912762247,0.029065605757044963,0.03533836662228659,0.12210318390564569,0.12716274352035845,0,1,CDFM,0.8,1.0,results/synthetic/raw_predictions/router_ood_tanh_seed_1008_lambda_0p75.npz
router_ood_tanh_seed_1008_lambda_1p00,router_ood_tanh,1008,1.0,1000,10,tanh_additive,laplace,8,0.8421052631578948,0.0,0.7272727272727273,0.0,1.0,0.0,3,14,2.3128312999906484,0.2327542999992147,0.2113656000001356,0.7415517574049225,cdfm,0.8421052631578948,0.3766937234078301,2.223937320890113,0.13754797147776948,0.15238526625193297,0.04610399440158611,0.05720149240310455,0.19736873743403924,0.030975175591418165,0,0,CDFM,0.8421052631578948,0.8421052631578948,results/synthetic/raw_predictions/router_ood_tanh_seed_1008_lambda_1p00.npz
router_ood_tanh_seed_1009_lambda_0p00,router_ood_tanh,1009,0.0,1000,10,tanh_additive,laplace,15,0.5714285714285715,1.0,0.6153846153846154,1.0,0.5333333333333333,1.0,10,0,2.3213288000260945,0.2259947000129614,0.2112409999826923,0.6818993660020565,lingam,0.4285714285714285,0.06655002602650247,1.4746464254876925,0.23745033678534158,0.23257283737283738,-0.016522870022485304,-0.02143441916324546,0.008361522434256965,0.9905036744924957,1,1,DirectLiNGAM,1.0,1.0,results/synthetic/raw_predictions/router_ood_tanh_seed_1009_lambda_0p00.npz
router_ood_tanh_seed_1009_lambda_0p25,router_ood_tanh,1009,0.25,1000,10,tanh_additive,laplace,15,0.5625,1.0,0.5294117647058824,1.0,0.6,1.0,12,0,2.340897100017173,0.23128839998389594,0.19376650001504458,0.6756690347485795,lingam,0.4375,0.08570114531663177,1.249591925238512,0.23548511446649661,0.23809838316504994,-0.0016675544541704672,-0.006963756588769779,0.030611478086365832,0.9752957608239596,1,1,DirectLiNGAM,1.0,1.0,results/synthetic/raw_predictions/router_ood_tanh_seed_1009_lambda_0p25.npz
router_ood_tanh_seed_1009_lambda_0p50,router_ood_tanh,1009,0.5,1000,10,tanh_additive,laplace,15,0.6666666666666667,1.0,0.5416666666666666,1.0,0.8666666666666667,1.0,10,0,2.350000100006582,0.2568047000095248,0.19137149999733083,0.6332057145794303,lingam,0.33333333333333326,0.10402547782246412,1.1346989206598355,0.23280868704405344,0.2414857708191042,0.006580232696092049,0.009488451869448177,0.07422896323847823,0.9396188468677208,1,1,DirectLiNGAM,1.0,1.0,results/synthetic/raw_predictions/router_ood_tanh_seed_1009_lambda_0p50.npz
router_ood_tanh_seed_1009_lambda_0p75,router_ood_tanh,1009,0.75,1000,10,tanh_additive,laplace,15,0.5853658536585367,0.6285714285714286,0.46153846153846156,0.55,0.8,0.7333333333333333,14,10,2.38266420000582,0.24037030001636595,0.22219529998255894,0.5651373550402271,lingam,0.0432055749128919,0.12032780687918296,1.070630338645002,0.2299828748144485,0.24337820294336104,0.02323442292579079,0.031358058189281716,0.13617337471516447,0.8163510267068591,1,1,DirectLiNGAM,0.6285714285714286,0.6285714285714286,results/synthetic/raw_predictions/router_ood_tanh_seed_1009_lambda_0p75.npz
router_ood_tanh_seed_1009_lambda_1p00,router_ood_tanh,1009,1.0,1000,10,tanh_additive,laplace,15,0.5789473684210527,0.1951219512195122,0.4782608695652174,0.15384615384615385,0.7333333333333333,0.26666666666666666,13,22,2.7174546999740414,0.26208720001159236,0.1963938999979291,0.5978720236720894,cdfm,0.38382541720154045,0.13457150320403807,1.016566245135931,0.228764668477358,0.24527756581089916,0.03321198977648535,0.049185610817386705,0.20601198448678607,0.5838983025838561,1,0,DirectLiNGAM,0.1951219512195122,0.5789473684210527,results/synthetic/raw_predictions/router_ood_tanh_seed_1009_lambda_1p00.npz
router_ood_tanh_seed_1010_lambda_0p00,router_ood_tanh,1010,0.0,1000,10,tanh_additive,laplace,7,0.75,0.9333333333333333,0.6666666666666666,0.875,0.8571428571428571,1.0,4,1,2.405394700006582,0.26343970000743866,0.19991230001323856,0.8122103122342025,lingam,0.18333333333333335,0.1492745491694763,2.3190505243337256,0.21314907092205992,0.20009960276626942,-0.019779000664326266,-0.024472384816054796,0.0018244740974917527,0.9830576079463924,1,1,DirectLiNGAM,0.9333333333333333,0.9333333333333333,results/synthetic/raw_predictions/router_ood_tanh_seed_1010_lambda_0p00.npz
router_ood_tanh_seed_1010_lambda_0p25,router_ood_tanh,1010,0.25,1000,10,tanh_additive,laplace,7,0.75,0.9333333333333333,0.6666666666666666,0.875,0.8571428571428571,1.0,4,1,2.4577101999893785,0.23113510000985116,0.19458370000938885,0.8115815905810659,lingam,0.18333333333333335,0.17439878695819191,2.056291905871027,0.20810231803036983,0.20426964746964754,-0.014007053443254189,-0.012943546124777175,0.016551357309563457,0.96192418605556,1,1,DirectLiNGAM,0.9333333333333333,0.9333333333333333,results/synthetic/raw_predictions/router_ood_tanh_seed_1010_lambda_0p25.npz
router_ood_tanh_seed_1010_lambda_0p50,router_ood_tanh,1010,0.5,1000,10,tanh_additive,laplace,7,0.7368421052631579,0.8750000000000001,0.5833333333333334,0.7777777777777778,1.0,1.0,5,2,2.3320374000177253,0.25757650000741705,0.2063684999884572,0.7937507401144714,lingam,0.13815789473684226,0.1949771891381019,1.897969893641958,0.20285780521425395,0.20582504262504264,0.009604762091600043,0.004447864494760449,0.055272993275776706,0.8628648486138546,1,1,DirectLiNGAM,0.8750000000000001,0.8750000000000001,results/synthetic/raw_predictions/router_ood_tanh_seed_1010_lambda_0p50.npz
router_ood_tanh_seed_1010_lambda_0p75,router_ood_tanh,1010,0.75,1000,10,tanh_additive,laplace,7,0.8235294117647058,0.6250000000000001,0.7,0.5555555555555556,1.0,0.7142857142857143,3,4,2.2603613999963272,0.24669729999732226,0.18695589998969808,0.7768102301054983,cdfm,0.19852941176470573,0.21177757235815092,1.8058649425048592,0.19745139983573554,0.20521133641133646,0.028523271687819304,0.03902240032801527,0.1175270402571751,0.6381760473667935,1,0,DirectLiNGAM,0.6250000000000001,0.8235294117647058,results/synthetic/raw_predictions/router_ood_tanh_seed_1010_lambda_0p75.npz
router_ood_tanh_seed_1010_lambda_1p00,router_ood_tanh,1010,1.0,1000,10,tanh_additive,laplace,7,0.7368421052631579,0.588235294117647,0.5833333333333334,0.5,1.0,0.7142857142857143,5,5,2.210830800002441,0.2559138000069652,0.19463919999543577,0.7372098456019783,cdfm,0.1486068111455109,0.22417085101260362,1.7494101337933348,0.1912398404809426,0.20245945739279073,0.05390811698214586,0.07260636700113249,0.19307340121980357,0.2733748933449592,0,0,CDFM,0.7368421052631579,0.7368421052631579,results/synthetic/raw_predictions/router_ood_tanh_seed_1010_lambda_1p00.npz
router_ood_tanh_seed_1011_lambda_0p00,router_ood_tanh,1011,0.0,1000,10,tanh_additive,laplace,5,0.9090909090909091,1.0,0.8333333333333334,1.0,1.0,1.0,1,0,2.263009599992074,0.22493749999557622,0.19451559998560697,0.6398508439718358,lingam,0.09090909090909094,0.13685799863540402,2.6465308164251153,0.08913051179208108,0.08562926002926002,-0.010857306398864529,-0.017135575591077083,0.00022914747658260692,0.8878026740993502,1,1,DirectLiNGAM,1.0,1.0,results/synthetic/raw_predictions/router_ood_tanh_seed_1011_lambda_0p00.npz
router_ood_tanh_seed_1011_lambda_0p25,router_ood_tanh,1011,0.25,1000,10,tanh_additive,laplace,5,0.9090909090909091,1.0,0.8333333333333334,1.0,1.0,1.0,1,0,2.335777899977984,0.24074969999492168,0.19761609999113716,0.6577557433175706,lingam,0.09090909090909094,0.1381977843884634,2.4559001140222056,0.08683305156230672,0.0864859536859537,-0.006635465569217314,-0.006088832668931077,0.04111055060271824,0.7940747361323388,1,1,DirectLiNGAM,1.0,1.0,results/synthetic/raw_predictions/router_ood_tanh_seed_1011_lambda_0p25.npz
router_ood_tanh_seed_1011_lambda_0p50,router_ood_tanh,1011,0.5,1000,10,tanh_additive,laplace,5,0.9090909090909091,1.0,0.8333333333333334,1.0,1.0,1.0,1,0,2.326914900011616,0.2266883999982383,0.20269430000917055,0.6132154921953971,lingam,0.09090909090909094,0.13677446791750372,2.3275644954526697,0.08449600079706622,0.08714464234464234,-0.004651277090784095,0.001240126982935573,0.05420388435737144,0.7462763763816496,1,1,DirectLiNGAM,1.0,1.0,results/synthetic/raw_predictions/router_ood_tanh_seed_1011_lambda_0p50.npz
router_ood_tanh_seed_1011_lambda_0p75,router_ood_tanh,1011,0.75,1000,10,tanh_additive,laplace,5,0.8000000000000002,0.6666666666666665,0.8,0.75,0.8,0.6,1,2,2.3104138000053354,0.23779640000429936,0.19754649998503737,0.5206213221518698,cdfm,0.13333333333333364,0.13388542858383973,2.2493491585308387,0.08213661561172199,0.08737057963724632,-0.0026434504711336506,0.01122015429613631,0.10044037684286486,0.6239119532833827,1,0,DirectLiNGAM,0.6666666666666665,0.8000000000000002,results/synthetic/raw_predictions/router_ood_tanh_seed_1011_lambda_0p75.npz
router_ood_tanh_seed_1011_lambda_1p00,router_ood_tanh,1011,1.0,1000,10,tanh_additive,laplace,5,0.8000000000000002,0.20000000000000004,0.8,0.2,0.8,0.2,1,4,2.3701414999959525,0.22525150000001304,0.2238251999951899,0.5395516860406467,cdfm,0.6000000000000001,0.13150142616576563,2.1992521012239097,0.07976225727803107,0.08724367444367445,-0.0019463175727910695,0.02396828965865765,0.16232666439354804,0.45759440713389926,0,0,CDFM,0.8000000000000002,0.8000000000000002,results/synthetic/raw_predictions/router_ood_tanh_seed_1011_lambda_1p00.npz
router_ood_tanh_seed_1012_lambda_0p00,router_ood_tanh,1012,0.0,1000,10,tanh_additive,laplace,10,0.9473684210526316,1.0,1.0,1.0,0.9,1.0,1,0,2.350704800017411,0.2516392999968957,0.21019250000244938,0.7831599555065822,lingam,0.05263157894736836,0.13905637920725922,1.7428394340582076,0.20878115138419745,0.2055512050178717,-0.010254063519569926,-0.007671699012045384,0.02980164887498382,0.9598555777441105,1,1,DirectLiNGAM,1.0,1.0,results/synthetic/raw_predictions/router_ood_tanh_seed_1012_lambda_0p00.npz
router_ood_tanh_seed_1012_lambda_0p25,router_ood_tanh,1012,0.25,1000,10,tanh_additive,laplace,10,0.8421052631578948,1.0,0.8888888888888888,1.0,0.8,1.0,3,0,2.6243633000121918,0.24420969997299835,0.21484440000494942,0.7620474285831382,lingam,0.1578947368421052,0.13873857801454484,1.595375676789121,0.20360225218676134,0.20957327437327442,-0.001978294447608529,0.004690811887332368,0.0478852103263288,0.9358142381472596,1,1,DirectLiNGAM,1.0,1.0,results/synthetic/raw_predictions/router_ood_tanh_seed_1012_lambda_0p25.npz
router_ood_tanh_seed_1012_lambda_0p50,router_ood_tanh,1012,0.5,1000,10,tanh_additive,laplace,10,0.8421052631578948,1.0,0.8888888888888888,1.0,0.8,1.0,3,0,2.414541299978737,0.26432719998410903,0.20734579997952096,0.7499561724311349,lingam,0.1578947368421052,0.14246472722747683,1.4994124253605932,0.19812480668255494,0.21106040577000432,0.025636835556704873,0.023316995638837594,0.07987526696660564,0.8245898948826931,1,1,DirectLiNGAM,1.0,1.0,results/synthetic/raw_predictions/router_ood_tanh_seed_1012_lambda_0p50.npz
router_ood_tanh_seed_1012_lambda_0p75,router_ood_tanh,1012,0.75,1000,10,tanh_additive,laplace,10,0.8421052631578948,0.761904761904762,0.8888888888888888,0.7272727272727273,0.8,0.8,3,3,2.5494476000021677,0.22599420000915416,0.19921680001425557,0.7272913358869579,cdfm,0.08020050125313283,0.14506456247475982,1.4341321108087839,0.19222589027933498,0.2106251716918384,0.04228498797214218,0.04276752907302652,0.12687579207174826,0.6377410926632131,1,0,DirectLiNGAM,0.761904761904762,0.8421052631578948,results/synthetic/raw_predictions/router_ood_tanh_seed_1012_lambda_0p75.npz
router_ood_tanh_seed_1012_lambda_1p00,router_ood_tanh,1012,1.0,1000,10,tanh_additive,laplace,10,0.6363636363636365,0.45454545454545453,0.5833333333333334,0.4166666666666667,0.7,0.5,7,7,2.4634728000091854,0.24063960000057705,0.2272194999968633,0.6906275442886046,cdfm,0.18181818181818193,0.1461792915557727,1.3827187170040738,0.18569207715943786,0.20876200022866695,0.057002589079202456,0.06513601469359177,0.19866485858171753,0.3509593076035275,0,0,CDFM,0.6363636363636365,0.6363636363636365,results/synthetic/raw_predictions/router_ood_tanh_seed_1012_lambda_1p00.npz
router_ood_tanh_seed_1013_lambda_0p00,router_ood_tanh,1013,0.0,1000,10,tanh_additive,laplace,13,0.7407407407407408,1.0,0.7142857142857143,1.0,0.7692307692307693,1.0,6,0,2.41284319999977,0.24513230001321062,0.21956669999053702,0.7164697833935241,lingam,0.2592592592592592,0.196206934739036,2.08481688291582,0.27029179326089686,0.2602027322027322,-0.012095403287403664,-0.02034832165012814,0.014889964926986824,0.9826492673430027,1,1,DirectLiNGAM,1.0,1.0,results/synthetic/raw_predictions/router_ood_tanh_seed_1013_lambda_0p00.npz
router_ood_tanh_seed_1013_lambda_0p25,router_ood_tanh,1013,0.25,1000,10,tanh_additive,laplace,13,0.64,1.0,0.6666666666666666,1.0,0.6153846153846154,1.0,8,0,2.562817699974403,0.261439199995948,0.20009110000682995,0.7148128306008951,lingam,0.36,0.1490931003371078,1.782210246174305,0.2677846287132614,0.2693939939273272,0.0007518849138460992,-0.003637795600563072,0.031848945770903754,0.9816815202691207,1,1,DirectLiNGAM,1.0,1.0,results/synthetic/raw_predictions/router_ood_tanh_seed_1013_lambda_0p25.npz
router_ood_tanh_seed_1013_lambda_0p50,router_ood_tanh,1013,0.5,1000,10,tanh_additive,laplace,13,0.6896551724137931,1.0,0.625,1.0,0.7692307692307693,1.0,9,0,2.336867900012294,0.24441810001735575,0.2092069999780506,0.643495820334922,lingam,0.31034482758620685,0.17395561368577628,1.6188705732013993,0.2643360789899314,0.2736907384907385,0.02263970754702664,0.01891225003485812,0.06321577518358161,0.9404038656978604,1,1,DirectLiNGAM,1.0,1.0,results/synthetic/raw_predictions/router_ood_tanh_seed_1013_lambda_0p50.npz
router_ood_tanh_seed_1013_lambda_0p75,router_ood_tanh,1013,0.75,1000,10,tanh_additive,laplace,13,0.6470588235294118,0.888888888888889,0.5238095238095238,0.8571428571428571,0.8461538461538461,0.9230769230769231,12,2,2.389406999980565,0.22454779999679886,0.19810439998400398,0.6379273246145943,lingam,0.24183006535947715,0.22035530053475244,1.5361491775299092,0.25920548129206195,0.273588803988804,0.040374442703263194,0.04624516389055571,0.11661274008489675,0.7671101169238201,1,1,DirectLiNGAM,0.888888888888889,0.888888888888889,results/synthetic/raw_predictions/router_ood_tanh_seed_1013_lambda_0p75.npz
router_ood_tanh_seed_1013_lambda_1p00,router_ood_tanh,1013,1.0,1000,10,tanh_additive,laplace,13,0.6111111111111112,0.47058823529411764,0.4782608695652174,0.38095238095238093,0.8461538461538461,0.6153846153846154,14,13,2.391264299978502,0.23709189999499358,0.21322040000814013,0.5997459207038541,cdfm,0.14052287581699352,0.2569294221270493,1.4933687864031033,0.25172746053383666,0.2692435521768855,0.06312813382708371,0.07361639463588385,0.20284600645863476,0.3118171060405167,0,0,CDFM,0.6111111111111112,0.6111111111111112,results/synthetic/raw_predictions/router_ood_tanh_seed_1013_lambda_1p00.npz
router_ood_tanh_seed_1014_lambda_0p00,router_ood_tanh,1014,0.0,1000,10,tanh_additive,laplace,9,0.8888888888888888,1.0,0.8888888888888888,1.0,0.8888888888888888,1.0,2,0,2.4273585000191815,0.2383263999945484,0.19797209999524057,0.7801689950412106,lingam,0.11111111111111116,0.07522226012538402,2.2047460597757826,0.1494653842383957,0.1468138449471783,-0.012010390816397168,-0.014443874656438824,0.005633022927966715,0.9725918084065351,1,1,DirectLiNGAM,1.0,1.0,results/synthetic/raw_predictions/router_ood_tanh_seed_1014_lambda_0p00.npz
router_ood_tanh_seed_1014_lambda_0p25,router_ood_tanh,1014,0.25,1000,10,tanh_additive,laplace,9,0.8421052631578948,1.0,0.8,1.0,0.8888888888888888,1.0,3,0,2.2238371999992523,0.22937489999458194,0.20498859998770058,0.7542791007480416,lingam,0.1578947368421052,0.07817947262763043,2.044058992032912,0.14431420777648946,0.14840540120540124,-0.005952650696160421,-0.009822940824606283,0.01191543923168565,0.9579170074585716,1,1,DirectLiNGAM,1.0,1.0,results/synthetic/raw_predictions/router_ood_tanh_seed_1014_lambda_0p25.npz
router_ood_tanh_seed_1014_lambda_0p50,router_ood_tanh,1014,0.5,1000,10,tanh_additive,laplace,9,0.761904761904762,1.0,0.6666666666666666,1.0,0.8888888888888888,1.0,5,0,2.3604015999881085,0.23206799998297356,0.2100833999866154,0.6988142784949343,lingam,0.23809523809523803,0.08221513977410266,1.9568559135915833,0.14015113759993142,0.14876412583079252,0.0024884697225877874,0.011135997614649572,0.05440245895223649,0.9181939150826045,1,1,DirectLiNGAM,1.0,1.0,results/synthetic/raw_predictions/router_ood_tanh_seed_1014_lambda_0p50.npz
router_ood_tanh_seed_1014_lambda_0p75,router_ood_tanh,1014,0.75,1000,10,tanh_additive,laplace,9,0.6666666666666667,0.5714285714285715,0.5333333333333333,0.5,0.8888888888888888,0.6666666666666666,7,7,2.22337660001358,0.23243530001491308,0.20950540000922047,0.6609662211352004,cdfm,0.09523809523809523,0.10013375302854799,1.9119120799802196,0.13633526147781241,0.14904000930667596,0.019488556733478324,0.02957181605504176,0.10085015293467693,0.7825793487943541,1,0,DirectLiNGAM,0.5714285714285715,0.6666666666666667,results/synthetic/raw_predictions/router_ood_tanh_seed_1014_lambda_0p75.npz
router_ood_tanh_seed_1014_lambda_1p00,router_ood_tanh,1014,1.0,1000,10,tanh_additive,laplace,9,0.782608695652174,0.0,0.6428571428571429,0.0,1.0,0.0,5,16,2.4428037999896333,0.2312777999904938,0.21216379999532364,0.6722649224047432,cdfm,0.782608695652174,0.11582003438369523,1.8829156522010995,0.13195898971935577,0.14779552166218834,0.03240176933358303,0.04832260158830837,0.16851285329954258,0.5076756870579394,1,0,DirectLiNGAM,0.0,0.782608695652174,results/synthetic/raw_predictions/router_ood_tanh_seed_1014_lambda_1p00.npz
scale_ood_d120_n1000_seed_4000_lambda_0p00,scale_ood_d120_n1000,4000,0.0,1000,120,rff,laplace,125,0.5028248587570621,0.9765625,0.388646288209607,0.9541984732824428,0.712,1.0,165,6,30.78070880001178,314.7026388999948,0.21123830002034083,0.9368047360868461,lingam,0.47373764124293793,0.15821218330473558,1.7863689371631168,0.04865363338556184,0.04808568450249122,-0.01690432599489851,-0.021052428405144707,0.015737684940085775,0.5269608104857039,1,1,DirectLiNGAM,0.9765625,0.9765625,results/synthetic/raw_predictions/scale_ood_d120_n1000_seed_4000_lambda_0p00.npz
scale_ood_d120_n1000_seed_4000_lambda_1p00,scale_ood_d120_n1000,4000,1.0,1000,120,rff,laplace,125,0.32024169184290024,0.11180124223602483,0.25728155339805825,0.09137055837563451,0.424,0.144,199,212,25.322517499997048,299.75726050001686,0.2294300000066869,0.8936282941325234,cdfm,0.2084404496068754,0.2697932001744198,1.69771933158145,0.033033898412137316,0.03405399656492094,0.10840529928615701,0.12199836793483328,0.29197412418268315,0.0010510507263185372,0,0,CDFM,0.32024169184290024,0.32024169184290024,results/synthetic/raw_predictions/scale_ood_d120_n1000_seed_4000_lambda_1p00.npz
scale_ood_d120_n1000_seed_4001_lambda_0p00,scale_ood_d120_n1000,4001,0.0,1000,120,rff,laplace,141,0.48806366047745353,0.9431438127090301,0.3898305084745763,0.8924050632911392,0.6524822695035462,1.0,184,17,28.855889200000092,285.6700222999789,0.20792539999820292,0.9323813178077365,lingam,0.4550801522315766,0.14771819549260673,1.7143186722311532,0.055083217584822215,0.05451782885228264,-0.014610780619168451,-0.02558378275571165,-0.00018160630587555693,0.5925504442291273,1,1,DirectLiNGAM,0.9431438127090301,0.9431438127090301,results/synthetic/raw_predictions/scale_ood_d120_n1000_seed_4001_lambda_0p00.npz
scale_ood_d120_n1000_seed_4001_lambda_1p00,scale_ood_d120_n1000,4001,1.0,1000,120,rff,laplace,141,0.30283911671924285,0.16759776536312848,0.2727272727272727,0.1382488479262673,0.3404255319148936,0.2127659574468085,203,222,27.433462799992412,410.65832800001954,0.18680009999661706,0.8810893959620707,cdfm,0.13524135135611437,0.23058058342430068,1.5808938511760853,0.03321478070390841,0.03426443401233317,0.09555345020795653,0.11110823694518557,0.2782341351975919,0.0022848910966606797,0,0,CDFM,0.30283911671924285,0.30283911671924285,results/synthetic/raw_predictions/scale_ood_d120_n1000_seed_4001_lambda_1p00.npz
scale_ood_d120_n1000_seed_4002_lambda_0p00,scale_ood_d120_n1000,4002,0.0,1000,120,rff,laplace,119,0.47560975609756095,0.9875518672199171,0.37320574162679426,0.9754098360655737,0.6554621848739496,1.0,159,3,23.699524700001348,287.4512134999968,0.17625359998783097,0.9374771292415152,lingam,0.5119421111223561,0.15277030137725361,1.8376310187001617,0.04183399467670286,0.0411677909593876,-0.018085634973428008,-0.02320790681355317,-0.0003770106443452683,0.573729418984243,1,1,DirectLiNGAM,0.9875518672199171,0.9875518672199171,results/synthetic/raw_predictions/scale_ood_d120_n1000_seed_4002_lambda_0p00.npz
scale_ood_d120_n1000_seed_4002_lambda_1p00,scale_ood_d120_n1000,4002,1.0,1000,120,rff,laplace,119,0.31578947368421045,0.11895910780669146,0.2710843373493976,0.10666666666666667,0.37815126050420167,0.13445378151260504,179,175,23.5149698999885,270.23521780001465,0.17509819997940212,0.9011460970639972,cdfm,0.196830365877519,0.2173307297541326,1.66029508034536,0.0308682228817718,0.03189837033401421,0.07545667648512577,0.1374720708472342,0.35577711779649707,0.002484889942748508,0,0,CDFM,0.31578947368421045,0.31578947368421045,results/synthetic/raw_predictions/scale_ood_d120_n1000_seed_4002_lambda_1p00.npz
scale_ood_d120_n1000_seed_4003_lambda_0p00,scale_ood_d120_n1000,4003,0.0,1000,120,rff,laplace,132,0.5207100591715976,0.9635036496350364,0.42718446601941745,0.9295774647887324,0.6666666666666666,1.0,157,10,22.45035649999045,256.87766860000556,0.18691859999671578,0.9252883954423141,lingam,0.4427935904634388,0.16913293735538548,1.9317643000947855,0.04443735233087411,0.04383613827311307,-0.016619619200107086,-0.020870458151899727,0.014124491360960794,0.5119259551426779,1,1,DirectLiNGAM,0.9635036496350364,0.9635036496350364,results/synthetic/raw_predictions/scale_ood_d120_n1000_seed_4003_lambda_0p00.npz
scale_ood_d120_n1000_seed_4003_lambda_1p00,scale_ood_d120_n1000,4003,1.0,1000,120,rff,laplace,132,0.3263888888888889,0.11275964391691395,0.30128205128205127,0.09268292682926829,0.3560606060606061,0.14393939393939395,176,223,22.785494799987646,256.3560264999978,0.17626589999417774,0.8933362526503568,cdfm,0.21362924497197494,0.2671938103305195,1.8512216121775686,0.031915282278186366,0.032832029489172354,0.08997114065425864,0.12488636740628749,0.3068382261960679,0.001747807197114718,0,0,CDFM,0.3263888888888889,0.3263888888888889,results/synthetic/raw_predictions/scale_ood_d120_n1000_seed_4003_lambda_1p00.npz
scale_ood_d120_n1000_seed_4004_lambda_0p00,scale_ood_d120_n1000,4004,0.0,1000,120,rff,laplace,123,0.47352024922118374,0.9498069498069499,0.3838383838383838,0.9044117647058824,0.6178861788617886,1.0,162,13,22.99268110000412,255.54283819999546,0.17463689998839982,0.9295499311852129,lingam,0.47628670058576617,0.1342508861847894,2.1201155505552562,0.04135238770013321,0.041064826518608044,-0.01962198625143441,-0.022187120810582283,-0.003996011426135434,0.7115251355289356,1,1,DirectLiNGAM,0.9498069498069499,0.9498069498069499,results/synthetic/raw_predictions/scale_ood_d120_n1000_seed_4004_lambda_0p00.npz
scale_ood_d120_n1000_seed_4004_lambda_1p00,scale_ood_d120_n1000,4004,1.0,1000,120,rff,laplace,123,0.23353293413173654,0.1386861313868613,0.1848341232227488,0.12582781456953643,0.3170731707317073,0.15447154471544716,245,170,21.98045020000427,255.0999487999943,0.17843709999579005,0.8682795482105421,cdfm,0.09484680274487522,0.21304217121797794,2.018508151306123,0.030524637195491082,0.03161736107952463,0.06383258379160248,0.10527188206709837,0.4056897651412352,0.002030656823592565,0,0,CDFM,0.23353293413173654,0.23353293413173654,results/synthetic/raw_predictions/scale_ood_d120_n1000_seed_4004_lambda_1p00.npz
scale_ood_d120_n1000_seed_4005_lambda_0p00,scale_ood_d120_n1000,4005,0.0,1000,120,rff,laplace,111,0.5357142857142857,0.9288702928870293,0.4437869822485207,0.8671875,0.6756756756756757,1.0,122,17,22.890024899999844,255.96885990002193,0.17810740001732484,0.9350771199244217,lingam,0.39315600717274357,0.1501569130286829,2.256202507842773,0.03911698452058047,0.03895353288126397,-0.014755222520367827,-0.01666135825128,0.009890323069906752,0.6358198455972964,1,1,DirectLiNGAM,0.9288702928870293,0.9288702928870293,results/synthetic/raw_predictions/scale_ood_d120_n1000_seed_4005_lambda_0p00.npz
scale_ood_d120_n1000_seed_4005_lambda_1p00,scale_ood_d120_n1000,4005,1.0,1000,120,rff,laplace,111,0.3225806451612903,0.1532567049808429,0.291970802919708,0.13333333333333333,0.36036036036036034,0.18018018018018017,152,164,22.407648100022925,255.2004988999979,0.18017149998922832,0.9087357711293221,cdfm,0.1693239401804474,0.2708463033697876,2.2548414429211996,0.029949153758547526,0.030815243393394656,0.08453314754344642,0.115118374153275,0.358727018210998,0.0013619827044675163,0,0,CDFM,0.3225806451612903,0.3225806451612903,results/synthetic/raw_predictions/scale_ood_d120_n1000_seed_4005_lambda_1p00.npz
scale_ood_d120_n1000_seed_4006_lambda_0p00,scale_ood_d120_n1000,4006,0.0,1000,120,rff,laplace,109,0.51985559566787,0.9008264462809917,0.42857142857142855,0.8195488721804511,0.6605504587155964,1.0,126,24,22.411843000008957,256.85564449999947,0.18596959998831153,0.9380704406014151,lingam,0.38097085061312175,0.13717023035702436,1.9188949628834595,0.03996456465904914,0.0397305664549362,-0.013673158498899753,-0.011346799001215883,0.032156417783682875,0.5396301427599456,1,1,DirectLiNGAM,0.9008264462809917,0.9008264462809917,results/synthetic/raw_predictions/scale_ood_d120_n1000_seed_4006_lambda_0p00.npz
scale_ood_d120_n1000_seed_4006_lambda_1p00,scale_ood_d120_n1000,4006,1.0,1000,120,rff,laplace,109,0.34814814814814815,0.11888111888111888,0.2919254658385093,0.096045197740113,0.43119266055045874,0.1559633027522936,155,178,22.32902410000679,255.76053149998188,0.18183549999957904,0.9047313344450717,cdfm,0.22926702926702927,0.24351946639914993,1.8282420746959465,0.03097343928857643,0.03198452637612302,0.09149339397814579,0.12170724089690957,0.3179177390553932,0.001844905376419821,0,0,CDFM,0.34814814814814815,0.34814814814814815,results/synthetic/raw_predictions/scale_ood_d120_n1000_seed_4006_lambda_1p00.npz
scale_ood_d120_n1000_seed_4007_lambda_0p00,scale_ood_d120_n1000,4007,0.0,1000,120,rff,laplace,116,0.5408805031446541,0.9430894308943091,0.42574257425742573,0.8923076923076924,0.7413793103448276,1.0,141,14,23.289540300000226,259.27310849999776,0.18364450000808574,0.9456744282895869,lingam,0.402208927749655,0.14679859752480065,1.8673356822171487,0.043777094049034515,0.04374296159842379,-0.019201554057124703,-0.023568725936609365,0.029787060479333872,0.5278851122957344,1,1,DirectLiNGAM,0.9430894308943091,0.9430894308943091,results/synthetic/raw_predictions/scale_ood_d120_n1000_seed_4007_lambda_0p00.npz
scale_ood_d120_n1000_seed_4007_lambda_1p00,scale_ood_d120_n1000,4007,1.0,1000,120,rff,laplace,116,0.3375796178343949,0.1678832116788321,0.2676767676767677,0.14556962025316456,0.45689655172413796,0.19827586206896552,177,165,22.580656599981012,257.48419940000167,0.17588939997949637,0.9002128174125871,cdfm,0.16969640615556278,0.2860577789061459,1.9116904804071484,0.03148624022416765,0.0323865721461276,0.09495321086918748,0.12603573454807376,0.3415449735578693,0.0008515065923105356,0,0,CDFM,0.3375796178343949,0.3375796178343949,results/synthetic/raw_predictions/scale_ood_d120_n1000_seed_4007_lambda_1p00.npz
scale_ood_d120_n1000_seed_4008_lambda_0p00,scale_ood_d120_n1000,4008,0.0,1000,120,rff,laplace,113,0.551470588235294,0.9495798319327732,0.4716981132075472,0.904,0.6637168141592921,1.0,114,12,22.271593600016786,253.65568840000196,0.17553969999426045,0.9472916222799588,lingam,0.39810924369747913,0.1373839362749018,1.8211391708629843,0.04234308915670136,0.041794232442971944,-0.016204636272386486,-0.017679467834026984,-0.00511447881176909,0.6336792224682192,1,1,DirectLiNGAM,0.9495798319327732,0.9495798319327732,results/synthetic/raw_predictions/scale_ood_d120_n1000_seed_4008_lambda_0p00.npz
scale_ood_d120_n1000_seed_4008_lambda_1p00,scale_ood_d120_n1000,4008,1.0,1000,120,rff,laplace,113,0.3243243243243244,0.1111111111111111,0.2876712328767123,0.10071942446043165,0.37168141592920356,0.12389380530973451,157,159,22.62761870000395,260.50110930000665,0.22395280000637285,0.9058115842443796,cdfm,0.2132132132132133,0.27528810040970103,2.079692810266996,0.030233436980581917,0.031165046173449538,0.05242653708283755,0.1174938648505361,0.33657406913836196,0.003402417372134336,0,0,CDFM,0.3243243243243244,0.3243243243243244,results/synthetic/raw_predictions/scale_ood_d120_n1000_seed_4008_lambda_1p00.npz
scale_ood_d120_n1000_seed_4009_lambda_0p00,scale_ood_d120_n1000,4009,0.0,1000,120,rff,laplace,104,0.5223367697594502,0.9674418604651163,0.40641711229946526,0.9369369369369369,0.7307692307692307,1.0,128,7,31.399253000010503,269.0815113999997,0.18000439999741502,0.933914146312631,lingam,0.44510509070566606,0.12969637584010948,1.9295386192027293,0.04166958015650728,0.0412673556589523,-0.018063651956853395,-0.02555178616257133,-0.001811474724830602,0.662066048409697,1,1,DirectLiNGAM,0.9674418604651163,0.9674418604651163,results/synthetic/raw_predictions/scale_ood_d120_n1000_seed_4009_lambda_0p00.npz
scale_ood_d120_n1000_seed_4009_lambda_1p00,scale_ood_d120_n1000,4009,1.0,1000,120,rff,laplace,104,0.31972789115646255,0.16935483870967744,0.24736842105263157,0.14583333333333334,0.4519230769230769,0.20192307692307693,178,149,22.953332899982342,255.20561429997906,0.18007740000030026,0.8966381197598181,cdfm,0.15037305244678512,0.2184050141054301,1.8304407143143038,0.03067796351517239,0.03159650124509347,0.056160707307072844,0.11524661379166974,0.34590759154235884,0.004338949085914263,0,0,CDFM,0.31972789115646255,0.31972789115646255,results/synthetic/raw_predictions/scale_ood_d120_n1000_seed_4009_lambda_1p00.npz
scale_ood_n40_d10_seed_3000_lambda_0p00,scale_ood_n40_d10,3000,0.0,40,10,rff,laplace,11,0.21621621621621623,0.4615384615384615,0.15384615384615385,0.4,0.36363636363636365,0.5454545454545454,24,11,0.21161490000667982,0.23979690001579002,0.17744119997951202,0.5472470486578479,lingam,0.24532224532224528,0.47541963112473323,1.0558425796559814,0.3498285283747534,0.34313529289139055,-0.2279438906735214,-0.630870824639522,0.037661150792020814,0.5777352203204482,1,1,DirectLiNGAM,0.4615384615384615,0.4615384615384615,results/synthetic/raw_predictions/scale_ood_n40_d10_seed_3000_lambda_0p00.npz
scale_ood_n40_d10_seed_3000_lambda_1p00,scale_ood_n40_d10,3000,1.0,40,10,rff,laplace,11,0.25806451612903225,0.2105263157894737,0.2,0.25,0.36363636363636365,0.18181818181818182,18,13,0.10965090000536293,0.14539749998948537,0.19285340001806617,0.5470616341111056,cdfm,0.04753820033955855,0.4214944949777295,1.0879460479505738,0.24089825828865388,0.2200792161767772,-0.19722356522243836,-0.5502506566879009,0.5056229760381061,0.0011913197640225145,0,0,CDFM,0.25806451612903225,0.25806451612903225,results/synthetic/raw_predictions/scale_ood_n40_d10_seed_3000_lambda_1p00.npz
scale_ood_n40_d10_seed_3001_lambda_0p00,scale_ood_n40_d10,3001,0.0,40,10,rff,laplace,11,0.33333333333333337,0.4,0.21621621621621623,0.35714285714285715,0.7272727272727273,0.45454545454545453,25,11,0.11087770000449382,0.15874849999090657,0.18864139998913743,0.49962754999958126,lingam,0.06666666666666665,0.34017462566263557,0.8339383761149305,0.2794296193088453,0.2807296226808423,-0.41450647877622754,-0.40858304768532455,0.19296151379032372,0.9972178798447411,1,1,DirectLiNGAM,0.4,0.4,results/synthetic/raw_predictions/scale_ood_n40_d10_seed_3001_lambda_0p00.npz
scale_ood_n40_d10_seed_3001_lambda_1p00,scale_ood_n40_d10,3001,1.0,40,10,rff,laplace,11,0.4878048780487804,0.3157894736842105,0.3333333333333333,0.375,0.9090909090909091,0.2727272727272727,19,10,0.33244620001642033,0.2535397000028752,0.22163719998206943,0.5469094902347363,cdfm,0.1720154043645699,0.3330894236817418,0.9011215807667226,0.21602100077433026,0.2208005003126955,-0.11742489627427316,-0.1967200162041618,0.2104075064205935,0.24175874026562316,0,0,CDFM,0.4878048780487804,0.4878048780487804,results/synthetic/raw_predictions/scale_ood_n40_d10_seed_3001_lambda_1p00.npz
scale_ood_n40_d10_seed_3002_lambda_0p00,scale_ood_n40_d10,3002,0.0,40,10,rff,laplace,10,0.5142857142857143,0.380952380952381,0.36,0.36363636363636365,0.9,0.4,16,9,0.20298819997697137,0.20719190000090748,0.2071179999911692,0.5469721042094773,cdfm,0.13333333333333336,0.39499880178564484,1.0219013337330023,0.25820314695626756,0.2647154471544716,-0.2363343718210429,-0.3428454971351694,0.2001511022877451,0.6964944315170192,1,0,DirectLiNGAM,0.380952380952381,0.5142857142857143,results/synthetic/raw_predictions/scale_ood_n40_d10_seed_3002_lambda_0p00.npz
scale_ood_n40_d10_seed_3002_lambda_1p00,scale_ood_n40_d10,3002,1.0,40,10,rff,laplace,10,0.5454545454545454,0.4285714285714285,0.5,0.75,0.6,0.3,10,7,0.14116160001140088,0.19211629999335855,0.21388980001211166,0.6005826793132466,cdfm,0.11688311688311692,0.41500096452842844,1.0574818604743008,0.15012236573688087,0.15527621430060456,-0.16523636985545564,-0.1934299972467936,0.15432308755450533,0.21127372258975957,0,0,CDFM,0.5454545454545454,0.5454545454545454,results/synthetic/raw_predictions/scale_ood_n40_d10_seed_3002_lambda_1p00.npz
scale_ood_n40_d10_seed_3003_lambda_0p00,scale_ood_n40_d10,3003,0.0,40,10,rff,laplace,9,0.3404255319148936,0.6086956521739131,0.21052631578947367,0.5,0.8888888888888888,0.7777777777777778,24,7,0.1605242000077851,0.2618787999963388,0.3362232999934349,0.4939310593232995,lingam,0.2682701202590195,0.6166285750990512,1.5914916928827934,0.228863335387571,0.22745882843443815,-0.2164347040001669,-0.3886344223650188,0.05355670948212599,0.21893827180465314,0,1,CDFM,0.3404255319148936,0.6086956521739131,results/synthetic/raw_predictions/scale_ood_n40_d10_seed_3003_lambda_0p00.npz
scale_ood_n40_d10_seed_3003_lambda_1p00,scale_ood_n40_d10,3003,1.0,40,10,rff,laplace,9,0.18181818181818185,0.3333333333333333,0.15384615384615385,0.6666666666666666,0.2222222222222222,0.2222222222222222,17,7,0.14892509998753667,0.2470929000119213,0.3274913000059314,0.6610120776887105,lingam,0.15151515151515146,0.6994419561163866,1.7364221753659037,0.13497449441033754,0.12907233687721495,-0.2582124498388313,-0.4641845503581637,0.3155502500274965,0.001130045446103479,0,1,CDFM,0.18181818181818185,0.3333333333333333,results/synthetic/raw_predictions/scale_ood_n40_d10_seed_3003_lambda_1p00.npz
scale_ood_n40_d10_seed_3004_lambda_0p00,scale_ood_n40_d10,3004,0.0,40,10,rff,laplace,12,0.4516129032258065,0.6923076923076924,0.3684210526315789,0.6428571428571429,0.5833333333333334,0.75,15,7,0.20594169999822043,0.15901460000895895,0.17227330000605434,0.5766412365997862,lingam,0.2406947890818859,0.5483544390777606,1.685246394897515,0.24698286613593778,0.23896185115697316,-0.28456105812376414,-0.34287525929221185,0.14000195382289268,0.7768983270420671,1,1,DirectLiNGAM,0.6923076923076924,0.6923076923076924,results/synthetic/raw_predictions/scale_ood_n40_d10_seed_3004_lambda_0p00.npz
scale_ood_n40_d10_seed_3004_lambda_1p00,scale_ood_n40_d10,3004,1.0,40,10,rff,laplace,12,0.5599999999999999,0.4210526315789474,0.5384615384615384,0.5714285714285714,0.5833333333333334,0.3333333333333333,10,8,0.20478090000688098,0.2176190000027418,0.275714399991557,0.5785695128256655,cdfm,0.13894736842105254,0.8003580934580219,2.701967511335675,0.14377218307159323,0.1633020637898687,-0.17893622396941128,-0.20898816583869756,0.4352953233437527,0.0004523373991166801,0,0,CDFM,0.5599999999999999,0.5599999999999999,results/synthetic/raw_predictions/scale_ood_n40_d10_seed_3004_lambda_1p00.npz
scale_ood_n40_d10_seed_3005_lambda_0p00,scale_ood_n40_d10,3005,0.0,40,10,rff,laplace,13,0.26666666666666666,0.34782608695652173,0.1875,0.4,0.46153846153846156,0.3076923076923077,27,12,0.1543017000076361,0.2583106999809388,0.20374170001014136,0.52252157250175,lingam,0.08115942028985507,0.7541555776312527,2.97731953579701,0.24487744433572647,0.24099228684594542,-0.33592748322089494,-0.34798791530475,0.15678648099941692,0.7404193433128721,1,1,DirectLiNGAM,0.34782608695652173,0.34782608695652173,results/synthetic/raw_predictions/scale_ood_n40_d10_seed_3005_lambda_0p00.npz
scale_ood_n40_d10_seed_3005_lambda_1p00,scale_ood_n40_d10,3005,1.0,40,10,rff,laplace,13,0.5128205128205128,0.1111111111111111,0.38461538461538464,0.2,0.7692307692307693,0.07692307692307693,18,13,0.1180212999752257,0.16550319999805652,0.1914814000192564,0.5759732554387498,cdfm,0.40170940170940167,0.69901967585248,2.2181321795511155,0.1824983732065238,0.20378986866791746,-0.11206870114549697,-0.18325537244360385,0.5255034773188368,0.00016001833617294698,0,0,CDFM,0.5128205128205128,0.5128205128205128,results/synthetic/raw_predictions/scale_ood_n40_d10_seed_3005_lambda_1p00.npz
scale_ood_n40_d10_seed_3006_lambda_0p00,scale_ood_n40_d10,3006,0.0,40,10,rff,laplace,9,0.4571428571428572,0.9,0.3076923076923077,0.8181818181818182,0.8888888888888888,1.0,18,2,0.11902539999573492,0.1414121999987401,0.17983180002192967,0.5720997465058606,lingam,0.44285714285714284,0.6477418152041235,1.7152851621207952,0.23535319596785517,0.2004169272461956,-0.15825159034085068,-0.5399019480706102,0.11555838023914076,0.004239207380840537,0,1,CDFM,0.4571428571428572,0.9,results/synthetic/raw_predictions/scale_ood_n40_d10_seed_3006_lambda_0p00.npz
scale_ood_n40_d10_seed_3006_lambda_1p00,scale_ood_n40_d10,3006,1.0,40,10,rff,laplace,9,0.33333333333333326,0.0,0.23809523809523808,0.0,0.5555555555555556,0.0,18,14,0.11127369999303482,0.1527689999784343,0.18635950001771562,0.5692958255979579,cdfm,0.33333333333333326,0.500146256014956,1.1468358374049192,0.1814294802749488,0.18749635188659583,-0.22926380455072531,-0.21553968350251473,0.5130226876795512,0.011269806722573604,0,0,CDFM,0.33333333333333326,0.33333333333333326,results/synthetic/raw_predictions/scale_ood_n40_d10_seed_3006_lambda_1p00.npz
scale_ood_n40_d10_seed_3007_lambda_0p00,scale_ood_n40_d10,3007,0.0,40,10,rff,laplace,19,0.42857142857142855,0.358974358974359,0.29411764705882354,0.35,0.7894736842105263,0.3684210526315789,33,21,0.1512802999932319,0.18714369999361224,0.17235400000936352,0.4598350541322286,cdfm,0.06959706959706957,0.6392588516077206,1.8928909990346685,0.3348768694446589,0.3240983948301022,-0.2983245252259098,-0.3147339426926117,0.33794591412061076,0.5712254593686029,1,0,DirectLiNGAM,0.358974358974359,0.42857142857142855,results/synthetic/raw_predictions/scale_ood_n40_d10_seed_3007_lambda_0p00.npz
scale_ood_n40_d10_seed_3007_lambda_1p00,scale_ood_n40_d10,3007,1.0,40,10,rff,laplace,19,0.2608695652173913,0.17391304347826086,0.2222222222222222,0.5,0.3157894736842105,0.10526315789473684,26,17,0.16321000002790242,0.1506877999927383,0.18318859999999404,0.5302024355646527,cdfm,0.08695652173913043,0.3877033393826882,0.8453688319224165,0.18588390636632113,0.20648738795080263,-0.13725729868801248,-0.2485567709014178,0.4807317896944745,0.0037565476830711078,0,0,CDFM,0.2608695652173913,0.2608695652173913,results/synthetic/raw_predictions/scale_ood_n40_d10_seed_3007_lambda_1p00.npz
scale_ood_n40_d10_seed_3008_lambda_0p00,scale_ood_n40_d10,3008,0.0,40,10,rff,laplace,9,0.3529411764705882,0.380952380952381,0.24,0.3333333333333333,0.6666666666666666,0.4444444444444444,18,10,0.13123349999659695,0.1918702000111807,0.18385239999042824,0.5591127502045206,lingam,0.028011204481792784,0.5769822603887368,1.4791406122473936,0.33653104940191536,0.3205545132374401,-0.30687035895203624,-0.29139492231984765,0.17507235126225343,0.9551313736380355,1,0,DirectLiNGAM,0.380952380952381,0.380952380952381,results/synthetic/raw_predictions/scale_ood_n40_d10_seed_3008_lambda_0p00.npz
scale_ood_n40_d10_seed_3008_lambda_1p00,scale_ood_n40_d10,3008,1.0,40,10,rff,laplace,9,0.25,0.3,0.16129032258064516,0.2727272727272727,0.5555555555555556,0.3333333333333333,25,12,0.10661270000855438,0.150195199996233,0.17402870001387782,0.5239114585397875,lingam,0.04999999999999999,0.5595336230335805,1.1156868557363986,0.22347886239715106,0.2548843026891808,-0.14852007677806323,-0.1550403854686831,0.3737689346298511,0.015310876493760242,0,1,CDFM,0.25,0.3,results/synthetic/raw_predictions/scale_ood_n40_d10_seed_3008_lambda_1p00.npz
scale_ood_n40_d10_seed_3009_lambda_0p00,scale_ood_n40_d10,3009,0.0,40,10,rff,laplace,8,0.5,0.7777777777777777,0.4166666666666667,0.7,0.625,0.875,8,3,0.19027169997571036,0.17538510001031682,0.46032470001955517,0.6088339550311279,lingam,0.2777777777777777,0.4113621358523483,1.3466013415640172,0.19032072003066705,0.19666458203043571,-0.39631345737867146,-0.44735999803833415,0.0026267626807165777,0.9944644852643024,1,1,DirectLiNGAM,0.7777777777777777,0.7777777777777777,results/synthetic/raw_predictions/scale_ood_n40_d10_seed_3009_lambda_0p00.npz
scale_ood_n40_d10_seed_3009_lambda_1p00,scale_ood_n40_d10,3009,1.0,40,10,rff,laplace,8,0.5,0.3333333333333333,0.375,0.5,0.75,0.25,12,7,0.8431963000039104,0.23503849998814985,0.622804200014798,0.5684377406476766,cdfm,0.16666666666666669,0.5773873929013291,1.7394683530253228,0.14345485012671516,0.15081509276631228,-0.2638503762600895,-0.40843990876241953,0.44879371793881573,0.002858304446335593,0,0,CDFM,0.5,0.5,results/synthetic/raw_predictions/scale_ood_n40_d10_seed_3009_lambda_1p00.npz
