task_id,domain,x,y,conditioning_set,p_value,holm_adjusted_p_value,rejected
linear_gaussian_000,linear_gaussian,1,0,"[6, 9]",0.016780872231527244,0.7383583781871987,False
linear_gaussian_000,linear_gaussian,2,0,"[6, 9]",0.0016931735718603846,0.0778859843055777,False
linear_gaussian_000,linear_gaussian,3,0,"[6, 9]",0.11118844333214273,1.0,False
linear_gaussian_000,linear_gaussian,4,0,"[6, 9]",0.3772671563448686,1.0,False
linear_gaussian_000,linear_gaussian,5,0,"[6, 9]",0.785854540890961,1.0,False
linear_gaussian_000,linear_gaussian,7,0,"[6, 9]",0.5835946820855042,1.0,False
linear_gaussian_000,linear_gaussian,8,0,"[6, 9]",0.6403071691881841,1.0,False
linear_gaussian_000,linear_gaussian,3,1,"[4, 6]",0.2661663073210334,1.0,False
linear_gaussian_000,linear_gaussian,5,1,"[4, 6]",0.1415621007569987,1.0,False
linear_gaussian_000,linear_gaussian,7,1,"[4, 6]",0.8683418397907418,1.0,False
linear_gaussian_000,linear_gaussian,8,1,"[4, 6]",0.6141622303183409,1.0,False
linear_gaussian_000,linear_gaussian,3,2,"[1, 4, 6, 8]",0.4193833331440149,1.0,False
linear_gaussian_000,linear_gaussian,5,2,"[1, 4, 6, 8]",0.9805588233671363,1.0,False
linear_gaussian_000,linear_gaussian,7,2,"[1, 4, 6, 8]",0.2606385093310818,1.0,False
linear_gaussian_000,linear_gaussian,0,3,"[6, 7, 8]",0.49201712959516297,1.0,False
linear_gaussian_000,linear_gaussian,1,3,"[6, 7, 8]",0.45326222939894856,1.0,False
linear_gaussian_000,linear_gaussian,2,3,"[6, 7, 8]",0.6876712857036826,1.0,False
linear_gaussian_000,linear_gaussian,4,3,"[6, 7, 8]",0.07470052051125486,1.0,False
linear_gaussian_000,linear_gaussian,5,3,"[6, 7, 8]",0.060617993714149665,1.0,False
linear_gaussian_000,linear_gaussian,9,3,"[6, 7, 8]",1.0,1.0,False
linear_gaussian_000,linear_gaussian,3,4,"[5, 6]",0.023554518523848267,1.0,False
linear_gaussian_000,linear_gaussian,7,4,"[5, 6]",0.7489704683286846,1.0,False
linear_gaussian_000,linear_gaussian,8,4,"[5, 6]",0.8444127006065978,1.0,False
linear_gaussian_000,linear_gaussian,3,5,[],0.28293980625071,1.0,False
linear_gaussian_000,linear_gaussian,6,5,[],0.15465403886743267,1.0,False
linear_gaussian_000,linear_gaussian,7,5,[],0.8999455082098868,1.0,False
linear_gaussian_000,linear_gaussian,8,5,[],0.23954945656726145,1.0,False
linear_gaussian_000,linear_gaussian,5,6,[],0.15465403886743267,1.0,False
linear_gaussian_000,linear_gaussian,7,6,[],0.750254277002663,1.0,False
linear_gaussian_000,linear_gaussian,8,6,[],0.21015196291818872,1.0,False
linear_gaussian_000,linear_gaussian,0,7,[8],0.44631875981072955,1.0,False
linear_gaussian_000,linear_gaussian,1,7,[8],0.38936122015462016,1.0,False
linear_gaussian_000,linear_gaussian,2,7,[8],0.5679494948720084,1.0,False
linear_gaussian_000,linear_gaussian,4,7,[8],0.47708233423250535,1.0,False
linear_gaussian_000,linear_gaussian,5,7,[8],0.5860906386773319,1.0,False
linear_gaussian_000,linear_gaussian,6,7,[8],0.054414087045439374,1.0,False
linear_gaussian_000,linear_gaussian,9,7,[8],0.27036577804429907,1.0,False
linear_gaussian_000,linear_gaussian,1,8,[],0.6482796904906506,1.0,False
linear_gaussian_000,linear_gaussian,4,8,[],0.8604883590156246,1.0,False
linear_gaussian_000,linear_gaussian,5,8,[],0.23954945656726145,1.0,False
linear_gaussian_000,linear_gaussian,6,8,[],0.21015196291818872,1.0,False
linear_gaussian_000,linear_gaussian,1,9,"[2, 4, 6]",0.40692898444326897,1.0,False
linear_gaussian_000,linear_gaussian,3,9,"[2, 4, 6]",0.7424043863433253,1.0,False
linear_gaussian_000,linear_gaussian,5,9,"[2, 4, 6]",0.029071281389016934,1.0,False
linear_gaussian_000,linear_gaussian,7,9,"[2, 4, 6]",0.005300649445613481,0.23852922505260665,False
linear_gaussian_000,linear_gaussian,8,9,"[2, 4, 6]",0.8052282153966377,1.0,False
linear_gaussian_001,linear_gaussian,1,0,[],0.35844488233110583,1.0,False
linear_gaussian_001,linear_gaussian,2,0,[],0.5020030831917099,1.0,False
linear_gaussian_001,linear_gaussian,3,0,[],0.2758841816320645,1.0,False
linear_gaussian_001,linear_gaussian,5,0,[],0.9448678913012014,1.0,False
linear_gaussian_001,linear_gaussian,6,0,[],0.9117465834494688,1.0,False
linear_gaussian_001,linear_gaussian,7,0,[],0.21573149033416694,1.0,False
linear_gaussian_001,linear_gaussian,8,0,[],0.8196689372493832,1.0,False
linear_gaussian_001,linear_gaussian,9,0,[],0.8641109714512979,1.0,False
linear_gaussian_001,linear_gaussian,0,1,[3],0.3853712114342439,1.0,False
linear_gaussian_001,linear_gaussian,2,1,[3],0.3771144404376392,1.0,False
linear_gaussian_001,linear_gaussian,4,1,[3],0.9791856920928369,1.0,False
linear_gaussian_001,linear_gaussian,5,1,[3],0.032470699674818526,1.0,False
linear_gaussian_001,linear_gaussian,6,1,[3],0.26428447470308547,1.0,False
linear_gaussian_001,linear_gaussian,8,1,[3],0.6645434659082605,1.0,False
linear_gaussian_001,linear_gaussian,9,1,[3],0.5740289125764761,1.0,False
linear_gaussian_001,linear_gaussian,0,2,"[5, 6, 8]",0.29046201621052536,1.0,False
linear_gaussian_001,linear_gaussian,1,2,"[5, 6, 8]",0.33390629604674116,1.0,False
linear_gaussian_001,linear_gaussian,3,2,"[5, 6, 8]",0.7466035474797477,1.0,False
linear_gaussian_001,linear_gaussian,4,2,"[5, 6, 8]",0.07514653590890119,1.0,False
linear_gaussian_001,linear_gaussian,9,2,"[5, 6, 8]",0.42131057952767814,1.0,False
linear_gaussian_001,linear_gaussian,0,3,[],0.2758841816320645,1.0,False
linear_gaussian_001,linear_gaussian,2,3,[],0.500579404373505,1.0,False
linear_gaussian_001,linear_gaussian,4,3,[],0.3790584750932078,1.0,False
linear_gaussian_001,linear_gaussian,5,3,[],0.227231127240359,1.0,False
linear_gaussian_001,linear_gaussian,6,3,[],0.992586859606934,1.0,False
linear_gaussian_001,linear_gaussian,8,3,[],0.32328714918793733,1.0,False
linear_gaussian_001,linear_gaussian,9,3,[],0.42433346311073894,1.0,False
linear_gaussian_001,linear_gaussian,1,4,[0],0.9459808691020977,1.0,False
linear_gaussian_001,linear_gaussian,2,4,[0],0.33852651164770087,1.0,False
linear_gaussian_001,linear_gaussian,3,4,[0],0.9829685597288994,1.0,False
linear_gaussian_001,linear_gaussian,5,4,[0],0.16826220938320124,1.0,False
linear_gaussian_001,linear_gaussian,6,4,[0],0.7302724725071563,1.0,False
linear_gaussian_001,linear_gaussian,7,4,[0],0.548027149498443,1.0,False
linear_gaussian_001,linear_gaussian,8,4,[0],0.11957219775718342,1.0,False
linear_gaussian_001,linear_gaussian,9,4,[0],0.7201963846423002,1.0,False
linear_gaussian_001,linear_gaussian,0,5,[],0.9448678913012014,1.0,False
linear_gaussian_001,linear_gaussian,1,5,[],0.02321206817602517,1.0,False
linear_gaussian_001,linear_gaussian,3,5,[],0.227231127240359,1.0,False
linear_gaussian_001,linear_gaussian,4,5,[],0.2930648164663201,1.0,False
linear_gaussian_001,linear_gaussian,9,5,[],0.5994687270832069,1.0,False
linear_gaussian_001,linear_gaussian,0,6,[5],0.38044733720500656,1.0,False
linear_gaussian_001,linear_gaussian,1,6,[5],1.0,1.0,False
linear_gaussian_001,linear_gaussian,3,6,[5],0.7922693514645678,1.0,False
linear_gaussian_001,linear_gaussian,4,6,[5],0.6183324128160188,1.0,False
linear_gaussian_001,linear_gaussian,8,6,[5],0.02034693551215705,1.0,False
linear_gaussian_001,linear_gaussian,9,6,[5],0.5089553972630732,1.0,False
linear_gaussian_001,linear_gaussian,0,7,"[1, 2, 3, 5, 8]",0.3790458833615584,1.0,False
linear_gaussian_001,linear_gaussian,4,7,"[1, 2, 3, 5, 8]",0.13010164321047657,1.0,False
linear_gaussian_001,linear_gaussian,6,7,"[1, 2, 3, 5, 8]",0.1132569057217071,1.0,False
linear_gaussian_001,linear_gaussian,9,7,"[1, 2, 3, 5, 8]",0.42083090382779986,1.0,False
linear_gaussian_001,linear_gaussian,0,8,[5],0.4564486151417735,1.0,False
linear_gaussian_001,linear_gaussian,1,8,[5],0.12417835635011754,1.0,False
linear_gaussian_001,linear_gaussian,3,8,[5],0.7042833222537275,1.0,False
linear_gaussian_001,linear_gaussian,4,8,[5],0.5807352315857848,1.0,False
linear_gaussian_001,linear_gaussian,6,8,[5],0.02034693551215705,1.0,False
linear_gaussian_001,linear_gaussian,9,8,[5],0.06694563147804289,1.0,False
linear_gaussian_001,linear_gaussian,0,9,[],0.8641109714512979,1.0,False
linear_gaussian_001,linear_gaussian,1,9,[],0.30506884896177866,1.0,False
linear_gaussian_001,linear_gaussian,2,9,[],0.19528778014894,1.0,False
linear_gaussian_001,linear_gaussian,3,9,[],0.42433346311073894,1.0,False
linear_gaussian_001,linear_gaussian,4,9,[],0.4131436163115336,1.0,False
linear_gaussian_001,linear_gaussian,5,9,[],0.5994687270832069,1.0,False
linear_gaussian_001,linear_gaussian,6,9,[],0.8408701978971447,1.0,False
linear_gaussian_001,linear_gaussian,7,9,[],0.44709894108012094,1.0,False
linear_gaussian_001,linear_gaussian,8,9,[],0.5425155542880585,1.0,False
linear_gaussian_002,linear_gaussian,6,0,[],0.22461768609038457,1.0,False
linear_gaussian_002,linear_gaussian,9,0,[],0.09261166627122175,1.0,False
linear_gaussian_002,linear_gaussian,2,1,[0],2.4424906541753444e-15,1.3677947663381929e-13,True
linear_gaussian_002,linear_gaussian,3,1,[0],0.06464380293666372,1.0,False
linear_gaussian_002,linear_gaussian,4,1,[0],3.863420694472097e-11,2.1248813819596535e-09,True
linear_gaussian_002,linear_gaussian,5,1,[0],0.0003601403241045853,0.018007016205229265,True
linear_gaussian_002,linear_gaussian,6,1,[0],1.0,1.0,False
linear_gaussian_002,linear_gaussian,7,1,[0],1.0548862207193643e-05,0.0005590896969812631,True
linear_gaussian_002,linear_gaussian,9,1,[0],0.7992828941153333,1.0,False
linear_gaussian_002,linear_gaussian,1,2,"[0, 7]",7.70078167899868e-09,4.1584221066592875e-07,True
linear_gaussian_002,linear_gaussian,4,2,"[0, 7]",0.005939033270502936,0.29101263025464386,False
linear_gaussian_002,linear_gaussian,6,2,"[0, 7]",0.6138805324169949,1.0,False
linear_gaussian_002,linear_gaussian,8,2,"[0, 7]",0.01851083240996243,0.8700091232682342,False
linear_gaussian_002,linear_gaussian,9,2,"[0, 7]",1.0,1.0,False
linear_gaussian_002,linear_gaussian,0,3,"[5, 7, 9]",0.1707044890059899,1.0,False
linear_gaussian_002,linear_gaussian,1,3,"[5, 7, 9]",0.9067910621169867,1.0,False
linear_gaussian_002,linear_gaussian,2,3,"[5, 7, 9]",0.741685022224777,1.0,False
linear_gaussian_002,linear_gaussian,4,3,"[5, 7, 9]",0.5280634069604748,1.0,False
linear_gaussian_002,linear_gaussian,6,3,"[5, 7, 9]",0.6257957427666252,1.0,False
linear_gaussian_002,linear_gaussian,8,3,"[5, 7, 9]",0.05397160332538653,1.0,False
linear_gaussian_002,linear_gaussian,1,4,"[0, 7]",4.9499375698203174e-05,0.002524468160608362,True
linear_gaussian_002,linear_gaussian,2,4,"[0, 7]",0.005939033270502936,0.29101263025464386,False
linear_gaussian_002,linear_gaussian,3,4,"[0, 7]",0.39984210176488433,1.0,False
linear_gaussian_002,linear_gaussian,5,4,"[0, 7]",0.8849072552525118,1.0,False
linear_gaussian_002,linear_gaussian,6,4,"[0, 7]",0.6170985757826715,1.0,False
linear_gaussian_002,linear_gaussian,8,4,"[0, 7]",0.47758184641482593,1.0,False
linear_gaussian_002,linear_gaussian,9,4,"[0, 7]",0.05253998092619916,1.0,False
linear_gaussian_002,linear_gaussian,1,5,"[0, 2, 7]",0.043425239402750004,1.0,False
linear_gaussian_002,linear_gaussian,4,5,"[0, 2, 7]",0.4948610438804826,1.0,False
linear_gaussian_002,linear_gaussian,6,5,"[0, 2, 7]",0.8635250496827522,1.0,False
linear_gaussian_002,linear_gaussian,8,5,"[0, 2, 7]",0.6060138783203718,1.0,False
linear_gaussian_002,linear_gaussian,9,5,"[0, 2, 7]",0.05366880888115544,1.0,False
linear_gaussian_002,linear_gaussian,0,6,[],0.22461768609038457,1.0,False
linear_gaussian_002,linear_gaussian,1,6,[],0.47413197058298484,1.0,False
linear_gaussian_002,linear_gaussian,2,6,[],0.3011827334053989,1.0,False
linear_gaussian_002,linear_gaussian,3,6,[],0.831124207886939,1.0,False
linear_gaussian_002,linear_gaussian,4,6,[],0.9011860960899394,1.0,False
linear_gaussian_002,linear_gaussian,5,6,[],0.4571723911866552,1.0,False
linear_gaussian_002,linear_gaussian,7,6,[],0.9765128934418397,1.0,False
linear_gaussian_002,linear_gaussian,8,6,[],0.13336798616715595,1.0,False
linear_gaussian_002,linear_gaussian,9,6,[],0.7067920297736345,1.0,False
linear_gaussian_002,linear_gaussian,1,7,[0],1.0548862207193643e-05,0.0005590896969812631,True
linear_gaussian_002,linear_gaussian,6,7,[0],0.7181547556477021,1.0,False
linear_gaussian_002,linear_gaussian,9,7,[0],0.07494794742211741,1.0,False
linear_gaussian_002,linear_gaussian,2,8,"[0, 1, 7, 9]",0.11461623702416956,1.0,False
linear_gaussian_002,linear_gaussian,3,8,"[0, 1, 7, 9]",0.35009858819182205,1.0,False
linear_gaussian_002,linear_gaussian,4,8,"[0, 1, 7, 9]",0.2136559192561328,1.0,False
linear_gaussian_002,linear_gaussian,5,8,"[0, 1, 7, 9]",0.14498670380678336,1.0,False
linear_gaussian_002,linear_gaussian,6,8,"[0, 1, 7, 9]",0.712344976007109,1.0,False
linear_gaussian_002,linear_gaussian,0,9,[],0.09261166627122175,1.0,False
linear_gaussian_002,linear_gaussian,1,9,[],0.12049299368916733,1.0,False
linear_gaussian_002,linear_gaussian,2,9,[],0.11743323583558185,1.0,False
linear_gaussian_002,linear_gaussian,4,9,[],0.05228800528541844,1.0,False
linear_gaussian_002,linear_gaussian,5,9,[],0.03708290832517247,1.0,False
linear_gaussian_002,linear_gaussian,6,9,[],0.7067920297736345,1.0,False
linear_gaussian_002,linear_gaussian,7,9,[],0.055294362936878505,1.0,False
linear_gaussian_003,linear_gaussian,1,0,[],0.7232295143990932,1.0,False
linear_gaussian_003,linear_gaussian,2,0,[],0.828203288158414,1.0,False
linear_gaussian_003,linear_gaussian,3,0,[],0.14252450356951807,1.0,False
linear_gaussian_003,linear_gaussian,4,0,[],0.09703822895883385,1.0,False
linear_gaussian_003,linear_gaussian,5,0,[],0.39469427060041584,1.0,False
linear_gaussian_003,linear_gaussian,7,0,[],0.8542541130196227,1.0,False
linear_gaussian_003,linear_gaussian,9,0,[],0.271168426892304,1.0,False
linear_gaussian_003,linear_gaussian,0,1,[],0.7232295143990932,1.0,False
linear_gaussian_003,linear_gaussian,2,1,[],0.6281265036313375,1.0,False
linear_gaussian_003,linear_gaussian,4,1,[],0.8569089858157701,1.0,False
linear_gaussian_003,linear_gaussian,5,1,[],0.3522685962786798,1.0,False
linear_gaussian_003,linear_gaussian,6,1,[],0.9015693045814028,1.0,False
linear_gaussian_003,linear_gaussian,7,1,[],0.44901862892096034,1.0,False
linear_gaussian_003,linear_gaussian,9,1,[],0.18146589789371492,1.0,False
linear_gaussian_003,linear_gaussian,0,2,[],0.828203288158414,1.0,False
linear_gaussian_003,linear_gaussian,1,2,[],0.6281265036313375,1.0,False
linear_gaussian_003,linear_gaussian,4,2,[],1.0,1.0,False
linear_gaussian_003,linear_gaussian,5,2,[],0.5412128765732362,1.0,False
linear_gaussian_003,linear_gaussian,6,2,[],0.7761640780093642,1.0,False
linear_gaussian_003,linear_gaussian,7,2,[],0.49272561436046636,1.0,False
linear_gaussian_003,linear_gaussian,9,2,[],0.06990504221822735,1.0,False
linear_gaussian_003,linear_gaussian,0,3,"[1, 2, 4]",0.5344465135659646,1.0,False
linear_gaussian_003,linear_gaussian,5,3,"[1, 2, 4]",0.3937839950474138,1.0,False
linear_gaussian_003,linear_gaussian,6,3,"[1, 2, 4]",0.6219175629277534,1.0,False
linear_gaussian_003,linear_gaussian,7,3,"[1, 2, 4]",0.5107392448154098,1.0,False
linear_gaussian_003,linear_gaussian,9,3,"[1, 2, 4]",0.7587973721393456,1.0,False
linear_gaussian_003,linear_gaussian,0,4,[],0.09703822895883385,1.0,False
linear_gaussian_003,linear_gaussian,1,4,[],0.8569089858157701,1.0,False
linear_gaussian_003,linear_gaussian,2,4,[],1.0,1.0,False
linear_gaussian_003,linear_gaussian,5,4,[],0.8417233089387125,1.0,False
linear_gaussian_003,linear_gaussian,6,4,[],0.330560113319486,1.0,False
linear_gaussian_003,linear_gaussian,7,4,[],0.19415925516639487,1.0,False
linear_gaussian_003,linear_gaussian,0,5,[],0.39469427060041584,1.0,False
linear_gaussian_003,linear_gaussian,1,5,[],0.3522685962786798,1.0,False
linear_gaussian_003,linear_gaussian,2,5,[],0.5412128765732362,1.0,False
linear_gaussian_003,linear_gaussian,3,5,[],0.699661742484289,1.0,False
linear_gaussian_003,linear_gaussian,4,5,[],0.8417233089387125,1.0,False
linear_gaussian_003,linear_gaussian,7,5,[],0.2676017138739658,1.0,False
linear_gaussian_003,linear_gaussian,9,5,[],0.42098678711806137,1.0,False
linear_gaussian_003,linear_gaussian,1,6,"[0, 5]",0.1872764117294473,1.0,False
linear_gaussian_003,linear_gaussian,2,6,"[0, 5]",0.3038676406807461,1.0,False
linear_gaussian_003,linear_gaussian,3,6,"[0, 5]",0.6531428417061151,1.0,False
linear_gaussian_003,linear_gaussian,4,6,"[0, 5]",0.3578102667795944,1.0,False
linear_gaussian_003,linear_gaussian,7,6,"[0, 5]",0.4453035400577233,1.0,False
linear_gaussian_003,linear_gaussian,9,6,"[0, 5]",1.0,1.0,False
linear_gaussian_003,linear_gaussian,0,7,[],0.8542541130196227,1.0,False
linear_gaussian_003,linear_gaussian,1,7,[],0.44901862892096034,1.0,False
linear_gaussian_003,linear_gaussian,2,7,[],0.49272561436046636,1.0,False
linear_gaussian_003,linear_gaussian,3,7,[],0.07560572014822087,1.0,False
linear_gaussian_003,linear_gaussian,4,7,[],0.19415925516639487,1.0,False
linear_gaussian_003,linear_gaussian,5,7,[],0.2676017138739658,1.0,False
linear_gaussian_003,linear_gaussian,6,7,[],0.8031195264600325,1.0,False
linear_gaussian_003,linear_gaussian,9,7,[],0.4814418580148915,1.0,False
linear_gaussian_003,linear_gaussian,1,8,"[0, 2, 3, 4, 5, 6, 7, 9]",0.4560974417468673,1.0,False
linear_gaussian_003,linear_gaussian,0,9,[4],0.850201603290514,1.0,False
linear_gaussian_003,linear_gaussian,1,9,[4],0.4946220441834651,1.0,False
linear_gaussian_003,linear_gaussian,2,9,[4],0.1940787269986478,1.0,False
linear_gaussian_003,linear_gaussian,3,9,[4],0.5915102142795378,1.0,False
linear_gaussian_003,linear_gaussian,5,9,[4],0.3053152686870545,1.0,False
linear_gaussian_003,linear_gaussian,6,9,[4],1.0,1.0,False
linear_gaussian_003,linear_gaussian,7,9,[4],0.8465049441671649,1.0,False
linear_gaussian_004,linear_gaussian,3,0,"[1, 2, 7]",0.06111911136257542,1.0,False
linear_gaussian_004,linear_gaussian,4,0,"[1, 2, 7]",0.2309403593380276,1.0,False
linear_gaussian_004,linear_gaussian,5,0,"[1, 2, 7]",0.108730196345871,1.0,False
linear_gaussian_004,linear_gaussian,6,0,"[1, 2, 7]",0.6201223958634836,1.0,False
linear_gaussian_004,linear_gaussian,8,0,"[1, 2, 7]",0.19092667085906212,1.0,False
linear_gaussian_004,linear_gaussian,9,0,"[1, 2, 7]",0.6433485214010732,1.0,False
linear_gaussian_004,linear_gaussian,4,1,[6],0.5521458987938239,1.0,False
linear_gaussian_004,linear_gaussian,4,2,"[1, 6, 9]",0.13309575018504416,1.0,False
linear_gaussian_004,linear_gaussian,8,2,"[1, 6, 9]",1.0,1.0,False
linear_gaussian_004,linear_gaussian,0,3,"[4, 5]",0.10293740203267243,1.0,False
linear_gaussian_004,linear_gaussian,1,3,"[4, 5]",0.15052698674364273,1.0,False
linear_gaussian_004,linear_gaussian,2,3,"[4, 5]",0.7759663316210875,1.0,False
linear_gaussian_004,linear_gaussian,6,3,"[4, 5]",0.7297971553566436,1.0,False
linear_gaussian_004,linear_gaussian,7,3,"[4, 5]",0.6079233194021185,1.0,False
linear_gaussian_004,linear_gaussian,8,3,"[4, 5]",0.3568862937969761,1.0,False
linear_gaussian_004,linear_gaussian,9,3,"[4, 5]",0.5322294144291013,1.0,False
linear_gaussian_004,linear_gaussian,1,4,[],0.15538124936767161,1.0,False
linear_gaussian_004,linear_gaussian,6,4,[],0.39991486273050136,1.0,False
linear_gaussian_004,linear_gaussian,0,5,"[1, 2, 4, 6, 9]",0.4230888141585921,1.0,False
linear_gaussian_004,linear_gaussian,7,5,"[1, 2, 4, 6, 9]",0.5048535820091864,1.0,False
linear_gaussian_004,linear_gaussian,8,5,"[1, 2, 4, 6, 9]",0.2593654636501376,1.0,False
linear_gaussian_004,linear_gaussian,4,6,[],0.39991486273050136,1.0,False
linear_gaussian_004,linear_gaussian,3,7,"[1, 2, 9]",0.12042877022318976,1.0,False
linear_gaussian_004,linear_gaussian,4,7,"[1, 2, 9]",0.12911667105552427,1.0,False
linear_gaussian_004,linear_gaussian,5,7,"[1, 2, 9]",0.012064712130921862,0.4102002124513433,False
linear_gaussian_004,linear_gaussian,6,7,"[1, 2, 9]",0.6990301518348889,1.0,False
linear_gaussian_004,linear_gaussian,8,7,"[1, 2, 9]",0.48206712243417305,1.0,False
linear_gaussian_004,linear_gaussian,0,8,"[6, 9]",0.10896019936869528,1.0,False
linear_gaussian_004,linear_gaussian,1,8,"[6, 9]",0.4647577969830389,1.0,False
linear_gaussian_004,linear_gaussian,2,8,"[6, 9]",0.440892209229081,1.0,False
linear_gaussian_004,linear_gaussian,3,8,"[6, 9]",0.7175546277440111,1.0,False
linear_gaussian_004,linear_gaussian,4,8,"[6, 9]",1.0,1.0,False
linear_gaussian_004,linear_gaussian,5,8,"[6, 9]",0.7416967636698267,1.0,False
linear_gaussian_004,linear_gaussian,7,8,"[6, 9]",1.0,1.0,False
linear_gaussian_005,linear_gaussian,1,0,[],0.06594319473343657,1.0,False
linear_gaussian_005,linear_gaussian,2,0,[],0.20443175422258164,1.0,False
linear_gaussian_005,linear_gaussian,3,0,[],0.874970830627377,1.0,False
linear_gaussian_005,linear_gaussian,4,0,[],1.0,1.0,False
linear_gaussian_005,linear_gaussian,5,0,[],0.4090073703866569,1.0,False
linear_gaussian_005,linear_gaussian,6,0,[],0.3991198697012308,1.0,False
linear_gaussian_005,linear_gaussian,7,0,[],0.6430754776817134,1.0,False
linear_gaussian_005,linear_gaussian,8,0,[],0.9547871340744523,1.0,False
linear_gaussian_005,linear_gaussian,9,0,[],0.09569884876005563,1.0,False
linear_gaussian_005,linear_gaussian,0,1,[],0.06594319473343657,1.0,False
linear_gaussian_005,linear_gaussian,3,1,[],0.006106087877011057,0.40910788775974083,False
linear_gaussian_005,linear_gaussian,4,1,[],0.08785946095475772,1.0,False
linear_gaussian_005,linear_gaussian,5,1,[],0.27999021357460885,1.0,False
linear_gaussian_005,linear_gaussian,7,1,[],1.0,1.0,False
linear_gaussian_005,linear_gaussian,8,1,[],0.8892076925997707,1.0,False
linear_gaussian_005,linear_gaussian,9,1,[],1.0,1.0,False
linear_gaussian_005,linear_gaussian,0,2,[1],1.0,1.0,False
linear_gaussian_005,linear_gaussian,3,2,[1],0.4167790075822593,1.0,False
linear_gaussian_005,linear_gaussian,4,2,[1],0.681320449305561,1.0,False
linear_gaussian_005,linear_gaussian,5,2,[1],0.15562569573614127,1.0,False
linear_gaussian_005,linear_gaussian,6,2,[1],0.5182326358821385,1.0,False
linear_gaussian_005,linear_gaussian,7,2,[1],0.4580507875812213,1.0,False
linear_gaussian_005,linear_gaussian,8,2,[1],0.8408182141396843,1.0,False
linear_gaussian_005,linear_gaussian,9,2,[1],0.3970754238082628,1.0,False
linear_gaussian_005,linear_gaussian,0,3,[5],0.5470137562069244,1.0,False
linear_gaussian_005,linear_gaussian,1,3,[5],0.027139530502717668,1.0,False
linear_gaussian_005,linear_gaussian,2,3,[5],0.6347732498431329,1.0,False
linear_gaussian_005,linear_gaussian,7,3,[5],0.15472281520039677,1.0,False
linear_gaussian_005,linear_gaussian,8,3,[5],0.3279818665377203,1.0,False
linear_gaussian_005,linear_gaussian,9,3,[5],0.18624070960713301,1.0,False
linear_gaussian_005,linear_gaussian,0,4,"[3, 9]",0.1655606144836902,1.0,False
linear_gaussian_005,linear_gaussian,1,4,"[3, 9]",0.07187993037498541,1.0,False
linear_gaussian_005,linear_gaussian,2,4,"[3, 9]",0.256129009397457,1.0,False
linear_gaussian_005,linear_gaussian,5,4,"[3, 9]",1.7295690348806403e-06,0.00012279940147652546,True
linear_gaussian_005,linear_gaussian,7,4,"[3, 9]",0.5455363242128977,1.0,False
linear_gaussian_005,linear_gaussian,8,4,"[3, 9]",0.010430198949992864,0.688393130699529,False
linear_gaussian_005,linear_gaussian,0,5,[],0.4090073703866569,1.0,False
linear_gaussian_005,linear_gaussian,1,5,[],0.27999021357460885,1.0,False
linear_gaussian_005,linear_gaussian,2,5,[],0.9765310756684671,1.0,False
linear_gaussian_005,linear_gaussian,7,5,[],0.2222767833305943,1.0,False
linear_gaussian_005,linear_gaussian,9,5,[],0.46326399819123953,1.0,False
linear_gaussian_005,linear_gaussian,0,6,"[1, 3, 4]",0.20517966336988547,1.0,False
linear_gaussian_005,linear_gaussian,2,6,"[1, 3, 4]",0.3797233034496895,1.0,False
linear_gaussian_005,linear_gaussian,5,6,"[1, 3, 4]",4.074901134076825e-06,0.00028524307938537774,True
linear_gaussian_005,linear_gaussian,7,6,"[1, 3, 4]",0.14692325734877987,1.0,False
linear_gaussian_005,linear_gaussian,8,6,"[1, 3, 4]",0.0021662376681803597,0.14730416143626446,False
linear_gaussian_005,linear_gaussian,9,6,"[1, 3, 4]",0.002109597348200487,0.1455622170258336,False
linear_gaussian_005,linear_gaussian,0,7,[],0.6430754776817134,1.0,False
linear_gaussian_005,linear_gaussian,1,7,[],1.0,1.0,False
linear_gaussian_005,linear_gaussian,2,7,[],0.247315668812771,1.0,False
linear_gaussian_005,linear_gaussian,3,7,[],0.7952374933422865,1.0,False
linear_gaussian_005,linear_gaussian,4,7,[],0.15931431002417717,1.0,False
linear_gaussian_005,linear_gaussian,5,7,[],0.2222767833305943,1.0,False
linear_gaussian_005,linear_gaussian,6,7,[],0.17830275012186603,1.0,False
linear_gaussian_005,linear_gaussian,8,7,[],0.22481986678028565,1.0,False
linear_gaussian_005,linear_gaussian,9,7,[],0.3745583456933592,1.0,False
linear_gaussian_005,linear_gaussian,0,8,[5],1.0,1.0,False
linear_gaussian_005,linear_gaussian,1,8,[5],1.0,1.0,False
linear_gaussian_005,linear_gaussian,2,8,[5],0.7078257764974679,1.0,False
linear_gaussian_005,linear_gaussian,3,8,[5],0.3279818665377203,1.0,False
linear_gaussian_005,linear_gaussian,4,8,[5],0.20614006813747254,1.0,False
linear_gaussian_005,linear_gaussian,6,8,[5],0.3032108340563201,1.0,False
linear_gaussian_005,linear_gaussian,7,8,[5],0.03191129586541552,1.0,False
linear_gaussian_005,linear_gaussian,9,8,[5],0.06171948866825949,1.0,False
linear_gaussian_005,linear_gaussian,0,9,[],0.09569884876005563,1.0,False
linear_gaussian_005,linear_gaussian,1,9,[],1.0,1.0,False
linear_gaussian_005,linear_gaussian,2,9,[],0.9424602775587336,1.0,False
linear_gaussian_005,linear_gaussian,3,9,[],0.2313543850551244,1.0,False
linear_gaussian_005,linear_gaussian,5,9,[],0.46326399819123953,1.0,False
linear_gaussian_005,linear_gaussian,7,9,[],0.3745583456933592,1.0,False
linear_gaussian_005,linear_gaussian,8,9,[],0.44292691764207615,1.0,False
linear_gaussian_006,linear_gaussian,1,0,[3],0.8492579152049091,1.0,False
linear_gaussian_006,linear_gaussian,2,0,[3],0.6446819976042995,1.0,False
linear_gaussian_006,linear_gaussian,4,0,[3],0.7661147978789831,1.0,False
linear_gaussian_006,linear_gaussian,5,0,[3],0.7493290590194404,1.0,False
linear_gaussian_006,linear_gaussian,6,0,[3],0.18068034088092755,1.0,False
linear_gaussian_006,linear_gaussian,7,0,[3],0.23004216981595793,1.0,False
linear_gaussian_006,linear_gaussian,8,0,[3],0.4214213716934625,1.0,False
linear_gaussian_006,linear_gaussian,9,0,[3],0.4175917014198285,1.0,False
linear_gaussian_006,linear_gaussian,0,1,[],0.5599986279678165,1.0,False
linear_gaussian_006,linear_gaussian,2,1,[],1.0,1.0,False
linear_gaussian_006,linear_gaussian,3,1,[],0.11660268313744804,1.0,False
linear_gaussian_006,linear_gaussian,4,1,[],0.8782119819807218,1.0,False
linear_gaussian_006,linear_gaussian,5,1,[],0.8418404726659059,1.0,False
linear_gaussian_006,linear_gaussian,6,1,[],0.6455408954187462,1.0,False
linear_gaussian_006,linear_gaussian,7,1,[],0.27039743614842826,1.0,False
linear_gaussian_006,linear_gaussian,8,1,[],0.7595518548868051,1.0,False
linear_gaussian_006,linear_gaussian,9,1,[],0.5492285971800874,1.0,False
linear_gaussian_006,linear_gaussian,0,2,"[3, 5]",1.0,1.0,False
linear_gaussian_006,linear_gaussian,1,2,"[3, 5]",0.6680846794163393,1.0,False
linear_gaussian_006,linear_gaussian,4,2,"[3, 5]",1.4778441157714539e-05,0.0008423711459897287,True
linear_gaussian_006,linear_gaussian,6,2,"[3, 5]",0.619617421521894,1.0,False
linear_gaussian_006,linear_gaussian,7,2,"[3, 5]",0.42098134228558026,1.0,False
linear_gaussian_006,linear_gaussian,8,2,"[3, 5]",0.8714317831513662,1.0,False
linear_gaussian_006,linear_gaussian,1,3,[],0.11660268313744804,1.0,False
linear_gaussian_006,linear_gaussian,0,4,"[3, 7]",0.8530214511303256,1.0,False
linear_gaussian_006,linear_gaussian,1,4,"[3, 7]",0.05809530245273997,1.0,False
linear_gaussian_006,linear_gaussian,2,4,"[3, 7]",0.002334417748068196,0.12839297614375078,False
linear_gaussian_006,linear_gaussian,5,4,"[3, 7]",0.4416521753215973,1.0,False
linear_gaussian_006,linear_gaussian,6,4,"[3, 7]",0.7939671534573,1.0,False
linear_gaussian_006,linear_gaussian,8,4,"[3, 7]",0.6386270396207527,1.0,False
linear_gaussian_006,linear_gaussian,9,4,"[3, 7]",0.10437299687785306,1.0,False
linear_gaussian_006,linear_gaussian,0,5,"[3, 6, 7]",0.8995048910173584,1.0,False
linear_gaussian_006,linear_gaussian,1,5,"[3, 6, 7]",0.43869240042998603,1.0,False
linear_gaussian_006,linear_gaussian,4,5,"[3, 6, 7]",0.7245031204239494,1.0,False
linear_gaussian_006,linear_gaussian,8,5,"[3, 6, 7]",0.11387461585239977,1.0,False
linear_gaussian_006,linear_gaussian,0,6,[7],0.3306516588935854,1.0,False
linear_gaussian_006,linear_gaussian,1,6,[7],0.8066923933179471,1.0,False
linear_gaussian_006,linear_gaussian,3,6,[7],1.0430517396020633e-05,0.0006049700089691967,True
linear_gaussian_006,linear_gaussian,4,6,[7],0.17237402926112444,1.0,False
linear_gaussian_006,linear_gaussian,8,6,[7],0.0018452072173279488,0.10333160417036513,False
linear_gaussian_006,linear_gaussian,0,7,[3],0.23004216981595793,1.0,False
linear_gaussian_006,linear_gaussian,1,7,[3],0.2789221085821544,1.0,False
linear_gaussian_006,linear_gaussian,8,7,[3],0.2763477105940958,1.0,False
linear_gaussian_006,linear_gaussian,0,8,[3],0.4214213716934625,1.0,False
linear_gaussian_006,linear_gaussian,1,8,[3],0.4542081289116018,1.0,False
linear_gaussian_006,linear_gaussian,2,8,[3],0.5581107189819264,1.0,False
linear_gaussian_006,linear_gaussian,4,8,[3],0.39321306019089575,1.0,False
linear_gaussian_006,linear_gaussian,5,8,[3],0.24393550557126753,1.0,False
linear_gaussian_006,linear_gaussian,6,8,[3],0.33707292839606284,1.0,False
linear_gaussian_006,linear_gaussian,7,8,[3],0.2763477105940958,1.0,False
linear_gaussian_006,linear_gaussian,9,8,[3],0.7545295370822065,1.0,False
linear_gaussian_006,linear_gaussian,0,9,"[2, 5]",0.8430594463293333,1.0,False
linear_gaussian_006,linear_gaussian,1,9,"[2, 5]",0.5431380770880453,1.0,False
linear_gaussian_006,linear_gaussian,3,9,"[2, 5]",0.11376907587037166,1.0,False
linear_gaussian_006,linear_gaussian,4,9,"[2, 5]",0.13019665240863787,1.0,False
linear_gaussian_006,linear_gaussian,6,9,"[2, 5]",0.007274780674714876,0.3855633757598884,False
linear_gaussian_006,linear_gaussian,7,9,"[2, 5]",0.005250195105535038,0.28351053569889206,False
linear_gaussian_006,linear_gaussian,8,9,"[2, 5]",0.5449706307507103,1.0,False
linear_gaussian_007,linear_gaussian,1,0,"[6, 8]",0.41424041016164503,1.0,False
linear_gaussian_007,linear_gaussian,2,0,"[6, 8]",0.44503571632738814,1.0,False
linear_gaussian_007,linear_gaussian,3,0,"[6, 8]",0.43254099752868136,1.0,False
linear_gaussian_007,linear_gaussian,4,0,"[6, 8]",0.887086473005244,1.0,False
linear_gaussian_007,linear_gaussian,5,0,"[6, 8]",1.0,1.0,False
linear_gaussian_007,linear_gaussian,7,0,"[6, 8]",0.5001884809304096,1.0,False
linear_gaussian_007,linear_gaussian,9,0,"[6, 8]",0.2977714733542809,1.0,False
linear_gaussian_007,linear_gaussian,2,1,[],0.3963754963460858,1.0,False
linear_gaussian_007,linear_gaussian,4,1,[],0.3489336832879677,1.0,False
linear_gaussian_007,linear_gaussian,5,1,[],1.0,1.0,False
linear_gaussian_007,linear_gaussian,6,1,[],0.5738898152255265,1.0,False
linear_gaussian_007,linear_gaussian,7,1,[],0.23511744721582672,1.0,False
linear_gaussian_007,linear_gaussian,9,1,[],0.07583111797631059,1.0,False
linear_gaussian_007,linear_gaussian,0,2,[],0.9758097888891865,1.0,False
linear_gaussian_007,linear_gaussian,1,2,[],0.3963754963460858,1.0,False
linear_gaussian_007,linear_gaussian,3,2,[],0.29349015129277845,1.0,False
linear_gaussian_007,linear_gaussian,4,2,[],0.5594110975061868,1.0,False
linear_gaussian_007,linear_gaussian,6,2,[],0.32715740741240806,1.0,False
linear_gaussian_007,linear_gaussian,8,2,[],0.27692505708875625,1.0,False
linear_gaussian_007,linear_gaussian,9,2,[],0.4949698821350622,1.0,False
linear_gaussian_007,linear_gaussian,2,3,[1],0.9106766766607143,1.0,False
linear_gaussian_007,linear_gaussian,4,3,[1],0.3060902785336236,1.0,False
linear_gaussian_007,linear_gaussian,5,3,[1],0.7407175577856452,1.0,False
linear_gaussian_007,linear_gaussian,6,3,[1],0.20532403668392674,1.0,False
linear_gaussian_007,linear_gaussian,7,3,[1],0.7859630444082504,1.0,False
linear_gaussian_007,linear_gaussian,9,3,[1],0.9848212417522864,1.0,False
linear_gaussian_007,linear_gaussian,0,4,[],0.2051260856006214,1.0,False
linear_gaussian_007,linear_gaussian,1,4,[],0.3489336832879677,1.0,False
linear_gaussian_007,linear_gaussian,2,4,[],0.5594110975061868,1.0,False
linear_gaussian_007,linear_gaussian,3,4,[],0.8590245125469623,1.0,False
linear_gaussian_007,linear_gaussian,5,4,[],0.8014117818233184,1.0,False
linear_gaussian_007,linear_gaussian,6,4,[],0.5146063397761543,1.0,False
linear_gaussian_007,linear_gaussian,7,4,[],0.22850371172486617,1.0,False
linear_gaussian_007,linear_gaussian,8,4,[],0.5110938259039982,1.0,False
linear_gaussian_007,linear_gaussian,9,4,[],0.3838759582013529,1.0,False
linear_gaussian_007,linear_gaussian,0,5,[7],0.720897739920809,1.0,False
linear_gaussian_007,linear_gaussian,1,5,[7],0.8556053205204741,1.0,False
linear_gaussian_007,linear_gaussian,2,5,[7],0.9151046506934701,1.0,False
linear_gaussian_007,linear_gaussian,3,5,[7],0.331246299527578,1.0,False
linear_gaussian_007,linear_gaussian,4,5,[7],0.8083826359785586,1.0,False
linear_gaussian_007,linear_gaussian,6,5,[7],0.90706990043146,1.0,False
linear_gaussian_007,linear_gaussian,8,5,[7],0.8302095893413236,1.0,False
linear_gaussian_007,linear_gaussian,9,5,[7],0.5203104127427939,1.0,False
linear_gaussian_007,linear_gaussian,1,6,[],0.5738898152255265,1.0,False
linear_gaussian_007,linear_gaussian,2,6,[],0.32715740741240806,1.0,False
linear_gaussian_007,linear_gaussian,3,6,[],0.5370646781161639,1.0,False
linear_gaussian_007,linear_gaussian,4,6,[],0.5146063397761543,1.0,False
linear_gaussian_007,linear_gaussian,5,6,[],0.7819893327771197,1.0,False
linear_gaussian_007,linear_gaussian,7,6,[],0.5230224067040365,1.0,False
linear_gaussian_007,linear_gaussian,9,6,[],0.25100600338827994,1.0,False
linear_gaussian_007,linear_gaussian,0,7,[2],0.8052736757823756,1.0,False
linear_gaussian_007,linear_gaussian,1,7,[2],0.5640856665924994,1.0,False
linear_gaussian_007,linear_gaussian,3,7,[2],0.6279606658366105,1.0,False
linear_gaussian_007,linear_gaussian,4,7,[2],0.1699766567773261,1.0,False
linear_gaussian_007,linear_gaussian,6,7,[2],0.6279884470301207,1.0,False
linear_gaussian_007,linear_gaussian,8,7,[2],0.9834766376936535,1.0,False
linear_gaussian_007,linear_gaussian,9,7,[2],0.4339940819531575,1.0,False
linear_gaussian_007,linear_gaussian,2,8,"[1, 3, 6]",0.6750184567120882,1.0,False
linear_gaussian_007,linear_gaussian,4,8,"[1, 3, 6]",1.0,1.0,False
linear_gaussian_007,linear_gaussian,5,8,"[1, 3, 6]",0.6289433299178984,1.0,False
linear_gaussian_007,linear_gaussian,7,8,"[1, 3, 6]",0.5373033461189706,1.0,False
linear_gaussian_007,linear_gaussian,9,8,"[1, 3, 6]",0.7005789332749823,1.0,False
linear_gaussian_007,linear_gaussian,0,9,[],0.24436790842524947,1.0,False
linear_gaussian_007,linear_gaussian,1,9,[],0.07583111797631059,1.0,False
linear_gaussian_007,linear_gaussian,2,9,[],0.4949698821350622,1.0,False
linear_gaussian_007,linear_gaussian,3,9,[],0.7861254375120357,1.0,False
linear_gaussian_007,linear_gaussian,4,9,[],0.3838759582013529,1.0,False
linear_gaussian_007,linear_gaussian,5,9,[],0.6524933566137331,1.0,False
linear_gaussian_007,linear_gaussian,6,9,[],0.25100600338827994,1.0,False
linear_gaussian_007,linear_gaussian,7,9,[],0.12392955173436859,1.0,False
linear_gaussian_007,linear_gaussian,8,9,[],0.4990650382194406,1.0,False
linear_gaussian_008,linear_gaussian,9,0,"[1, 2, 4, 5, 6, 7, 8]",0.4120361532745477,1.0,False
linear_gaussian_008,linear_gaussian,4,1,[2],0.6622850926977896,1.0,False
linear_gaussian_008,linear_gaussian,5,1,[2],6.412261943644637e-09,2.949640494076533e-07,True
linear_gaussian_008,linear_gaussian,6,1,[2],0.5040123095030346,1.0,False
linear_gaussian_008,linear_gaussian,8,1,[2],0.46049953418643974,1.0,False
linear_gaussian_008,linear_gaussian,9,1,[2],1.0,1.0,False
linear_gaussian_008,linear_gaussian,4,2,[],0.546486934872216,1.0,False
linear_gaussian_008,linear_gaussian,5,2,[],1.0,1.0,False
linear_gaussian_008,linear_gaussian,6,2,[],0.8107461661304421,1.0,False
linear_gaussian_008,linear_gaussian,8,2,[],1.0,1.0,False
linear_gaussian_008,linear_gaussian,9,2,[],0.1446780980636475,1.0,False
linear_gaussian_008,linear_gaussian,1,4,[],0.2617308912899434,1.0,False
linear_gaussian_008,linear_gaussian,2,4,[],0.546486934872216,1.0,False
linear_gaussian_008,linear_gaussian,5,4,[],1.8308683891188338e-07,8.055820912122869e-06,True
linear_gaussian_008,linear_gaussian,7,4,[],0.0971736259861189,1.0,False
linear_gaussian_008,linear_gaussian,8,4,[],0.445742697678862,1.0,False
linear_gaussian_008,linear_gaussian,9,4,[],0.052938191609250396,1.0,False
linear_gaussian_008,linear_gaussian,1,5,[],3.701762374408446e-08,1.6657930684838007e-06,True
linear_gaussian_008,linear_gaussian,2,5,[],1.0,1.0,False
linear_gaussian_008,linear_gaussian,4,5,[],1.8308683891188338e-07,8.055820912122869e-06,True
linear_gaussian_008,linear_gaussian,8,5,[],0.11865237130226303,1.0,False
linear_gaussian_008,linear_gaussian,9,5,[],0.27319122133650786,1.0,False
linear_gaussian_008,linear_gaussian,1,6,"[4, 5]",0.09072300155967294,1.0,False
linear_gaussian_008,linear_gaussian,2,6,"[4, 5]",0.15665622606938556,1.0,False
linear_gaussian_008,linear_gaussian,7,6,"[4, 5]",0.38480162332195156,1.0,False
linear_gaussian_008,linear_gaussian,8,6,"[4, 5]",0.25608064771547245,1.0,False
linear_gaussian_008,linear_gaussian,9,6,"[4, 5]",0.3177831272150252,1.0,False
linear_gaussian_008,linear_gaussian,4,7,"[1, 2, 5]",1.0,1.0,False
linear_gaussian_008,linear_gaussian,6,7,"[1, 2, 5]",0.011705597861295547,0.49163511017441297,False
linear_gaussian_008,linear_gaussian,8,7,"[1, 2, 5]",0.23773061466819734,1.0,False
linear_gaussian_008,linear_gaussian,9,7,"[1, 2, 5]",0.07707670889347595,1.0,False
linear_gaussian_008,linear_gaussian,1,8,[],0.13267673100730148,1.0,False
linear_gaussian_008,linear_gaussian,2,8,[],1.0,1.0,False
linear_gaussian_008,linear_gaussian,4,8,[],0.445742697678862,1.0,False
linear_gaussian_008,linear_gaussian,5,8,[],0.11865237130226303,1.0,False
linear_gaussian_008,linear_gaussian,6,8,[],0.6700319502010688,1.0,False
linear_gaussian_008,linear_gaussian,7,8,[],0.6582624540826059,1.0,False
linear_gaussian_008,linear_gaussian,9,8,[],0.15053899208467614,1.0,False
linear_gaussian_008,linear_gaussian,0,9,[],0.158074116095137,1.0,False
linear_gaussian_008,linear_gaussian,1,9,[],0.7818276121362226,1.0,False
linear_gaussian_008,linear_gaussian,2,9,[],0.1446780980636475,1.0,False
linear_gaussian_008,linear_gaussian,4,9,[],0.052938191609250396,1.0,False
linear_gaussian_008,linear_gaussian,5,9,[],0.27319122133650786,1.0,False
linear_gaussian_008,linear_gaussian,6,9,[],0.013205300855203328,0.5414173350633364,False
linear_gaussian_008,linear_gaussian,7,9,[],0.06592770734729614,1.0,False
linear_gaussian_008,linear_gaussian,8,9,[],0.15053899208467614,1.0,False
linear_gaussian_009,linear_gaussian,1,0,[],0.8642433722859897,1.0,False
linear_gaussian_009,linear_gaussian,2,0,[],0.2403722120339158,1.0,False
linear_gaussian_009,linear_gaussian,4,0,[],0.9318512222851847,1.0,False
linear_gaussian_009,linear_gaussian,5,0,[],1.0,1.0,False
linear_gaussian_009,linear_gaussian,7,0,[],0.43625655969704324,1.0,False
linear_gaussian_009,linear_gaussian,8,0,[],0.3448609998480814,1.0,False
linear_gaussian_009,linear_gaussian,9,0,[],0.8445110002344125,1.0,False
linear_gaussian_009,linear_gaussian,0,1,"[2, 4, 8]",0.17508268619908862,1.0,False
linear_gaussian_009,linear_gaussian,3,1,"[2, 4, 8]",0.23963745366668954,1.0,False
linear_gaussian_009,linear_gaussian,7,1,"[2, 4, 8]",0.46429210314993485,1.0,False
linear_gaussian_009,linear_gaussian,9,1,"[2, 4, 8]",0.8320397086782559,1.0,False
linear_gaussian_009,linear_gaussian,0,2,[8],0.9530418659510635,1.0,False
linear_gaussian_009,linear_gaussian,3,2,[8],0.8296224040737101,1.0,False
linear_gaussian_009,linear_gaussian,4,2,[8],2.0169363768030024e-07,1.0891456434736213e-05,True
linear_gaussian_009,linear_gaussian,7,2,[8],0.20058280579560095,1.0,False
linear_gaussian_009,linear_gaussian,9,2,[8],0.7373211045866075,1.0,False
linear_gaussian_009,linear_gaussian,1,3,"[0, 7]",0.04453828439498786,1.0,False
linear_gaussian_009,linear_gaussian,2,3,"[0, 7]",0.2513487097374919,1.0,False
linear_gaussian_009,linear_gaussian,4,3,"[0, 7]",0.16206729214598647,1.0,False
linear_gaussian_009,linear_gaussian,5,3,"[0, 7]",0.08419809130381051,1.0,False
linear_gaussian_009,linear_gaussian,8,3,"[0, 7]",0.8389127966821736,1.0,False
linear_gaussian_009,linear_gaussian,9,3,"[0, 7]",0.5329767244945448,1.0,False
linear_gaussian_009,linear_gaussian,0,4,[],0.9318512222851847,1.0,False
linear_gaussian_009,linear_gaussian,2,4,[],3.1811007099258326e-05,0.0016859833762606913,True
linear_gaussian_009,linear_gaussian,3,4,[],0.2415090514613032,1.0,False
linear_gaussian_009,linear_gaussian,7,4,[],0.26130520712664274,1.0,False
linear_gaussian_009,linear_gaussian,8,4,[],0.14853679953860388,1.0,False
linear_gaussian_009,linear_gaussian,9,4,[],0.2826141552879684,1.0,False
linear_gaussian_009,linear_gaussian,0,5,"[1, 2, 4, 8]",0.0015177423853099947,0.07892260403611973,False
linear_gaussian_009,linear_gaussian,3,5,"[1, 2, 4, 8]",0.3610627193033873,1.0,False
linear_gaussian_009,linear_gaussian,7,5,"[1, 2, 4, 8]",0.5957759053620064,1.0,False
linear_gaussian_009,linear_gaussian,9,5,"[1, 2, 4, 8]",0.05800017943461344,1.0,False
linear_gaussian_009,linear_gaussian,9,6,"[0, 1, 2, 3, 4, 5, 7, 8]",0.013345656978973386,0.6806285059276427,False
linear_gaussian_009,linear_gaussian,0,7,[],0.43625655969704324,1.0,False
linear_gaussian_009,linear_gaussian,1,7,[],0.5579507848110898,1.0,False
linear_gaussian_009,linear_gaussian,2,7,[],0.8434781380040566,1.0,False
linear_gaussian_009,linear_gaussian,4,7,[],0.26130520712664274,1.0,False
linear_gaussian_009,linear_gaussian,5,7,[],0.022901534064757256,1.0,False
linear_gaussian_009,linear_gaussian,8,7,[],0.4845321945990574,1.0,False
linear_gaussian_009,linear_gaussian,9,7,[],1.0,1.0,False
linear_gaussian_009,linear_gaussian,0,8,[],0.3448609998480814,1.0,False
linear_gaussian_009,linear_gaussian,3,8,[],0.08412334223879259,1.0,False
linear_gaussian_009,linear_gaussian,4,8,[],0.14853679953860388,1.0,False
linear_gaussian_009,linear_gaussian,7,8,[],0.4845321945990574,1.0,False
linear_gaussian_009,linear_gaussian,9,8,[],0.1468382068862596,1.0,False
linear_gaussian_009,linear_gaussian,0,9,[],0.8445110002344125,1.0,False
linear_gaussian_009,linear_gaussian,1,9,[],0.08356115528680841,1.0,False
linear_gaussian_009,linear_gaussian,2,9,[],0.41710545303613,1.0,False
linear_gaussian_009,linear_gaussian,3,9,[],0.2938212325862899,1.0,False
linear_gaussian_009,linear_gaussian,4,9,[],0.2826141552879684,1.0,False
linear_gaussian_009,linear_gaussian,5,9,[],0.6592546807205398,1.0,False
linear_gaussian_009,linear_gaussian,6,9,[],0.2241279095405816,1.0,False
linear_gaussian_009,linear_gaussian,7,9,[],1.0,1.0,False
linear_gaussian_009,linear_gaussian,8,9,[],0.1468382068862596,1.0,False
linear_gaussian_010,linear_gaussian,2,0,[],0.29062902684656,1.0,False
linear_gaussian_010,linear_gaussian,4,0,[],0.9003043661320367,1.0,False
linear_gaussian_010,linear_gaussian,8,0,[],0.3502959153855886,1.0,False
linear_gaussian_010,linear_gaussian,9,0,[],0.6551208105001955,1.0,False
linear_gaussian_010,linear_gaussian,2,1,[0],0.4562234696476951,1.0,False
linear_gaussian_010,linear_gaussian,4,1,[0],2.032294221798736e-09,1.300668301951191e-07,True
linear_gaussian_010,linear_gaussian,8,1,[0],0.09457772564876521,1.0,False
linear_gaussian_010,linear_gaussian,9,1,[0],0.40674804240577134,1.0,False
linear_gaussian_010,linear_gaussian,0,2,[],0.29062902684656,1.0,False
linear_gaussian_010,linear_gaussian,1,2,[],0.5397365254434724,1.0,False
linear_gaussian_010,linear_gaussian,3,2,[],0.9872589809748535,1.0,False
linear_gaussian_010,linear_gaussian,4,2,[],0.15889693322247012,1.0,False
linear_gaussian_010,linear_gaussian,5,2,[],0.2387764933935067,1.0,False
linear_gaussian_010,linear_gaussian,6,2,[],0.2779335583314738,1.0,False
linear_gaussian_010,linear_gaussian,7,2,[],1.0,1.0,False
linear_gaussian_010,linear_gaussian,8,2,[],0.17807722929471104,1.0,False
linear_gaussian_010,linear_gaussian,9,2,[],0.6067553370513661,1.0,False
linear_gaussian_010,linear_gaussian,0,3,[1],0.22861075570887812,1.0,False
linear_gaussian_010,linear_gaussian,2,3,[1],0.3807077030443625,1.0,False
linear_gaussian_010,linear_gaussian,4,3,[1],0.24072879019166216,1.0,False
linear_gaussian_010,linear_gaussian,5,3,[1],0.23744231986216913,1.0,False
linear_gaussian_010,linear_gaussian,6,3,[1],0.001044379172263632,0.06370712950808155,False
linear_gaussian_010,linear_gaussian,8,3,[1],0.945830513348616,1.0,False
linear_gaussian_010,linear_gaussian,9,3,[1],0.4025257646062149,1.0,False
linear_gaussian_010,linear_gaussian,0,4,[],0.9003043661320367,1.0,False
linear_gaussian_010,linear_gaussian,1,4,[],9.71223101942087e-13,6.312950162623565e-11,True
linear_gaussian_010,linear_gaussian,2,4,[],0.15889693322247012,1.0,False
linear_gaussian_010,linear_gaussian,3,4,[],1.0,1.0,False
linear_gaussian_010,linear_gaussian,5,4,[],0.6607848341612063,1.0,False
linear_gaussian_010,linear_gaussian,6,4,[],3.383696656200641e-09,2.1317288934064038e-07,True
linear_gaussian_010,linear_gaussian,8,4,[],0.06759604310042044,1.0,False
linear_gaussian_010,linear_gaussian,9,4,[],0.49991140023642044,1.0,False
linear_gaussian_010,linear_gaussian,2,5,"[0, 1]",0.20999900212218603,1.0,False
linear_gaussian_010,linear_gaussian,3,5,"[0, 1]",0.6010658572274323,1.0,False
linear_gaussian_010,linear_gaussian,4,5,"[0, 1]",0.6243114543189991,1.0,False
linear_gaussian_010,linear_gaussian,6,5,"[0, 1]",0.713232630138615,1.0,False
linear_gaussian_010,linear_gaussian,8,5,"[0, 1]",0.4539831183127908,1.0,False
linear_gaussian_010,linear_gaussian,9,5,"[0, 1]",0.09711820244684244,1.0,False
linear_gaussian_010,linear_gaussian,2,6,"[0, 1]",0.4498810782591435,1.0,False
linear_gaussian_010,linear_gaussian,3,6,"[0, 1]",1.3211714218419601e-05,0.0008191262815420153,True
linear_gaussian_010,linear_gaussian,4,6,"[0, 1]",0.3263999610478814,1.0,False
linear_gaussian_010,linear_gaussian,5,6,"[0, 1]",0.713232630138615,1.0,False
linear_gaussian_010,linear_gaussian,7,6,"[0, 1]",0.0,0.0,True
linear_gaussian_010,linear_gaussian,8,6,"[0, 1]",0.052681754299561456,1.0,False
linear_gaussian_010,linear_gaussian,9,6,"[0, 1]",0.08144359153511749,1.0,False
linear_gaussian_010,linear_gaussian,2,7,"[0, 1, 3, 4, 5]",0.7386355104263468,1.0,False
linear_gaussian_010,linear_gaussian,6,7,"[0, 1, 3, 4, 5]",4.318767565791859e-14,2.850386593422627e-12,True
linear_gaussian_010,linear_gaussian,8,7,"[0, 1, 3, 4, 5]",0.42521776583616255,1.0,False
linear_gaussian_010,linear_gaussian,9,7,"[0, 1, 3, 4, 5]",0.20401741658330252,1.0,False
linear_gaussian_010,linear_gaussian,0,8,[],0.3502959153855886,1.0,False
linear_gaussian_010,linear_gaussian,1,8,[],0.27179296302123523,1.0,False
linear_gaussian_010,linear_gaussian,2,8,[],0.17807722929471104,1.0,False
linear_gaussian_010,linear_gaussian,3,8,[],0.851413768935028,1.0,False
linear_gaussian_010,linear_gaussian,4,8,[],0.06759604310042044,1.0,False
linear_gaussian_010,linear_gaussian,5,8,[],0.057385107231440635,1.0,False
linear_gaussian_010,linear_gaussian,6,8,[],0.499114536296718,1.0,False
linear_gaussian_010,linear_gaussian,7,8,[],0.0730750552513515,1.0,False
linear_gaussian_010,linear_gaussian,9,8,[],0.9846474987260293,1.0,False
linear_gaussian_010,linear_gaussian,0,9,[],0.6551208105001955,1.0,False
linear_gaussian_010,linear_gaussian,1,9,[],0.23728123722431993,1.0,False
linear_gaussian_010,linear_gaussian,2,9,[],0.6067553370513661,1.0,False
linear_gaussian_010,linear_gaussian,3,9,[],0.4784459460990741,1.0,False
linear_gaussian_010,linear_gaussian,4,9,[],0.49991140023642044,1.0,False
linear_gaussian_010,linear_gaussian,5,9,[],0.2891239569150279,1.0,False
linear_gaussian_010,linear_gaussian,6,9,[],0.10445080777106863,1.0,False
linear_gaussian_010,linear_gaussian,7,9,[],0.5107532565677158,1.0,False
linear_gaussian_010,linear_gaussian,8,9,[],0.9846474987260293,1.0,False
linear_gaussian_011,linear_gaussian,2,0,"[1, 4, 5]",0.7174559737418162,1.0,False
linear_gaussian_011,linear_gaussian,3,0,"[1, 4, 5]",0.5196642890057541,1.0,False
linear_gaussian_011,linear_gaussian,6,0,"[1, 4, 5]",0.1220925253564632,1.0,False
linear_gaussian_011,linear_gaussian,7,0,"[1, 4, 5]",0.021151792301747574,1.0,False
linear_gaussian_011,linear_gaussian,8,0,"[1, 4, 5]",8.2754285827491e-05,0.005130765721304442,True
linear_gaussian_011,linear_gaussian,9,0,"[1, 4, 5]",0.7976133624413078,1.0,False
linear_gaussian_011,linear_gaussian,2,1,[],0.19986011392652914,1.0,False
linear_gaussian_011,linear_gaussian,3,1,[],0.5269890604692142,1.0,False
linear_gaussian_011,linear_gaussian,4,1,[],0.5212116396249165,1.0,False
linear_gaussian_011,linear_gaussian,7,1,[],0.3747828309924681,1.0,False
linear_gaussian_011,linear_gaussian,9,1,[],0.42155633987629904,1.0,False
linear_gaussian_011,linear_gaussian,0,2,[9],0.2304836313060339,1.0,False
linear_gaussian_011,linear_gaussian,1,2,[9],0.18371343731256806,1.0,False
linear_gaussian_011,linear_gaussian,3,2,[9],0.3830747647660112,1.0,False
linear_gaussian_011,linear_gaussian,4,2,[9],0.389078905030828,1.0,False
linear_gaussian_011,linear_gaussian,5,2,[9],0.16697501385501268,1.0,False
linear_gaussian_011,linear_gaussian,6,2,[9],1.0,1.0,False
linear_gaussian_011,linear_gaussian,7,2,[9],1.0,1.0,False
linear_gaussian_011,linear_gaussian,8,2,[9],0.9750173657414647,1.0,False
linear_gaussian_011,linear_gaussian,0,3,[4],0.34990950896911377,1.0,False
linear_gaussian_011,linear_gaussian,1,3,[4],0.37009559237359047,1.0,False
linear_gaussian_011,linear_gaussian,2,3,[4],0.5172479138774055,1.0,False
linear_gaussian_011,linear_gaussian,5,3,[4],0.3347193787692907,1.0,False
linear_gaussian_011,linear_gaussian,6,3,[4],0.12739405553996974,1.0,False
linear_gaussian_011,linear_gaussian,7,3,[4],0.34628305807961623,1.0,False
linear_gaussian_011,linear_gaussian,8,3,[4],0.723047811518192,1.0,False
linear_gaussian_011,linear_gaussian,9,3,[4],0.42794656092105066,1.0,False
linear_gaussian_011,linear_gaussian,1,4,[],0.5212116396249165,1.0,False
linear_gaussian_011,linear_gaussian,2,4,[],0.14139810030364586,1.0,False
linear_gaussian_011,linear_gaussian,7,4,[],0.2413614710629306,1.0,False
linear_gaussian_011,linear_gaussian,9,4,[],0.3172505584639207,1.0,False
linear_gaussian_011,linear_gaussian,2,5,"[1, 4]",0.4422784578127664,1.0,False
linear_gaussian_011,linear_gaussian,3,5,"[1, 4]",0.42006131785671796,1.0,False
linear_gaussian_011,linear_gaussian,7,5,"[1, 4]",0.4098774229977883,1.0,False
linear_gaussian_011,linear_gaussian,9,5,"[1, 4]",0.30361844051475195,1.0,False
linear_gaussian_011,linear_gaussian,0,6,"[4, 7, 8]",0.6439663628257813,1.0,False
linear_gaussian_011,linear_gaussian,1,6,"[4, 7, 8]",1.0,1.0,False
linear_gaussian_011,linear_gaussian,2,6,"[4, 7, 8]",0.6306845370504857,1.0,False
linear_gaussian_011,linear_gaussian,3,6,"[4, 7, 8]",0.16910114885251037,1.0,False
linear_gaussian_011,linear_gaussian,5,6,"[4, 7, 8]",1.0,1.0,False
linear_gaussian_011,linear_gaussian,9,6,"[4, 7, 8]",0.20501962896536874,1.0,False
linear_gaussian_011,linear_gaussian,0,7,[],0.10349409732401593,1.0,False
linear_gaussian_011,linear_gaussian,1,7,[],0.3747828309924681,1.0,False
linear_gaussian_011,linear_gaussian,2,7,[],0.5771690840133774,1.0,False
linear_gaussian_011,linear_gaussian,3,7,[],1.0,1.0,False
linear_gaussian_011,linear_gaussian,4,7,[],0.2413614710629306,1.0,False
linear_gaussian_011,linear_gaussian,5,7,[],0.007309347188833026,0.4385608313299816,False
linear_gaussian_011,linear_gaussian,8,7,[],0.3003441838697265,1.0,False
linear_gaussian_011,linear_gaussian,9,7,[],0.3303413648241337,1.0,False
linear_gaussian_011,linear_gaussian,0,8,"[1, 4, 5]",8.2754285827491e-05,0.005130765721304442,True
linear_gaussian_011,linear_gaussian,2,8,"[1, 4, 5]",0.18340201731673478,1.0,False
linear_gaussian_011,linear_gaussian,3,8,"[1, 4, 5]",0.5400243295771161,1.0,False
linear_gaussian_011,linear_gaussian,7,8,"[1, 4, 5]",0.6825685161683464,1.0,False
linear_gaussian_011,linear_gaussian,9,8,"[1, 4, 5]",0.3423192634114699,1.0,False
linear_gaussian_011,linear_gaussian,0,9,[],0.5210577313873825,1.0,False
linear_gaussian_011,linear_gaussian,1,9,[],0.42155633987629904,1.0,False
linear_gaussian_011,linear_gaussian,3,9,[],0.9883171738973746,1.0,False
linear_gaussian_011,linear_gaussian,4,9,[],0.3172505584639207,1.0,False
linear_gaussian_011,linear_gaussian,5,9,[],0.7790084807751665,1.0,False
linear_gaussian_011,linear_gaussian,6,9,[],0.22046277930939995,1.0,False
linear_gaussian_011,linear_gaussian,7,9,[],0.3303413648241337,1.0,False
linear_gaussian_011,linear_gaussian,8,9,[],0.2327776145675371,1.0,False
linear_gaussian_012,linear_gaussian,1,0,"[2, 7]",0.65859592968984,1.0,False
linear_gaussian_012,linear_gaussian,3,0,"[2, 7]",0.7844515569207184,1.0,False
linear_gaussian_012,linear_gaussian,5,0,"[2, 7]",0.4595870542843463,1.0,False
linear_gaussian_012,linear_gaussian,6,0,"[2, 7]",0.48803121630459934,1.0,False
linear_gaussian_012,linear_gaussian,8,0,"[2, 7]",0.7428658856242657,1.0,False
linear_gaussian_012,linear_gaussian,0,1,"[3, 5, 8]",0.6362468702535591,1.0,False
linear_gaussian_012,linear_gaussian,2,1,"[3, 5, 8]",0.5168226874753343,1.0,False
linear_gaussian_012,linear_gaussian,6,1,"[3, 5, 8]",0.5123109768830644,1.0,False
linear_gaussian_012,linear_gaussian,7,1,"[3, 5, 8]",0.9375505067146054,1.0,False
linear_gaussian_012,linear_gaussian,9,1,"[3, 5, 8]",0.8455490244963233,1.0,False
linear_gaussian_012,linear_gaussian,1,2,[],0.6684470992318866,1.0,False
linear_gaussian_012,linear_gaussian,3,2,[],0.23043227460751048,1.0,False
linear_gaussian_012,linear_gaussian,5,2,[],1.0,1.0,False
linear_gaussian_012,linear_gaussian,6,2,[],0.06084500015476668,1.0,False
linear_gaussian_012,linear_gaussian,7,2,[],0.520357094061634,1.0,False
linear_gaussian_012,linear_gaussian,8,2,[],0.4482026513143451,1.0,False
linear_gaussian_012,linear_gaussian,0,3,[8],0.4538396701632714,1.0,False
linear_gaussian_012,linear_gaussian,2,3,[8],0.26298000492426765,1.0,False
linear_gaussian_012,linear_gaussian,6,3,[8],0.5063628497948367,1.0,False
linear_gaussian_012,linear_gaussian,7,3,[8],0.4755970390387624,1.0,False
linear_gaussian_012,linear_gaussian,6,4,"[0, 1, 2, 3, 5, 8, 9]",0.49183122679865754,1.0,False
linear_gaussian_012,linear_gaussian,7,4,"[0, 1, 2, 3, 5, 8, 9]",0.5082914664359675,1.0,False
linear_gaussian_012,linear_gaussian,0,5,"[3, 8]",0.3085312569620393,1.0,False
linear_gaussian_012,linear_gaussian,2,5,"[3, 8]",0.7215898658997806,1.0,False
linear_gaussian_012,linear_gaussian,6,5,"[3, 8]",0.505963911488772,1.0,False
linear_gaussian_012,linear_gaussian,7,5,"[3, 8]",0.29847756938766845,1.0,False
linear_gaussian_012,linear_gaussian,0,6,[],0.04377453337888304,1.0,False
linear_gaussian_012,linear_gaussian,1,6,[],0.7504198962171955,1.0,False
linear_gaussian_012,linear_gaussian,2,6,[],0.06084500015476668,1.0,False
linear_gaussian_012,linear_gaussian,3,6,[],1.0,1.0,False
linear_gaussian_012,linear_gaussian,4,6,[],0.5095987919809497,1.0,False
linear_gaussian_012,linear_gaussian,5,6,[],0.4366319987066176,1.0,False
linear_gaussian_012,linear_gaussian,7,6,[],0.46760695807338304,1.0,False
linear_gaussian_012,linear_gaussian,8,6,[],0.762264717829142,1.0,False
linear_gaussian_012,linear_gaussian,9,6,[],0.5794378437057683,1.0,False
linear_gaussian_012,linear_gaussian,1,7,[],0.014327950746017226,0.7163975373008613,False
linear_gaussian_012,linear_gaussian,2,7,[],0.520357094061634,1.0,False
linear_gaussian_012,linear_gaussian,3,7,[],0.7854339961332026,1.0,False
linear_gaussian_012,linear_gaussian,5,7,[],0.31563825837976034,1.0,False
linear_gaussian_012,linear_gaussian,6,7,[],0.46760695807338304,1.0,False
linear_gaussian_012,linear_gaussian,8,7,[],0.026185106051514917,1.0,False
linear_gaussian_012,linear_gaussian,0,8,[],0.6100197230103208,1.0,False
linear_gaussian_012,linear_gaussian,2,8,[],0.4482026513143451,1.0,False
linear_gaussian_012,linear_gaussian,6,8,[],0.762264717829142,1.0,False
linear_gaussian_012,linear_gaussian,7,8,[],0.026185106051514917,1.0,False
linear_gaussian_012,linear_gaussian,1,9,"[0, 5, 8]",0.571900895374173,1.0,False
linear_gaussian_012,linear_gaussian,2,9,"[0, 5, 8]",0.3546493081690085,1.0,False
linear_gaussian_012,linear_gaussian,3,9,"[0, 5, 8]",0.5326659603974665,1.0,False
linear_gaussian_012,linear_gaussian,6,9,"[0, 5, 8]",0.6448889175755712,1.0,False
linear_gaussian_012,linear_gaussian,7,9,"[0, 5, 8]",0.9308020090389726,1.0,False
linear_gaussian_013,linear_gaussian,2,0,"[1, 7, 8]",0.24793849407421664,1.0,False
linear_gaussian_013,linear_gaussian,3,0,"[1, 7, 8]",0.33157305574008833,1.0,False
linear_gaussian_013,linear_gaussian,4,0,"[1, 7, 8]",4.484703570839521e-05,0.002107810678294575,True
linear_gaussian_013,linear_gaussian,5,0,"[1, 7, 8]",3.1616701829939586e-06,0.00015492183896670397,True
linear_gaussian_013,linear_gaussian,6,0,"[1, 7, 8]",0.9713312456289194,1.0,False
linear_gaussian_013,linear_gaussian,9,0,"[1, 7, 8]",0.5397062452699206,1.0,False
linear_gaussian_013,linear_gaussian,3,1,[8],0.0007210195596821789,0.03172486062601587,True
linear_gaussian_013,linear_gaussian,9,1,[8],0.6211262168789032,1.0,False
linear_gaussian_013,linear_gaussian,0,2,"[3, 7]",0.4418616633389162,1.0,False
linear_gaussian_013,linear_gaussian,1,2,"[3, 7]",0.23983728881308264,1.0,False
linear_gaussian_013,linear_gaussian,4,2,"[3, 7]",1.0,1.0,False
linear_gaussian_013,linear_gaussian,5,2,"[3, 7]",0.0016949676173649841,0.07118863992932933,False
linear_gaussian_013,linear_gaussian,8,2,"[3, 7]",0.008695324932022741,0.34781299728090964,False
linear_gaussian_013,linear_gaussian,9,2,"[3, 7]",0.19992596708704202,1.0,False
linear_gaussian_013,linear_gaussian,0,3,[8],1.0,1.0,False
linear_gaussian_013,linear_gaussian,1,3,[8],0.0007210195596821789,0.03172486062601587,True
linear_gaussian_013,linear_gaussian,4,3,[8],3.307243368055879e-12,1.6536216840279394e-10,True
linear_gaussian_013,linear_gaussian,5,3,[8],0.013667375950432437,0.533027662066865,False
linear_gaussian_013,linear_gaussian,7,3,[8],0.5900803262189052,1.0,False
linear_gaussian_013,linear_gaussian,9,3,[8],0.06153949643824719,1.0,False
linear_gaussian_013,linear_gaussian,0,4,"[1, 7, 8]",4.484703570839521e-05,0.002107810678294575,True
linear_gaussian_013,linear_gaussian,2,4,"[1, 7, 8]",0.5460977622009855,1.0,False
linear_gaussian_013,linear_gaussian,3,4,"[1, 7, 8]",1.888789252835199e-05,0.0009066188413608955,True
linear_gaussian_013,linear_gaussian,5,4,"[1, 7, 8]",0.5831264886425378,1.0,False
linear_gaussian_013,linear_gaussian,6,4,"[1, 7, 8]",0.0036486464056871837,0.14959450263317453,False
linear_gaussian_013,linear_gaussian,9,4,"[1, 7, 8]",0.2645161772279774,1.0,False
linear_gaussian_013,linear_gaussian,0,5,"[1, 8]",0.00023912622749511225,0.010760680237280051,True
linear_gaussian_013,linear_gaussian,2,5,"[1, 8]",1.0,1.0,False
linear_gaussian_013,linear_gaussian,3,5,"[1, 8]",0.2585615315633436,1.0,False
linear_gaussian_013,linear_gaussian,4,5,"[1, 8]",0.1320526184923686,1.0,False
linear_gaussian_013,linear_gaussian,6,5,"[1, 8]",0.6251020160328756,1.0,False
linear_gaussian_013,linear_gaussian,7,5,"[1, 8]",0.36068119961989553,1.0,False
linear_gaussian_013,linear_gaussian,9,5,"[1, 8]",0.7659201203419993,1.0,False
linear_gaussian_013,linear_gaussian,0,6,"[2, 3, 8]",0.28045547997228804,1.0,False
linear_gaussian_013,linear_gaussian,1,6,"[2, 3, 8]",0.39016712758536565,1.0,False
linear_gaussian_013,linear_gaussian,4,6,"[2, 3, 8]",0.4390419015423235,1.0,False
linear_gaussian_013,linear_gaussian,5,6,"[2, 3, 8]",0.16810072378544483,1.0,False
linear_gaussian_013,linear_gaussian,7,6,"[2, 3, 8]",0.3857856907351035,1.0,False
linear_gaussian_013,linear_gaussian,9,6,"[2, 3, 8]",0.16977408121772786,1.0,False
linear_gaussian_013,linear_gaussian,3,7,"[1, 8]",0.5476031573185811,1.0,False
linear_gaussian_013,linear_gaussian,5,7,"[1, 8]",0.36068119961989553,1.0,False
linear_gaussian_013,linear_gaussian,9,7,"[1, 8]",0.21869776247595762,1.0,False
linear_gaussian_013,linear_gaussian,0,9,[8],0.5716796111455869,1.0,False
linear_gaussian_013,linear_gaussian,1,9,[8],0.6211262168789032,1.0,False
linear_gaussian_013,linear_gaussian,2,9,[8],0.8125018967806295,1.0,False
linear_gaussian_013,linear_gaussian,3,9,[8],0.06153949643824719,1.0,False
linear_gaussian_013,linear_gaussian,4,9,[8],0.8276792279407627,1.0,False
linear_gaussian_013,linear_gaussian,5,9,[8],1.0,1.0,False
linear_gaussian_013,linear_gaussian,6,9,[8],0.5304524258660412,1.0,False
linear_gaussian_013,linear_gaussian,7,9,[8],0.4775252194314409,1.0,False
linear_gaussian_014,linear_gaussian,4,0,"[2, 3, 8, 9]",0.6344495319878829,1.0,False
linear_gaussian_014,linear_gaussian,2,1,"[0, 3]",0.8349468273600414,1.0,False
linear_gaussian_014,linear_gaussian,4,1,"[0, 3]",0.6159208052408245,1.0,False
linear_gaussian_014,linear_gaussian,5,1,"[0, 3]",0.07174149441062783,1.0,False
linear_gaussian_014,linear_gaussian,8,1,"[0, 3]",0.5482850530270033,1.0,False
linear_gaussian_014,linear_gaussian,9,1,"[0, 3]",0.8430634551525109,1.0,False
linear_gaussian_014,linear_gaussian,3,2,[],1.1102230246251565e-16,4.440892098500626e-15,True
linear_gaussian_014,linear_gaussian,4,2,[],0.4672005692534277,1.0,False
linear_gaussian_014,linear_gaussian,8,2,[],1.0,1.0,False
linear_gaussian_014,linear_gaussian,9,2,[],0.6144386286408452,1.0,False
linear_gaussian_014,linear_gaussian,2,3,[],1.1102230246251565e-16,4.440892098500626e-15,True
linear_gaussian_014,linear_gaussian,4,3,[],0.28678513284319673,1.0,False
linear_gaussian_014,linear_gaussian,8,3,[],0.9432715892018055,1.0,False
linear_gaussian_014,linear_gaussian,9,3,[],0.5906993791716753,1.0,False
linear_gaussian_014,linear_gaussian,0,4,[],0.36332558279066063,1.0,False
linear_gaussian_014,linear_gaussian,1,4,[],1.0,1.0,False
linear_gaussian_014,linear_gaussian,2,4,[],0.4672005692534277,1.0,False
linear_gaussian_014,linear_gaussian,3,4,[],0.28678513284319673,1.0,False
linear_gaussian_014,linear_gaussian,5,4,[],0.3384811087333317,1.0,False
linear_gaussian_014,linear_gaussian,7,4,[],1.0,1.0,False
linear_gaussian_014,linear_gaussian,8,4,[],0.9124312543744717,1.0,False
linear_gaussian_014,linear_gaussian,9,4,[],0.7341919321676387,1.0,False
linear_gaussian_014,linear_gaussian,1,5,"[0, 3]",0.07174149441062783,1.0,False
linear_gaussian_014,linear_gaussian,2,5,"[0, 3]",0.18402736237581774,1.0,False
linear_gaussian_014,linear_gaussian,4,5,"[0, 3]",0.4154892149506819,1.0,False
linear_gaussian_014,linear_gaussian,7,5,"[0, 3]",0.5930787032977266,1.0,False
linear_gaussian_014,linear_gaussian,8,5,"[0, 3]",0.06502769610272308,1.0,False
linear_gaussian_014,linear_gaussian,9,5,"[0, 3]",0.8438771045617393,1.0,False
linear_gaussian_014,linear_gaussian,4,7,"[0, 1, 2, 3]",0.6729589730744443,1.0,False
linear_gaussian_014,linear_gaussian,5,7,"[0, 1, 2, 3]",0.3682856331247347,1.0,False
linear_gaussian_014,linear_gaussian,8,7,"[0, 1, 2, 3]",0.06859222377689644,1.0,False
linear_gaussian_014,linear_gaussian,9,7,"[0, 1, 2, 3]",0.6181280451151359,1.0,False
linear_gaussian_014,linear_gaussian,2,8,[],1.0,1.0,False
linear_gaussian_014,linear_gaussian,3,8,[],0.9432715892018055,1.0,False
linear_gaussian_014,linear_gaussian,4,8,[],0.9124312543744717,1.0,False
linear_gaussian_014,linear_gaussian,9,8,[],0.3547686546372002,1.0,False
linear_gaussian_014,linear_gaussian,2,9,[],0.6144386286408452,1.0,False
linear_gaussian_014,linear_gaussian,3,9,[],0.5906993791716753,1.0,False
linear_gaussian_014,linear_gaussian,4,9,[],0.7341919321676387,1.0,False
linear_gaussian_014,linear_gaussian,8,9,[],0.3547686546372002,1.0,False
linear_gaussian_015,linear_gaussian,1,0,[5],0.4114117271171267,1.0,False
linear_gaussian_015,linear_gaussian,2,0,[5],0.1370362001755605,1.0,False
linear_gaussian_015,linear_gaussian,3,0,[5],0.6247106068706536,1.0,False
linear_gaussian_015,linear_gaussian,4,0,[5],0.6594497211075587,1.0,False
linear_gaussian_015,linear_gaussian,6,0,[5],0.5741172536038344,1.0,False
linear_gaussian_015,linear_gaussian,7,0,[5],0.2470835766185001,1.0,False
linear_gaussian_015,linear_gaussian,8,0,[5],0.3812283782909027,1.0,False
linear_gaussian_015,linear_gaussian,9,0,[5],0.061345549644004405,1.0,False
linear_gaussian_015,linear_gaussian,0,1,"[3, 4, 6, 9]",0.9116597388849381,1.0,False
linear_gaussian_015,linear_gaussian,2,1,"[3, 4, 6, 9]",0.5053082414536483,1.0,False
linear_gaussian_015,linear_gaussian,5,1,"[3, 4, 6, 9]",0.06818009451924234,1.0,False
linear_gaussian_015,linear_gaussian,7,1,"[3, 4, 6, 9]",0.4864795715783372,1.0,False
linear_gaussian_015,linear_gaussian,8,1,"[3, 4, 6, 9]",0.6115448205995893,1.0,False
linear_gaussian_015,linear_gaussian,0,2,[9],0.6979685988152181,1.0,False
linear_gaussian_015,linear_gaussian,1,2,[9],0.20471441760274078,1.0,False
linear_gaussian_015,linear_gaussian,3,2,[9],0.020926893038122896,1.0,False
linear_gaussian_015,linear_gaussian,4,2,[9],0.47644197042360625,1.0,False
linear_gaussian_015,linear_gaussian,5,2,[9],0.9036885354897527,1.0,False
linear_gaussian_015,linear_gaussian,6,2,[9],1.9969725095769775e-08,1.2181532308419563e-06,True
linear_gaussian_015,linear_gaussian,8,2,[9],0.26261862748286025,1.0,False
linear_gaussian_015,linear_gaussian,0,3,"[6, 9]",0.886809199475007,1.0,False
linear_gaussian_015,linear_gaussian,2,3,"[6, 9]",0.5421883048941059,1.0,False
linear_gaussian_015,linear_gaussian,5,3,"[6, 9]",0.3161363632327845,1.0,False
linear_gaussian_015,linear_gaussian,7,3,"[6, 9]",0.538919837358512,1.0,False
linear_gaussian_015,linear_gaussian,8,3,"[6, 9]",0.6021169459010105,1.0,False
linear_gaussian_015,linear_gaussian,0,4,"[3, 6]",0.8872701352600255,1.0,False
linear_gaussian_015,linear_gaussian,2,4,"[3, 6]",0.7911468342249404,1.0,False
linear_gaussian_015,linear_gaussian,5,4,"[3, 6]",0.15035430900593494,1.0,False
linear_gaussian_015,linear_gaussian,7,4,"[3, 6]",0.36800036522110946,1.0,False
linear_gaussian_015,linear_gaussian,8,4,"[3, 6]",0.29150747915162056,1.0,False
linear_gaussian_015,linear_gaussian,9,4,"[3, 6]",0.004416651918421333,0.26499911510527996,False
linear_gaussian_015,linear_gaussian,1,5,[],0.9985189686743524,1.0,False
linear_gaussian_015,linear_gaussian,2,5,[],0.995897268350377,1.0,False
linear_gaussian_015,linear_gaussian,3,5,[],0.5339167496442381,1.0,False
linear_gaussian_015,linear_gaussian,4,5,[],0.1736718970119604,1.0,False
linear_gaussian_015,linear_gaussian,6,5,[],0.5353194531533041,1.0,False
linear_gaussian_015,linear_gaussian,7,5,[],1.0,1.0,False
linear_gaussian_015,linear_gaussian,8,5,[],0.7235041499464759,1.0,False
linear_gaussian_015,linear_gaussian,9,5,[],0.1302860700236541,1.0,False
linear_gaussian_015,linear_gaussian,0,6,[],0.3420965563107099,1.0,False
linear_gaussian_015,linear_gaussian,5,6,[],0.5353194531533041,1.0,False
linear_gaussian_015,linear_gaussian,8,6,[],0.19779356269294313,1.0,False
linear_gaussian_015,linear_gaussian,0,7,"[2, 9]",0.9037222634000405,1.0,False
linear_gaussian_015,linear_gaussian,1,7,"[2, 9]",0.6805038080561094,1.0,False
linear_gaussian_015,linear_gaussian,3,7,"[2, 9]",0.8152709484423737,1.0,False
linear_gaussian_015,linear_gaussian,4,7,"[2, 9]",0.16378782248631096,1.0,False
linear_gaussian_015,linear_gaussian,5,7,"[2, 9]",0.404568949969237,1.0,False
linear_gaussian_015,linear_gaussian,6,7,"[2, 9]",0.9432523396355827,1.0,False
linear_gaussian_015,linear_gaussian,8,7,"[2, 9]",0.5071022982837086,1.0,False
linear_gaussian_015,linear_gaussian,0,8,[],0.5921202776655268,1.0,False
linear_gaussian_015,linear_gaussian,1,8,[],1.0,1.0,False
linear_gaussian_015,linear_gaussian,2,8,[],0.6715303731998004,1.0,False
linear_gaussian_015,linear_gaussian,3,8,[],0.8857417252213865,1.0,False
linear_gaussian_015,linear_gaussian,4,8,[],0.6141124746246047,1.0,False
linear_gaussian_015,linear_gaussian,5,8,[],0.7235041499464759,1.0,False
linear_gaussian_015,linear_gaussian,6,8,[],0.19779356269294313,1.0,False
linear_gaussian_015,linear_gaussian,7,8,[],0.6659066889958918,1.0,False
linear_gaussian_015,linear_gaussian,9,8,[],0.39086580124201387,1.0,False
linear_gaussian_015,linear_gaussian,0,9,[6],0.7942544364080564,1.0,False
linear_gaussian_015,linear_gaussian,5,9,[6],0.05344201363936307,1.0,False
linear_gaussian_015,linear_gaussian,8,9,[6],0.32521402892907403,1.0,False
linear_gaussian_016,linear_gaussian,2,0,[],0.05432110694350378,1.0,False
linear_gaussian_016,linear_gaussian,3,0,[],0.6429054997454456,1.0,False
linear_gaussian_016,linear_gaussian,4,0,[],0.10261811984945546,1.0,False
linear_gaussian_016,linear_gaussian,5,0,[],0.13112453393739654,1.0,False
linear_gaussian_016,linear_gaussian,6,0,[],0.22628930481463572,1.0,False
linear_gaussian_016,linear_gaussian,7,0,[],0.14102408629108498,1.0,False
linear_gaussian_016,linear_gaussian,8,0,[],0.06897793553866327,1.0,False
linear_gaussian_016,linear_gaussian,9,0,[],0.2665546217095014,1.0,False
linear_gaussian_016,linear_gaussian,2,1,"[0, 7]",0.8801348552376427,1.0,False
linear_gaussian_016,linear_gaussian,3,1,"[0, 7]",0.44407052615577014,1.0,False
linear_gaussian_016,linear_gaussian,4,1,"[0, 7]",0.5323491639462301,1.0,False
linear_gaussian_016,linear_gaussian,5,1,"[0, 7]",0.25310638440886923,1.0,False
linear_gaussian_016,linear_gaussian,6,1,"[0, 7]",0.4114368132516989,1.0,False
linear_gaussian_016,linear_gaussian,8,1,"[0, 7]",0.9048084716290905,1.0,False
linear_gaussian_016,linear_gaussian,9,1,"[0, 7]",0.18021783565077787,1.0,False
linear_gaussian_016,linear_gaussian,0,2,[],0.05432110694350378,1.0,False
linear_gaussian_016,linear_gaussian,1,2,[],0.39688738436202353,1.0,False
linear_gaussian_016,linear_gaussian,3,2,[],0.30241074488557396,1.0,False
linear_gaussian_016,linear_gaussian,6,2,[],0.34678389123068953,1.0,False
linear_gaussian_016,linear_gaussian,7,2,[],0.2026263184974475,1.0,False
linear_gaussian_016,linear_gaussian,8,2,[],0.4878374292772715,1.0,False
linear_gaussian_016,linear_gaussian,9,2,[],0.2457100221034355,1.0,False
linear_gaussian_016,linear_gaussian,0,3,[],0.6429054997454456,1.0,False
linear_gaussian_016,linear_gaussian,1,3,[],0.48327056719669637,1.0,False
linear_gaussian_016,linear_gaussian,2,3,[],0.30241074488557396,1.0,False
linear_gaussian_016,linear_gaussian,4,3,[],0.5404323780342266,1.0,False
linear_gaussian_016,linear_gaussian,5,3,[],0.5762546669794933,1.0,False
linear_gaussian_016,linear_gaussian,6,3,[],0.06182943911711203,1.0,False
linear_gaussian_016,linear_gaussian,7,3,[],0.31964303644958036,1.0,False
linear_gaussian_016,linear_gaussian,8,3,[],0.6687733274273688,1.0,False
linear_gaussian_016,linear_gaussian,9,3,[],0.333433501081715,1.0,False
linear_gaussian_016,linear_gaussian,0,4,"[2, 6, 8]",0.7644725144702561,1.0,False
linear_gaussian_016,linear_gaussian,1,4,"[2, 6, 8]",0.039908075186651404,1.0,False
linear_gaussian_016,linear_gaussian,3,4,"[2, 6, 8]",0.1027271666932782,1.0,False
linear_gaussian_016,linear_gaussian,7,4,"[2, 6, 8]",0.5571564635083063,1.0,False
linear_gaussian_016,linear_gaussian,9,4,"[2, 6, 8]",0.9668999503811476,1.0,False
linear_gaussian_016,linear_gaussian,0,5,"[2, 4, 7]",0.5911654591027831,1.0,False
linear_gaussian_016,linear_gaussian,1,5,"[2, 4, 7]",0.23554014201909967,1.0,False
linear_gaussian_016,linear_gaussian,3,5,"[2, 4, 7]",0.19468172028704034,1.0,False
linear_gaussian_016,linear_gaussian,6,5,"[2, 4, 7]",0.9041909632857966,1.0,False
linear_gaussian_016,linear_gaussian,8,5,"[2, 4, 7]",0.14459181789265196,1.0,False
linear_gaussian_016,linear_gaussian,9,5,"[2, 4, 7]",0.05668266277416112,1.0,False
linear_gaussian_016,linear_gaussian,0,6,[],0.22628930481463572,1.0,False
linear_gaussian_016,linear_gaussian,1,6,[],0.24175031740194353,1.0,False
linear_gaussian_016,linear_gaussian,2,6,[],0.34678389123068953,1.0,False
linear_gaussian_016,linear_gaussian,3,6,[],0.06182943911711203,1.0,False
linear_gaussian_016,linear_gaussian,7,6,[],0.5836562167054484,1.0,False
linear_gaussian_016,linear_gaussian,9,6,[],0.025214906155402117,1.0,False
linear_gaussian_016,linear_gaussian,0,7,[],0.14102408629108498,1.0,False
linear_gaussian_016,linear_gaussian,2,7,[],0.2026263184974475,1.0,False
linear_gaussian_016,linear_gaussian,3,7,[],0.31964303644958036,1.0,False
linear_gaussian_016,linear_gaussian,4,7,[],0.13877877986753584,1.0,False
linear_gaussian_016,linear_gaussian,6,7,[],0.5836562167054484,1.0,False
linear_gaussian_016,linear_gaussian,8,7,[],0.6126700928686639,1.0,False
linear_gaussian_016,linear_gaussian,9,7,[],0.8772332192398172,1.0,False
linear_gaussian_016,linear_gaussian,0,8,[6],0.1661056862589323,1.0,False
linear_gaussian_016,linear_gaussian,1,8,[6],0.873511645397048,1.0,False
linear_gaussian_016,linear_gaussian,2,8,[6],0.5207087401847169,1.0,False
linear_gaussian_016,linear_gaussian,3,8,[6],0.5429060514609494,1.0,False
linear_gaussian_016,linear_gaussian,7,8,[6],0.7657175573545145,1.0,False
linear_gaussian_016,linear_gaussian,9,8,[6],0.7762449778740346,1.0,False
linear_gaussian_016,linear_gaussian,0,9,[],0.2665546217095014,1.0,False
linear_gaussian_016,linear_gaussian,1,9,[],0.17908948741548225,1.0,False
linear_gaussian_016,linear_gaussian,2,9,[],0.2457100221034355,1.0,False
linear_gaussian_016,linear_gaussian,3,9,[],0.333433501081715,1.0,False
linear_gaussian_016,linear_gaussian,4,9,[],0.3392608074562553,1.0,False
linear_gaussian_016,linear_gaussian,5,9,[],0.7897793144947238,1.0,False
linear_gaussian_016,linear_gaussian,6,9,[],0.025214906155402117,1.0,False
linear_gaussian_016,linear_gaussian,7,9,[],0.8772332192398172,1.0,False
linear_gaussian_016,linear_gaussian,8,9,[],0.9859790367140412,1.0,False
linear_gaussian_017,linear_gaussian,5,0,"[2, 3, 6, 7]",0.6144081503913369,1.0,False
linear_gaussian_017,linear_gaussian,8,0,"[2, 3, 6, 7]",0.3899504245325002,1.0,False
linear_gaussian_017,linear_gaussian,9,0,"[2, 3, 6, 7]",0.23171644899047217,1.0,False
linear_gaussian_017,linear_gaussian,5,1,"[0, 2, 3, 4, 6, 7, 9]",1.0,1.0,False
linear_gaussian_017,linear_gaussian,8,1,"[0, 2, 3, 4, 6, 7, 9]",0.10915296664110297,1.0,False
linear_gaussian_017,linear_gaussian,5,2,"[3, 6]",0.4410664363733843,1.0,False
linear_gaussian_017,linear_gaussian,7,2,"[3, 6]",0.1123318685708975,1.0,False
linear_gaussian_017,linear_gaussian,9,2,"[3, 6]",0.362992489348114,1.0,False
linear_gaussian_017,linear_gaussian,6,3,[],0.7858470521729654,1.0,False
linear_gaussian_017,linear_gaussian,7,3,[],0.8776627406519063,1.0,False
linear_gaussian_017,linear_gaussian,9,3,[],0.826480461783041,1.0,False
linear_gaussian_017,linear_gaussian,5,4,"[0, 2, 3, 6, 7]",0.5130878911691655,1.0,False
linear_gaussian_017,linear_gaussian,8,4,"[0, 2, 3, 6, 7]",0.18913021287207776,1.0,False
linear_gaussian_017,linear_gaussian,9,4,"[0, 2, 3, 6, 7]",0.5971089065217401,1.0,False
linear_gaussian_017,linear_gaussian,0,5,"[3, 6, 7]",0.03545902201359241,1.0,False
linear_gaussian_017,linear_gaussian,1,5,"[3, 6, 7]",0.8189398181381861,1.0,False
linear_gaussian_017,linear_gaussian,2,5,"[3, 6, 7]",0.1666345280887951,1.0,False
linear_gaussian_017,linear_gaussian,4,5,"[3, 6, 7]",0.718880776654762,1.0,False
linear_gaussian_017,linear_gaussian,8,5,"[3, 6, 7]",1.074584865534689e-12,3.9759640024783494e-11,True
linear_gaussian_017,linear_gaussian,9,5,"[3, 6, 7]",0.721276077911714,1.0,False
linear_gaussian_017,linear_gaussian,3,6,[7],0.299829556319946,1.0,False
linear_gaussian_017,linear_gaussian,9,6,[7],0.07626487806790383,1.0,False
linear_gaussian_017,linear_gaussian,3,7,[],0.8776627406519063,1.0,False
linear_gaussian_017,linear_gaussian,9,7,[],0.5086830704174183,1.0,False
linear_gaussian_017,linear_gaussian,0,8,"[2, 3, 6, 7]",0.3899504245325002,1.0,False
linear_gaussian_017,linear_gaussian,1,8,"[2, 3, 6, 7]",0.694872686763695,1.0,False
linear_gaussian_017,linear_gaussian,4,8,"[2, 3, 6, 7]",0.30503451488128075,1.0,False
linear_gaussian_017,linear_gaussian,5,8,"[2, 3, 6, 7]",1.8557081565284683e-05,0.0006680549363502486,True
linear_gaussian_017,linear_gaussian,9,8,"[2, 3, 6, 7]",0.28602625884770216,1.0,False
linear_gaussian_017,linear_gaussian,0,9,[],0.28423333616884094,1.0,False
linear_gaussian_017,linear_gaussian,2,9,[],1.0,1.0,False
linear_gaussian_017,linear_gaussian,3,9,[],0.826480461783041,1.0,False
linear_gaussian_017,linear_gaussian,4,9,[],0.5074094581658102,1.0,False
linear_gaussian_017,linear_gaussian,5,9,[],1.0,1.0,False
linear_gaussian_017,linear_gaussian,6,9,[],0.21191707379929814,1.0,False
linear_gaussian_017,linear_gaussian,7,9,[],0.5086830704174183,1.0,False
linear_gaussian_017,linear_gaussian,8,9,[],0.19538048565785748,1.0,False
linear_gaussian_018,linear_gaussian,1,0,[],0.7092439760735929,1.0,False
linear_gaussian_018,linear_gaussian,2,0,[],0.0006082577723037774,0.04987713732890975,True
linear_gaussian_018,linear_gaussian,3,0,[],0.6276762994623815,1.0,False
linear_gaussian_018,linear_gaussian,4,0,[],0.986916615807596,1.0,False
linear_gaussian_018,linear_gaussian,5,0,[],0.3852475469802227,1.0,False
linear_gaussian_018,linear_gaussian,6,0,[],0.46350614369898824,1.0,False
linear_gaussian_018,linear_gaussian,7,0,[],0.43918754683747496,1.0,False
linear_gaussian_018,linear_gaussian,8,0,[],0.8657362872747724,1.0,False
linear_gaussian_018,linear_gaussian,9,0,[],0.2575058002064279,1.0,False
linear_gaussian_018,linear_gaussian,0,1,[3],0.5222725273765942,1.0,False
linear_gaussian_018,linear_gaussian,2,1,[3],0.5019118289144464,1.0,False
linear_gaussian_018,linear_gaussian,4,1,[3],1.0,1.0,False
linear_gaussian_018,linear_gaussian,5,1,[3],0.176924213133146,1.0,False
linear_gaussian_018,linear_gaussian,6,1,[3],0.5865355959266845,1.0,False
linear_gaussian_018,linear_gaussian,7,1,[3],0.9639402414290421,1.0,False
linear_gaussian_018,linear_gaussian,8,1,[3],0.6458696146453935,1.0,False
linear_gaussian_018,linear_gaussian,9,1,[3],1.0,1.0,False
linear_gaussian_018,linear_gaussian,0,2,[],0.0006082577723037774,0.04987713732890975,True
linear_gaussian_018,linear_gaussian,1,2,[],0.2117584105927388,1.0,False
linear_gaussian_018,linear_gaussian,3,2,[],0.733147804462608,1.0,False
linear_gaussian_018,linear_gaussian,4,2,[],0.57703243023097,1.0,False
linear_gaussian_018,linear_gaussian,5,2,[],0.16053573617759043,1.0,False
linear_gaussian_018,linear_gaussian,6,2,[],0.6467835921148415,1.0,False
linear_gaussian_018,linear_gaussian,7,2,[],1.0,1.0,False
linear_gaussian_018,linear_gaussian,8,2,[],0.6272737056401263,1.0,False
linear_gaussian_018,linear_gaussian,9,2,[],0.3711241855454315,1.0,False
linear_gaussian_018,linear_gaussian,0,3,[],0.6276762994623815,1.0,False
linear_gaussian_018,linear_gaussian,2,3,[],0.733147804462608,1.0,False
linear_gaussian_018,linear_gaussian,4,3,[],0.09417800294348389,1.0,False
linear_gaussian_018,linear_gaussian,5,3,[],0.3932963245933583,1.0,False
linear_gaussian_018,linear_gaussian,6,3,[],0.3067090622105356,1.0,False
linear_gaussian_018,linear_gaussian,7,3,[],0.7016039294582135,1.0,False
linear_gaussian_018,linear_gaussian,8,3,[],0.8064040204999736,1.0,False
linear_gaussian_018,linear_gaussian,9,3,[],0.5210849099383507,1.0,False
linear_gaussian_018,linear_gaussian,0,4,"[6, 7]",0.30254906725928066,1.0,False
linear_gaussian_018,linear_gaussian,1,4,"[6, 7]",0.2972619793452984,1.0,False
linear_gaussian_018,linear_gaussian,2,4,"[6, 7]",0.578069717639085,1.0,False
linear_gaussian_018,linear_gaussian,3,4,"[6, 7]",0.48804708921282025,1.0,False
linear_gaussian_018,linear_gaussian,5,4,"[6, 7]",0.5292761214351471,1.0,False
linear_gaussian_018,linear_gaussian,8,4,"[6, 7]",0.5393534028218996,1.0,False
linear_gaussian_018,linear_gaussian,9,4,"[6, 7]",0.37504694180099996,1.0,False
linear_gaussian_018,linear_gaussian,0,5,[],0.3852475469802227,1.0,False
linear_gaussian_018,linear_gaussian,1,5,[],0.6682452766069689,1.0,False
linear_gaussian_018,linear_gaussian,2,5,[],0.16053573617759043,1.0,False
linear_gaussian_018,linear_gaussian,3,5,[],0.3932963245933583,1.0,False
linear_gaussian_018,linear_gaussian,4,5,[],0.06127795909277389,1.0,False
linear_gaussian_018,linear_gaussian,6,5,[],0.14561002563829317,1.0,False
linear_gaussian_018,linear_gaussian,7,5,[],0.24535773818372486,1.0,False
linear_gaussian_018,linear_gaussian,8,5,[],0.1258522458604816,1.0,False
linear_gaussian_018,linear_gaussian,9,5,[],0.48004967395471054,1.0,False
linear_gaussian_018,linear_gaussian,0,6,[],0.46350614369898824,1.0,False
linear_gaussian_018,linear_gaussian,1,6,[],0.9322902740545562,1.0,False
linear_gaussian_018,linear_gaussian,2,6,[],0.6467835921148415,1.0,False
linear_gaussian_018,linear_gaussian,3,6,[],0.3067090622105356,1.0,False
linear_gaussian_018,linear_gaussian,5,6,[],0.14561002563829317,1.0,False
linear_gaussian_018,linear_gaussian,7,6,[],0.9695378634663276,1.0,False
linear_gaussian_018,linear_gaussian,8,6,[],0.48706555697100806,1.0,False
linear_gaussian_018,linear_gaussian,0,7,[],0.43918754683747496,1.0,False
linear_gaussian_018,linear_gaussian,1,7,[],0.5314245489662257,1.0,False
linear_gaussian_018,linear_gaussian,2,7,[],1.0,1.0,False
linear_gaussian_018,linear_gaussian,3,7,[],0.7016039294582135,1.0,False
linear_gaussian_018,linear_gaussian,5,7,[],0.24535773818372486,1.0,False
linear_gaussian_018,linear_gaussian,6,7,[],0.9695378634663276,1.0,False
linear_gaussian_018,linear_gaussian,8,7,[],0.8523289368622953,1.0,False
linear_gaussian_018,linear_gaussian,9,7,[],0.21551009973069435,1.0,False
linear_gaussian_018,linear_gaussian,0,8,[],0.8657362872747724,1.0,False
linear_gaussian_018,linear_gaussian,1,8,[],0.3484010025109018,1.0,False
linear_gaussian_018,linear_gaussian,2,8,[],0.6272737056401263,1.0,False
linear_gaussian_018,linear_gaussian,3,8,[],0.8064040204999736,1.0,False
linear_gaussian_018,linear_gaussian,4,8,[],0.24278066330734815,1.0,False
linear_gaussian_018,linear_gaussian,5,8,[],0.1258522458604816,1.0,False
linear_gaussian_018,linear_gaussian,6,8,[],0.48706555697100806,1.0,False
linear_gaussian_018,linear_gaussian,7,8,[],0.8523289368622953,1.0,False
linear_gaussian_018,linear_gaussian,9,8,[],0.13322573424686457,1.0,False
linear_gaussian_018,linear_gaussian,0,9,[6],0.15456558752803695,1.0,False
linear_gaussian_018,linear_gaussian,1,9,[6],0.6307543199776584,1.0,False
linear_gaussian_018,linear_gaussian,2,9,[6],0.8149544800014898,1.0,False
linear_gaussian_018,linear_gaussian,3,9,[6],0.6419518543792304,1.0,False
linear_gaussian_018,linear_gaussian,4,9,[6],0.39593244848172204,1.0,False
linear_gaussian_018,linear_gaussian,5,9,[6],0.43352857485464535,1.0,False
linear_gaussian_018,linear_gaussian,7,9,[6],0.04092355595961594,1.0,False
linear_gaussian_018,linear_gaussian,8,9,[6],0.941497819473247,1.0,False
linear_gaussian_019,linear_gaussian,1,0,"[5, 7, 9]",0.39732902340338805,1.0,False
linear_gaussian_019,linear_gaussian,2,0,"[5, 7, 9]",0.21521672475489761,1.0,False
linear_gaussian_019,linear_gaussian,3,0,"[5, 7, 9]",0.44298025889005865,1.0,False
linear_gaussian_019,linear_gaussian,4,0,"[5, 7, 9]",0.9021801931033401,1.0,False
linear_gaussian_019,linear_gaussian,6,0,"[5, 7, 9]",0.16093662991460667,1.0,False
linear_gaussian_019,linear_gaussian,8,0,"[5, 7, 9]",0.12451668792361748,1.0,False
linear_gaussian_019,linear_gaussian,0,1,"[3, 7, 9]",0.1697598698886359,1.0,False
linear_gaussian_019,linear_gaussian,4,1,"[3, 7, 9]",0.10765588887559896,1.0,False
linear_gaussian_019,linear_gaussian,5,1,"[3, 7, 9]",0.05795692621635551,1.0,False
linear_gaussian_019,linear_gaussian,6,1,"[3, 7, 9]",0.16203237153907224,1.0,False
linear_gaussian_019,linear_gaussian,8,1,"[3, 7, 9]",0.10246791027827995,1.0,False
linear_gaussian_019,linear_gaussian,0,2,"[1, 3, 7, 9]",0.3852416883088642,1.0,False
linear_gaussian_019,linear_gaussian,4,2,"[1, 3, 7, 9]",0.6781672373488654,1.0,False
linear_gaussian_019,linear_gaussian,5,2,"[1, 3, 7, 9]",0.6686366439681145,1.0,False
linear_gaussian_019,linear_gaussian,6,2,"[1, 3, 7, 9]",0.37828649074469123,1.0,False
linear_gaussian_019,linear_gaussian,8,2,"[1, 3, 7, 9]",0.03302239743270918,1.0,False
linear_gaussian_019,linear_gaussian,4,3,[],1.0,1.0,False
linear_gaussian_019,linear_gaussian,6,3,[],0.530952735801369,1.0,False
linear_gaussian_019,linear_gaussian,8,3,[],0.12261415673706355,1.0,False
linear_gaussian_019,linear_gaussian,0,4,[],0.3689186270015212,1.0,False
linear_gaussian_019,linear_gaussian,1,4,[],0.5472332694733345,1.0,False
linear_gaussian_019,linear_gaussian,2,4,[],1.0,1.0,False
linear_gaussian_019,linear_gaussian,3,4,[],1.0,1.0,False
linear_gaussian_019,linear_gaussian,5,4,[],0.6173336860685601,1.0,False
linear_gaussian_019,linear_gaussian,6,4,[],0.23084197330878742,1.0,False
linear_gaussian_019,linear_gaussian,7,4,[],0.8550693687825999,1.0,False
linear_gaussian_019,linear_gaussian,8,4,[],0.08045438672481076,1.0,False
linear_gaussian_019,linear_gaussian,9,4,[],0.9789809751648272,1.0,False
linear_gaussian_019,linear_gaussian,1,5,"[7, 9]",0.10787733586184689,1.0,False
linear_gaussian_019,linear_gaussian,2,5,"[7, 9]",0.6061649781043635,1.0,False
linear_gaussian_019,linear_gaussian,3,5,"[7, 9]",0.6339693656568115,1.0,False
linear_gaussian_019,linear_gaussian,4,5,"[7, 9]",0.5832037820644076,1.0,False
linear_gaussian_019,linear_gaussian,6,5,"[7, 9]",0.9905316775783506,1.0,False
linear_gaussian_019,linear_gaussian,8,5,"[7, 9]",0.31127687464568765,1.0,False
linear_gaussian_019,linear_gaussian,0,6,[],1.0,1.0,False
linear_gaussian_019,linear_gaussian,1,6,[],0.6436958208448789,1.0,False
linear_gaussian_019,linear_gaussian,2,6,[],0.3385440867403956,1.0,False
linear_gaussian_019,linear_gaussian,3,6,[],0.530952735801369,1.0,False
linear_gaussian_019,linear_gaussian,4,6,[],0.23084197330878742,1.0,False
linear_gaussian_019,linear_gaussian,5,6,[],0.26428582230249575,1.0,False
linear_gaussian_019,linear_gaussian,7,6,[],0.38769176973418096,1.0,False
linear_gaussian_019,linear_gaussian,8,6,[],0.20643302871953273,1.0,False
linear_gaussian_019,linear_gaussian,9,6,[],0.18573298517954517,1.0,False
linear_gaussian_019,linear_gaussian,4,7,[3],0.8863892238874554,1.0,False
linear_gaussian_019,linear_gaussian,6,7,[3],0.1587217975813915,1.0,False
linear_gaussian_019,linear_gaussian,8,7,[3],0.38891971351573196,1.0,False
linear_gaussian_019,linear_gaussian,0,8,[],0.038064944457415595,1.0,False
linear_gaussian_019,linear_gaussian,1,8,[],0.001728427529175347,0.10197722422134547,False
linear_gaussian_019,linear_gaussian,2,8,[],0.30008272997276375,1.0,False
linear_gaussian_019,linear_gaussian,3,8,[],0.12261415673706355,1.0,False
linear_gaussian_019,linear_gaussian,4,8,[],0.08045438672481076,1.0,False
linear_gaussian_019,linear_gaussian,5,8,[],0.5746578649332268,1.0,False
linear_gaussian_019,linear_gaussian,6,8,[],0.20643302871953273,1.0,False
linear_gaussian_019,linear_gaussian,7,8,[],0.052037309165196,1.0,False
linear_gaussian_019,linear_gaussian,9,8,[],0.1703934955880292,1.0,False
linear_gaussian_019,linear_gaussian,3,9,[7],0.11862573328528636,1.0,False
linear_gaussian_019,linear_gaussian,4,9,[7],0.5774443818000001,1.0,False
linear_gaussian_019,linear_gaussian,6,9,[7],0.5700508341962958,1.0,False
linear_gaussian_019,linear_gaussian,8,9,[7],0.9436047138039182,1.0,False
rff_studentt3_000,rff_studentt3,1,0,"[4, 6]",0.8255929409023937,1.0,False
rff_studentt3_000,rff_studentt3,3,0,"[4, 6]",0.009249335828970362,0.5457108139092514,False
rff_studentt3_000,rff_studentt3,5,0,"[4, 6]",0.7322568377032433,1.0,False
rff_studentt3_000,rff_studentt3,7,0,"[4, 6]",0.05067581191280801,1.0,False
rff_studentt3_000,rff_studentt3,8,0,"[4, 6]",0.16522140614026504,1.0,False
rff_studentt3_000,rff_studentt3,9,0,"[4, 6]",0.14663262264175114,1.0,False
rff_studentt3_000,rff_studentt3,0,1,"[5, 6, 8]",0.5450119914064147,1.0,False
rff_studentt3_000,rff_studentt3,2,1,"[5, 6, 8]",0.707580284330253,1.0,False
rff_studentt3_000,rff_studentt3,3,1,"[5, 6, 8]",0.4330470842989098,1.0,False
rff_studentt3_000,rff_studentt3,4,1,"[5, 6, 8]",0.03236000109999537,1.0,False
rff_studentt3_000,rff_studentt3,7,1,"[5, 6, 8]",0.6537194071680212,1.0,False
rff_studentt3_000,rff_studentt3,9,1,"[5, 6, 8]",0.4762311265967718,1.0,False
rff_studentt3_000,rff_studentt3,1,2,"[0, 4, 6, 9]",0.8438468842403706,1.0,False
rff_studentt3_000,rff_studentt3,3,2,"[0, 4, 6, 9]",0.5769176276027252,1.0,False
rff_studentt3_000,rff_studentt3,5,2,"[0, 4, 6, 9]",0.7416390686222298,1.0,False
rff_studentt3_000,rff_studentt3,7,2,"[0, 4, 6, 9]",0.1515205250379018,1.0,False
rff_studentt3_000,rff_studentt3,8,2,"[0, 4, 6, 9]",0.8636708855138973,1.0,False
rff_studentt3_000,rff_studentt3,0,3,[8],0.29680269987595453,1.0,False
rff_studentt3_000,rff_studentt3,1,3,[8],1.0,1.0,False
rff_studentt3_000,rff_studentt3,2,3,[8],0.10042346764715648,1.0,False
rff_studentt3_000,rff_studentt3,4,3,[8],0.4179613445754181,1.0,False
rff_studentt3_000,rff_studentt3,5,3,[8],0.3024842100213243,1.0,False
rff_studentt3_000,rff_studentt3,6,3,[8],0.10361873323427351,1.0,False
rff_studentt3_000,rff_studentt3,7,3,[8],0.311292228098463,1.0,False
rff_studentt3_000,rff_studentt3,9,3,[8],0.17893079763650477,1.0,False
rff_studentt3_000,rff_studentt3,1,4,[6],0.5391062705591536,1.0,False
rff_studentt3_000,rff_studentt3,3,4,[6],1.0,1.0,False
rff_studentt3_000,rff_studentt3,5,4,[6],0.03248895607572688,1.0,False
rff_studentt3_000,rff_studentt3,7,4,[6],0.536499701802046,1.0,False
rff_studentt3_000,rff_studentt3,8,4,[6],0.6899248080157805,1.0,False
rff_studentt3_000,rff_studentt3,9,4,[6],0.4302969452804426,1.0,False
rff_studentt3_000,rff_studentt3,0,5,[6],1.0,1.0,False
rff_studentt3_000,rff_studentt3,2,5,[6],0.5635519250187322,1.0,False
rff_studentt3_000,rff_studentt3,3,5,[6],0.3835233922876782,1.0,False
rff_studentt3_000,rff_studentt3,4,5,[6],0.03248895607572688,1.0,False
rff_studentt3_000,rff_studentt3,8,5,[6],0.1740526479299762,1.0,False
rff_studentt3_000,rff_studentt3,9,5,[6],0.9060101899189636,1.0,False
rff_studentt3_000,rff_studentt3,9,6,[],0.14571304516658246,1.0,False
rff_studentt3_000,rff_studentt3,0,7,"[5, 6]",1.0,1.0,False
rff_studentt3_000,rff_studentt3,1,7,"[5, 6]",0.9863923956880393,1.0,False
rff_studentt3_000,rff_studentt3,2,7,"[5, 6]",0.3674849169868397,1.0,False
rff_studentt3_000,rff_studentt3,3,7,"[5, 6]",0.923783808796333,1.0,False
rff_studentt3_000,rff_studentt3,4,7,"[5, 6]",0.08491969587087911,1.0,False
rff_studentt3_000,rff_studentt3,8,7,"[5, 6]",0.7273031772232487,1.0,False
rff_studentt3_000,rff_studentt3,9,7,"[5, 6]",0.017876962938345176,1.0,False
rff_studentt3_000,rff_studentt3,0,8,[6],1.0,1.0,False
rff_studentt3_000,rff_studentt3,2,8,[6],0.41387628265307297,1.0,False
rff_studentt3_000,rff_studentt3,4,8,[6],0.6899248080157805,1.0,False
rff_studentt3_000,rff_studentt3,5,8,[6],0.1740526479299762,1.0,False
rff_studentt3_000,rff_studentt3,7,8,[6],0.762740314994577,1.0,False
rff_studentt3_000,rff_studentt3,9,8,[6],0.729973613287317,1.0,False
rff_studentt3_000,rff_studentt3,0,9,[],0.5168339827418272,1.0,False
rff_studentt3_000,rff_studentt3,1,9,[],0.8057946181481925,1.0,False
rff_studentt3_000,rff_studentt3,3,9,[],0.23897200530498997,1.0,False
rff_studentt3_000,rff_studentt3,4,9,[],0.2703630782156442,1.0,False
rff_studentt3_000,rff_studentt3,5,9,[],0.9007814195197046,1.0,False
rff_studentt3_000,rff_studentt3,6,9,[],0.14571304516658246,1.0,False
rff_studentt3_000,rff_studentt3,7,9,[],0.03238512056341025,1.0,False
rff_studentt3_000,rff_studentt3,8,9,[],0.9180613983889256,1.0,False
rff_studentt3_001,rff_studentt3,1,0,[6],0.2045001227166775,1.0,False
rff_studentt3_001,rff_studentt3,3,0,[6],0.6162804813131684,1.0,False
rff_studentt3_001,rff_studentt3,4,0,[6],0.01025226247442279,0.5126131237211395,False
rff_studentt3_001,rff_studentt3,5,0,[6],1.0,1.0,False
rff_studentt3_001,rff_studentt3,8,0,[6],0.5833014047849897,1.0,False
rff_studentt3_001,rff_studentt3,9,0,[6],0.00019936878814530434,0.010367176983555826,True
rff_studentt3_001,rff_studentt3,0,1,"[5, 6]",0.09864674742337587,1.0,False
rff_studentt3_001,rff_studentt3,2,1,"[5, 6]",0.2519675356242004,1.0,False
rff_studentt3_001,rff_studentt3,3,1,"[5, 6]",0.12271455550612864,1.0,False
rff_studentt3_001,rff_studentt3,7,1,"[5, 6]",0.2429002542520282,1.0,False
rff_studentt3_001,rff_studentt3,9,1,"[5, 6]",0.6690991231839144,1.0,False
rff_studentt3_001,rff_studentt3,1,2,"[0, 3, 6, 9]",0.13211462046241862,1.0,False
rff_studentt3_001,rff_studentt3,4,2,"[0, 3, 6, 9]",0.5869704973104073,1.0,False
rff_studentt3_001,rff_studentt3,5,2,"[0, 3, 6, 9]",1.0,1.0,False
rff_studentt3_001,rff_studentt3,7,2,"[0, 3, 6, 9]",0.07500184289566991,1.0,False
rff_studentt3_001,rff_studentt3,8,2,"[0, 3, 6, 9]",0.14124966576600761,1.0,False
rff_studentt3_001,rff_studentt3,0,3,[6],0.6162804813131684,1.0,False
rff_studentt3_001,rff_studentt3,1,3,[6],0.2189156391298357,1.0,False
rff_studentt3_001,rff_studentt3,4,3,[6],0.48119417414765386,1.0,False
rff_studentt3_001,rff_studentt3,5,3,[6],0.594015033109123,1.0,False
rff_studentt3_001,rff_studentt3,7,3,[6],0.6564989536947976,1.0,False
rff_studentt3_001,rff_studentt3,8,3,[6],0.665822612804255,1.0,False
rff_studentt3_001,rff_studentt3,0,4,"[1, 5, 6]",2.9895532829393723e-05,0.0015844632399578673,True
rff_studentt3_001,rff_studentt3,2,4,"[1, 5, 6]",0.45543023880029354,1.0,False
rff_studentt3_001,rff_studentt3,3,4,"[1, 5, 6]",0.8538341058565029,1.0,False
rff_studentt3_001,rff_studentt3,7,4,"[1, 5, 6]",1.6521704827687778e-05,0.00089217206069514,True
rff_studentt3_001,rff_studentt3,8,4,"[1, 5, 6]",0.589224823449664,1.0,False
rff_studentt3_001,rff_studentt3,9,4,"[1, 5, 6]",0.7653628947641291,1.0,False
rff_studentt3_001,rff_studentt3,0,5,[6],1.0,1.0,False
rff_studentt3_001,rff_studentt3,2,5,[6],0.8220301773649878,1.0,False
rff_studentt3_001,rff_studentt3,3,5,[6],0.594015033109123,1.0,False
rff_studentt3_001,rff_studentt3,7,5,[6],0.2334656936807895,1.0,False
rff_studentt3_001,rff_studentt3,9,5,[6],0.7433220828591047,1.0,False
rff_studentt3_001,rff_studentt3,1,7,[0],0.828539415000054,1.0,False
rff_studentt3_001,rff_studentt3,2,7,[0],0.184125973457416,1.0,False
rff_studentt3_001,rff_studentt3,3,7,[0],0.4113451273445189,1.0,False
rff_studentt3_001,rff_studentt3,4,7,[0],0.0076986164760488585,0.3926294402784918,False
rff_studentt3_001,rff_studentt3,5,7,[0],0.6162849711164506,1.0,False
rff_studentt3_001,rff_studentt3,6,7,[0],0.3584775756680798,1.0,False
rff_studentt3_001,rff_studentt3,8,7,[0],0.3491540093638019,1.0,False
rff_studentt3_001,rff_studentt3,9,7,[0],0.6679012052169262,1.0,False
rff_studentt3_001,rff_studentt3,0,8,"[1, 6]",0.7878584787692129,1.0,False
rff_studentt3_001,rff_studentt3,2,8,"[1, 6]",0.23047049729414704,1.0,False
rff_studentt3_001,rff_studentt3,3,8,"[1, 6]",0.8380184049480923,1.0,False
rff_studentt3_001,rff_studentt3,4,8,"[1, 6]",0.5722043087804112,1.0,False
rff_studentt3_001,rff_studentt3,5,8,"[1, 6]",0.23051899264963627,1.0,False
rff_studentt3_001,rff_studentt3,7,8,"[1, 6]",0.4665563973725284,1.0,False
rff_studentt3_001,rff_studentt3,9,8,"[1, 6]",0.6847725162641249,1.0,False
rff_studentt3_001,rff_studentt3,0,9,"[3, 6]",0.061172777037768244,1.0,False
rff_studentt3_001,rff_studentt3,1,9,"[3, 6]",1.0,1.0,False
rff_studentt3_001,rff_studentt3,4,9,"[3, 6]",0.1742539067867933,1.0,False
rff_studentt3_001,rff_studentt3,5,9,"[3, 6]",0.36976769654643526,1.0,False
rff_studentt3_001,rff_studentt3,7,9,"[3, 6]",0.02446166696303842,1.0,False
rff_studentt3_001,rff_studentt3,8,9,"[3, 6]",0.6188620470157501,1.0,False
rff_studentt3_002,rff_studentt3,1,0,[],0.02974706706098329,1.0,False
rff_studentt3_002,rff_studentt3,2,0,[],0.1178778733855016,1.0,False
rff_studentt3_002,rff_studentt3,6,0,[],0.11730996996217657,1.0,False
rff_studentt3_002,rff_studentt3,7,0,[],0.05574857047956605,1.0,False
rff_studentt3_002,rff_studentt3,8,0,[],0.5435642087486695,1.0,False
rff_studentt3_002,rff_studentt3,9,0,[],0.3022793530037796,1.0,False
rff_studentt3_002,rff_studentt3,0,1,[],0.02974706706098329,1.0,False
rff_studentt3_002,rff_studentt3,6,1,[],1.361799562005217e-12,7.898437459630259e-11,True
rff_studentt3_002,rff_studentt3,9,1,[],0.42327567805074184,1.0,False
rff_studentt3_002,rff_studentt3,0,2,"[1, 9]",0.5934443784753227,1.0,False
rff_studentt3_002,rff_studentt3,3,2,"[1, 9]",0.1724561057418832,1.0,False
rff_studentt3_002,rff_studentt3,4,2,"[1, 9]",0.5314955663199763,1.0,False
rff_studentt3_002,rff_studentt3,5,2,"[1, 9]",0.28207146147281814,1.0,False
rff_studentt3_002,rff_studentt3,6,2,"[1, 9]",0.44749590269059336,1.0,False
rff_studentt3_002,rff_studentt3,7,2,"[1, 9]",0.8849073693692395,1.0,False
rff_studentt3_002,rff_studentt3,8,2,"[1, 9]",1.0,1.0,False
rff_studentt3_002,rff_studentt3,2,3,"[0, 1, 9]",0.010745982497640583,0.5695370723749509,False
rff_studentt3_002,rff_studentt3,4,3,"[0, 1, 9]",0.25054768789842385,1.0,False
rff_studentt3_002,rff_studentt3,6,3,"[0, 1, 9]",0.4544167045810721,1.0,False
rff_studentt3_002,rff_studentt3,7,3,"[0, 1, 9]",0.07502463126635894,1.0,False
rff_studentt3_002,rff_studentt3,8,3,"[0, 1, 9]",0.9122160149993157,1.0,False
rff_studentt3_002,rff_studentt3,2,4,"[0, 1]",0.06641900789516275,1.0,False
rff_studentt3_002,rff_studentt3,3,4,"[0, 1]",0.9310995262453219,1.0,False
rff_studentt3_002,rff_studentt3,6,4,"[0, 1]",0.425561448131229,1.0,False
rff_studentt3_002,rff_studentt3,7,4,"[0, 1]",0.416471859935413,1.0,False
rff_studentt3_002,rff_studentt3,8,4,"[0, 1]",0.9703169986587665,1.0,False
rff_studentt3_002,rff_studentt3,9,4,"[0, 1]",0.3154437543238533,1.0,False
rff_studentt3_002,rff_studentt3,2,5,"[0, 1, 3, 4]",0.5242644765691051,1.0,False
rff_studentt3_002,rff_studentt3,6,5,"[0, 1, 3, 4]",0.12649343747848218,1.0,False
rff_studentt3_002,rff_studentt3,7,5,"[0, 1, 3, 4]",0.016225101074804904,0.843705255889855,False
rff_studentt3_002,rff_studentt3,8,5,"[0, 1, 3, 4]",0.515521941302261,1.0,False
rff_studentt3_002,rff_studentt3,9,5,"[0, 1, 3, 4]",0.625722746605479,1.0,False
rff_studentt3_002,rff_studentt3,0,6,[],0.11730996996217657,1.0,False
rff_studentt3_002,rff_studentt3,1,6,[],1.361799562005217e-12,7.898437459630259e-11,True
rff_studentt3_002,rff_studentt3,2,6,[],0.00012517679946622007,0.007009900770108324,True
rff_studentt3_002,rff_studentt3,3,6,[],0.00048713904032637867,0.026792647217950827,True
rff_studentt3_002,rff_studentt3,4,6,[],0.5553931377347292,1.0,False
rff_studentt3_002,rff_studentt3,5,6,[],0.00657922479991635,0.3552781391954829,False
rff_studentt3_002,rff_studentt3,9,6,[],0.5297000037218932,1.0,False
rff_studentt3_002,rff_studentt3,0,7,"[6, 8]",0.4134979081992327,1.0,False
rff_studentt3_002,rff_studentt3,1,7,"[6, 8]",0.5450099601003825,1.0,False
rff_studentt3_002,rff_studentt3,2,7,"[6, 8]",0.09644805456872219,1.0,False
rff_studentt3_002,rff_studentt3,3,7,"[6, 8]",0.20262058584549947,1.0,False
rff_studentt3_002,rff_studentt3,4,7,"[6, 8]",0.1783491328416953,1.0,False
rff_studentt3_002,rff_studentt3,5,7,"[6, 8]",0.06983978795277779,1.0,False
rff_studentt3_002,rff_studentt3,9,7,"[6, 8]",0.7061558174421907,1.0,False
rff_studentt3_002,rff_studentt3,0,8,"[1, 6]",0.1986422799818348,1.0,False
rff_studentt3_002,rff_studentt3,2,8,"[1, 6]",0.629829973656832,1.0,False
rff_studentt3_002,rff_studentt3,3,8,"[1, 6]",0.17379017430693278,1.0,False
rff_studentt3_002,rff_studentt3,4,8,"[1, 6]",0.6666786387219261,1.0,False
rff_studentt3_002,rff_studentt3,5,8,"[1, 6]",0.5828792629950861,1.0,False
rff_studentt3_002,rff_studentt3,9,8,"[1, 6]",0.41911256428460697,1.0,False
rff_studentt3_002,rff_studentt3,0,9,[],0.3022793530037796,1.0,False
rff_studentt3_002,rff_studentt3,1,9,[],0.42327567805074184,1.0,False
rff_studentt3_002,rff_studentt3,4,9,[],0.4997878801431388,1.0,False
rff_studentt3_002,rff_studentt3,6,9,[],0.5297000037218932,1.0,False
rff_studentt3_002,rff_studentt3,7,9,[],0.11408097468027822,1.0,False
rff_studentt3_002,rff_studentt3,8,9,[],0.11198272170652956,1.0,False
rff_studentt3_003,rff_studentt3,2,0,"[1, 5]",0.29911345795283584,1.0,False
rff_studentt3_003,rff_studentt3,3,0,"[1, 5]",0.0867196684332634,1.0,False
rff_studentt3_003,rff_studentt3,4,0,"[1, 5]",0.13376821304562614,1.0,False
rff_studentt3_003,rff_studentt3,6,0,"[1, 5]",0.035381465683271274,1.0,False
rff_studentt3_003,rff_studentt3,7,0,"[1, 5]",0.037514799022029255,1.0,False
rff_studentt3_003,rff_studentt3,8,0,"[1, 5]",0.013953898086782712,0.945338710012039,False
rff_studentt3_003,rff_studentt3,9,0,"[1, 5]",0.1717729563212893,1.0,False
rff_studentt3_003,rff_studentt3,2,1,[5],0.8890161045429341,1.0,False
rff_studentt3_003,rff_studentt3,3,1,[5],0.14571576052077317,1.0,False
rff_studentt3_003,rff_studentt3,4,1,[5],0.4047555654511974,1.0,False
rff_studentt3_003,rff_studentt3,6,1,[5],0.20076195305521904,1.0,False
rff_studentt3_003,rff_studentt3,7,1,[5],0.02063721814691233,1.0,False
rff_studentt3_003,rff_studentt3,8,1,[5],0.015856609020204138,1.0,False
rff_studentt3_003,rff_studentt3,9,1,[5],0.16834633704280422,1.0,False
rff_studentt3_003,rff_studentt3,0,2,[6],0.06050781639288916,1.0,False
rff_studentt3_003,rff_studentt3,1,2,[6],0.3754168110812204,1.0,False
rff_studentt3_003,rff_studentt3,4,2,[6],0.019413625567289428,1.0,False
rff_studentt3_003,rff_studentt3,5,2,[6],0.49325567418386573,1.0,False
rff_studentt3_003,rff_studentt3,7,2,[6],0.2264286404159187,1.0,False
rff_studentt3_003,rff_studentt3,8,2,[6],0.6143644354893989,1.0,False
rff_studentt3_003,rff_studentt3,9,2,[6],0.01390203985311822,0.945338710012039,False
rff_studentt3_003,rff_studentt3,0,3,"[2, 4, 6]",0.3348105835905659,1.0,False
rff_studentt3_003,rff_studentt3,1,3,"[2, 4, 6]",0.45865398422062076,1.0,False
rff_studentt3_003,rff_studentt3,5,3,"[2, 4, 6]",0.6642843645492655,1.0,False
rff_studentt3_003,rff_studentt3,7,3,"[2, 4, 6]",0.2921364917656357,1.0,False
rff_studentt3_003,rff_studentt3,8,3,"[2, 4, 6]",0.6233265515429813,1.0,False
rff_studentt3_003,rff_studentt3,9,3,"[2, 4, 6]",0.6177751302220118,1.0,False
rff_studentt3_003,rff_studentt3,0,4,[],0.31725723817176976,1.0,False
rff_studentt3_003,rff_studentt3,1,4,[],0.2056610013466278,1.0,False
rff_studentt3_003,rff_studentt3,2,4,[],0.0326601030096596,1.0,False
rff_studentt3_003,rff_studentt3,5,4,[],0.042511682890909785,1.0,False
rff_studentt3_003,rff_studentt3,6,4,[],0.5848136859138513,1.0,False
rff_studentt3_003,rff_studentt3,7,4,[],0.5455125932886509,1.0,False
rff_studentt3_003,rff_studentt3,8,4,[],0.15692873524988937,1.0,False
rff_studentt3_003,rff_studentt3,9,4,[],0.042128105145443406,1.0,False
rff_studentt3_003,rff_studentt3,2,5,[],0.5723894681327606,1.0,False
rff_studentt3_003,rff_studentt3,3,5,[],0.6244784027898046,1.0,False
rff_studentt3_003,rff_studentt3,4,5,[],0.042511682890909785,1.0,False
rff_studentt3_003,rff_studentt3,6,5,[],1.0,1.0,False
rff_studentt3_003,rff_studentt3,9,5,[],0.5810297215179792,1.0,False
rff_studentt3_003,rff_studentt3,0,6,[],0.1935713185989576,1.0,False
rff_studentt3_003,rff_studentt3,1,6,[],0.561597820723554,1.0,False
rff_studentt3_003,rff_studentt3,4,6,[],0.5848136859138513,1.0,False
rff_studentt3_003,rff_studentt3,5,6,[],1.0,1.0,False
rff_studentt3_003,rff_studentt3,7,6,[],0.21641126843700575,1.0,False
rff_studentt3_003,rff_studentt3,8,6,[],0.6531656474029837,1.0,False
rff_studentt3_003,rff_studentt3,9,6,[],0.8369526315267721,1.0,False
rff_studentt3_003,rff_studentt3,0,7,"[5, 8]",0.9082744023578804,1.0,False
rff_studentt3_003,rff_studentt3,1,7,"[5, 8]",0.009927637836123937,0.6949346485286756,False
rff_studentt3_003,rff_studentt3,2,7,"[5, 8]",0.5645344883200003,1.0,False
rff_studentt3_003,rff_studentt3,3,7,"[5, 8]",0.6908086559950031,1.0,False
rff_studentt3_003,rff_studentt3,4,7,"[5, 8]",0.26196695144278115,1.0,False
rff_studentt3_003,rff_studentt3,6,7,"[5, 8]",0.7195735156129327,1.0,False
rff_studentt3_003,rff_studentt3,9,7,"[5, 8]",0.4481625765230983,1.0,False
rff_studentt3_003,rff_studentt3,0,8,[5],0.2121578194989231,1.0,False
rff_studentt3_003,rff_studentt3,1,8,[5],0.015856609020204138,1.0,False
rff_studentt3_003,rff_studentt3,2,8,[5],0.26972280852453545,1.0,False
rff_studentt3_003,rff_studentt3,3,8,[5],0.03476299456180543,1.0,False
rff_studentt3_003,rff_studentt3,4,8,[5],0.5479596229321195,1.0,False
rff_studentt3_003,rff_studentt3,6,8,[5],0.5596983994887947,1.0,False
rff_studentt3_003,rff_studentt3,9,8,[5],0.2323189058731554,1.0,False
rff_studentt3_003,rff_studentt3,0,9,[],0.012356809741545738,0.8526198721666559,False
rff_studentt3_003,rff_studentt3,1,9,[],0.21800525020189676,1.0,False
rff_studentt3_003,rff_studentt3,2,9,[],0.10396500757251159,1.0,False
rff_studentt3_003,rff_studentt3,3,9,[],0.17269096867287392,1.0,False
rff_studentt3_003,rff_studentt3,4,9,[],0.042128105145443406,1.0,False
rff_studentt3_003,rff_studentt3,5,9,[],0.5810297215179792,1.0,False
rff_studentt3_003,rff_studentt3,6,9,[],0.8369526315267721,1.0,False
rff_studentt3_003,rff_studentt3,7,9,[],0.21174722914907584,1.0,False
rff_studentt3_003,rff_studentt3,8,9,[],0.9615174355550935,1.0,False
rff_studentt3_004,rff_studentt3,4,0,"[1, 6]",0.45668835761907656,1.0,False
rff_studentt3_004,rff_studentt3,5,0,"[1, 6]",0.02829139470655684,1.0,False
rff_studentt3_004,rff_studentt3,9,0,"[1, 6]",0.08716601312254668,1.0,False
rff_studentt3_004,rff_studentt3,4,1,[],0.6153020557603675,1.0,False
rff_studentt3_004,rff_studentt3,5,1,[],0.14806097729789747,1.0,False
rff_studentt3_004,rff_studentt3,6,1,[],0.7756335598711717,1.0,False
rff_studentt3_004,rff_studentt3,9,1,[],0.24926881955175695,1.0,False
rff_studentt3_004,rff_studentt3,0,2,"[5, 8, 9]",0.5039361710971428,1.0,False
rff_studentt3_004,rff_studentt3,1,2,"[5, 8, 9]",0.22324468262710573,1.0,False
rff_studentt3_004,rff_studentt3,3,2,"[5, 8, 9]",0.6075191357864074,1.0,False
rff_studentt3_004,rff_studentt3,4,2,"[5, 8, 9]",0.39140416083623564,1.0,False
rff_studentt3_004,rff_studentt3,6,2,"[5, 8, 9]",0.17200148896943268,1.0,False
rff_studentt3_004,rff_studentt3,2,3,"[0, 1]",0.7576472293294887,1.0,False
rff_studentt3_004,rff_studentt3,4,3,"[0, 1]",0.5839281173749232,1.0,False
rff_studentt3_004,rff_studentt3,5,3,"[0, 1]",0.6841564952508147,1.0,False
rff_studentt3_004,rff_studentt3,6,3,"[0, 1]",0.14007876065487923,1.0,False
rff_studentt3_004,rff_studentt3,7,3,"[0, 1]",0.3302184506946896,1.0,False
rff_studentt3_004,rff_studentt3,8,3,"[0, 1]",0.25519448025232516,1.0,False
rff_studentt3_004,rff_studentt3,9,3,"[0, 1]",0.8001678696396113,1.0,False
rff_studentt3_004,rff_studentt3,0,4,[],0.2888030459798413,1.0,False
rff_studentt3_004,rff_studentt3,1,4,[],0.6153020557603675,1.0,False
rff_studentt3_004,rff_studentt3,2,4,[],0.5788341333416036,1.0,False
rff_studentt3_004,rff_studentt3,3,4,[],0.17485955573635303,1.0,False
rff_studentt3_004,rff_studentt3,5,4,[],0.323881431111682,1.0,False
rff_studentt3_004,rff_studentt3,6,4,[],0.037890725326102825,1.0,False
rff_studentt3_004,rff_studentt3,7,4,[],0.5710906379577648,1.0,False
rff_studentt3_004,rff_studentt3,8,4,[],0.37530232008536923,1.0,False
rff_studentt3_004,rff_studentt3,9,4,[],0.5251197570053623,1.0,False
rff_studentt3_004,rff_studentt3,0,5,[],0.6212084781332865,1.0,False
rff_studentt3_004,rff_studentt3,1,5,[],0.14806097729789747,1.0,False
rff_studentt3_004,rff_studentt3,3,5,[],0.7858008853387942,1.0,False
rff_studentt3_004,rff_studentt3,4,5,[],0.323881431111682,1.0,False
rff_studentt3_004,rff_studentt3,6,5,[],0.6280863275170192,1.0,False
rff_studentt3_004,rff_studentt3,1,6,[],0.7756335598711717,1.0,False
rff_studentt3_004,rff_studentt3,4,6,[],0.037890725326102825,1.0,False
rff_studentt3_004,rff_studentt3,5,6,[],0.6280863275170192,1.0,False
rff_studentt3_004,rff_studentt3,9,6,[],0.9570928073834796,1.0,False
rff_studentt3_004,rff_studentt3,1,7,"[0, 2, 6, 8, 9]",0.05103311490652673,1.0,False
rff_studentt3_004,rff_studentt3,3,7,"[0, 2, 6, 8, 9]",0.39213194711648025,1.0,False
rff_studentt3_004,rff_studentt3,4,7,"[0, 2, 6, 8, 9]",0.4035051086838526,1.0,False
rff_studentt3_004,rff_studentt3,5,7,"[0, 2, 6, 8, 9]",0.43738170378803853,1.0,False
rff_studentt3_004,rff_studentt3,1,8,"[0, 5, 6, 9]",0.6607118260171324,1.0,False
rff_studentt3_004,rff_studentt3,3,8,"[0, 5, 6, 9]",0.07269468850499572,1.0,False
rff_studentt3_004,rff_studentt3,4,8,"[0, 5, 6, 9]",0.3981143527947262,1.0,False
rff_studentt3_004,rff_studentt3,0,9,[5],0.14450004155459883,1.0,False
rff_studentt3_004,rff_studentt3,1,9,[5],0.12861653918957283,1.0,False
rff_studentt3_004,rff_studentt3,3,9,[5],0.8723561859541711,1.0,False
rff_studentt3_004,rff_studentt3,4,9,[5],0.6434482763546508,1.0,False
rff_studentt3_004,rff_studentt3,6,9,[5],0.4034629356397553,1.0,False
rff_studentt3_005,rff_studentt3,1,0,[],0.5188318715613217,1.0,False
rff_studentt3_005,rff_studentt3,2,0,[],0.8423678893925753,1.0,False
rff_studentt3_005,rff_studentt3,3,0,[],1.0,1.0,False
rff_studentt3_005,rff_studentt3,4,0,[],0.2720362105033003,1.0,False
rff_studentt3_005,rff_studentt3,5,0,[],0.8489941950447757,1.0,False
rff_studentt3_005,rff_studentt3,6,0,[],0.5271178261499362,1.0,False
rff_studentt3_005,rff_studentt3,7,0,[],0.38395166252195234,1.0,False
rff_studentt3_005,rff_studentt3,8,0,[],0.06725668519234729,1.0,False
rff_studentt3_005,rff_studentt3,9,0,[],0.07877115178559202,1.0,False
rff_studentt3_005,rff_studentt3,0,1,[],0.5188318715613217,1.0,False
rff_studentt3_005,rff_studentt3,3,1,[],0.41214657052778303,1.0,False
rff_studentt3_005,rff_studentt3,5,1,[],0.15618442947283873,1.0,False
rff_studentt3_005,rff_studentt3,0,2,"[1, 4, 6, 7]",0.262148556282086,1.0,False
rff_studentt3_005,rff_studentt3,3,2,"[1, 4, 6, 7]",0.19904944178457462,1.0,False
rff_studentt3_005,rff_studentt3,5,2,"[1, 4, 6, 7]",0.15484164423954883,1.0,False
rff_studentt3_005,rff_studentt3,8,2,"[1, 4, 6, 7]",0.3923275511431542,1.0,False
rff_studentt3_005,rff_studentt3,9,2,"[1, 4, 6, 7]",0.4373320428884351,1.0,False
rff_studentt3_005,rff_studentt3,0,3,[],1.0,1.0,False
rff_studentt3_005,rff_studentt3,1,3,[],0.41214657052778303,1.0,False
rff_studentt3_005,rff_studentt3,2,3,[],0.18515115951945837,1.0,False
rff_studentt3_005,rff_studentt3,4,3,[],0.611969782015348,1.0,False
rff_studentt3_005,rff_studentt3,6,3,[],0.09769812521883314,1.0,False
rff_studentt3_005,rff_studentt3,7,3,[],0.14066903871626757,1.0,False
rff_studentt3_005,rff_studentt3,8,3,[],0.5192673086492553,1.0,False
rff_studentt3_005,rff_studentt3,9,3,[],0.5141661189937916,1.0,False
rff_studentt3_005,rff_studentt3,0,4,[1],0.7755162471436156,1.0,False
rff_studentt3_005,rff_studentt3,3,4,[1],0.0051417107646376525,0.29821922434898385,False
rff_studentt3_005,rff_studentt3,5,4,[1],0.020619356953029855,1.0,False
rff_studentt3_005,rff_studentt3,6,4,[1],1.9682896327255506e-06,0.00011612908833080748,True
rff_studentt3_005,rff_studentt3,7,4,[1],7.781576494281239e-10,4.746761661511556e-08,True
rff_studentt3_005,rff_studentt3,0,5,[3],0.5921460831884002,1.0,False
rff_studentt3_005,rff_studentt3,1,5,[3],0.03267421374499446,1.0,False
rff_studentt3_005,rff_studentt3,2,5,[3],0.4643299821368837,1.0,False
rff_studentt3_005,rff_studentt3,4,5,[3],0.883608392725077,1.0,False
rff_studentt3_005,rff_studentt3,6,5,[3],0.4865179256831582,1.0,False
rff_studentt3_005,rff_studentt3,7,5,[3],0.48229609960040376,1.0,False
rff_studentt3_005,rff_studentt3,8,5,[3],0.5282872932601725,1.0,False
rff_studentt3_005,rff_studentt3,9,5,[3],0.5539790135334832,1.0,False
rff_studentt3_005,rff_studentt3,0,6,[7],0.3492643051910871,1.0,False
rff_studentt3_005,rff_studentt3,1,6,[7],0.4644987976993745,1.0,False
rff_studentt3_005,rff_studentt3,3,6,[7],0.5712665469146047,1.0,False
rff_studentt3_005,rff_studentt3,4,6,[7],0.32376360951596783,1.0,False
rff_studentt3_005,rff_studentt3,5,6,[7],0.5816578600476845,1.0,False
rff_studentt3_005,rff_studentt3,9,6,[7],0.00846052498187555,0.4737893989850308,False
rff_studentt3_005,rff_studentt3,0,7,[1],0.36896999522095264,1.0,False
rff_studentt3_005,rff_studentt3,3,7,[1],0.06683253081723084,1.0,False
rff_studentt3_005,rff_studentt3,4,7,[1],7.781576494281239e-10,4.746761661511556e-08,True
rff_studentt3_005,rff_studentt3,5,7,[1],0.3717198190958947,1.0,False
rff_studentt3_005,rff_studentt3,9,7,[1],0.005236437296652019,0.2984769259091651,False
rff_studentt3_005,rff_studentt3,0,8,"[1, 4, 6, 7]",0.6714077184736799,1.0,False
rff_studentt3_005,rff_studentt3,2,8,"[1, 4, 6, 7]",0.3923275511431542,1.0,False
rff_studentt3_005,rff_studentt3,3,8,"[1, 4, 6, 7]",0.30918485866681045,1.0,False
rff_studentt3_005,rff_studentt3,5,8,"[1, 4, 6, 7]",0.03681812280949326,1.0,False
rff_studentt3_005,rff_studentt3,9,8,"[1, 4, 6, 7]",1.0,1.0,False
rff_studentt3_005,rff_studentt3,0,9,"[1, 4]",0.09973273823902107,1.0,False
rff_studentt3_005,rff_studentt3,2,9,"[1, 4]",0.016522246294670584,0.9087235462068821,False
rff_studentt3_005,rff_studentt3,3,9,"[1, 4]",0.20894550477286244,1.0,False
rff_studentt3_005,rff_studentt3,5,9,"[1, 4]",0.08946871899527198,1.0,False
rff_studentt3_005,rff_studentt3,6,9,"[1, 4]",0.03906572750356774,1.0,False
rff_studentt3_005,rff_studentt3,7,9,"[1, 4]",0.8393505525072464,1.0,False
rff_studentt3_005,rff_studentt3,8,9,"[1, 4]",1.0,1.0,False
rff_studentt3_006,rff_studentt3,1,0,[4],0.5180172914682478,1.0,False
rff_studentt3_006,rff_studentt3,2,0,[4],0.24699935215648572,1.0,False
rff_studentt3_006,rff_studentt3,3,0,[4],0.4552258249815352,1.0,False
rff_studentt3_006,rff_studentt3,5,0,[4],0.1479642233507693,1.0,False
rff_studentt3_006,rff_studentt3,6,0,[4],0.29181301292398776,1.0,False
rff_studentt3_006,rff_studentt3,7,0,[4],0.049639818283460646,1.0,False
rff_studentt3_006,rff_studentt3,8,0,[4],0.18344134355943997,1.0,False
rff_studentt3_006,rff_studentt3,9,0,[4],0.14283229668988517,1.0,False
rff_studentt3_006,rff_studentt3,0,1,[],0.950424399575601,1.0,False
rff_studentt3_006,rff_studentt3,2,1,[],1.0,1.0,False
rff_studentt3_006,rff_studentt3,3,1,[],0.09948740619369278,1.0,False
rff_studentt3_006,rff_studentt3,4,1,[],0.4188340678024487,1.0,False
rff_studentt3_006,rff_studentt3,5,1,[],0.1838290073062343,1.0,False
rff_studentt3_006,rff_studentt3,6,1,[],0.6769970941069212,1.0,False
rff_studentt3_006,rff_studentt3,8,1,[],0.6305452508016032,1.0,False
rff_studentt3_006,rff_studentt3,9,1,[],0.30235537043316885,1.0,False
rff_studentt3_006,rff_studentt3,0,2,[4],0.24699935215648572,1.0,False
rff_studentt3_006,rff_studentt3,1,2,[4],1.0,1.0,False
rff_studentt3_006,rff_studentt3,3,2,[4],0.3032414515363333,1.0,False
rff_studentt3_006,rff_studentt3,6,2,[4],2.6367640293400996e-09,1.9512053817116737e-07,True
rff_studentt3_006,rff_studentt3,7,2,[4],0.6414845448154214,1.0,False
rff_studentt3_006,rff_studentt3,8,2,[4],0.2664576348551253,1.0,False
rff_studentt3_006,rff_studentt3,9,2,[4],0.5959527452391993,1.0,False
rff_studentt3_006,rff_studentt3,0,3,[],0.22028371728787943,1.0,False
rff_studentt3_006,rff_studentt3,1,3,[],0.09948740619369278,1.0,False
rff_studentt3_006,rff_studentt3,2,3,[],0.5538943199494368,1.0,False
rff_studentt3_006,rff_studentt3,4,3,[],0.33462550613020803,1.0,False
rff_studentt3_006,rff_studentt3,6,3,[],0.6027865819370501,1.0,False
rff_studentt3_006,rff_studentt3,7,3,[],0.43709369307642487,1.0,False
rff_studentt3_006,rff_studentt3,8,3,[],0.5487620451425974,1.0,False
rff_studentt3_006,rff_studentt3,9,3,[],1.0,1.0,False
rff_studentt3_006,rff_studentt3,1,4,[],0.4188340678024487,1.0,False
rff_studentt3_006,rff_studentt3,3,4,[],0.33462550613020803,1.0,False
rff_studentt3_006,rff_studentt3,7,4,[],0.48437573018894253,1.0,False
rff_studentt3_006,rff_studentt3,8,4,[],0.7137297603789657,1.0,False
rff_studentt3_006,rff_studentt3,9,4,[],0.455677959290679,1.0,False
rff_studentt3_006,rff_studentt3,0,5,"[2, 3, 4, 8]",0.28470712974898715,1.0,False
rff_studentt3_006,rff_studentt3,1,5,"[2, 3, 4, 8]",0.405738014804658,1.0,False
rff_studentt3_006,rff_studentt3,6,5,"[2, 3, 4, 8]",0.092043905847084,1.0,False
rff_studentt3_006,rff_studentt3,7,5,"[2, 3, 4, 8]",0.8772725213199232,1.0,False
rff_studentt3_006,rff_studentt3,9,5,"[2, 3, 4, 8]",0.38795761534817685,1.0,False
rff_studentt3_006,rff_studentt3,0,6,[4],0.29181301292398776,1.0,False
rff_studentt3_006,rff_studentt3,1,6,[4],0.9612568722279127,1.0,False
rff_studentt3_006,rff_studentt3,2,6,[4],2.6367640293400996e-09,1.9512053817116737e-07,True
rff_studentt3_006,rff_studentt3,3,6,[4],0.6654995834606303,1.0,False
rff_studentt3_006,rff_studentt3,5,6,[4],0.005436626975918957,0.3914371422661649,False
rff_studentt3_006,rff_studentt3,7,6,[4],0.4917589741382157,1.0,False
rff_studentt3_006,rff_studentt3,8,6,[4],0.4116171917186753,1.0,False
rff_studentt3_006,rff_studentt3,9,6,[4],0.11832220871599852,1.0,False
rff_studentt3_006,rff_studentt3,0,7,[1],0.847674780582608,1.0,False
rff_studentt3_006,rff_studentt3,2,7,[1],0.6520375950838564,1.0,False
rff_studentt3_006,rff_studentt3,3,7,[1],0.14971240933745278,1.0,False
rff_studentt3_006,rff_studentt3,4,7,[1],0.05239358302354136,1.0,False
rff_studentt3_006,rff_studentt3,5,7,[1],0.33116500715499675,1.0,False
rff_studentt3_006,rff_studentt3,6,7,[1],0.20769413155388938,1.0,False
rff_studentt3_006,rff_studentt3,8,7,[1],0.700804559799519,1.0,False
rff_studentt3_006,rff_studentt3,9,7,[1],0.7469031455006044,1.0,False
rff_studentt3_006,rff_studentt3,0,8,[],0.2998413368082625,1.0,False
rff_studentt3_006,rff_studentt3,1,8,[],0.6305452508016032,1.0,False
rff_studentt3_006,rff_studentt3,2,8,[],0.6858367526888638,1.0,False
rff_studentt3_006,rff_studentt3,3,8,[],0.5487620451425974,1.0,False
rff_studentt3_006,rff_studentt3,4,8,[],0.7137297603789657,1.0,False
rff_studentt3_006,rff_studentt3,6,8,[],0.3118180509440518,1.0,False
rff_studentt3_006,rff_studentt3,7,8,[],0.38169205171688425,1.0,False
rff_studentt3_006,rff_studentt3,9,8,[],0.5404398566797032,1.0,False
rff_studentt3_006,rff_studentt3,0,9,[],0.24377040122919513,1.0,False
rff_studentt3_006,rff_studentt3,1,9,[],0.30235537043316885,1.0,False
rff_studentt3_006,rff_studentt3,2,9,[],0.38659603994229996,1.0,False
rff_studentt3_006,rff_studentt3,3,9,[],1.0,1.0,False
rff_studentt3_006,rff_studentt3,4,9,[],0.455677959290679,1.0,False
rff_studentt3_006,rff_studentt3,5,9,[],0.6711413991293699,1.0,False
rff_studentt3_006,rff_studentt3,6,9,[],0.43641733711009345,1.0,False
rff_studentt3_006,rff_studentt3,7,9,[],0.9900848699683664,1.0,False
rff_studentt3_006,rff_studentt3,8,9,[],0.5404398566797032,1.0,False
rff_studentt3_007,rff_studentt3,2,0,"[3, 6]",0.2500312278074621,1.0,False
rff_studentt3_007,rff_studentt3,4,0,"[3, 6]",0.6448199895112086,1.0,False
rff_studentt3_007,rff_studentt3,5,0,"[3, 6]",0.13556177794573365,1.0,False
rff_studentt3_007,rff_studentt3,8,0,"[3, 6]",0.7387239636832956,1.0,False
rff_studentt3_007,rff_studentt3,9,0,"[3, 6]",0.5979408905466026,1.0,False
rff_studentt3_007,rff_studentt3,4,1,"[0, 2, 3, 6, 7, 8, 9]",0.8367858384112095,1.0,False
rff_studentt3_007,rff_studentt3,5,1,"[0, 2, 3, 6, 7, 8, 9]",0.6213087519916105,1.0,False
rff_studentt3_007,rff_studentt3,0,2,[8],0.13943836546577404,1.0,False
rff_studentt3_007,rff_studentt3,3,2,[8],0.39792465402956345,1.0,False
rff_studentt3_007,rff_studentt3,4,2,[8],0.3136587500386342,1.0,False
rff_studentt3_007,rff_studentt3,5,2,[8],0.09009733094052852,1.0,False
rff_studentt3_007,rff_studentt3,6,2,[8],0.9642380297199288,1.0,False
rff_studentt3_007,rff_studentt3,7,2,[8],0.7747449745285979,1.0,False
rff_studentt3_007,rff_studentt3,9,2,[8],0.10620858190351679,1.0,False
rff_studentt3_007,rff_studentt3,2,3,[],0.43055483078631784,1.0,False
rff_studentt3_007,rff_studentt3,4,3,[],0.4660861828536018,1.0,False
rff_studentt3_007,rff_studentt3,5,3,[],0.028876245911139353,1.0,False
rff_studentt3_007,rff_studentt3,8,3,[],0.5161624671404202,1.0,False
rff_studentt3_007,rff_studentt3,0,4,[],0.7673680616730008,1.0,False
rff_studentt3_007,rff_studentt3,1,4,[],0.11166526533056464,1.0,False
rff_studentt3_007,rff_studentt3,2,4,[],1.0,1.0,False
rff_studentt3_007,rff_studentt3,3,4,[],0.4660861828536018,1.0,False
rff_studentt3_007,rff_studentt3,5,4,[],0.6981845348999893,1.0,False
rff_studentt3_007,rff_studentt3,6,4,[],0.40867800068714577,1.0,False
rff_studentt3_007,rff_studentt3,7,4,[],0.9954183451924353,1.0,False
rff_studentt3_007,rff_studentt3,8,4,[],0.9468369838499865,1.0,False
rff_studentt3_007,rff_studentt3,9,4,[],0.19095093719477885,1.0,False
rff_studentt3_007,rff_studentt3,0,5,[],0.7489666221219351,1.0,False
rff_studentt3_007,rff_studentt3,2,5,[],0.3495850331008279,1.0,False
rff_studentt3_007,rff_studentt3,3,5,[],0.028876245911139353,1.0,False
rff_studentt3_007,rff_studentt3,4,5,[],0.6981845348999893,1.0,False
rff_studentt3_007,rff_studentt3,6,5,[],0.16546650511024286,1.0,False
rff_studentt3_007,rff_studentt3,8,5,[],0.09041572115259633,1.0,False
rff_studentt3_007,rff_studentt3,9,5,[],0.4998709695154415,1.0,False
rff_studentt3_007,rff_studentt3,2,6,[3],0.09714925826854837,1.0,False
rff_studentt3_007,rff_studentt3,4,6,[3],0.6562939185306098,1.0,False
rff_studentt3_007,rff_studentt3,5,6,[3],0.5856969057983485,1.0,False
rff_studentt3_007,rff_studentt3,8,6,[3],0.18185564805725707,1.0,False
rff_studentt3_007,rff_studentt3,2,7,"[0, 3, 5, 6, 9]",0.4503485433475577,1.0,False
rff_studentt3_007,rff_studentt3,4,7,"[0, 3, 5, 6, 9]",0.2032266184383401,1.0,False
rff_studentt3_007,rff_studentt3,8,7,"[0, 3, 5, 6, 9]",0.38969955387730115,1.0,False
rff_studentt3_007,rff_studentt3,0,8,[],0.8233783098775872,1.0,False
rff_studentt3_007,rff_studentt3,3,8,[],0.5161624671404202,1.0,False
rff_studentt3_007,rff_studentt3,4,8,[],0.9468369838499865,1.0,False
rff_studentt3_007,rff_studentt3,5,8,[],0.09041572115259633,1.0,False
rff_studentt3_007,rff_studentt3,6,8,[],0.13152752944137014,1.0,False
rff_studentt3_007,rff_studentt3,7,8,[],0.7623563708188229,1.0,False
rff_studentt3_007,rff_studentt3,9,8,[],0.6098022568405645,1.0,False
rff_studentt3_007,rff_studentt3,0,9,"[3, 6]",0.5979408905466026,1.0,False
rff_studentt3_007,rff_studentt3,2,9,"[3, 6]",0.02646818917338567,1.0,False
rff_studentt3_007,rff_studentt3,4,9,"[3, 6]",0.29765395369093184,1.0,False
rff_studentt3_007,rff_studentt3,5,9,"[3, 6]",0.23128119102997657,1.0,False
rff_studentt3_007,rff_studentt3,8,9,"[3, 6]",0.030350731575359613,1.0,False
rff_studentt3_008,rff_studentt3,2,0,[],0.6975159598338213,1.0,False
rff_studentt3_008,rff_studentt3,3,0,[],0.4124778541117985,1.0,False
rff_studentt3_008,rff_studentt3,4,0,[],0.2633341367144093,1.0,False
rff_studentt3_008,rff_studentt3,5,0,[],0.738675968701033,1.0,False
rff_studentt3_008,rff_studentt3,6,0,[],6.820933040607713e-09,4.842862458831476e-07,True
rff_studentt3_008,rff_studentt3,7,0,[],0.19512708510991406,1.0,False
rff_studentt3_008,rff_studentt3,8,0,[],0.2889403174393761,1.0,False
rff_studentt3_008,rff_studentt3,9,0,[],0.4476770371538884,1.0,False
rff_studentt3_008,rff_studentt3,3,1,"[0, 2, 8, 9]",0.8443109685650843,1.0,False
rff_studentt3_008,rff_studentt3,4,1,"[0, 2, 8, 9]",0.22533129193133494,1.0,False
rff_studentt3_008,rff_studentt3,5,1,"[0, 2, 8, 9]",0.19234148262443396,1.0,False
rff_studentt3_008,rff_studentt3,6,1,"[0, 2, 8, 9]",0.4559098913463461,1.0,False
rff_studentt3_008,rff_studentt3,7,1,"[0, 2, 8, 9]",0.4365590853518371,1.0,False
rff_studentt3_008,rff_studentt3,0,2,[5],0.331136140105207,1.0,False
rff_studentt3_008,rff_studentt3,3,2,[5],0.044818620927279285,1.0,False
rff_studentt3_008,rff_studentt3,4,2,[5],0.2437566447984605,1.0,False
rff_studentt3_008,rff_studentt3,6,2,[5],0.7491203919288357,1.0,False
rff_studentt3_008,rff_studentt3,7,2,[5],0.9932728437025421,1.0,False
rff_studentt3_008,rff_studentt3,8,2,[5],0.023428813997437237,1.0,False
rff_studentt3_008,rff_studentt3,9,2,[5],0.4675575005509923,1.0,False
rff_studentt3_008,rff_studentt3,0,3,[5],0.5403861615340758,1.0,False
rff_studentt3_008,rff_studentt3,1,3,[5],0.33032963526271397,1.0,False
rff_studentt3_008,rff_studentt3,2,3,[5],0.044818620927279285,1.0,False
rff_studentt3_008,rff_studentt3,6,3,[5],0.48738158198292725,1.0,False
rff_studentt3_008,rff_studentt3,7,3,[5],0.6899631092236244,1.0,False
rff_studentt3_008,rff_studentt3,8,3,[5],0.5587594779963578,1.0,False
rff_studentt3_008,rff_studentt3,9,3,[5],0.2901320077193429,1.0,False
rff_studentt3_008,rff_studentt3,0,4,"[3, 5]",1.0,1.0,False
rff_studentt3_008,rff_studentt3,1,4,"[3, 5]",0.7493779141649237,1.0,False
rff_studentt3_008,rff_studentt3,2,4,"[3, 5]",0.646879391795576,1.0,False
rff_studentt3_008,rff_studentt3,6,4,"[3, 5]",0.8097575645778731,1.0,False
rff_studentt3_008,rff_studentt3,7,4,"[3, 5]",0.5894941418768551,1.0,False
rff_studentt3_008,rff_studentt3,8,4,"[3, 5]",0.5367171147866963,1.0,False
rff_studentt3_008,rff_studentt3,9,4,"[3, 5]",0.8861515452754198,1.0,False
rff_studentt3_008,rff_studentt3,0,5,[],0.738675968701033,1.0,False
rff_studentt3_008,rff_studentt3,6,5,[],0.405477203903144,1.0,False
rff_studentt3_008,rff_studentt3,7,5,[],0.4744922676655372,1.0,False
rff_studentt3_008,rff_studentt3,8,5,[],0.11083950323920588,1.0,False
rff_studentt3_008,rff_studentt3,0,6,[],6.820933040607713e-09,4.842862458831476e-07,True
rff_studentt3_008,rff_studentt3,1,6,[],0.03424853936112571,1.0,False
rff_studentt3_008,rff_studentt3,2,6,[],1.0,1.0,False
rff_studentt3_008,rff_studentt3,3,6,[],0.38614171345168824,1.0,False
rff_studentt3_008,rff_studentt3,4,6,[],0.45276157625597047,1.0,False
rff_studentt3_008,rff_studentt3,5,6,[],0.405477203903144,1.0,False
rff_studentt3_008,rff_studentt3,7,6,[],0.004108421352603586,0.28348107332964745,False
rff_studentt3_008,rff_studentt3,8,6,[],0.04575394244561881,1.0,False
rff_studentt3_008,rff_studentt3,9,6,[],0.9948158954860399,1.0,False
rff_studentt3_008,rff_studentt3,0,7,[],0.19512708510991406,1.0,False
rff_studentt3_008,rff_studentt3,1,7,[],0.04544942043637501,1.0,False
rff_studentt3_008,rff_studentt3,2,7,[],0.9035429104608601,1.0,False
rff_studentt3_008,rff_studentt3,3,7,[],0.34801978998226324,1.0,False
rff_studentt3_008,rff_studentt3,4,7,[],0.5094085280697296,1.0,False
rff_studentt3_008,rff_studentt3,5,7,[],0.4744922676655372,1.0,False
rff_studentt3_008,rff_studentt3,6,7,[],0.004108421352603586,0.28348107332964745,False
rff_studentt3_008,rff_studentt3,8,7,[],1.0,1.0,False
rff_studentt3_008,rff_studentt3,9,7,[],0.8392912214023173,1.0,False
rff_studentt3_008,rff_studentt3,0,8,[],0.2889403174393761,1.0,False
rff_studentt3_008,rff_studentt3,2,8,[],0.3271744533595473,1.0,False
rff_studentt3_008,rff_studentt3,3,8,[],0.3257854236590574,1.0,False
rff_studentt3_008,rff_studentt3,4,8,[],0.126591590734918,1.0,False
rff_studentt3_008,rff_studentt3,5,8,[],0.11083950323920588,1.0,False
rff_studentt3_008,rff_studentt3,6,8,[],0.04575394244561881,1.0,False
rff_studentt3_008,rff_studentt3,7,8,[],1.0,1.0,False
rff_studentt3_008,rff_studentt3,9,8,[],0.32323762979361037,1.0,False
rff_studentt3_008,rff_studentt3,0,9,[5],0.20030076110779493,1.0,False
rff_studentt3_008,rff_studentt3,2,9,[5],0.4675575005509923,1.0,False
rff_studentt3_008,rff_studentt3,3,9,[5],0.2901320077193429,1.0,False
rff_studentt3_008,rff_studentt3,4,9,[5],0.9526957399009797,1.0,False
rff_studentt3_008,rff_studentt3,6,9,[5],0.35399982058628543,1.0,False
rff_studentt3_008,rff_studentt3,7,9,[5],0.8266424281380359,1.0,False
rff_studentt3_008,rff_studentt3,8,9,[5],0.192630233420226,1.0,False
rff_studentt3_009,rff_studentt3,1,0,[],0.3038357345458895,1.0,False
rff_studentt3_009,rff_studentt3,4,0,[],0.08951872447060605,1.0,False
rff_studentt3_009,rff_studentt3,5,0,[],0.1663068139957744,1.0,False
rff_studentt3_009,rff_studentt3,7,0,[],0.7981493797280007,1.0,False
rff_studentt3_009,rff_studentt3,8,0,[],0.7589796695494008,1.0,False
rff_studentt3_009,rff_studentt3,9,0,[],0.04235914341521385,1.0,False
rff_studentt3_009,rff_studentt3,0,1,[],0.3038357345458895,1.0,False
rff_studentt3_009,rff_studentt3,2,1,[],0.5724647330028088,1.0,False
rff_studentt3_009,rff_studentt3,3,1,[],0.3547573857848588,1.0,False
rff_studentt3_009,rff_studentt3,4,1,[],0.37838877881750366,1.0,False
rff_studentt3_009,rff_studentt3,5,1,[],0.0007211475563357883,0.04759573871816203,True
rff_studentt3_009,rff_studentt3,6,1,[],0.28136224830904455,1.0,False
rff_studentt3_009,rff_studentt3,7,1,[],0.013969634303805822,0.9080262297473785,False
rff_studentt3_009,rff_studentt3,8,1,[],0.7728116880642568,1.0,False
rff_studentt3_009,rff_studentt3,9,1,[],0.047989093871203314,1.0,False
rff_studentt3_009,rff_studentt3,1,2,"[0, 3]",0.3764262393355954,1.0,False
rff_studentt3_009,rff_studentt3,4,2,"[0, 3]",0.7875608767029312,1.0,False
rff_studentt3_009,rff_studentt3,5,2,"[0, 3]",0.6872065352569208,1.0,False
rff_studentt3_009,rff_studentt3,7,2,"[0, 3]",0.4549238158773117,1.0,False
rff_studentt3_009,rff_studentt3,8,2,"[0, 3]",0.532636148055851,1.0,False
rff_studentt3_009,rff_studentt3,9,2,"[0, 3]",0.4243546077704472,1.0,False
rff_studentt3_009,rff_studentt3,1,3,[0],0.3143530304599923,1.0,False
rff_studentt3_009,rff_studentt3,4,3,[0],0.4524233538603344,1.0,False
rff_studentt3_009,rff_studentt3,5,3,[0],0.45601170859478435,1.0,False
rff_studentt3_009,rff_studentt3,7,3,[0],0.1267820935948386,1.0,False
rff_studentt3_009,rff_studentt3,8,3,[0],0.3989759519478777,1.0,False
rff_studentt3_009,rff_studentt3,9,3,[0],0.1448841238887274,1.0,False
rff_studentt3_009,rff_studentt3,0,4,[],0.08951872447060605,1.0,False
rff_studentt3_009,rff_studentt3,1,4,[],0.37838877881750366,1.0,False
rff_studentt3_009,rff_studentt3,2,4,[],0.7089755671181157,1.0,False
rff_studentt3_009,rff_studentt3,3,4,[],0.527666754561141,1.0,False
rff_studentt3_009,rff_studentt3,6,4,[],0.12693452556743245,1.0,False
rff_studentt3_009,rff_studentt3,7,4,[],0.33944394285192114,1.0,False
rff_studentt3_009,rff_studentt3,8,4,[],0.4077504962616113,1.0,False
rff_studentt3_009,rff_studentt3,0,5,[4],0.10158327526933442,1.0,False
rff_studentt3_009,rff_studentt3,1,5,[4],0.04953918733158691,1.0,False
rff_studentt3_009,rff_studentt3,2,5,[4],0.29204021914371536,1.0,False
rff_studentt3_009,rff_studentt3,3,5,[4],0.6990148795340922,1.0,False
rff_studentt3_009,rff_studentt3,6,5,[4],0.12176257256683531,1.0,False
rff_studentt3_009,rff_studentt3,7,5,[4],0.48378930848751023,1.0,False
rff_studentt3_009,rff_studentt3,8,5,[4],0.593138944702551,1.0,False
rff_studentt3_009,rff_studentt3,1,6,"[0, 2, 3]",0.8833445591507139,1.0,False
rff_studentt3_009,rff_studentt3,4,6,"[0, 2, 3]",0.41936473319156087,1.0,False
rff_studentt3_009,rff_studentt3,5,6,"[0, 2, 3]",0.17739997994132706,1.0,False
rff_studentt3_009,rff_studentt3,7,6,"[0, 2, 3]",0.014440707103103634,0.9097645474955289,False
rff_studentt3_009,rff_studentt3,8,6,"[0, 2, 3]",0.039405241272523206,1.0,False
rff_studentt3_009,rff_studentt3,9,6,"[0, 2, 3]",0.65958804222812,1.0,False
rff_studentt3_009,rff_studentt3,0,7,[],0.7981493797280007,1.0,False
rff_studentt3_009,rff_studentt3,1,7,[],0.013969634303805822,0.9080262297473785,False
rff_studentt3_009,rff_studentt3,2,7,[],0.8246874267571686,1.0,False
rff_studentt3_009,rff_studentt3,3,7,[],0.3269080931270243,1.0,False
rff_studentt3_009,rff_studentt3,4,7,[],0.33944394285192114,1.0,False
rff_studentt3_009,rff_studentt3,5,7,[],0.025623438776355867,1.0,False
rff_studentt3_009,rff_studentt3,6,7,[],0.2409822251592152,1.0,False
rff_studentt3_009,rff_studentt3,0,8,[7],0.9270053669097815,1.0,False
rff_studentt3_009,rff_studentt3,1,8,[7],0.8843463277492685,1.0,False
rff_studentt3_009,rff_studentt3,2,8,[7],0.7973343695810017,1.0,False
rff_studentt3_009,rff_studentt3,3,8,[7],0.6643427143565677,1.0,False
rff_studentt3_009,rff_studentt3,4,8,[7],0.3841912837847201,1.0,False
rff_studentt3_009,rff_studentt3,5,8,[7],0.020358335266713268,1.0,False
rff_studentt3_009,rff_studentt3,6,8,[7],0.4059037337877973,1.0,False
rff_studentt3_009,rff_studentt3,0,9,"[4, 5, 7, 8]",0.048087259684720496,1.0,False
rff_studentt3_009,rff_studentt3,1,9,"[4, 5, 7, 8]",0.033504954657945785,1.0,False
rff_studentt3_009,rff_studentt3,2,9,"[4, 5, 7, 8]",0.35233353705826775,1.0,False
rff_studentt3_009,rff_studentt3,3,9,"[4, 5, 7, 8]",0.34689112806096656,1.0,False
rff_studentt3_009,rff_studentt3,6,9,"[4, 5, 7, 8]",0.37772275412483236,1.0,False
rff_studentt3_010,rff_studentt3,1,0,[2],0.7132991707801137,1.0,False
rff_studentt3_010,rff_studentt3,3,0,[2],0.32344167404499125,1.0,False
rff_studentt3_010,rff_studentt3,4,0,[2],0.10585906036607995,1.0,False
rff_studentt3_010,rff_studentt3,5,0,[2],0.07355849399570857,1.0,False
rff_studentt3_010,rff_studentt3,6,0,[2],0.0,0.0,True
rff_studentt3_010,rff_studentt3,7,0,[2],0.5194651145348981,1.0,False
rff_studentt3_010,rff_studentt3,8,0,[2],0.14922032333930846,1.0,False
rff_studentt3_010,rff_studentt3,9,0,[2],0.5530965175071803,1.0,False
rff_studentt3_010,rff_studentt3,0,1,[4],0.10613550884631451,1.0,False
rff_studentt3_010,rff_studentt3,2,1,[4],0.8786199700217934,1.0,False
rff_studentt3_010,rff_studentt3,3,1,[4],5.646643397883011e-05,0.003670318208623957,True
rff_studentt3_010,rff_studentt3,5,1,[4],0.5330140146649842,1.0,False
rff_studentt3_010,rff_studentt3,6,1,[4],0.11983039938034767,1.0,False
rff_studentt3_010,rff_studentt3,7,1,[4],0.331371613041091,1.0,False
rff_studentt3_010,rff_studentt3,8,1,[4],0.4474183632021692,1.0,False
rff_studentt3_010,rff_studentt3,9,1,[4],0.009104366264074959,0.5644707083726475,False
rff_studentt3_010,rff_studentt3,5,2,[],0.46959928498817316,1.0,False
rff_studentt3_010,rff_studentt3,0,3,"[2, 9]",0.5980657408377607,1.0,False
rff_studentt3_010,rff_studentt3,1,3,"[2, 9]",4.6138264527484374e-05,0.0030451254588139687,True
rff_studentt3_010,rff_studentt3,4,3,"[2, 9]",0.8181593170473886,1.0,False
rff_studentt3_010,rff_studentt3,5,3,"[2, 9]",0.1598574073087935,1.0,False
rff_studentt3_010,rff_studentt3,6,3,"[2, 9]",0.03581876558602293,1.0,False
rff_studentt3_010,rff_studentt3,7,3,"[2, 9]",1.0,1.0,False
rff_studentt3_010,rff_studentt3,8,3,"[2, 9]",0.6433067281630356,1.0,False
rff_studentt3_010,rff_studentt3,0,4,[2],0.10585906036607995,1.0,False
rff_studentt3_010,rff_studentt3,3,4,[2],0.0221854996106996,1.0,False
rff_studentt3_010,rff_studentt3,5,4,[2],0.9108512433106296,1.0,False
rff_studentt3_010,rff_studentt3,6,4,[2],0.7675988772808304,1.0,False
rff_studentt3_010,rff_studentt3,9,4,[2],0.07515223254396486,1.0,False
rff_studentt3_010,rff_studentt3,0,5,[],0.9945137016367613,1.0,False
rff_studentt3_010,rff_studentt3,1,5,[],0.7936310124066728,1.0,False
rff_studentt3_010,rff_studentt3,2,5,[],0.46959928498817316,1.0,False
rff_studentt3_010,rff_studentt3,3,5,[],0.27805989978731926,1.0,False
rff_studentt3_010,rff_studentt3,4,5,[],0.6246618640557486,1.0,False
rff_studentt3_010,rff_studentt3,6,5,[],1.0,1.0,False
rff_studentt3_010,rff_studentt3,7,5,[],0.5441560765095232,1.0,False
rff_studentt3_010,rff_studentt3,8,5,[],0.8997139020035592,1.0,False
rff_studentt3_010,rff_studentt3,9,5,[],0.43987155619119955,1.0,False
rff_studentt3_010,rff_studentt3,0,6,[2],0.0,0.0,True
rff_studentt3_010,rff_studentt3,1,6,[2],0.14013636202335578,1.0,False
rff_studentt3_010,rff_studentt3,3,6,[2],0.3451711717482837,1.0,False
rff_studentt3_010,rff_studentt3,4,6,[2],0.7675988772808304,1.0,False
rff_studentt3_010,rff_studentt3,5,6,[2],0.8931850433431535,1.0,False
rff_studentt3_010,rff_studentt3,7,6,[2],0.8374089905173676,1.0,False
rff_studentt3_010,rff_studentt3,8,6,[2],0.3876500613286249,1.0,False
rff_studentt3_010,rff_studentt3,9,6,[2],0.3208283362740749,1.0,False
rff_studentt3_010,rff_studentt3,0,7,[8],0.6917643614271821,1.0,False
rff_studentt3_010,rff_studentt3,1,7,[8],0.27103128483973704,1.0,False
rff_studentt3_010,rff_studentt3,2,7,[8],0.4029687759756314,1.0,False
rff_studentt3_010,rff_studentt3,3,7,[8],0.5542458052097121,1.0,False
rff_studentt3_010,rff_studentt3,4,7,[8],0.11787443059432767,1.0,False
rff_studentt3_010,rff_studentt3,5,7,[8],0.40275234963612594,1.0,False
rff_studentt3_010,rff_studentt3,6,7,[8],1.0,1.0,False
rff_studentt3_010,rff_studentt3,9,7,[8],0.7777496718078618,1.0,False
rff_studentt3_010,rff_studentt3,0,8,[4],0.4445550871605737,1.0,False
rff_studentt3_010,rff_studentt3,1,8,[4],0.4474183632021692,1.0,False
rff_studentt3_010,rff_studentt3,2,8,[4],0.0006682064227229167,0.04276521105426667,True
rff_studentt3_010,rff_studentt3,3,8,[4],0.002897892286290671,0.18256721403631226,False
rff_studentt3_010,rff_studentt3,5,8,[4],0.5507603978062298,1.0,False
rff_studentt3_010,rff_studentt3,6,8,[4],0.27109042686666673,1.0,False
rff_studentt3_010,rff_studentt3,9,8,[4],0.016638046150403873,1.0,False
rff_studentt3_010,rff_studentt3,0,9,[2],0.5530965175071803,1.0,False
rff_studentt3_010,rff_studentt3,1,9,[2],0.021484819636167107,1.0,False
rff_studentt3_010,rff_studentt3,4,9,[2],0.07515223254396486,1.0,False
rff_studentt3_010,rff_studentt3,5,9,[2],0.4453609852675465,1.0,False
rff_studentt3_010,rff_studentt3,6,9,[2],0.3208283362740749,1.0,False
rff_studentt3_010,rff_studentt3,7,9,[2],0.5381362429245143,1.0,False
rff_studentt3_010,rff_studentt3,8,9,[2],0.6363479167854105,1.0,False
rff_studentt3_011,rff_studentt3,3,0,"[1, 2]",0.5230002829935321,1.0,False
rff_studentt3_011,rff_studentt3,4,0,"[1, 2]",0.3731694473607121,1.0,False
rff_studentt3_011,rff_studentt3,5,0,"[1, 2]",0.17406744804452523,1.0,False
rff_studentt3_011,rff_studentt3,6,0,"[1, 2]",0.9004323370321535,1.0,False
rff_studentt3_011,rff_studentt3,7,0,"[1, 2]",0.4319597004629818,1.0,False
rff_studentt3_011,rff_studentt3,8,0,"[1, 2]",0.609570513145551,1.0,False
rff_studentt3_011,rff_studentt3,3,1,[],1.0,1.0,False
rff_studentt3_011,rff_studentt3,4,1,[],0.16329479274814185,1.0,False
rff_studentt3_011,rff_studentt3,5,1,[],0.6853577112969933,1.0,False
rff_studentt3_011,rff_studentt3,7,1,[],0.41225972416146794,1.0,False
rff_studentt3_011,rff_studentt3,8,1,[],1.0,1.0,False
rff_studentt3_011,rff_studentt3,3,2,[1],0.06673967206921616,1.0,False
rff_studentt3_011,rff_studentt3,4,2,[1],0.26955205528452486,1.0,False
rff_studentt3_011,rff_studentt3,5,2,[1],0.5540749983818918,1.0,False
rff_studentt3_011,rff_studentt3,6,2,[1],0.4747762625755001,1.0,False
rff_studentt3_011,rff_studentt3,7,2,[1],0.2629268094653978,1.0,False
rff_studentt3_011,rff_studentt3,8,2,[1],0.10812772184908881,1.0,False
rff_studentt3_011,rff_studentt3,0,3,[7],0.8237358508021687,1.0,False
rff_studentt3_011,rff_studentt3,1,3,[7],0.5602707384018876,1.0,False
rff_studentt3_011,rff_studentt3,2,3,[7],0.18140617954719773,1.0,False
rff_studentt3_011,rff_studentt3,4,3,[7],0.07274359540467967,1.0,False
rff_studentt3_011,rff_studentt3,5,3,[7],0.04573863302140457,1.0,False
rff_studentt3_011,rff_studentt3,6,3,[7],0.543921029752468,1.0,False
rff_studentt3_011,rff_studentt3,9,3,[7],0.28730600407842066,1.0,False
rff_studentt3_011,rff_studentt3,0,4,[],0.5407673637322568,1.0,False
rff_studentt3_011,rff_studentt3,1,4,[],0.16329479274814185,1.0,False
rff_studentt3_011,rff_studentt3,2,4,[],0.3881488959194842,1.0,False
rff_studentt3_011,rff_studentt3,3,4,[],0.5494657828325196,1.0,False
rff_studentt3_011,rff_studentt3,5,4,[],1.0,1.0,False
rff_studentt3_011,rff_studentt3,6,4,[],0.37592295063048964,1.0,False
rff_studentt3_011,rff_studentt3,7,4,[],0.2529572722458244,1.0,False
rff_studentt3_011,rff_studentt3,8,4,[],0.6557773556605966,1.0,False
rff_studentt3_011,rff_studentt3,9,4,[],0.21690764015958486,1.0,False
rff_studentt3_011,rff_studentt3,0,5,[],0.5585836821536712,1.0,False
rff_studentt3_011,rff_studentt3,1,5,[],0.6853577112969933,1.0,False
rff_studentt3_011,rff_studentt3,2,5,[],0.9626966962539375,1.0,False
rff_studentt3_011,rff_studentt3,3,5,[],0.4728051320572495,1.0,False
rff_studentt3_011,rff_studentt3,4,5,[],1.0,1.0,False
rff_studentt3_011,rff_studentt3,6,5,[],0.8687748615300375,1.0,False
rff_studentt3_011,rff_studentt3,7,5,[],0.3675955130582329,1.0,False
rff_studentt3_011,rff_studentt3,8,5,[],0.6445921049046214,1.0,False
rff_studentt3_011,rff_studentt3,9,5,[],0.3105075950997539,1.0,False
rff_studentt3_011,rff_studentt3,0,6,[1],0.30215541738063834,1.0,False
rff_studentt3_011,rff_studentt3,2,6,[1],0.4747762625755001,1.0,False
rff_studentt3_011,rff_studentt3,3,6,[1],0.19641376114900444,1.0,False
rff_studentt3_011,rff_studentt3,4,6,[1],0.14863188682150108,1.0,False
rff_studentt3_011,rff_studentt3,5,6,[1],0.8515846608285875,1.0,False
rff_studentt3_011,rff_studentt3,7,6,[1],0.7325071855036892,1.0,False
rff_studentt3_011,rff_studentt3,8,6,[1],0.6378853032224042,1.0,False
rff_studentt3_011,rff_studentt3,9,6,[1],0.1603927887098726,1.0,False
rff_studentt3_011,rff_studentt3,0,7,[],0.0011536378184706653,0.07844737165600524,False
rff_studentt3_011,rff_studentt3,1,7,[],0.41225972416146794,1.0,False
rff_studentt3_011,rff_studentt3,2,7,[],0.10160004212348406,1.0,False
rff_studentt3_011,rff_studentt3,4,7,[],0.2529572722458244,1.0,False
rff_studentt3_011,rff_studentt3,5,7,[],0.3675955130582329,1.0,False
rff_studentt3_011,rff_studentt3,6,7,[],0.5928880811109003,1.0,False
rff_studentt3_011,rff_studentt3,0,8,"[3, 7]",0.3551618050060269,1.0,False
rff_studentt3_011,rff_studentt3,1,8,"[3, 7]",0.06891789328364106,1.0,False
rff_studentt3_011,rff_studentt3,2,8,"[3, 7]",0.4780755242558804,1.0,False
rff_studentt3_011,rff_studentt3,4,8,"[3, 7]",0.0851402519950899,1.0,False
rff_studentt3_011,rff_studentt3,5,8,"[3, 7]",0.4946401999518819,1.0,False
rff_studentt3_011,rff_studentt3,6,8,"[3, 7]",0.28256725496596025,1.0,False
rff_studentt3_011,rff_studentt3,9,8,"[3, 7]",0.5247932118526325,1.0,False
rff_studentt3_011,rff_studentt3,3,9,"[0, 1, 2, 7]",0.36597441654374896,1.0,False
rff_studentt3_011,rff_studentt3,4,9,"[0, 1, 2, 7]",0.49911899336470955,1.0,False
rff_studentt3_011,rff_studentt3,5,9,"[0, 1, 2, 7]",0.0038470587134203926,0.2577529337991663,False
rff_studentt3_011,rff_studentt3,6,9,"[0, 1, 2, 7]",0.16682176030643392,1.0,False
rff_studentt3_011,rff_studentt3,8,9,"[0, 1, 2, 7]",0.4276687033684087,1.0,False
rff_studentt3_012,rff_studentt3,1,0,"[2, 4]",0.36103518171804994,1.0,False
rff_studentt3_012,rff_studentt3,3,0,"[2, 4]",1.0,1.0,False
rff_studentt3_012,rff_studentt3,5,0,"[2, 4]",0.3277946126121205,1.0,False
rff_studentt3_012,rff_studentt3,6,0,"[2, 4]",0.48051764115558493,1.0,False
rff_studentt3_012,rff_studentt3,8,0,"[2, 4]",0.17152704143304698,1.0,False
rff_studentt3_012,rff_studentt3,9,0,"[2, 4]",0.5892833085878413,1.0,False
rff_studentt3_012,rff_studentt3,0,1,[4],0.5475708004314492,1.0,False
rff_studentt3_012,rff_studentt3,2,1,[4],0.134055669097351,1.0,False
rff_studentt3_012,rff_studentt3,3,1,[4],0.20746717709979,1.0,False
rff_studentt3_012,rff_studentt3,5,1,[4],0.998419123334365,1.0,False
rff_studentt3_012,rff_studentt3,6,1,[4],0.364831992064348,1.0,False
rff_studentt3_012,rff_studentt3,7,1,[4],1.0,1.0,False
rff_studentt3_012,rff_studentt3,8,1,[4],0.01164565638358328,0.7919046340836631,False
rff_studentt3_012,rff_studentt3,9,1,[4],0.8136840155826446,1.0,False
rff_studentt3_012,rff_studentt3,1,2,[],0.06266557959675723,1.0,False
rff_studentt3_012,rff_studentt3,3,2,[],0.7853673471446416,1.0,False
rff_studentt3_012,rff_studentt3,4,2,[],0.08859199635702386,1.0,False
rff_studentt3_012,rff_studentt3,5,2,[],0.6337342042646223,1.0,False
rff_studentt3_012,rff_studentt3,8,2,[],0.06368628294616363,1.0,False
rff_studentt3_012,rff_studentt3,9,2,[],0.38589514005042924,1.0,False
rff_studentt3_012,rff_studentt3,0,3,[],0.0291331986023593,1.0,False
rff_studentt3_012,rff_studentt3,1,3,[],0.9330764343898379,1.0,False
rff_studentt3_012,rff_studentt3,2,3,[],0.7853673471446416,1.0,False
rff_studentt3_012,rff_studentt3,4,3,[],0.11431267870237416,1.0,False
rff_studentt3_012,rff_studentt3,5,3,[],0.21809503325321478,1.0,False
rff_studentt3_012,rff_studentt3,6,3,[],0.59692793322849,1.0,False
rff_studentt3_012,rff_studentt3,7,3,[],0.15009464091582314,1.0,False
rff_studentt3_012,rff_studentt3,8,3,[],0.050218520385414744,1.0,False
rff_studentt3_012,rff_studentt3,9,3,[],0.4788332962777009,1.0,False
rff_studentt3_012,rff_studentt3,2,4,[],0.08859199635702386,1.0,False
rff_studentt3_012,rff_studentt3,3,4,[],0.11431267870237416,1.0,False
rff_studentt3_012,rff_studentt3,5,4,[],0.14041018192710375,1.0,False
rff_studentt3_012,rff_studentt3,6,4,[],0.4115040822785362,1.0,False
rff_studentt3_012,rff_studentt3,0,5,[],0.7679491768408685,1.0,False
rff_studentt3_012,rff_studentt3,1,5,[],1.0,1.0,False
rff_studentt3_012,rff_studentt3,2,5,[],0.6337342042646223,1.0,False
rff_studentt3_012,rff_studentt3,3,5,[],0.21809503325321478,1.0,False
rff_studentt3_012,rff_studentt3,4,5,[],0.14041018192710375,1.0,False
rff_studentt3_012,rff_studentt3,6,5,[],0.3348141297482651,1.0,False
rff_studentt3_012,rff_studentt3,7,5,[],0.34064038076911096,1.0,False
rff_studentt3_012,rff_studentt3,8,5,[],0.47311645892295107,1.0,False
rff_studentt3_012,rff_studentt3,9,5,[],0.0720156332484041,1.0,False
rff_studentt3_012,rff_studentt3,0,6,[2],0.0859699459606641,1.0,False
rff_studentt3_012,rff_studentt3,1,6,[2],0.24315679755641817,1.0,False
rff_studentt3_012,rff_studentt3,3,6,[2],0.46499678152666224,1.0,False
rff_studentt3_012,rff_studentt3,4,6,[2],0.6702536749992132,1.0,False
rff_studentt3_012,rff_studentt3,5,6,[2],0.42398610570974393,1.0,False
rff_studentt3_012,rff_studentt3,8,6,[2],0.9199477454575056,1.0,False
rff_studentt3_012,rff_studentt3,9,6,[2],0.6804320604632303,1.0,False
rff_studentt3_012,rff_studentt3,1,7,"[0, 2, 4, 6]",0.9320195884283835,1.0,False
rff_studentt3_012,rff_studentt3,3,7,"[0, 2, 4, 6]",0.18727755150038483,1.0,False
rff_studentt3_012,rff_studentt3,5,7,"[0, 2, 4, 6]",0.16706577963459446,1.0,False
rff_studentt3_012,rff_studentt3,8,7,"[0, 2, 4, 6]",1.0,1.0,False
rff_studentt3_012,rff_studentt3,9,7,"[0, 2, 4, 6]",0.23275757081089865,1.0,False
rff_studentt3_012,rff_studentt3,0,8,"[4, 9]",0.5280174993723399,1.0,False
rff_studentt3_012,rff_studentt3,1,8,"[4, 9]",0.21610497701366616,1.0,False
rff_studentt3_012,rff_studentt3,2,8,"[4, 9]",0.6771622471219915,1.0,False
rff_studentt3_012,rff_studentt3,3,8,"[4, 9]",0.5260917891171513,1.0,False
rff_studentt3_012,rff_studentt3,5,8,"[4, 9]",0.5310384712712578,1.0,False
rff_studentt3_012,rff_studentt3,6,8,"[4, 9]",0.5702024669838709,1.0,False
rff_studentt3_012,rff_studentt3,7,8,"[4, 9]",0.10181147204959051,1.0,False
rff_studentt3_012,rff_studentt3,0,9,[4],0.6431455193094047,1.0,False
rff_studentt3_012,rff_studentt3,1,9,[4],0.8136840155826446,1.0,False
rff_studentt3_012,rff_studentt3,2,9,[4],0.39594453073075475,1.0,False
rff_studentt3_012,rff_studentt3,3,9,[4],0.6735276531767845,1.0,False
rff_studentt3_012,rff_studentt3,5,9,[4],0.15646388306951486,1.0,False
rff_studentt3_012,rff_studentt3,6,9,[4],0.44332047261617336,1.0,False
rff_studentt3_012,rff_studentt3,7,9,[4],0.6797349642725357,1.0,False
rff_studentt3_013,rff_studentt3,1,0,"[4, 5]",0.4866938358098557,1.0,False
rff_studentt3_013,rff_studentt3,2,0,"[4, 5]",0.8675460438212603,1.0,False
rff_studentt3_013,rff_studentt3,3,0,"[4, 5]",0.3691434351645825,1.0,False
rff_studentt3_013,rff_studentt3,6,0,"[4, 5]",0.4609019549241763,1.0,False
rff_studentt3_013,rff_studentt3,7,0,"[4, 5]",0.6414202519513541,1.0,False
rff_studentt3_013,rff_studentt3,8,0,"[4, 5]",0.06796398124115799,1.0,False
rff_studentt3_013,rff_studentt3,9,0,"[4, 5]",0.7138955332399047,1.0,False
rff_studentt3_013,rff_studentt3,0,1,[5],0.0927079267196197,1.0,False
rff_studentt3_013,rff_studentt3,3,1,[5],0.28563548229063174,1.0,False
rff_studentt3_013,rff_studentt3,4,1,[5],0.48910741152352344,1.0,False
rff_studentt3_013,rff_studentt3,6,1,[5],0.5186019452334253,1.0,False
rff_studentt3_013,rff_studentt3,8,1,[5],0.6087390592262297,1.0,False
rff_studentt3_013,rff_studentt3,9,1,[5],0.895106140708045,1.0,False
rff_studentt3_013,rff_studentt3,0,2,"[1, 5]",0.6489368575357086,1.0,False
rff_studentt3_013,rff_studentt3,3,2,"[1, 5]",0.41045853257161025,1.0,False
rff_studentt3_013,rff_studentt3,4,2,"[1, 5]",0.9153549375889243,1.0,False
rff_studentt3_013,rff_studentt3,6,2,"[1, 5]",0.211098216724795,1.0,False
rff_studentt3_013,rff_studentt3,7,2,"[1, 5]",0.21803656289293682,1.0,False
rff_studentt3_013,rff_studentt3,8,2,"[1, 5]",0.90406893669907,1.0,False
rff_studentt3_013,rff_studentt3,9,2,"[1, 5]",0.2317800903125916,1.0,False
rff_studentt3_013,rff_studentt3,0,3,[4],0.7151587570310862,1.0,False
rff_studentt3_013,rff_studentt3,1,3,[4],0.3026972680067911,1.0,False
rff_studentt3_013,rff_studentt3,2,3,[4],0.17650092865934863,1.0,False
rff_studentt3_013,rff_studentt3,5,3,[4],0.13902365933482674,1.0,False
rff_studentt3_013,rff_studentt3,6,3,[4],0.35643799390007547,1.0,False
rff_studentt3_013,rff_studentt3,7,3,[4],0.6039414336620361,1.0,False
rff_studentt3_013,rff_studentt3,8,3,[4],0.15521434310361282,1.0,False
rff_studentt3_013,rff_studentt3,9,3,[4],0.24958672978722807,1.0,False
rff_studentt3_013,rff_studentt3,1,4,[],0.8548969997053207,1.0,False
rff_studentt3_013,rff_studentt3,2,4,[],0.604897552715163,1.0,False
rff_studentt3_013,rff_studentt3,5,4,[],1.0,1.0,False
rff_studentt3_013,rff_studentt3,7,4,[],0.624596831160388,1.0,False
rff_studentt3_013,rff_studentt3,8,4,[],0.14961094874309955,1.0,False
rff_studentt3_013,rff_studentt3,3,5,[],0.4781864745237747,1.0,False
rff_studentt3_013,rff_studentt3,4,5,[],1.0,1.0,False
rff_studentt3_013,rff_studentt3,9,5,[],0.5575259387013294,1.0,False
rff_studentt3_013,rff_studentt3,0,6,"[4, 5]",0.4609019549241763,1.0,False
rff_studentt3_013,rff_studentt3,1,6,"[4, 5]",0.05798091298677155,1.0,False
rff_studentt3_013,rff_studentt3,2,6,"[4, 5]",0.35281094666263935,1.0,False
rff_studentt3_013,rff_studentt3,3,6,"[4, 5]",0.020743929738010425,1.0,False
rff_studentt3_013,rff_studentt3,7,6,"[4, 5]",0.6610679824448005,1.0,False
rff_studentt3_013,rff_studentt3,8,6,"[4, 5]",0.17677389021755285,1.0,False
rff_studentt3_013,rff_studentt3,9,6,"[4, 5]",0.5319820009792844,1.0,False
rff_studentt3_013,rff_studentt3,0,7,[1],0.2856543523188342,1.0,False
rff_studentt3_013,rff_studentt3,2,7,[1],0.35494972427151106,1.0,False
rff_studentt3_013,rff_studentt3,3,7,[1],0.8631234076470692,1.0,False
rff_studentt3_013,rff_studentt3,4,7,[1],0.5977758383314364,1.0,False
rff_studentt3_013,rff_studentt3,5,7,[1],0.44083525038294535,1.0,False
rff_studentt3_013,rff_studentt3,6,7,[1],0.5187194396107682,1.0,False
rff_studentt3_013,rff_studentt3,8,7,[1],0.4385375649008949,1.0,False
rff_studentt3_013,rff_studentt3,9,7,[1],0.3066055591486341,1.0,False
rff_studentt3_013,rff_studentt3,0,8,[5],0.04472822926019593,1.0,False
rff_studentt3_013,rff_studentt3,1,8,[5],0.6087390592262297,1.0,False
rff_studentt3_013,rff_studentt3,2,8,[5],0.26147567516753456,1.0,False
rff_studentt3_013,rff_studentt3,3,8,[5],0.002122632402539293,0.14009373856759333,False
rff_studentt3_013,rff_studentt3,4,8,[5],3.5304260189716885e-06,0.00023653854327110313,True
rff_studentt3_013,rff_studentt3,6,8,[5],0.1964251097679499,1.0,False
rff_studentt3_013,rff_studentt3,7,8,[5],0.5789622811866233,1.0,False
rff_studentt3_013,rff_studentt3,9,8,[5],0.6667506901426598,1.0,False
rff_studentt3_013,rff_studentt3,0,9,[4],0.6937862192052365,1.0,False
rff_studentt3_013,rff_studentt3,1,9,[4],1.0,1.0,False
rff_studentt3_013,rff_studentt3,2,9,[4],1.0,1.0,False
rff_studentt3_013,rff_studentt3,3,9,[4],0.24958672978722807,1.0,False
rff_studentt3_013,rff_studentt3,5,9,[4],0.5544207173921161,1.0,False
rff_studentt3_013,rff_studentt3,6,9,[4],0.28354820707170236,1.0,False
rff_studentt3_013,rff_studentt3,7,9,[4],0.6127179522392614,1.0,False
rff_studentt3_013,rff_studentt3,8,9,[4],0.17553997021291878,1.0,False
rff_studentt3_014,rff_studentt3,4,0,[],0.5428898777846429,1.0,False
rff_studentt3_014,rff_studentt3,6,0,[],0.3451016258309413,1.0,False
rff_studentt3_014,rff_studentt3,2,1,"[0, 7]",0.4065412240388119,1.0,False
rff_studentt3_014,rff_studentt3,3,1,"[0, 7]",0.3412227123191426,1.0,False
rff_studentt3_014,rff_studentt3,4,1,"[0, 7]",0.6654322316937671,1.0,False
rff_studentt3_014,rff_studentt3,5,1,"[0, 7]",0.45464143531008905,1.0,False
rff_studentt3_014,rff_studentt3,6,1,"[0, 7]",0.160071087773331,1.0,False
rff_studentt3_014,rff_studentt3,8,1,"[0, 7]",0.6932399293009233,1.0,False
rff_studentt3_014,rff_studentt3,9,1,"[0, 7]",0.09580932149359644,1.0,False
rff_studentt3_014,rff_studentt3,1,2,[0],0.6748628062148032,1.0,False
rff_studentt3_014,rff_studentt3,3,2,[0],0.2673872183177167,1.0,False
rff_studentt3_014,rff_studentt3,4,2,[0],0.3614587383217023,1.0,False
rff_studentt3_014,rff_studentt3,5,2,[0],0.37216378726218424,1.0,False
rff_studentt3_014,rff_studentt3,6,2,[0],0.10494660961041602,1.0,False
rff_studentt3_014,rff_studentt3,7,2,[0],0.6665059834820592,1.0,False
rff_studentt3_014,rff_studentt3,8,2,[0],0.18604911740089625,1.0,False
rff_studentt3_014,rff_studentt3,9,2,[0],0.41886276349896145,1.0,False
rff_studentt3_014,rff_studentt3,1,3,[0],0.45895010997522134,1.0,False
rff_studentt3_014,rff_studentt3,2,3,[0],0.2673872183177167,1.0,False
rff_studentt3_014,rff_studentt3,4,3,[0],0.9282192762557927,1.0,False
rff_studentt3_014,rff_studentt3,5,3,[0],0.3149495187765422,1.0,False
rff_studentt3_014,rff_studentt3,6,3,[0],0.7419578389841124,1.0,False
rff_studentt3_014,rff_studentt3,7,3,[0],0.533625458106161,1.0,False
rff_studentt3_014,rff_studentt3,8,3,[0],0.47315117115100713,1.0,False
rff_studentt3_014,rff_studentt3,9,3,[0],0.5782299382352385,1.0,False
rff_studentt3_014,rff_studentt3,0,4,[],0.5428898777846429,1.0,False
rff_studentt3_014,rff_studentt3,1,4,[],0.12455413748098054,1.0,False
rff_studentt3_014,rff_studentt3,2,4,[],0.5201471143398751,1.0,False
rff_studentt3_014,rff_studentt3,3,4,[],0.7941005083255873,1.0,False
rff_studentt3_014,rff_studentt3,5,4,[],0.4123851124775181,1.0,False
rff_studentt3_014,rff_studentt3,6,4,[],0.6759598487554448,1.0,False
rff_studentt3_014,rff_studentt3,7,4,[],0.06381892708712988,1.0,False
rff_studentt3_014,rff_studentt3,9,4,[],0.5064494369426009,1.0,False
rff_studentt3_014,rff_studentt3,1,5,"[0, 6, 7]",0.4722205969667457,1.0,False
rff_studentt3_014,rff_studentt3,2,5,"[0, 6, 7]",0.1967902066127738,1.0,False
rff_studentt3_014,rff_studentt3,3,5,"[0, 6, 7]",0.7681187187784468,1.0,False
rff_studentt3_014,rff_studentt3,4,5,"[0, 6, 7]",0.15688935033565676,1.0,False
rff_studentt3_014,rff_studentt3,9,5,"[0, 6, 7]",0.3995749089415871,1.0,False
rff_studentt3_014,rff_studentt3,0,6,[],0.3451016258309413,1.0,False
rff_studentt3_014,rff_studentt3,1,6,[],0.2939377761721099,1.0,False
rff_studentt3_014,rff_studentt3,2,6,[],0.20746875735643688,1.0,False
rff_studentt3_014,rff_studentt3,3,6,[],0.3340335977974922,1.0,False
rff_studentt3_014,rff_studentt3,4,6,[],0.6759598487554448,1.0,False
rff_studentt3_014,rff_studentt3,7,6,[],0.25838587853476325,1.0,False
rff_studentt3_014,rff_studentt3,9,6,[],0.8296847910605626,1.0,False
rff_studentt3_014,rff_studentt3,2,7,[0],0.6665059834820592,1.0,False
rff_studentt3_014,rff_studentt3,3,7,[0],0.533625458106161,1.0,False
rff_studentt3_014,rff_studentt3,4,7,[0],0.2956079329240724,1.0,False
rff_studentt3_014,rff_studentt3,6,7,[0],0.5236594178979554,1.0,False
rff_studentt3_014,rff_studentt3,1,8,"[0, 4, 5, 7]",0.32652703717022447,1.0,False
rff_studentt3_014,rff_studentt3,2,8,"[0, 4, 5, 7]",0.018174090418569544,1.0,False
rff_studentt3_014,rff_studentt3,3,8,"[0, 4, 5, 7]",0.5080294434927006,1.0,False
rff_studentt3_014,rff_studentt3,6,8,"[0, 4, 5, 7]",0.3767373907028895,1.0,False
rff_studentt3_014,rff_studentt3,9,8,"[0, 4, 5, 7]",0.0028360174354064016,0.1729970635597905,False
rff_studentt3_014,rff_studentt3,1,9,"[0, 7]",0.09580932149359644,1.0,False
rff_studentt3_014,rff_studentt3,2,9,"[0, 7]",0.7860954778479202,1.0,False
rff_studentt3_014,rff_studentt3,3,9,"[0, 7]",0.23296617457613067,1.0,False
rff_studentt3_014,rff_studentt3,4,9,"[0, 7]",0.016813103168955013,1.0,False
rff_studentt3_014,rff_studentt3,5,9,"[0, 7]",1.0,1.0,False
rff_studentt3_014,rff_studentt3,6,9,"[0, 7]",1.0,1.0,False
rff_studentt3_014,rff_studentt3,8,9,"[0, 7]",0.8833524755670007,1.0,False
rff_studentt3_015,rff_studentt3,1,0,"[2, 7]",0.6288971067972324,1.0,False
rff_studentt3_015,rff_studentt3,3,0,"[2, 7]",0.602625790075813,1.0,False
rff_studentt3_015,rff_studentt3,4,0,"[2, 7]",0.38142378577240754,1.0,False
rff_studentt3_015,rff_studentt3,5,0,"[2, 7]",0.3365560472795428,1.0,False
rff_studentt3_015,rff_studentt3,6,0,"[2, 7]",0.0640559852460083,1.0,False
rff_studentt3_015,rff_studentt3,8,0,"[2, 7]",0.3189628055484819,1.0,False
rff_studentt3_015,rff_studentt3,9,0,"[2, 7]",0.9410111023722614,1.0,False
rff_studentt3_015,rff_studentt3,0,1,[7],0.27687612297396835,1.0,False
rff_studentt3_015,rff_studentt3,2,1,[7],0.8144607322438614,1.0,False
rff_studentt3_015,rff_studentt3,4,1,[7],0.23460148110108736,1.0,False
rff_studentt3_015,rff_studentt3,5,1,[7],0.9146579342028066,1.0,False
rff_studentt3_015,rff_studentt3,8,1,[7],0.17638114221246148,1.0,False
rff_studentt3_015,rff_studentt3,9,1,[7],0.23437948633465422,1.0,False
rff_studentt3_015,rff_studentt3,1,2,[],0.3901470303968634,1.0,False
rff_studentt3_015,rff_studentt3,3,2,[],0.2862116280448255,1.0,False
rff_studentt3_015,rff_studentt3,4,2,[],0.916391659861331,1.0,False
rff_studentt3_015,rff_studentt3,5,2,[],0.42443762319944445,1.0,False
rff_studentt3_015,rff_studentt3,6,2,[],0.15845826635754445,1.0,False
rff_studentt3_015,rff_studentt3,7,2,[],0.5524658235285402,1.0,False
rff_studentt3_015,rff_studentt3,8,2,[],0.2264016275162699,1.0,False
rff_studentt3_015,rff_studentt3,0,3,"[1, 6, 7]",0.15064022800725319,1.0,False
rff_studentt3_015,rff_studentt3,2,3,"[1, 6, 7]",0.34164522171878153,1.0,False
rff_studentt3_015,rff_studentt3,4,3,"[1, 6, 7]",0.7755139931781186,1.0,False
rff_studentt3_015,rff_studentt3,5,3,"[1, 6, 7]",0.14375884645220016,1.0,False
rff_studentt3_015,rff_studentt3,8,3,"[1, 6, 7]",0.5689678658596538,1.0,False
rff_studentt3_015,rff_studentt3,9,3,"[1, 6, 7]",0.42853383565634273,1.0,False
rff_studentt3_015,rff_studentt3,0,4,[],0.7000439025173326,1.0,False
rff_studentt3_015,rff_studentt3,1,4,[],1.0,1.0,False
rff_studentt3_015,rff_studentt3,2,4,[],0.916391659861331,1.0,False
rff_studentt3_015,rff_studentt3,3,4,[],0.37578724311137657,1.0,False
rff_studentt3_015,rff_studentt3,5,4,[],0.5044618381935848,1.0,False
rff_studentt3_015,rff_studentt3,6,4,[],0.6244111929149206,1.0,False
rff_studentt3_015,rff_studentt3,7,4,[],0.8900226331904006,1.0,False
rff_studentt3_015,rff_studentt3,8,4,[],0.5613886133074888,1.0,False
rff_studentt3_015,rff_studentt3,9,4,[],0.08605135572755707,1.0,False
rff_studentt3_015,rff_studentt3,0,5,[7],0.14119940289876975,1.0,False
rff_studentt3_015,rff_studentt3,1,5,[7],0.9146579342028066,1.0,False
rff_studentt3_015,rff_studentt3,2,5,[7],0.35535397457321216,1.0,False
rff_studentt3_015,rff_studentt3,3,5,[7],0.06168503611622822,1.0,False
rff_studentt3_015,rff_studentt3,4,5,[7],0.9463988954277024,1.0,False
rff_studentt3_015,rff_studentt3,6,5,[7],0.7266023468392617,1.0,False
rff_studentt3_015,rff_studentt3,8,5,[7],0.21731557808376567,1.0,False
rff_studentt3_015,rff_studentt3,9,5,[7],0.7570643521205564,1.0,False
rff_studentt3_015,rff_studentt3,0,6,"[1, 7]",0.06547768815752664,1.0,False
rff_studentt3_015,rff_studentt3,2,6,"[1, 7]",0.5957372215954244,1.0,False
rff_studentt3_015,rff_studentt3,4,6,"[1, 7]",0.21571836778088171,1.0,False
rff_studentt3_015,rff_studentt3,5,6,"[1, 7]",0.4097777601425573,1.0,False
rff_studentt3_015,rff_studentt3,8,6,"[1, 7]",0.17277553911140164,1.0,False
rff_studentt3_015,rff_studentt3,9,6,"[1, 7]",0.43680305801096675,1.0,False
rff_studentt3_015,rff_studentt3,2,7,[],0.5524658235285402,1.0,False
rff_studentt3_015,rff_studentt3,4,7,[],0.8900226331904006,1.0,False
rff_studentt3_015,rff_studentt3,8,7,[],0.8306246356310062,1.0,False
rff_studentt3_015,rff_studentt3,9,7,[],0.22700885216254774,1.0,False
rff_studentt3_015,rff_studentt3,0,8,[],0.6589742872222863,1.0,False
rff_studentt3_015,rff_studentt3,1,8,[],0.28844544882249457,1.0,False
rff_studentt3_015,rff_studentt3,2,8,[],0.2264016275162699,1.0,False
rff_studentt3_015,rff_studentt3,3,8,[],0.6193164991780054,1.0,False
rff_studentt3_015,rff_studentt3,4,8,[],0.5613886133074888,1.0,False
rff_studentt3_015,rff_studentt3,5,8,[],0.496589415557236,1.0,False
rff_studentt3_015,rff_studentt3,6,8,[],0.714199981349267,1.0,False
rff_studentt3_015,rff_studentt3,7,8,[],0.8306246356310062,1.0,False
rff_studentt3_015,rff_studentt3,9,8,[],0.5995406604026974,1.0,False
rff_studentt3_015,rff_studentt3,0,9,[2],0.2986724548045179,1.0,False
rff_studentt3_015,rff_studentt3,1,9,[2],0.559536946335792,1.0,False
rff_studentt3_015,rff_studentt3,3,9,[2],0.714873234716611,1.0,False
rff_studentt3_015,rff_studentt3,4,9,[2],0.18117385488194238,1.0,False
rff_studentt3_015,rff_studentt3,5,9,[2],0.7625208945943531,1.0,False
rff_studentt3_015,rff_studentt3,6,9,[2],0.6510151039208187,1.0,False
rff_studentt3_015,rff_studentt3,7,9,[2],0.3703233817961129,1.0,False
rff_studentt3_015,rff_studentt3,8,9,[2],0.4837530425028099,1.0,False
rff_studentt3_016,rff_studentt3,1,0,"[2, 3, 4]",0.4560110524409323,1.0,False
rff_studentt3_016,rff_studentt3,5,0,"[2, 3, 4]",0.917380560517829,1.0,False
rff_studentt3_016,rff_studentt3,6,0,"[2, 3, 4]",0.375567919128303,1.0,False
rff_studentt3_016,rff_studentt3,7,0,"[2, 3, 4]",1.0,1.0,False
rff_studentt3_016,rff_studentt3,8,0,"[2, 3, 4]",0.6648598665438387,1.0,False
rff_studentt3_016,rff_studentt3,9,0,"[2, 3, 4]",0.07974317184792912,1.0,False
rff_studentt3_016,rff_studentt3,2,1,[5],0.3377213400809217,1.0,False
rff_studentt3_016,rff_studentt3,3,1,[5],0.2966245519480718,1.0,False
rff_studentt3_016,rff_studentt3,6,1,[5],0.5026661239458234,1.0,False
rff_studentt3_016,rff_studentt3,7,1,[5],0.23915753693923025,1.0,False
rff_studentt3_016,rff_studentt3,8,1,[5],0.04178469990530598,1.0,False
rff_studentt3_016,rff_studentt3,9,1,[5],0.11097812420750386,1.0,False
rff_studentt3_016,rff_studentt3,1,2,[],0.4901391959592525,1.0,False
rff_studentt3_016,rff_studentt3,4,2,[],1.0,1.0,False
rff_studentt3_016,rff_studentt3,5,2,[],0.31255667825583233,1.0,False
rff_studentt3_016,rff_studentt3,6,2,[],0.0502111565022495,1.0,False
rff_studentt3_016,rff_studentt3,7,2,[],0.992104499296559,1.0,False
rff_studentt3_016,rff_studentt3,8,2,[],0.4511818111670287,1.0,False
rff_studentt3_016,rff_studentt3,1,3,[2],0.2771348316954946,1.0,False
rff_studentt3_016,rff_studentt3,4,3,[2],0.33412268548138935,1.0,False
rff_studentt3_016,rff_studentt3,5,3,[2],1.0,1.0,False
rff_studentt3_016,rff_studentt3,6,3,[2],1.0,1.0,False
rff_studentt3_016,rff_studentt3,7,3,[2],0.42301419072844104,1.0,False
rff_studentt3_016,rff_studentt3,8,3,[2],0.22934100911726452,1.0,False
rff_studentt3_016,rff_studentt3,9,3,[2],6.020739462542224e-12,4.214517623779557e-10,True
rff_studentt3_016,rff_studentt3,2,4,"[1, 5]",0.3216168572271504,1.0,False
rff_studentt3_016,rff_studentt3,3,4,"[1, 5]",0.2780703493384036,1.0,False
rff_studentt3_016,rff_studentt3,6,4,"[1, 5]",0.03821366893434852,1.0,False
rff_studentt3_016,rff_studentt3,7,4,"[1, 5]",0.16461634514216172,1.0,False
rff_studentt3_016,rff_studentt3,8,4,"[1, 5]",0.21365189801824513,1.0,False
rff_studentt3_016,rff_studentt3,9,4,"[1, 5]",0.29028533341809337,1.0,False
rff_studentt3_016,rff_studentt3,2,5,[],0.31255667825583233,1.0,False
rff_studentt3_016,rff_studentt3,3,5,[],0.42345520105023327,1.0,False
rff_studentt3_016,rff_studentt3,6,5,[],0.042258798571601086,1.0,False
rff_studentt3_016,rff_studentt3,7,5,[],0.33635909809532305,1.0,False
rff_studentt3_016,rff_studentt3,8,5,[],0.6847064261820484,1.0,False
rff_studentt3_016,rff_studentt3,9,5,[],0.0936703267976875,1.0,False
rff_studentt3_016,rff_studentt3,0,6,[],0.0656314388236704,1.0,False
rff_studentt3_016,rff_studentt3,1,6,[],0.21422010193719898,1.0,False
rff_studentt3_016,rff_studentt3,2,6,[],0.0502111565022495,1.0,False
rff_studentt3_016,rff_studentt3,3,6,[],0.5552523845091464,1.0,False
rff_studentt3_016,rff_studentt3,4,6,[],0.18709961047897838,1.0,False
rff_studentt3_016,rff_studentt3,5,6,[],0.042258798571601086,1.0,False
rff_studentt3_016,rff_studentt3,7,6,[],0.7635821730141429,1.0,False
rff_studentt3_016,rff_studentt3,8,6,[],0.5671482148435133,1.0,False
rff_studentt3_016,rff_studentt3,9,6,[],0.20380955859031724,1.0,False
rff_studentt3_016,rff_studentt3,0,7,[],0.6395887152045965,1.0,False
rff_studentt3_016,rff_studentt3,1,7,[],0.2487771700274315,1.0,False
rff_studentt3_016,rff_studentt3,2,7,[],0.992104499296559,1.0,False
rff_studentt3_016,rff_studentt3,3,7,[],0.5086770526725066,1.0,False
rff_studentt3_016,rff_studentt3,4,7,[],0.060200151871757646,1.0,False
rff_studentt3_016,rff_studentt3,5,7,[],0.33635909809532305,1.0,False
rff_studentt3_016,rff_studentt3,6,7,[],0.7635821730141429,1.0,False
rff_studentt3_016,rff_studentt3,9,7,[],0.45238118892086876,1.0,False
rff_studentt3_016,rff_studentt3,0,8,[7],0.24096579940143692,1.0,False
rff_studentt3_016,rff_studentt3,1,8,[7],0.2234230337430554,1.0,False
rff_studentt3_016,rff_studentt3,2,8,[7],0.9978576463448243,1.0,False
rff_studentt3_016,rff_studentt3,3,8,[7],0.15244189004206155,1.0,False
rff_studentt3_016,rff_studentt3,4,8,[7],0.23613234638276737,1.0,False
rff_studentt3_016,rff_studentt3,5,8,[7],0.49933118437054214,1.0,False
rff_studentt3_016,rff_studentt3,6,8,[7],0.3546823553526113,1.0,False
rff_studentt3_016,rff_studentt3,9,8,[7],0.8554571091135308,1.0,False
rff_studentt3_016,rff_studentt3,0,9,[2],0.0012791320362773861,0.08698097846686226,False
rff_studentt3_016,rff_studentt3,1,9,[2],0.6495869313755538,1.0,False
rff_studentt3_016,rff_studentt3,3,9,[2],6.020739462542224e-12,4.214517623779557e-10,True
rff_studentt3_016,rff_studentt3,4,9,[2],0.13003309882986447,1.0,False
rff_studentt3_016,rff_studentt3,5,9,[2],0.3007998198691003,1.0,False
rff_studentt3_016,rff_studentt3,6,9,[2],0.19227549905709262,1.0,False
rff_studentt3_016,rff_studentt3,7,9,[2],0.6232840397101862,1.0,False
rff_studentt3_016,rff_studentt3,8,9,[2],0.46642444751919343,1.0,False
rff_studentt3_017,rff_studentt3,1,0,"[2, 7, 9]",0.3803213065752238,1.0,False
rff_studentt3_017,rff_studentt3,3,0,"[2, 7, 9]",0.37468167177628553,1.0,False
rff_studentt3_017,rff_studentt3,4,0,"[2, 7, 9]",0.38298362116576423,1.0,False
rff_studentt3_017,rff_studentt3,5,0,"[2, 7, 9]",0.0559009714271268,1.0,False
rff_studentt3_017,rff_studentt3,6,0,"[2, 7, 9]",0.08596036462030276,1.0,False
rff_studentt3_017,rff_studentt3,8,0,"[2, 7, 9]",0.1596662956154069,1.0,False
rff_studentt3_017,rff_studentt3,0,1,[],0.6047087144701129,1.0,False
rff_studentt3_017,rff_studentt3,2,1,[],0.3939792563915415,1.0,False
rff_studentt3_017,rff_studentt3,4,1,[],0.31719654608782855,1.0,False
rff_studentt3_017,rff_studentt3,5,1,[],0.9246187363636824,1.0,False
rff_studentt3_017,rff_studentt3,7,1,[],0.1915943343534352,1.0,False
rff_studentt3_017,rff_studentt3,8,1,[],0.2400114361754273,1.0,False
rff_studentt3_017,rff_studentt3,9,1,[],0.0005743512542474294,0.03848153403457777,True
rff_studentt3_017,rff_studentt3,1,2,[],0.3939792563915415,1.0,False
rff_studentt3_017,rff_studentt3,3,2,[],0.3805380143092638,1.0,False
rff_studentt3_017,rff_studentt3,4,2,[],0.1484630139994596,1.0,False
rff_studentt3_017,rff_studentt3,5,2,[],0.14080943530241985,1.0,False
rff_studentt3_017,rff_studentt3,6,2,[],0.18360192505361905,1.0,False
rff_studentt3_017,rff_studentt3,7,2,[],0.22242108220057277,1.0,False
rff_studentt3_017,rff_studentt3,8,2,[],0.4497679332362702,1.0,False
rff_studentt3_017,rff_studentt3,9,2,[],0.5873130323053353,1.0,False
rff_studentt3_017,rff_studentt3,0,3,"[1, 9]",1.8255063343186606e-05,0.0012413443073366892,True
rff_studentt3_017,rff_studentt3,2,3,"[1, 9]",0.13594005302455148,1.0,False
rff_studentt3_017,rff_studentt3,4,3,"[1, 9]",0.74195916433991,1.0,False
rff_studentt3_017,rff_studentt3,5,3,"[1, 9]",0.4810530141873821,1.0,False
rff_studentt3_017,rff_studentt3,6,3,"[1, 9]",3.121858224153229e-07,2.154082174665728e-05,True
rff_studentt3_017,rff_studentt3,7,3,"[1, 9]",0.9223658928406212,1.0,False
rff_studentt3_017,rff_studentt3,8,3,"[1, 9]",0.4682129071303712,1.0,False
rff_studentt3_017,rff_studentt3,0,4,[7],0.6665092562543348,1.0,False
rff_studentt3_017,rff_studentt3,1,4,[7],0.22168352053407014,1.0,False
rff_studentt3_017,rff_studentt3,2,4,[7],0.3908615187546316,1.0,False
rff_studentt3_017,rff_studentt3,3,4,[7],0.40500914460128756,1.0,False
rff_studentt3_017,rff_studentt3,6,4,[7],0.028059121182112512,1.0,False
rff_studentt3_017,rff_studentt3,8,4,[7],0.8955824939085265,1.0,False
rff_studentt3_017,rff_studentt3,9,4,[7],0.5343726119052838,1.0,False
rff_studentt3_017,rff_studentt3,0,5,"[4, 7]",0.19671994236250456,1.0,False
rff_studentt3_017,rff_studentt3,1,5,"[4, 7]",0.741205931684056,1.0,False
rff_studentt3_017,rff_studentt3,2,5,"[4, 7]",0.9024650167351415,1.0,False
rff_studentt3_017,rff_studentt3,3,5,"[4, 7]",0.4839982158907512,1.0,False
rff_studentt3_017,rff_studentt3,6,5,"[4, 7]",0.32528326379020345,1.0,False
rff_studentt3_017,rff_studentt3,8,5,"[4, 7]",0.5560611007477266,1.0,False
rff_studentt3_017,rff_studentt3,9,5,"[4, 7]",0.4037487934102948,1.0,False
rff_studentt3_017,rff_studentt3,0,6,"[1, 8]",0.5844538642788475,1.0,False
rff_studentt3_017,rff_studentt3,2,6,"[1, 8]",0.8206786762274785,1.0,False
rff_studentt3_017,rff_studentt3,3,6,"[1, 8]",1.6675916203467978e-10,1.1673141342427584e-08,True
rff_studentt3_017,rff_studentt3,4,6,"[1, 8]",0.5631600796543388,1.0,False
rff_studentt3_017,rff_studentt3,5,6,"[1, 8]",0.3952636102191067,1.0,False
rff_studentt3_017,rff_studentt3,7,6,"[1, 8]",0.5013007383054341,1.0,False
rff_studentt3_017,rff_studentt3,9,6,"[1, 8]",0.4144748640544964,1.0,False
rff_studentt3_017,rff_studentt3,1,7,[],0.1915943343534352,1.0,False
rff_studentt3_017,rff_studentt3,2,7,[],0.22242108220057277,1.0,False
rff_studentt3_017,rff_studentt3,3,7,[],0.004328943641760952,0.28138133671446186,False
rff_studentt3_017,rff_studentt3,6,7,[],0.42430566280113524,1.0,False
rff_studentt3_017,rff_studentt3,8,7,[],0.7207935023604719,1.0,False
rff_studentt3_017,rff_studentt3,9,7,[],0.3168177944579398,1.0,False
rff_studentt3_017,rff_studentt3,0,8,[],0.8971103158237175,1.0,False
rff_studentt3_017,rff_studentt3,1,8,[],0.2400114361754273,1.0,False
rff_studentt3_017,rff_studentt3,2,8,[],0.4497679332362702,1.0,False
rff_studentt3_017,rff_studentt3,3,8,[],0.504344995642713,1.0,False
rff_studentt3_017,rff_studentt3,4,8,[],0.05230621531850521,1.0,False
rff_studentt3_017,rff_studentt3,5,8,[],0.09273015380065797,1.0,False
rff_studentt3_017,rff_studentt3,7,8,[],0.7207935023604719,1.0,False
rff_studentt3_017,rff_studentt3,9,8,[],0.3327059331718465,1.0,False
rff_studentt3_017,rff_studentt3,1,9,[],0.0005743512542474294,0.03848153403457777,True
rff_studentt3_017,rff_studentt3,2,9,[],0.5873130323053353,1.0,False
rff_studentt3_017,rff_studentt3,4,9,[],0.3575311753938538,1.0,False
rff_studentt3_017,rff_studentt3,5,9,[],0.5128256175823882,1.0,False
rff_studentt3_017,rff_studentt3,6,9,[],0.16431717174142957,1.0,False
rff_studentt3_017,rff_studentt3,7,9,[],0.3168177944579398,1.0,False
rff_studentt3_017,rff_studentt3,8,9,[],0.3327059331718465,1.0,False
rff_studentt3_018,rff_studentt3,1,0,[9],0.03844399459997272,1.0,False
rff_studentt3_018,rff_studentt3,3,0,[9],0.43669025178010457,1.0,False
rff_studentt3_018,rff_studentt3,4,0,[9],0.9274085306922848,1.0,False
rff_studentt3_018,rff_studentt3,5,0,[9],0.012637134027668195,0.6824052374940826,False
rff_studentt3_018,rff_studentt3,6,0,[9],0.28585660939901314,1.0,False
rff_studentt3_018,rff_studentt3,7,0,[9],0.1132722388105416,1.0,False
rff_studentt3_018,rff_studentt3,8,0,[9],0.33125173396409346,1.0,False
rff_studentt3_018,rff_studentt3,0,1,[3],0.24693247601276536,1.0,False
rff_studentt3_018,rff_studentt3,4,1,[3],0.45031918296586226,1.0,False
rff_studentt3_018,rff_studentt3,5,1,[3],0.06412400577798982,1.0,False
rff_studentt3_018,rff_studentt3,6,1,[3],0.37606729506004044,1.0,False
rff_studentt3_018,rff_studentt3,9,1,[3],0.053203043494970736,1.0,False
rff_studentt3_018,rff_studentt3,5,2,"[0, 1, 3, 4, 6, 8, 9]",0.4078466224854371,1.0,False
rff_studentt3_018,rff_studentt3,7,2,"[0, 1, 3, 4, 6, 8, 9]",0.08121517517517751,1.0,False
rff_studentt3_018,rff_studentt3,0,3,[9],0.43669025178010457,1.0,False
rff_studentt3_018,rff_studentt3,4,3,[9],0.6832629058681174,1.0,False
rff_studentt3_018,rff_studentt3,5,3,[9],0.18663290704403301,1.0,False
rff_studentt3_018,rff_studentt3,0,4,[],0.4976426712851142,1.0,False
rff_studentt3_018,rff_studentt3,1,4,[],1.0,1.0,False
rff_studentt3_018,rff_studentt3,3,4,[],0.7933770599156391,1.0,False
rff_studentt3_018,rff_studentt3,5,4,[],0.3035574877739273,1.0,False
rff_studentt3_018,rff_studentt3,6,4,[],0.6321081385248786,1.0,False
rff_studentt3_018,rff_studentt3,7,4,[],0.4614256237587383,1.0,False
rff_studentt3_018,rff_studentt3,8,4,[],0.25412460844455276,1.0,False
rff_studentt3_018,rff_studentt3,9,4,[],0.7567677362662029,1.0,False
rff_studentt3_018,rff_studentt3,0,5,[],0.04642301419922146,1.0,False
rff_studentt3_018,rff_studentt3,1,5,[],0.40737960447864174,1.0,False
rff_studentt3_018,rff_studentt3,2,5,[],0.7743236297399679,1.0,False
rff_studentt3_018,rff_studentt3,3,5,[],0.5911567305936498,1.0,False
rff_studentt3_018,rff_studentt3,4,5,[],0.3035574877739273,1.0,False
rff_studentt3_018,rff_studentt3,6,5,[],0.23928972967151596,1.0,False
rff_studentt3_018,rff_studentt3,7,5,[],0.5598765412372444,1.0,False
rff_studentt3_018,rff_studentt3,8,5,[],0.6289595608477938,1.0,False
rff_studentt3_018,rff_studentt3,9,5,[],1.0,1.0,False
rff_studentt3_018,rff_studentt3,0,6,[3],0.3175989954158017,1.0,False
rff_studentt3_018,rff_studentt3,1,6,[3],0.37606729506004044,1.0,False
rff_studentt3_018,rff_studentt3,4,6,[3],0.454353251760404,1.0,False
rff_studentt3_018,rff_studentt3,5,6,[3],0.03265067813532274,1.0,False
rff_studentt3_018,rff_studentt3,7,6,[3],0.11216776498814762,1.0,False
rff_studentt3_018,rff_studentt3,8,6,[3],0.028014923115765034,1.0,False
rff_studentt3_018,rff_studentt3,9,6,[3],0.009686899350639377,0.5327794642851658,False
rff_studentt3_018,rff_studentt3,0,7,"[1, 3]",0.37743048126455314,1.0,False
rff_studentt3_018,rff_studentt3,2,7,"[1, 3]",0.501458964462566,1.0,False
rff_studentt3_018,rff_studentt3,4,7,"[1, 3]",0.21055237854034492,1.0,False
rff_studentt3_018,rff_studentt3,5,7,"[1, 3]",0.680345882374165,1.0,False
rff_studentt3_018,rff_studentt3,6,7,"[1, 3]",0.3769564443840704,1.0,False
rff_studentt3_018,rff_studentt3,8,7,"[1, 3]",0.6996428502143823,1.0,False
rff_studentt3_018,rff_studentt3,9,7,"[1, 3]",0.02164792164528162,1.0,False
rff_studentt3_018,rff_studentt3,0,8,"[1, 3, 9]",0.659030708316971,1.0,False
rff_studentt3_018,rff_studentt3,4,8,"[1, 3, 9]",0.41128224689061765,1.0,False
rff_studentt3_018,rff_studentt3,5,8,"[1, 3, 9]",0.5397449348366647,1.0,False
rff_studentt3_018,rff_studentt3,6,8,"[1, 3, 9]",0.27538815175461484,1.0,False
rff_studentt3_018,rff_studentt3,7,8,"[1, 3, 9]",0.6190806163552105,1.0,False
rff_studentt3_018,rff_studentt3,4,9,[],0.7567677362662029,1.0,False
rff_studentt3_018,rff_studentt3,5,9,[],1.0,1.0,False
rff_studentt3_019,rff_studentt3,2,0,"[1, 5]",0.6982921832624457,1.0,False
rff_studentt3_019,rff_studentt3,3,0,"[1, 5]",0.8259230951570738,1.0,False
rff_studentt3_019,rff_studentt3,4,0,"[1, 5]",0.8614875597301969,1.0,False
rff_studentt3_019,rff_studentt3,6,0,"[1, 5]",0.9926002354839554,1.0,False
rff_studentt3_019,rff_studentt3,9,0,"[1, 5]",0.009050896202914216,0.4072903291311397,False
rff_studentt3_019,rff_studentt3,2,1,[],1.0,1.0,False
rff_studentt3_019,rff_studentt3,4,1,[],0.9550536441534331,1.0,False
rff_studentt3_019,rff_studentt3,9,1,[],6.177722026823318e-06,0.00029653065728751926,True
rff_studentt3_019,rff_studentt3,0,2,[],0.8604717701043186,1.0,False
rff_studentt3_019,rff_studentt3,1,2,[],1.0,1.0,False
rff_studentt3_019,rff_studentt3,3,2,[],0.9523660876844143,1.0,False
rff_studentt3_019,rff_studentt3,4,2,[],0.2025115890892759,1.0,False
rff_studentt3_019,rff_studentt3,5,2,[],1.0,1.0,False
rff_studentt3_019,rff_studentt3,6,2,[],0.46792523215512205,1.0,False
rff_studentt3_019,rff_studentt3,7,2,[],0.2530017247082661,1.0,False
rff_studentt3_019,rff_studentt3,9,2,[],0.19075857185040834,1.0,False
rff_studentt3_019,rff_studentt3,0,3,"[1, 6, 9]",0.04568682336411245,1.0,False
rff_studentt3_019,rff_studentt3,2,3,"[1, 6, 9]",0.754299475301245,1.0,False
rff_studentt3_019,rff_studentt3,4,3,"[1, 6, 9]",0.3625769921733847,1.0,False
rff_studentt3_019,rff_studentt3,5,3,"[1, 6, 9]",0.678332550287107,1.0,False
rff_studentt3_019,rff_studentt3,7,3,"[1, 6, 9]",0.7861272584913108,1.0,False
rff_studentt3_019,rff_studentt3,8,3,"[1, 6, 9]",0.5703197143066814,1.0,False
rff_studentt3_019,rff_studentt3,0,4,[9],0.8626086297577716,1.0,False
rff_studentt3_019,rff_studentt3,1,4,[9],0.49111629862398876,1.0,False
rff_studentt3_019,rff_studentt3,2,4,[9],0.3577362154684849,1.0,False
rff_studentt3_019,rff_studentt3,3,4,[9],0.43909715816828954,1.0,False
rff_studentt3_019,rff_studentt3,5,4,[9],0.4041946396596563,1.0,False
rff_studentt3_019,rff_studentt3,6,4,[9],0.8186153574152724,1.0,False
rff_studentt3_019,rff_studentt3,7,4,[9],0.7031270346004166,1.0,False
rff_studentt3_019,rff_studentt3,2,5,[1],0.31755449230674637,1.0,False
rff_studentt3_019,rff_studentt3,4,5,[1],0.1691114660430284,1.0,False
rff_studentt3_019,rff_studentt3,9,5,[1],0.02621540719932136,1.0,False
rff_studentt3_019,rff_studentt3,0,6,"[1, 5, 9]",0.41204783168813974,1.0,False
rff_studentt3_019,rff_studentt3,2,6,"[1, 5, 9]",0.024018554357512323,1.0,False
rff_studentt3_019,rff_studentt3,4,6,"[1, 5, 9]",0.6195988603447138,1.0,False
rff_studentt3_019,rff_studentt3,7,6,"[1, 5, 9]",0.18005099801746838,1.0,False
rff_studentt3_019,rff_studentt3,2,7,"[0, 1, 5]",0.4779609601182283,1.0,False
rff_studentt3_019,rff_studentt3,3,7,"[0, 1, 5]",0.8700826810743268,1.0,False
rff_studentt3_019,rff_studentt3,4,7,"[0, 1, 5]",0.2588575478525801,1.0,False
rff_studentt3_019,rff_studentt3,6,7,"[0, 1, 5]",0.1304290420826737,1.0,False
rff_studentt3_019,rff_studentt3,9,7,"[0, 1, 5]",0.7899505861546392,1.0,False
rff_studentt3_019,rff_studentt3,3,8,"[0, 1, 2, 4, 5, 6, 7]",0.6422168265387634,1.0,False
rff_studentt3_019,rff_studentt3,9,8,"[0, 1, 2, 4, 5, 6, 7]",0.15032421601795964,1.0,False
rff_studentt3_019,rff_studentt3,0,9,[],0.5333372979543516,1.0,False
rff_studentt3_019,rff_studentt3,1,9,[],6.177722026823318e-06,0.00029653065728751926,True
rff_studentt3_019,rff_studentt3,2,9,[],0.19075857185040834,1.0,False
rff_studentt3_019,rff_studentt3,5,9,[],0.00039441576482457386,0.018143125181930397,True
rff_studentt3_019,rff_studentt3,7,9,[],0.04021401051237772,1.0,False
tanh_laplace_000,tanh_laplace,1,0,[],0.5856867444181457,1.0,False
tanh_laplace_000,tanh_laplace,2,0,[],0.25809968748011103,1.0,False
tanh_laplace_000,tanh_laplace,3,0,[],0.37102971145949537,1.0,False
tanh_laplace_000,tanh_laplace,4,0,[],0.3406110809397114,1.0,False
tanh_laplace_000,tanh_laplace,5,0,[],0.13359918837420737,1.0,False
tanh_laplace_000,tanh_laplace,6,0,[],0.008684963558287961,0.5037278863807018,False
tanh_laplace_000,tanh_laplace,7,0,[],0.21145136807373477,1.0,False
tanh_laplace_000,tanh_laplace,8,0,[],0.24183130399723207,1.0,False
tanh_laplace_000,tanh_laplace,9,0,[],0.4056862875451962,1.0,False
tanh_laplace_000,tanh_laplace,0,1,[],0.5856867444181457,1.0,False
tanh_laplace_000,tanh_laplace,2,1,[],0.0,0.0,True
tanh_laplace_000,tanh_laplace,5,1,[],0.4898879053337255,1.0,False
tanh_laplace_000,tanh_laplace,7,1,[],0.9287011874048247,1.0,False
tanh_laplace_000,tanh_laplace,9,1,[],0.0,0.0,True
tanh_laplace_000,tanh_laplace,0,2,[],0.25809968748011103,1.0,False
tanh_laplace_000,tanh_laplace,1,2,[],0.0,0.0,True
tanh_laplace_000,tanh_laplace,3,2,[],0.0,0.0,True
tanh_laplace_000,tanh_laplace,4,2,[],7.175371408152387e-13,4.376976558972956e-11,True
tanh_laplace_000,tanh_laplace,5,2,[],0.8600804523822084,1.0,False
tanh_laplace_000,tanh_laplace,6,2,[],1.801891968966629e-13,1.11717302075931e-11,True
tanh_laplace_000,tanh_laplace,7,2,[],0.8003326918224535,1.0,False
tanh_laplace_000,tanh_laplace,9,2,[],1.0436096431476471e-14,6.574740751830177e-13,True
tanh_laplace_000,tanh_laplace,0,3,[1],0.07555887228701674,1.0,False
tanh_laplace_000,tanh_laplace,2,3,[1],4.440892098500626e-16,2.842170943040401e-14,True
tanh_laplace_000,tanh_laplace,5,3,[1],0.4850935950032742,1.0,False
tanh_laplace_000,tanh_laplace,7,3,[1],0.548517022974736,1.0,False
tanh_laplace_000,tanh_laplace,9,3,[1],2.444258462297455e-09,1.4421124927554985e-07,True
tanh_laplace_000,tanh_laplace,0,4,"[1, 3]",0.30544398049890775,1.0,False
tanh_laplace_000,tanh_laplace,2,4,"[1, 3]",0.37547323608885275,1.0,False
tanh_laplace_000,tanh_laplace,5,4,"[1, 3]",0.7856607934764706,1.0,False
tanh_laplace_000,tanh_laplace,6,4,"[1, 3]",0.1819335661231849,1.0,False
tanh_laplace_000,tanh_laplace,7,4,"[1, 3]",0.2550514516861999,1.0,False
tanh_laplace_000,tanh_laplace,8,4,"[1, 3]",0.5248660463023289,1.0,False
tanh_laplace_000,tanh_laplace,9,4,"[1, 3]",0.6365015478416693,1.0,False
tanh_laplace_000,tanh_laplace,0,5,[],0.13359918837420737,1.0,False
tanh_laplace_000,tanh_laplace,1,5,[],0.4898879053337255,1.0,False
tanh_laplace_000,tanh_laplace,2,5,[],0.8600804523822084,1.0,False
tanh_laplace_000,tanh_laplace,3,5,[],0.7141857873928952,1.0,False
tanh_laplace_000,tanh_laplace,4,5,[],0.8474698818744528,1.0,False
tanh_laplace_000,tanh_laplace,6,5,[],1.0,1.0,False
tanh_laplace_000,tanh_laplace,7,5,[],0.08798359685621382,1.0,False
tanh_laplace_000,tanh_laplace,8,5,[],0.0741234212407681,1.0,False
tanh_laplace_000,tanh_laplace,9,5,[],0.18875241599767856,1.0,False
tanh_laplace_000,tanh_laplace,0,6,"[1, 3]",0.0974549286332993,1.0,False
tanh_laplace_000,tanh_laplace,2,6,"[1, 3]",0.6038538512250273,1.0,False
tanh_laplace_000,tanh_laplace,4,6,"[1, 3]",0.1819335661231849,1.0,False
tanh_laplace_000,tanh_laplace,5,6,"[1, 3]",0.15962567972453023,1.0,False
tanh_laplace_000,tanh_laplace,7,6,"[1, 3]",0.24968550961290847,1.0,False
tanh_laplace_000,tanh_laplace,8,6,"[1, 3]",0.7115611392857477,1.0,False
tanh_laplace_000,tanh_laplace,9,6,"[1, 3]",0.07541278960561681,1.0,False
tanh_laplace_000,tanh_laplace,0,7,[],0.21145136807373477,1.0,False
tanh_laplace_000,tanh_laplace,1,7,[],0.9287011874048247,1.0,False
tanh_laplace_000,tanh_laplace,2,7,[],0.8003326918224535,1.0,False
tanh_laplace_000,tanh_laplace,3,7,[],0.165368100872737,1.0,False
tanh_laplace_000,tanh_laplace,4,7,[],0.6191583019109912,1.0,False
tanh_laplace_000,tanh_laplace,5,7,[],0.08798359685621382,1.0,False
tanh_laplace_000,tanh_laplace,6,7,[],1.0,1.0,False
tanh_laplace_000,tanh_laplace,8,7,[],0.9961305249067749,1.0,False
tanh_laplace_000,tanh_laplace,0,8,"[2, 3]",0.37093966243289134,1.0,False
tanh_laplace_000,tanh_laplace,1,8,"[2, 3]",0.8083290893345346,1.0,False
tanh_laplace_000,tanh_laplace,4,8,"[2, 3]",0.3179907726810526,1.0,False
tanh_laplace_000,tanh_laplace,5,8,"[2, 3]",0.1765052032647908,1.0,False
tanh_laplace_000,tanh_laplace,6,8,"[2, 3]",0.4405142899857256,1.0,False
tanh_laplace_000,tanh_laplace,7,8,"[2, 3]",0.5935458243534772,1.0,False
tanh_laplace_000,tanh_laplace,9,8,"[2, 3]",0.3935614644909273,1.0,False
tanh_laplace_000,tanh_laplace,0,9,[7],0.06353320038318944,1.0,False
tanh_laplace_000,tanh_laplace,1,9,[7],0.0,0.0,True
tanh_laplace_000,tanh_laplace,2,9,[7],5.414224624189501e-12,3.2485347745137005e-10,True
tanh_laplace_000,tanh_laplace,3,9,[7],0.0,0.0,True
tanh_laplace_000,tanh_laplace,4,9,[7],0.0,0.0,True
tanh_laplace_000,tanh_laplace,5,9,[7],0.4481586644055542,1.0,False
tanh_laplace_000,tanh_laplace,6,9,[7],0.0,0.0,True
tanh_laplace_000,tanh_laplace,8,9,[7],0.0,0.0,True
tanh_laplace_001,tanh_laplace,2,0,[],0.8415796184810853,1.0,False
tanh_laplace_001,tanh_laplace,3,0,[],0.4218469522599352,1.0,False
tanh_laplace_001,tanh_laplace,4,0,[],0.41738153767107233,1.0,False
tanh_laplace_001,tanh_laplace,5,0,[],0.13414922791741823,1.0,False
tanh_laplace_001,tanh_laplace,6,0,[],0.030598942622227954,1.0,False
tanh_laplace_001,tanh_laplace,7,0,[],0.915900954646525,1.0,False
tanh_laplace_001,tanh_laplace,8,0,[],0.2741343395742597,1.0,False
tanh_laplace_001,tanh_laplace,9,0,[],0.4288256217972255,1.0,False
tanh_laplace_001,tanh_laplace,2,1,"[0, 3, 5, 6]",0.8125640022408481,1.0,False
tanh_laplace_001,tanh_laplace,4,1,"[0, 3, 5, 6]",0.8638889141949693,1.0,False
tanh_laplace_001,tanh_laplace,7,1,"[0, 3, 5, 6]",0.7957826913611484,1.0,False
tanh_laplace_001,tanh_laplace,8,1,"[0, 3, 5, 6]",0.5042466771770233,1.0,False
tanh_laplace_001,tanh_laplace,9,1,"[0, 3, 5, 6]",0.9350679469491474,1.0,False
tanh_laplace_001,tanh_laplace,0,2,"[3, 4, 9]",0.5047258413840618,1.0,False
tanh_laplace_001,tanh_laplace,1,2,"[3, 4, 9]",0.6855931356887881,1.0,False
tanh_laplace_001,tanh_laplace,5,2,"[3, 4, 9]",3.275157922644212e-14,1.7358336990014323e-12,True
tanh_laplace_001,tanh_laplace,6,2,"[3, 4, 9]",0.23865545633941643,1.0,False
tanh_laplace_001,tanh_laplace,8,2,"[3, 4, 9]",9.268895184710857e-08,4.6344475923554285e-06,True
tanh_laplace_001,tanh_laplace,0,3,"[4, 5, 9]",0.6895752600123205,1.0,False
tanh_laplace_001,tanh_laplace,6,3,"[4, 5, 9]",0.9681470672503504,1.0,False
tanh_laplace_001,tanh_laplace,8,3,"[4, 5, 9]",0.34506006066876616,1.0,False
tanh_laplace_001,tanh_laplace,0,4,[],0.41738153767107233,1.0,False
tanh_laplace_001,tanh_laplace,5,4,[],0.09018815020571203,1.0,False
tanh_laplace_001,tanh_laplace,6,4,[],0.5640345525002981,1.0,False
tanh_laplace_001,tanh_laplace,8,4,[],0.2272786282549396,1.0,False
tanh_laplace_001,tanh_laplace,9,4,[],0.99538132366116,1.0,False
tanh_laplace_001,tanh_laplace,0,5,[],0.13414922791741823,1.0,False
tanh_laplace_001,tanh_laplace,4,5,[],0.09018815020571203,1.0,False
tanh_laplace_001,tanh_laplace,9,5,[],0.7575848071270972,1.0,False
tanh_laplace_001,tanh_laplace,0,6,[5],0.2576968731682566,1.0,False
tanh_laplace_001,tanh_laplace,2,6,[5],0.7836724656170253,1.0,False
tanh_laplace_001,tanh_laplace,3,6,[5],0.17046857908924018,1.0,False
tanh_laplace_001,tanh_laplace,4,6,[5],0.3227458965762011,1.0,False
tanh_laplace_001,tanh_laplace,7,6,[5],2.38640301963855e-08,1.2170655400156605e-06,True
tanh_laplace_001,tanh_laplace,8,6,[5],0.34049141980807385,1.0,False
tanh_laplace_001,tanh_laplace,9,6,[5],0.6612167588360953,1.0,False
tanh_laplace_001,tanh_laplace,0,7,"[2, 3, 4, 5, 9]",0.14850796029989044,1.0,False
tanh_laplace_001,tanh_laplace,1,7,"[2, 3, 4, 5, 9]",4.112643640286073e-05,0.002015195383740176,True
tanh_laplace_001,tanh_laplace,6,7,"[2, 3, 4, 5, 9]",3.3727133308403268e-09,1.75381093203697e-07,True
tanh_laplace_001,tanh_laplace,8,7,"[2, 3, 4, 5, 9]",0.2752159479172569,1.0,False
tanh_laplace_001,tanh_laplace,0,8,[5],0.8769361458692195,1.0,False
tanh_laplace_001,tanh_laplace,1,8,[5],1.0,1.0,False
tanh_laplace_001,tanh_laplace,2,8,[5],0.31471605600446273,1.0,False
tanh_laplace_001,tanh_laplace,3,8,[5],0.5649619964616546,1.0,False
tanh_laplace_001,tanh_laplace,4,8,[5],0.2954073548101963,1.0,False
tanh_laplace_001,tanh_laplace,6,8,[5],0.34049141980807385,1.0,False
tanh_laplace_001,tanh_laplace,7,8,[5],0.3397660295363324,1.0,False
tanh_laplace_001,tanh_laplace,9,8,[5],0.34673112302458486,1.0,False
tanh_laplace_001,tanh_laplace,0,9,[],0.4288256217972255,1.0,False
tanh_laplace_001,tanh_laplace,4,9,[],0.99538132366116,1.0,False
tanh_laplace_001,tanh_laplace,5,9,[],0.7575848071270972,1.0,False
tanh_laplace_001,tanh_laplace,6,9,[],0.2981035855591678,1.0,False
tanh_laplace_001,tanh_laplace,8,9,[],0.4882556878079217,1.0,False
tanh_laplace_002,tanh_laplace,1,0,[],0.3667681525643035,1.0,False
tanh_laplace_002,tanh_laplace,2,0,[],1.0,1.0,False
tanh_laplace_002,tanh_laplace,3,0,[],0.21719744919403294,1.0,False
tanh_laplace_002,tanh_laplace,4,0,[],0.32838198318321443,1.0,False
tanh_laplace_002,tanh_laplace,5,0,[],0.7113009930042103,1.0,False
tanh_laplace_002,tanh_laplace,6,0,[],0.09262837057384454,1.0,False
tanh_laplace_002,tanh_laplace,7,0,[],0.883478587189534,1.0,False
tanh_laplace_002,tanh_laplace,8,0,[],0.9244285585826892,1.0,False
tanh_laplace_002,tanh_laplace,9,0,[],0.8177956544396561,1.0,False
tanh_laplace_002,tanh_laplace,0,1,[2],0.625786328865201,1.0,False
tanh_laplace_002,tanh_laplace,3,1,[2],0.5628142880341542,1.0,False
tanh_laplace_002,tanh_laplace,5,1,[2],0.7791136819926763,1.0,False
tanh_laplace_002,tanh_laplace,6,1,[2],0.5198771717320139,1.0,False
tanh_laplace_002,tanh_laplace,7,1,[2],0.24002625205169015,1.0,False
tanh_laplace_002,tanh_laplace,8,1,[2],0.6152777806678019,1.0,False
tanh_laplace_002,tanh_laplace,9,1,[2],0.028314427184060187,1.0,False
tanh_laplace_002,tanh_laplace,0,2,[],1.0,1.0,False
tanh_laplace_002,tanh_laplace,6,2,[],0.927478087930605,1.0,False
tanh_laplace_002,tanh_laplace,8,2,[],0.17005533390098115,1.0,False
tanh_laplace_002,tanh_laplace,0,3,[2],0.7769733315932216,1.0,False
tanh_laplace_002,tanh_laplace,1,3,[2],0.5628142880341542,1.0,False
tanh_laplace_002,tanh_laplace,4,3,[2],0.24416238241441734,1.0,False
tanh_laplace_002,tanh_laplace,6,3,[2],0.7886675754371673,1.0,False
tanh_laplace_002,tanh_laplace,8,3,[2],0.8163837490881399,1.0,False
tanh_laplace_002,tanh_laplace,0,4,"[1, 2]",0.7358297932250295,1.0,False
tanh_laplace_002,tanh_laplace,3,4,"[1, 2]",0.37634590827516623,1.0,False
tanh_laplace_002,tanh_laplace,5,4,"[1, 2]",0.043683750352918604,1.0,False
tanh_laplace_002,tanh_laplace,6,4,"[1, 2]",0.7387979073364406,1.0,False
tanh_laplace_002,tanh_laplace,7,4,"[1, 2]",0.12793390892355805,1.0,False
tanh_laplace_002,tanh_laplace,8,4,"[1, 2]",0.8690632898317222,1.0,False
tanh_laplace_002,tanh_laplace,9,4,"[1, 2]",0.7471029915583509,1.0,False
tanh_laplace_002,tanh_laplace,0,5,"[2, 3]",0.37419252208109666,1.0,False
tanh_laplace_002,tanh_laplace,1,5,"[2, 3]",0.513024770108641,1.0,False
tanh_laplace_002,tanh_laplace,4,5,"[2, 3]",0.16207033642058188,1.0,False
tanh_laplace_002,tanh_laplace,6,5,"[2, 3]",0.3749099995386165,1.0,False
tanh_laplace_002,tanh_laplace,7,5,"[2, 3]",0.5907878742861783,1.0,False
tanh_laplace_002,tanh_laplace,8,5,"[2, 3]",0.4300637284926747,1.0,False
tanh_laplace_002,tanh_laplace,0,6,[],0.09262837057384454,1.0,False
tanh_laplace_002,tanh_laplace,1,6,[],1.0,1.0,False
tanh_laplace_002,tanh_laplace,2,6,[],0.927478087930605,1.0,False
tanh_laplace_002,tanh_laplace,3,6,[],0.4558421876059148,1.0,False
tanh_laplace_002,tanh_laplace,4,6,[],0.44299431931095934,1.0,False
tanh_laplace_002,tanh_laplace,5,6,[],0.1326066200589976,1.0,False
tanh_laplace_002,tanh_laplace,8,6,[],0.19798742178571016,1.0,False
tanh_laplace_002,tanh_laplace,0,7,"[2, 3, 6, 8]",0.23144385624638408,1.0,False
tanh_laplace_002,tanh_laplace,1,7,"[2, 3, 6, 8]",0.31943620647822524,1.0,False
tanh_laplace_002,tanh_laplace,4,7,"[2, 3, 6, 8]",0.7165226436337022,1.0,False
tanh_laplace_002,tanh_laplace,5,7,"[2, 3, 6, 8]",1.0,1.0,False
tanh_laplace_002,tanh_laplace,9,7,"[2, 3, 6, 8]",0.885067468774085,1.0,False
tanh_laplace_002,tanh_laplace,0,8,[],0.9244285585826892,1.0,False
tanh_laplace_002,tanh_laplace,1,8,[],0.0394504216012006,1.0,False
tanh_laplace_002,tanh_laplace,2,8,[],0.17005533390098115,1.0,False
tanh_laplace_002,tanh_laplace,3,8,[],0.9403996471185719,1.0,False
tanh_laplace_002,tanh_laplace,4,8,[],0.9840549493971229,1.0,False
tanh_laplace_002,tanh_laplace,5,8,[],0.8932803331857719,1.0,False
tanh_laplace_002,tanh_laplace,6,8,[],0.19798742178571016,1.0,False
tanh_laplace_002,tanh_laplace,9,8,[],0.35695518111273117,1.0,False
tanh_laplace_002,tanh_laplace,0,9,"[3, 5, 6]",0.24214243110473777,1.0,False
tanh_laplace_002,tanh_laplace,1,9,"[3, 5, 6]",0.4437843121281092,1.0,False
tanh_laplace_002,tanh_laplace,2,9,"[3, 5, 6]",0.04220880621635825,1.0,False
tanh_laplace_002,tanh_laplace,4,9,"[3, 5, 6]",0.48304224609228286,1.0,False
tanh_laplace_002,tanh_laplace,7,9,"[3, 5, 6]",0.5151566730094905,1.0,False
tanh_laplace_002,tanh_laplace,8,9,"[3, 5, 6]",0.13589695443750782,1.0,False
tanh_laplace_003,tanh_laplace,1,0,"[3, 4, 7, 9]",0.1282357157664017,1.0,False
tanh_laplace_003,tanh_laplace,2,0,"[3, 4, 7, 9]",0.12607467815232853,1.0,False
tanh_laplace_003,tanh_laplace,5,0,"[3, 4, 7, 9]",0.0021098370184637893,0.12659022110782736,False
tanh_laplace_003,tanh_laplace,6,0,"[3, 4, 7, 9]",0.8239272468806049,1.0,False
tanh_laplace_003,tanh_laplace,0,1,[5],1.0,1.0,False
tanh_laplace_003,tanh_laplace,2,1,[5],0.8616749102512175,1.0,False
tanh_laplace_003,tanh_laplace,3,1,[5],0.5297222530137002,1.0,False
tanh_laplace_003,tanh_laplace,4,1,[5],0.5563662758105944,1.0,False
tanh_laplace_003,tanh_laplace,6,1,[5],0.736010896715974,1.0,False
tanh_laplace_003,tanh_laplace,7,1,[5],0.2568169532259803,1.0,False
tanh_laplace_003,tanh_laplace,8,1,[5],0.7247988681727224,1.0,False
tanh_laplace_003,tanh_laplace,9,1,[5],0.3913762700295561,1.0,False
tanh_laplace_003,tanh_laplace,0,2,[],0.3727319091388994,1.0,False
tanh_laplace_003,tanh_laplace,1,2,[],0.45376404797622705,1.0,False
tanh_laplace_003,tanh_laplace,3,2,[],0.00641841634484952,0.37226814800127217,False
tanh_laplace_003,tanh_laplace,4,2,[],8.964622057938687e-05,0.005468419455342599,True
tanh_laplace_003,tanh_laplace,5,2,[],0.4591774512676672,1.0,False
tanh_laplace_003,tanh_laplace,6,2,[],1.0,1.0,False
tanh_laplace_003,tanh_laplace,7,2,[],0.3478042305133662,1.0,False
tanh_laplace_003,tanh_laplace,8,2,[],0.36939956932196205,1.0,False
tanh_laplace_003,tanh_laplace,9,2,[],0.9906690197536911,1.0,False
tanh_laplace_003,tanh_laplace,1,3,[],0.38120783310428363,1.0,False
tanh_laplace_003,tanh_laplace,2,3,[],0.00641841634484952,0.37226814800127217,False
tanh_laplace_003,tanh_laplace,5,3,[],0.03724134655336486,1.0,False
tanh_laplace_003,tanh_laplace,6,3,[],1.0,1.0,False
tanh_laplace_003,tanh_laplace,7,3,[],0.7985855913267628,1.0,False
tanh_laplace_003,tanh_laplace,1,4,[3],0.28596879622998805,1.0,False
tanh_laplace_003,tanh_laplace,2,4,[3],0.22428746188695237,1.0,False
tanh_laplace_003,tanh_laplace,5,4,[3],0.4288204998263072,1.0,False
tanh_laplace_003,tanh_laplace,6,4,[3],0.8234818025583365,1.0,False
tanh_laplace_003,tanh_laplace,7,4,[3],0.18006603797745824,1.0,False
tanh_laplace_003,tanh_laplace,0,5,[],0.24158347046441697,1.0,False
tanh_laplace_003,tanh_laplace,2,5,[],0.4591774512676672,1.0,False
tanh_laplace_003,tanh_laplace,3,5,[],0.03724134655336486,1.0,False
tanh_laplace_003,tanh_laplace,4,5,[],0.019462397853633684,1.0,False
tanh_laplace_003,tanh_laplace,6,5,[],0.7617574465354262,1.0,False
tanh_laplace_003,tanh_laplace,7,5,[],0.7242514852301107,1.0,False
tanh_laplace_003,tanh_laplace,9,5,[],0.1652007399490656,1.0,False
tanh_laplace_003,tanh_laplace,0,6,[],0.5488729327950244,1.0,False
tanh_laplace_003,tanh_laplace,1,6,[],0.8399783241589718,1.0,False
tanh_laplace_003,tanh_laplace,2,6,[],1.0,1.0,False
tanh_laplace_003,tanh_laplace,3,6,[],1.0,1.0,False
tanh_laplace_003,tanh_laplace,4,6,[],1.0,1.0,False
tanh_laplace_003,tanh_laplace,5,6,[],0.7617574465354262,1.0,False
tanh_laplace_003,tanh_laplace,7,6,[],0.5858531984946562,1.0,False
tanh_laplace_003,tanh_laplace,8,6,[],0.6448479652149046,1.0,False
tanh_laplace_003,tanh_laplace,9,6,[],0.08819113781721033,1.0,False
tanh_laplace_003,tanh_laplace,1,7,[],0.5735808135124658,1.0,False
tanh_laplace_003,tanh_laplace,2,7,[],0.3478042305133662,1.0,False
tanh_laplace_003,tanh_laplace,3,7,[],0.7985855913267628,1.0,False
tanh_laplace_003,tanh_laplace,4,7,[],0.07714782400532672,1.0,False
tanh_laplace_003,tanh_laplace,5,7,[],0.7242514852301107,1.0,False
tanh_laplace_003,tanh_laplace,6,7,[],0.5858531984946562,1.0,False
tanh_laplace_003,tanh_laplace,1,8,"[0, 3, 4, 5, 9]",0.6363379506019876,1.0,False
tanh_laplace_003,tanh_laplace,2,8,"[0, 3, 4, 5, 9]",0.19365023196773556,1.0,False
tanh_laplace_003,tanh_laplace,6,8,"[0, 3, 4, 5, 9]",0.007710123480523801,0.43176691490933283,False
tanh_laplace_003,tanh_laplace,7,8,"[0, 3, 4, 5, 9]",0.03448026011622418,1.0,False
tanh_laplace_003,tanh_laplace,1,9,"[3, 4, 7]",0.035347601588801236,1.0,False
tanh_laplace_003,tanh_laplace,2,9,"[3, 4, 7]",0.6761912462713933,1.0,False
tanh_laplace_003,tanh_laplace,5,9,"[3, 4, 7]",0.004510540800195972,0.26612190721156237,False
tanh_laplace_003,tanh_laplace,6,9,"[3, 4, 7]",0.01584606020389412,0.8715333112141765,False
tanh_laplace_004,tanh_laplace,1,0,[2],0.09778259179303184,1.0,False
tanh_laplace_004,tanh_laplace,3,0,[2],0.9668972277354441,1.0,False
tanh_laplace_004,tanh_laplace,4,0,[2],0.6431343393877438,1.0,False
tanh_laplace_004,tanh_laplace,5,0,[2],0.44803914760398034,1.0,False
tanh_laplace_004,tanh_laplace,6,0,[2],0.446302414237736,1.0,False
tanh_laplace_004,tanh_laplace,7,0,[2],0.7436532928581392,1.0,False
tanh_laplace_004,tanh_laplace,8,0,[2],0.34023424962598847,1.0,False
tanh_laplace_004,tanh_laplace,9,0,[2],0.06482313652621219,1.0,False
tanh_laplace_004,tanh_laplace,0,1,[8],0.3168058277118584,1.0,False
tanh_laplace_004,tanh_laplace,2,1,[8],0.5705076862318094,1.0,False
tanh_laplace_004,tanh_laplace,6,1,[8],0.3269869825787499,1.0,False
tanh_laplace_004,tanh_laplace,7,1,[8],0.6342814278123032,1.0,False
tanh_laplace_004,tanh_laplace,1,2,[],0.5746959229751012,1.0,False
tanh_laplace_004,tanh_laplace,4,2,[],0.001205142210359167,0.06869310599047251,False
tanh_laplace_004,tanh_laplace,5,2,[],0.6502729101413831,1.0,False
tanh_laplace_004,tanh_laplace,7,2,[],0.5697885621530352,1.0,False
tanh_laplace_004,tanh_laplace,8,2,[],0.5926261041759588,1.0,False
tanh_laplace_004,tanh_laplace,9,2,[],0.4338171551356459,1.0,False
tanh_laplace_004,tanh_laplace,0,3,"[2, 4, 9]",0.2044000900895515,1.0,False
tanh_laplace_004,tanh_laplace,1,3,"[2, 4, 9]",0.09785378591168681,1.0,False
tanh_laplace_004,tanh_laplace,5,3,"[2, 4, 9]",0.06051076521248644,1.0,False
tanh_laplace_004,tanh_laplace,6,3,"[2, 4, 9]",0.6171989625688419,1.0,False
tanh_laplace_004,tanh_laplace,7,3,"[2, 4, 9]",0.5339355554245424,1.0,False
tanh_laplace_004,tanh_laplace,8,3,"[2, 4, 9]",0.025605472597220902,1.0,False
tanh_laplace_004,tanh_laplace,0,4,"[8, 9]",1.1816564507993732e-06,6.853607414636365e-05,True
tanh_laplace_004,tanh_laplace,1,4,"[8, 9]",0.7855273777662611,1.0,False
tanh_laplace_004,tanh_laplace,2,4,"[8, 9]",1.1126031429498084e-07,6.56435854340387e-06,True
tanh_laplace_004,tanh_laplace,5,4,"[8, 9]",1.0,1.0,False
tanh_laplace_004,tanh_laplace,6,4,"[8, 9]",0.4732863965038996,1.0,False
tanh_laplace_004,tanh_laplace,7,4,"[8, 9]",0.6155766202724253,1.0,False
tanh_laplace_004,tanh_laplace,0,5,"[1, 7, 8, 9]",0.33255732879982913,1.0,False
tanh_laplace_004,tanh_laplace,2,5,"[1, 7, 8, 9]",0.05884902810927051,1.0,False
tanh_laplace_004,tanh_laplace,3,5,"[1, 7, 8, 9]",0.2896483865154905,1.0,False
tanh_laplace_004,tanh_laplace,4,5,"[1, 7, 8, 9]",0.1323303689592673,1.0,False
tanh_laplace_004,tanh_laplace,6,5,"[1, 7, 8, 9]",0.8860755133105815,1.0,False
tanh_laplace_004,tanh_laplace,0,6,[2],0.446302414237736,1.0,False
tanh_laplace_004,tanh_laplace,1,6,[2],0.9520120233127742,1.0,False
tanh_laplace_004,tanh_laplace,3,6,[2],0.06996869038524789,1.0,False
tanh_laplace_004,tanh_laplace,4,6,[2],0.317778106883734,1.0,False
tanh_laplace_004,tanh_laplace,5,6,[2],0.622465211798953,1.0,False
tanh_laplace_004,tanh_laplace,7,6,[2],0.23510459686976581,1.0,False
tanh_laplace_004,tanh_laplace,8,6,[2],0.26141423803929853,1.0,False
tanh_laplace_004,tanh_laplace,9,6,[2],0.4028169347207854,1.0,False
tanh_laplace_004,tanh_laplace,0,7,[],0.4941271323008626,1.0,False
tanh_laplace_004,tanh_laplace,1,7,[],0.389543593574473,1.0,False
tanh_laplace_004,tanh_laplace,2,7,[],0.5697885621530352,1.0,False
tanh_laplace_004,tanh_laplace,3,7,[],0.3919780687350748,1.0,False
tanh_laplace_004,tanh_laplace,4,7,[],0.7014718181359441,1.0,False
tanh_laplace_004,tanh_laplace,6,7,[],0.4104288288783291,1.0,False
tanh_laplace_004,tanh_laplace,8,7,[],0.9699358628966128,1.0,False
tanh_laplace_004,tanh_laplace,9,7,[],1.0,1.0,False
tanh_laplace_004,tanh_laplace,0,8,[],0.43900199444937993,1.0,False
tanh_laplace_004,tanh_laplace,2,8,[],0.5926261041759588,1.0,False
tanh_laplace_004,tanh_laplace,6,8,[],0.36549241161990653,1.0,False
tanh_laplace_004,tanh_laplace,7,8,[],0.9699358628966128,1.0,False
tanh_laplace_004,tanh_laplace,0,9,"[1, 8]",0.8078415735874398,1.0,False
tanh_laplace_004,tanh_laplace,2,9,"[1, 8]",0.38643795146529714,1.0,False
tanh_laplace_004,tanh_laplace,6,9,"[1, 8]",0.6170536692158349,1.0,False
tanh_laplace_004,tanh_laplace,7,9,"[1, 8]",0.3408509145667956,1.0,False
tanh_laplace_005,tanh_laplace,2,0,"[1, 5]",0.0004948482531770271,0.024247564405674327,True
tanh_laplace_005,tanh_laplace,3,0,"[1, 5]",0.3273691968811475,1.0,False
tanh_laplace_005,tanh_laplace,6,0,"[1, 5]",0.06519954375037307,1.0,False
tanh_laplace_005,tanh_laplace,7,0,"[1, 5]",0.0667302809505399,1.0,False
tanh_laplace_005,tanh_laplace,9,0,"[1, 5]",0.31957244996237144,1.0,False
tanh_laplace_005,tanh_laplace,6,1,[],0.5157620688597973,1.0,False
tanh_laplace_005,tanh_laplace,7,1,[],0.7062165116042336,1.0,False
tanh_laplace_005,tanh_laplace,9,1,[],0.5585288656769141,1.0,False
tanh_laplace_005,tanh_laplace,0,2,"[5, 7, 9]",0.001688417232839634,0.08104402717630244,False
tanh_laplace_005,tanh_laplace,1,2,"[5, 7, 9]",0.5115975810414857,1.0,False
tanh_laplace_005,tanh_laplace,3,2,"[5, 7, 9]",0.04996864681098645,1.0,False
tanh_laplace_005,tanh_laplace,4,2,"[5, 7, 9]",0.5028450924001511,1.0,False
tanh_laplace_005,tanh_laplace,6,2,"[5, 7, 9]",0.26928005593604276,1.0,False
tanh_laplace_005,tanh_laplace,8,2,"[5, 7, 9]",0.09453040856716743,1.0,False
tanh_laplace_005,tanh_laplace,0,3,[1],0.22321618558205025,1.0,False
tanh_laplace_005,tanh_laplace,2,3,[1],0.8508153064572684,1.0,False
tanh_laplace_005,tanh_laplace,5,3,[1],0.6200747521161261,1.0,False
tanh_laplace_005,tanh_laplace,6,3,[1],0.5080471977592532,1.0,False
tanh_laplace_005,tanh_laplace,7,3,[1],0.9101291017438425,1.0,False
tanh_laplace_005,tanh_laplace,9,3,[1],0.4142569753214964,1.0,False
tanh_laplace_005,tanh_laplace,2,4,"[0, 1, 3, 5, 6]",0.8573564177557291,1.0,False
tanh_laplace_005,tanh_laplace,7,4,"[0, 1, 3, 5, 6]",0.3897788074428251,1.0,False
tanh_laplace_005,tanh_laplace,9,4,"[0, 1, 3, 5, 6]",0.4524563507742174,1.0,False
tanh_laplace_005,tanh_laplace,3,5,[1],0.6200747521161261,1.0,False
tanh_laplace_005,tanh_laplace,6,5,[1],0.3431380790583455,1.0,False
tanh_laplace_005,tanh_laplace,7,5,[1],0.05746962108543463,1.0,False
tanh_laplace_005,tanh_laplace,9,5,[1],0.5362716689705842,1.0,False
tanh_laplace_005,tanh_laplace,0,6,[],0.06875597557555535,1.0,False
tanh_laplace_005,tanh_laplace,1,6,[],0.5157620688597973,1.0,False
tanh_laplace_005,tanh_laplace,2,6,[],0.9256103619485118,1.0,False
tanh_laplace_005,tanh_laplace,3,6,[],0.95684388616852,1.0,False
tanh_laplace_005,tanh_laplace,5,6,[],0.2831968683093039,1.0,False
tanh_laplace_005,tanh_laplace,7,6,[],0.8152498547949265,1.0,False
tanh_laplace_005,tanh_laplace,9,6,[],0.5666325483347561,1.0,False
tanh_laplace_005,tanh_laplace,0,7,[9],0.8130308671946058,1.0,False
tanh_laplace_005,tanh_laplace,1,7,[9],0.2147860223457394,1.0,False
tanh_laplace_005,tanh_laplace,3,7,[9],0.37824538480922887,1.0,False
tanh_laplace_005,tanh_laplace,4,7,[9],0.24011852815474455,1.0,False
tanh_laplace_005,tanh_laplace,5,7,[9],0.1029286336268248,1.0,False
tanh_laplace_005,tanh_laplace,6,7,[9],0.14933745496886186,1.0,False
tanh_laplace_005,tanh_laplace,0,8,"[1, 3, 4, 6, 7, 9]",0.22025715621867492,1.0,False
tanh_laplace_005,tanh_laplace,2,8,"[1, 3, 4, 6, 7, 9]",0.003161780465470221,0.14860368187710038,False
tanh_laplace_005,tanh_laplace,5,8,"[1, 3, 4, 6, 7, 9]",0.35216662150259315,1.0,False
tanh_laplace_005,tanh_laplace,0,9,[],0.9694647666985955,1.0,False
tanh_laplace_005,tanh_laplace,1,9,[],0.5585288656769141,1.0,False
tanh_laplace_005,tanh_laplace,3,9,[],0.4285211237945463,1.0,False
tanh_laplace_005,tanh_laplace,4,9,[],0.45555372457025045,1.0,False
tanh_laplace_005,tanh_laplace,5,9,[],0.3972366094258172,1.0,False
tanh_laplace_005,tanh_laplace,6,9,[],0.5666325483347561,1.0,False
tanh_laplace_006,tanh_laplace,6,0,"[1, 2, 4, 7, 8, 9]",1.0,1.0,False
tanh_laplace_006,tanh_laplace,4,1,[],0.02261655274928409,0.8150455348393048,False
tanh_laplace_006,tanh_laplace,6,1,[],0.2636097029200589,1.0,False
tanh_laplace_006,tanh_laplace,7,1,[],0.7932271058156325,1.0,False
tanh_laplace_006,tanh_laplace,8,1,[],0.9126975173181614,1.0,False
tanh_laplace_006,tanh_laplace,6,2,"[1, 4, 9]",0.2165638832442801,1.0,False
tanh_laplace_006,tanh_laplace,7,2,"[1, 4, 9]",0.19607644695209103,1.0,False
tanh_laplace_006,tanh_laplace,8,2,"[1, 4, 9]",0.07158910121501472,1.0,False
tanh_laplace_006,tanh_laplace,4,3,"[0, 1, 2, 5, 8, 9]",0.4269494161512546,1.0,False
tanh_laplace_006,tanh_laplace,6,3,"[0, 1, 2, 5, 8, 9]",0.2927205490544853,1.0,False
tanh_laplace_006,tanh_laplace,7,3,"[0, 1, 2, 5, 8, 9]",0.17910715318574233,1.0,False
tanh_laplace_006,tanh_laplace,1,4,[8],0.41925020077343655,1.0,False
tanh_laplace_006,tanh_laplace,6,4,[8],0.1563823707102454,1.0,False
tanh_laplace_006,tanh_laplace,7,4,[8],0.330862088485115,1.0,False
tanh_laplace_006,tanh_laplace,9,4,[8],0.17095148809904503,1.0,False
tanh_laplace_006,tanh_laplace,1,5,"[0, 8]",0.9504734218196466,1.0,False
tanh_laplace_006,tanh_laplace,2,5,"[0, 8]",0.4194495874935398,1.0,False
tanh_laplace_006,tanh_laplace,4,5,"[0, 8]",0.4912167411290629,1.0,False
tanh_laplace_006,tanh_laplace,6,5,"[0, 8]",0.20093121879691422,1.0,False
tanh_laplace_006,tanh_laplace,7,5,"[0, 8]",0.1273841079946917,1.0,False
tanh_laplace_006,tanh_laplace,9,5,"[0, 8]",0.7227589829733645,1.0,False
tanh_laplace_006,tanh_laplace,0,6,[8],0.23906132496229937,1.0,False
tanh_laplace_006,tanh_laplace,1,6,[8],0.30000821897412067,1.0,False
tanh_laplace_006,tanh_laplace,2,6,[8],0.6543607434493289,1.0,False
tanh_laplace_006,tanh_laplace,3,6,[8],0.3195910601841445,1.0,False
tanh_laplace_006,tanh_laplace,4,6,[8],0.1563823707102454,1.0,False
tanh_laplace_006,tanh_laplace,5,6,[8],0.001979501452500254,0.07522105519500966,False
tanh_laplace_006,tanh_laplace,7,6,[8],0.6782930160935638,1.0,False
tanh_laplace_006,tanh_laplace,9,6,[8],0.9212977614258961,1.0,False
tanh_laplace_006,tanh_laplace,1,7,[8],0.782209241551866,1.0,False
tanh_laplace_006,tanh_laplace,2,7,[8],0.022028257698359588,0.8150455348393048,False
tanh_laplace_006,tanh_laplace,4,7,[8],0.330862088485115,1.0,False
tanh_laplace_006,tanh_laplace,6,7,[8],0.6782930160935638,1.0,False
tanh_laplace_006,tanh_laplace,9,7,[8],0.5838463161817746,1.0,False
tanh_laplace_006,tanh_laplace,1,8,[],0.9126975173181614,1.0,False
tanh_laplace_006,tanh_laplace,4,9,"[1, 8]",0.1044423054706134,1.0,False
tanh_laplace_006,tanh_laplace,6,9,"[1, 8]",0.7244630435065598,1.0,False
tanh_laplace_006,tanh_laplace,7,9,"[1, 8]",0.14496186777367814,1.0,False
tanh_laplace_007,tanh_laplace,1,0,"[2, 5, 7]",0.9722409018225324,1.0,False
tanh_laplace_007,tanh_laplace,3,0,"[2, 5, 7]",0.05716289234300642,1.0,False
tanh_laplace_007,tanh_laplace,4,0,"[2, 5, 7]",0.49394465352030126,1.0,False
tanh_laplace_007,tanh_laplace,6,0,"[2, 5, 7]",0.42784482877106633,1.0,False
tanh_laplace_007,tanh_laplace,8,0,"[2, 5, 7]",0.061360343771480697,1.0,False
tanh_laplace_007,tanh_laplace,9,0,"[2, 5, 7]",0.10502983374412123,1.0,False
tanh_laplace_007,tanh_laplace,4,1,"[3, 6]",0.3267868591014672,1.0,False
tanh_laplace_007,tanh_laplace,7,1,"[3, 6]",0.0004179970192809135,0.018391868848360193,True
tanh_laplace_007,tanh_laplace,8,1,"[3, 6]",0.0006367160264657556,0.027378789138027493,True
tanh_laplace_007,tanh_laplace,9,1,"[3, 6]",0.4914170398343386,1.0,False
tanh_laplace_007,tanh_laplace,3,2,"[1, 7]",0.003759442770451149,0.15789659635894826,False
tanh_laplace_007,tanh_laplace,4,2,"[1, 7]",0.0375860060583888,1.0,False
tanh_laplace_007,tanh_laplace,6,2,"[1, 7]",0.18668853869338675,1.0,False
tanh_laplace_007,tanh_laplace,8,2,"[1, 7]",0.023427399986713948,0.913668599481844,False
tanh_laplace_007,tanh_laplace,9,2,"[1, 7]",0.8105668199288499,1.0,False
tanh_laplace_007,tanh_laplace,7,3,[6],3.9252654118193675e-06,0.00018448747435551027,True
tanh_laplace_007,tanh_laplace,9,3,[6],0.46019350804920056,1.0,False
tanh_laplace_007,tanh_laplace,0,4,"[3, 6, 7]",0.521479492273396,1.0,False
tanh_laplace_007,tanh_laplace,1,4,"[3, 6, 7]",0.05206582035682583,1.0,False
tanh_laplace_007,tanh_laplace,2,4,"[3, 6, 7]",0.029832472936492493,1.0,False
tanh_laplace_007,tanh_laplace,5,4,"[3, 6, 7]",0.011435192861910082,0.46884290733831335,False
tanh_laplace_007,tanh_laplace,8,4,"[3, 6, 7]",0.3775169787086252,1.0,False
tanh_laplace_007,tanh_laplace,9,4,"[3, 6, 7]",0.10181364237399748,1.0,False
tanh_laplace_007,tanh_laplace,3,5,"[1, 2]",2.8011101712577258e-06,0.00013445328822037084,True
tanh_laplace_007,tanh_laplace,4,5,"[1, 2]",0.1851885536304203,1.0,False
tanh_laplace_007,tanh_laplace,6,5,"[1, 2]",0.020386073425096574,0.8154429370038629,False
tanh_laplace_007,tanh_laplace,7,5,"[1, 2]",0.00012337098289660897,0.005551694230347404,True
tanh_laplace_007,tanh_laplace,8,5,"[1, 2]",0.2051754144618546,1.0,False
tanh_laplace_007,tanh_laplace,9,5,"[1, 2]",0.29535144315045625,1.0,False
tanh_laplace_007,tanh_laplace,9,6,[],0.3524510573732268,1.0,False
tanh_laplace_007,tanh_laplace,1,7,[6],0.4616161168882217,1.0,False
tanh_laplace_007,tanh_laplace,3,7,[6],3.9252654118193675e-06,0.00018448747435551027,True
tanh_laplace_007,tanh_laplace,9,7,[6],0.22915035975034903,1.0,False
tanh_laplace_007,tanh_laplace,0,8,"[3, 6, 7]",0.8621606867704501,1.0,False
tanh_laplace_007,tanh_laplace,1,8,"[3, 6, 7]",0.07174201040230044,1.0,False
tanh_laplace_007,tanh_laplace,2,8,"[3, 6, 7]",0.12142733319836496,1.0,False
tanh_laplace_007,tanh_laplace,4,8,"[3, 6, 7]",0.3775169787086252,1.0,False
tanh_laplace_007,tanh_laplace,5,8,"[3, 6, 7]",0.5867571926626491,1.0,False
tanh_laplace_007,tanh_laplace,9,8,"[3, 6, 7]",0.49572392235189067,1.0,False
tanh_laplace_007,tanh_laplace,0,9,[],0.4131889026855915,1.0,False
tanh_laplace_007,tanh_laplace,1,9,[],0.8072993786008884,1.0,False
tanh_laplace_007,tanh_laplace,2,9,[],0.9494920333128333,1.0,False
tanh_laplace_007,tanh_laplace,3,9,[],0.6501258329717676,1.0,False
tanh_laplace_007,tanh_laplace,4,9,[],0.14665518295344593,1.0,False
tanh_laplace_007,tanh_laplace,5,9,[],1.0,1.0,False
tanh_laplace_007,tanh_laplace,6,9,[],0.3524510573732268,1.0,False
tanh_laplace_007,tanh_laplace,7,9,[],0.6058023084959026,1.0,False
tanh_laplace_007,tanh_laplace,8,9,[],0.4866470072411294,1.0,False
tanh_laplace_008,tanh_laplace,1,0,"[4, 5, 7]",0.7007159718745614,1.0,False
tanh_laplace_008,tanh_laplace,2,0,"[4, 5, 7]",0.08401640191998527,1.0,False
tanh_laplace_008,tanh_laplace,3,0,"[4, 5, 7]",0.37026213079646797,1.0,False
tanh_laplace_008,tanh_laplace,6,0,"[4, 5, 7]",0.6899233450312469,1.0,False
tanh_laplace_008,tanh_laplace,8,0,"[4, 5, 7]",0.0007092074967464113,0.048226109778755966,True
tanh_laplace_008,tanh_laplace,9,0,"[4, 5, 7]",0.7280524493770124,1.0,False
tanh_laplace_008,tanh_laplace,0,1,"[2, 8]",0.612311379596455,1.0,False
tanh_laplace_008,tanh_laplace,3,1,"[2, 8]",0.7153480993896377,1.0,False
tanh_laplace_008,tanh_laplace,4,1,"[2, 8]",0.3305085799496179,1.0,False
tanh_laplace_008,tanh_laplace,5,1,"[2, 8]",0.3082731597657308,1.0,False
tanh_laplace_008,tanh_laplace,6,1,"[2, 8]",0.4910535361814241,1.0,False
tanh_laplace_008,tanh_laplace,7,1,"[2, 8]",0.4754078245754768,1.0,False
tanh_laplace_008,tanh_laplace,9,1,"[2, 8]",0.49779962518202703,1.0,False
tanh_laplace_008,tanh_laplace,0,2,[8],0.8197284834747272,1.0,False
tanh_laplace_008,tanh_laplace,3,2,[8],1.0,1.0,False
tanh_laplace_008,tanh_laplace,4,2,[8],0.2989802241280759,1.0,False
tanh_laplace_008,tanh_laplace,5,2,[8],0.27887099356517986,1.0,False
tanh_laplace_008,tanh_laplace,6,2,[8],0.367194960431653,1.0,False
tanh_laplace_008,tanh_laplace,7,2,[8],0.6424128287225674,1.0,False
tanh_laplace_008,tanh_laplace,9,2,[8],0.792987485260826,1.0,False
tanh_laplace_008,tanh_laplace,0,3,[8],0.19245821185240308,1.0,False
tanh_laplace_008,tanh_laplace,1,3,[8],0.6967222696531381,1.0,False
tanh_laplace_008,tanh_laplace,2,3,[8],1.0,1.0,False
tanh_laplace_008,tanh_laplace,4,3,[8],0.5710352969830292,1.0,False
tanh_laplace_008,tanh_laplace,5,3,[8],0.012468938877662539,0.8229499659257276,False
tanh_laplace_008,tanh_laplace,6,3,[8],0.41486914419380905,1.0,False
tanh_laplace_008,tanh_laplace,7,3,[8],0.5529494256943229,1.0,False
tanh_laplace_008,tanh_laplace,9,3,[8],0.005464418128231174,0.3661160145914887,False
tanh_laplace_008,tanh_laplace,1,4,[7],0.1293654235366859,1.0,False
tanh_laplace_008,tanh_laplace,2,4,[7],0.3924275656945142,1.0,False
tanh_laplace_008,tanh_laplace,3,4,[7],0.10681509105891962,1.0,False
tanh_laplace_008,tanh_laplace,6,4,[7],0.24648813023282778,1.0,False
tanh_laplace_008,tanh_laplace,8,4,[7],0.16291606056994878,1.0,False
tanh_laplace_008,tanh_laplace,9,4,[7],0.08483807103956309,1.0,False
tanh_laplace_008,tanh_laplace,1,5,"[4, 7]",0.5873369197932292,1.0,False
tanh_laplace_008,tanh_laplace,2,5,"[4, 7]",0.19006034182530485,1.0,False
tanh_laplace_008,tanh_laplace,3,5,"[4, 7]",0.9385192120110623,1.0,False
tanh_laplace_008,tanh_laplace,6,5,"[4, 7]",0.8733209661689537,1.0,False
tanh_laplace_008,tanh_laplace,8,5,"[4, 7]",0.5645591482351284,1.0,False
tanh_laplace_008,tanh_laplace,9,5,"[4, 7]",0.4293048422294278,1.0,False
tanh_laplace_008,tanh_laplace,0,6,[7],0.9771224909697084,1.0,False
tanh_laplace_008,tanh_laplace,1,6,[7],0.026166875505978626,1.0,False
tanh_laplace_008,tanh_laplace,2,6,[7],0.058025341739330494,1.0,False
tanh_laplace_008,tanh_laplace,3,6,[7],0.25259887901775957,1.0,False
tanh_laplace_008,tanh_laplace,4,6,[7],0.24648813023282778,1.0,False
tanh_laplace_008,tanh_laplace,5,6,[7],0.5924394735128369,1.0,False
tanh_laplace_008,tanh_laplace,8,6,[7],0.025241875575728434,1.0,False
tanh_laplace_008,tanh_laplace,9,6,[7],0.11507438262183767,1.0,False
tanh_laplace_008,tanh_laplace,1,7,[],0.35995052466017874,1.0,False
tanh_laplace_008,tanh_laplace,2,7,[],0.41895389232900937,1.0,False
tanh_laplace_008,tanh_laplace,3,7,[],0.35480635474132793,1.0,False
tanh_laplace_008,tanh_laplace,8,7,[],0.36815974353656666,1.0,False
tanh_laplace_008,tanh_laplace,9,7,[],0.43978121267453774,1.0,False
tanh_laplace_008,tanh_laplace,0,8,[],0.2742944770857103,1.0,False
tanh_laplace_008,tanh_laplace,4,8,[],0.27854287923189547,1.0,False
tanh_laplace_008,tanh_laplace,5,8,[],0.5935929914202095,1.0,False
tanh_laplace_008,tanh_laplace,6,8,[],0.21001281549908168,1.0,False
tanh_laplace_008,tanh_laplace,7,8,[],0.36815974353656666,1.0,False
tanh_laplace_008,tanh_laplace,9,8,[],0.7246112704225199,1.0,False
tanh_laplace_008,tanh_laplace,0,9,[],0.3911763128104838,1.0,False
tanh_laplace_008,tanh_laplace,1,9,[],0.6519262600707622,1.0,False
tanh_laplace_008,tanh_laplace,2,9,[],0.8198074839191717,1.0,False
tanh_laplace_008,tanh_laplace,3,9,[],0.4866413688276776,1.0,False
tanh_laplace_008,tanh_laplace,4,9,[],0.3740567784444867,1.0,False
tanh_laplace_008,tanh_laplace,5,9,[],0.6234718374032814,1.0,False
tanh_laplace_008,tanh_laplace,6,9,[],0.3434787354823241,1.0,False
tanh_laplace_008,tanh_laplace,7,9,[],0.43978121267453774,1.0,False
tanh_laplace_008,tanh_laplace,8,9,[],0.7246112704225199,1.0,False
tanh_laplace_009,tanh_laplace,1,0,"[4, 6]",0.2927372619973968,1.0,False
tanh_laplace_009,tanh_laplace,2,0,"[4, 6]",0.007405892078845122,0.4073240643364817,False
tanh_laplace_009,tanh_laplace,3,0,"[4, 6]",3.882656800513473e-07,2.329594080308084e-05,True
tanh_laplace_009,tanh_laplace,5,0,"[4, 6]",0.030344502663651962,1.0,False
tanh_laplace_009,tanh_laplace,7,0,"[4, 6]",7.979969348981264e-06,0.0004708181915898946,True
tanh_laplace_009,tanh_laplace,8,0,"[4, 6]",0.00011016342123060241,0.00638947843137494,True
tanh_laplace_009,tanh_laplace,9,0,"[4, 6]",0.0448291787944155,1.0,False
tanh_laplace_009,tanh_laplace,4,1,[],0.7102708905110431,1.0,False
tanh_laplace_009,tanh_laplace,5,1,[],0.9471172936469949,1.0,False
tanh_laplace_009,tanh_laplace,0,2,"[6, 7]",0.18113122884758925,1.0,False
tanh_laplace_009,tanh_laplace,1,2,"[6, 7]",0.3655328520746125,1.0,False
tanh_laplace_009,tanh_laplace,3,2,"[6, 7]",0.13800208763226496,1.0,False
tanh_laplace_009,tanh_laplace,4,2,"[6, 7]",0.04413587166797739,1.0,False
tanh_laplace_009,tanh_laplace,5,2,"[6, 7]",0.0794205984693106,1.0,False
tanh_laplace_009,tanh_laplace,8,2,"[6, 7]",0.7983068502088742,1.0,False
tanh_laplace_009,tanh_laplace,9,2,"[6, 7]",0.32314239864635896,1.0,False
tanh_laplace_009,tanh_laplace,0,3,[7],0.029524572446092634,1.0,False
tanh_laplace_009,tanh_laplace,1,3,[7],0.00033511808339903304,0.019101730753744883,True
tanh_laplace_009,tanh_laplace,2,3,[7],0.023653773679117363,1.0,False
tanh_laplace_009,tanh_laplace,4,3,[7],0.5290867722520203,1.0,False
tanh_laplace_009,tanh_laplace,5,3,[7],0.05514277638356535,1.0,False
tanh_laplace_009,tanh_laplace,6,3,[7],0.3210046514572831,1.0,False
tanh_laplace_009,tanh_laplace,9,3,[7],0.36910714602767314,1.0,False
tanh_laplace_009,tanh_laplace,1,4,[],0.7102708905110431,1.0,False
tanh_laplace_009,tanh_laplace,2,4,[],0.19006458961270423,1.0,False
tanh_laplace_009,tanh_laplace,3,4,[],0.7615386006841063,1.0,False
tanh_laplace_009,tanh_laplace,6,4,[],0.652764142216091,1.0,False
tanh_laplace_009,tanh_laplace,7,4,[],0.5389101890686459,1.0,False
tanh_laplace_009,tanh_laplace,8,4,[],0.4306890123907481,1.0,False
tanh_laplace_009,tanh_laplace,9,4,[],0.8791997890508826,1.0,False
tanh_laplace_009,tanh_laplace,0,5,[4],0.8554505951574103,1.0,False
tanh_laplace_009,tanh_laplace,1,5,[4],0.9316265900819676,1.0,False
tanh_laplace_009,tanh_laplace,2,5,[4],0.2628682883991237,1.0,False
tanh_laplace_009,tanh_laplace,3,5,[4],0.06051693694104299,1.0,False
tanh_laplace_009,tanh_laplace,6,5,[4],0.16814495456222955,1.0,False
tanh_laplace_009,tanh_laplace,7,5,[4],0.4166930561967066,1.0,False
tanh_laplace_009,tanh_laplace,8,5,[4],0.37848226860102674,1.0,False
tanh_laplace_009,tanh_laplace,9,5,[4],0.6560221843713603,1.0,False
tanh_laplace_009,tanh_laplace,1,6,[7],0.26577991901026377,1.0,False
tanh_laplace_009,tanh_laplace,3,6,[7],0.3210046514572831,1.0,False
tanh_laplace_009,tanh_laplace,4,6,[7],0.09337560067147255,1.0,False
tanh_laplace_009,tanh_laplace,5,6,[7],0.5418552601480241,1.0,False
tanh_laplace_009,tanh_laplace,8,6,[7],0.8137829546815072,1.0,False
tanh_laplace_009,tanh_laplace,9,6,[7],0.06333550272333888,1.0,False
tanh_laplace_009,tanh_laplace,4,7,[1],0.8545013273141611,1.0,False
tanh_laplace_009,tanh_laplace,5,7,[1],0.22390185353685188,1.0,False
tanh_laplace_009,tanh_laplace,0,8,"[3, 7]",0.18984588473567232,1.0,False
tanh_laplace_009,tanh_laplace,1,8,"[3, 7]",0.5203168694249047,1.0,False
tanh_laplace_009,tanh_laplace,2,8,"[3, 7]",0.3223573002379915,1.0,False
tanh_laplace_009,tanh_laplace,4,8,"[3, 7]",0.12906176961383564,1.0,False
tanh_laplace_009,tanh_laplace,5,8,"[3, 7]",0.6182992124744311,1.0,False
tanh_laplace_009,tanh_laplace,6,8,"[3, 7]",0.3116028877811876,1.0,False
tanh_laplace_009,tanh_laplace,9,8,"[3, 7]",0.5872952403035867,1.0,False
tanh_laplace_009,tanh_laplace,0,9,"[1, 7]",0.10982378001517312,1.0,False
tanh_laplace_009,tanh_laplace,2,9,"[1, 7]",0.694020006484723,1.0,False
tanh_laplace_009,tanh_laplace,3,9,"[1, 7]",0.7196201111502821,1.0,False
tanh_laplace_009,tanh_laplace,4,9,"[1, 7]",0.7072740683602787,1.0,False
tanh_laplace_009,tanh_laplace,5,9,"[1, 7]",0.3509864419434242,1.0,False
tanh_laplace_009,tanh_laplace,6,9,"[1, 7]",0.0006788009008555917,0.03801285044791314,True
tanh_laplace_009,tanh_laplace,8,9,"[1, 7]",0.232735128246513,1.0,False
tanh_laplace_010,tanh_laplace,1,0,[],0.6214932439390648,1.0,False
tanh_laplace_010,tanh_laplace,2,0,[],0.24276625609711744,1.0,False
tanh_laplace_010,tanh_laplace,6,0,[],0.3403270530632867,1.0,False
tanh_laplace_010,tanh_laplace,7,0,[],0.10317494309282615,1.0,False
tanh_laplace_010,tanh_laplace,8,0,[],0.8461831700848261,1.0,False
tanh_laplace_010,tanh_laplace,0,1,"[2, 7]",0.542177627390427,1.0,False
tanh_laplace_010,tanh_laplace,3,1,"[2, 7]",0.8087367431509541,1.0,False
tanh_laplace_010,tanh_laplace,4,1,"[2, 7]",0.7618511164041291,1.0,False
tanh_laplace_010,tanh_laplace,5,1,"[2, 7]",0.2009706573562069,1.0,False
tanh_laplace_010,tanh_laplace,6,1,"[2, 7]",0.6053431674363928,1.0,False
tanh_laplace_010,tanh_laplace,8,1,"[2, 7]",0.1398142156627865,1.0,False
tanh_laplace_010,tanh_laplace,9,1,"[2, 7]",0.6544263689808946,1.0,False
tanh_laplace_010,tanh_laplace,0,2,[],0.24276625609711744,1.0,False
tanh_laplace_010,tanh_laplace,3,2,[],0.7061340864787369,1.0,False
tanh_laplace_010,tanh_laplace,4,2,[],0.19480914561062823,1.0,False
tanh_laplace_010,tanh_laplace,5,2,[],0.017153309822047214,1.0,False
tanh_laplace_010,tanh_laplace,6,2,[],0.7822701300897217,1.0,False
tanh_laplace_010,tanh_laplace,7,2,[],0.834851522481309,1.0,False
tanh_laplace_010,tanh_laplace,8,2,[],0.11687193055792378,1.0,False
tanh_laplace_010,tanh_laplace,9,2,[],0.9279210118361392,1.0,False
tanh_laplace_010,tanh_laplace,0,3,[4],0.3518232018052925,1.0,False
tanh_laplace_010,tanh_laplace,1,3,[4],0.21638833906794586,1.0,False
tanh_laplace_010,tanh_laplace,2,3,[4],0.38870351538068815,1.0,False
tanh_laplace_010,tanh_laplace,5,3,[4],0.2181649319103416,1.0,False
tanh_laplace_010,tanh_laplace,6,3,[4],8.612485481340748e-06,0.0006200989546565339,True
tanh_laplace_010,tanh_laplace,7,3,[4],0.40190155978354425,1.0,False
tanh_laplace_010,tanh_laplace,8,3,[4],0.310537891591518,1.0,False
tanh_laplace_010,tanh_laplace,9,3,[4],0.09626101332809245,1.0,False
tanh_laplace_010,tanh_laplace,1,4,[0],0.5599772328106959,1.0,False
tanh_laplace_010,tanh_laplace,2,4,[0],0.3895390903461218,1.0,False
tanh_laplace_010,tanh_laplace,6,4,[0],0.26575727280832373,1.0,False
tanh_laplace_010,tanh_laplace,7,4,[0],0.42172952653933904,1.0,False
tanh_laplace_010,tanh_laplace,8,4,[0],0.6509544272492122,1.0,False
tanh_laplace_010,tanh_laplace,0,5,[4],0.00020036246540022784,0.014025372578015949,True
tanh_laplace_010,tanh_laplace,1,5,[4],0.033929511748361674,1.0,False
tanh_laplace_010,tanh_laplace,2,5,[4],0.3701477971075078,1.0,False
tanh_laplace_010,tanh_laplace,3,5,[4],0.2181649319103416,1.0,False
tanh_laplace_010,tanh_laplace,6,5,[4],0.7870420276695138,1.0,False
tanh_laplace_010,tanh_laplace,7,5,[4],0.28555164042135894,1.0,False
tanh_laplace_010,tanh_laplace,8,5,[4],0.7026371073851229,1.0,False
tanh_laplace_010,tanh_laplace,9,5,[4],0.08139952921418137,1.0,False
tanh_laplace_010,tanh_laplace,0,6,[],0.3403270530632867,1.0,False
tanh_laplace_010,tanh_laplace,1,6,[],0.7311617102780374,1.0,False
tanh_laplace_010,tanh_laplace,2,6,[],0.7822701300897217,1.0,False
tanh_laplace_010,tanh_laplace,3,6,[],1.5072506689639553e-05,0.0010701479749644083,True
tanh_laplace_010,tanh_laplace,4,6,[],0.7413274969028503,1.0,False
tanh_laplace_010,tanh_laplace,5,6,[],0.7168938472386868,1.0,False
tanh_laplace_010,tanh_laplace,7,6,[],0.13717152621347262,1.0,False
tanh_laplace_010,tanh_laplace,8,6,[],0.7110182953422202,1.0,False
tanh_laplace_010,tanh_laplace,0,7,[],0.10317494309282615,1.0,False
tanh_laplace_010,tanh_laplace,2,7,[],0.834851522481309,1.0,False
tanh_laplace_010,tanh_laplace,3,7,[],0.4315796750819748,1.0,False
tanh_laplace_010,tanh_laplace,4,7,[],0.7350609334256445,1.0,False
tanh_laplace_010,tanh_laplace,5,7,[],0.6772939013553654,1.0,False
tanh_laplace_010,tanh_laplace,6,7,[],0.13717152621347262,1.0,False
tanh_laplace_010,tanh_laplace,8,7,[],0.9775544857440678,1.0,False
tanh_laplace_010,tanh_laplace,9,7,[],0.43899624413763805,1.0,False
tanh_laplace_010,tanh_laplace,0,8,[],0.8461831700848261,1.0,False
tanh_laplace_010,tanh_laplace,1,8,[],0.3006016814182485,1.0,False
tanh_laplace_010,tanh_laplace,2,8,[],0.11687193055792378,1.0,False
tanh_laplace_010,tanh_laplace,3,8,[],0.35567677370202033,1.0,False
tanh_laplace_010,tanh_laplace,4,8,[],0.1655442142123733,1.0,False
tanh_laplace_010,tanh_laplace,5,8,[],0.8768189538029366,1.0,False
tanh_laplace_010,tanh_laplace,6,8,[],0.7110182953422202,1.0,False
tanh_laplace_010,tanh_laplace,7,8,[],0.9775544857440678,1.0,False
tanh_laplace_010,tanh_laplace,9,8,[],0.9765578600534182,1.0,False
tanh_laplace_010,tanh_laplace,1,9,"[0, 4, 6]",0.22664547680348512,1.0,False
tanh_laplace_010,tanh_laplace,2,9,"[0, 4, 6]",0.45647522777406246,1.0,False
tanh_laplace_010,tanh_laplace,3,9,"[0, 4, 6]",0.09411893786157988,1.0,False
tanh_laplace_010,tanh_laplace,5,9,"[0, 4, 6]",0.3006247914687674,1.0,False
tanh_laplace_010,tanh_laplace,7,9,"[0, 4, 6]",1.0,1.0,False
tanh_laplace_010,tanh_laplace,8,9,"[0, 4, 6]",0.9274104865975388,1.0,False
tanh_laplace_011,tanh_laplace,1,0,[2],0.4147150664925018,1.0,False
tanh_laplace_011,tanh_laplace,3,0,[2],1.0,1.0,False
tanh_laplace_011,tanh_laplace,4,0,[2],0.9277662549619541,1.0,False
tanh_laplace_011,tanh_laplace,5,0,[2],0.6653819518168838,1.0,False
tanh_laplace_011,tanh_laplace,6,0,[2],0.01937680052090074,1.0,False
tanh_laplace_011,tanh_laplace,7,0,[2],0.42699827748427543,1.0,False
tanh_laplace_011,tanh_laplace,8,0,[2],0.9527843416250128,1.0,False
tanh_laplace_011,tanh_laplace,9,0,[2],0.785039185164869,1.0,False
tanh_laplace_011,tanh_laplace,0,1,[],0.26151313447796354,1.0,False
tanh_laplace_011,tanh_laplace,2,1,[],0.07050453777442667,1.0,False
tanh_laplace_011,tanh_laplace,4,1,[],0.6450656053220138,1.0,False
tanh_laplace_011,tanh_laplace,5,1,[],0.9397987139384916,1.0,False
tanh_laplace_011,tanh_laplace,7,1,[],0.3718300176240811,1.0,False
tanh_laplace_011,tanh_laplace,1,2,[],0.07050453777442667,1.0,False
tanh_laplace_011,tanh_laplace,3,2,[],0.4659762154519892,1.0,False
tanh_laplace_011,tanh_laplace,4,2,[],0.26498872999381484,1.0,False
tanh_laplace_011,tanh_laplace,5,2,[],0.7290025956411542,1.0,False
tanh_laplace_011,tanh_laplace,6,2,[],0.358000987425213,1.0,False
tanh_laplace_011,tanh_laplace,7,2,[],0.5650131037714516,1.0,False
tanh_laplace_011,tanh_laplace,8,2,[],0.8570760191785258,1.0,False
tanh_laplace_011,tanh_laplace,9,2,[],0.06675216956919883,1.0,False
tanh_laplace_011,tanh_laplace,0,3,"[4, 6]",0.8056021906644508,1.0,False
tanh_laplace_011,tanh_laplace,1,3,"[4, 6]",0.48449363280040547,1.0,False
tanh_laplace_011,tanh_laplace,2,3,"[4, 6]",0.4095293106785174,1.0,False
tanh_laplace_011,tanh_laplace,5,3,"[4, 6]",0.8004574069098058,1.0,False
tanh_laplace_011,tanh_laplace,7,3,"[4, 6]",1.0,1.0,False
tanh_laplace_011,tanh_laplace,9,3,"[4, 6]",0.8878185688909485,1.0,False
tanh_laplace_011,tanh_laplace,0,4,[],0.36131418984578345,1.0,False
tanh_laplace_011,tanh_laplace,1,4,[],0.6450656053220138,1.0,False
tanh_laplace_011,tanh_laplace,2,4,[],0.26498872999381484,1.0,False
tanh_laplace_011,tanh_laplace,5,4,[],0.8941635206570999,1.0,False
tanh_laplace_011,tanh_laplace,6,4,[],0.712676654611899,1.0,False
tanh_laplace_011,tanh_laplace,9,4,[],0.9707099059162875,1.0,False
tanh_laplace_011,tanh_laplace,0,5,[],0.6463262846582862,1.0,False
tanh_laplace_011,tanh_laplace,1,5,[],0.9397987139384916,1.0,False
tanh_laplace_011,tanh_laplace,2,5,[],0.7290025956411542,1.0,False
tanh_laplace_011,tanh_laplace,3,5,[],0.8064588463057295,1.0,False
tanh_laplace_011,tanh_laplace,4,5,[],0.8941635206570999,1.0,False
tanh_laplace_011,tanh_laplace,6,5,[],0.016150408132850513,1.0,False
tanh_laplace_011,tanh_laplace,9,5,[],0.3470345161652999,1.0,False
tanh_laplace_011,tanh_laplace,0,6,[1],0.42733379263255244,1.0,False
tanh_laplace_011,tanh_laplace,2,6,[1],0.257640940594664,1.0,False
tanh_laplace_011,tanh_laplace,4,6,[1],0.9580723913235346,1.0,False
tanh_laplace_011,tanh_laplace,5,6,[1],0.1359499317373074,1.0,False
tanh_laplace_011,tanh_laplace,7,6,[1],0.36283435329720914,1.0,False
tanh_laplace_011,tanh_laplace,9,6,[1],0.06553777289276774,1.0,False
tanh_laplace_011,tanh_laplace,0,7,"[4, 5]",0.12070985610743523,1.0,False
tanh_laplace_011,tanh_laplace,1,7,"[4, 5]",0.2612794619972989,1.0,False
tanh_laplace_011,tanh_laplace,2,7,"[4, 5]",0.23914279578889586,1.0,False
tanh_laplace_011,tanh_laplace,3,7,"[4, 5]",0.6909155053628513,1.0,False
tanh_laplace_011,tanh_laplace,6,7,"[4, 5]",0.3018937040170281,1.0,False
tanh_laplace_011,tanh_laplace,8,7,"[4, 5]",0.5251610983212325,1.0,False
tanh_laplace_011,tanh_laplace,9,7,"[4, 5]",0.29549204410536656,1.0,False
tanh_laplace_011,tanh_laplace,0,8,"[1, 3, 5, 6]",0.5260220419760067,1.0,False
tanh_laplace_011,tanh_laplace,2,8,"[1, 3, 5, 6]",0.016890771772822943,1.0,False
tanh_laplace_011,tanh_laplace,4,8,"[1, 3, 5, 6]",0.0761056670660607,1.0,False
tanh_laplace_011,tanh_laplace,7,8,"[1, 3, 5, 6]",0.8517765274104334,1.0,False
tanh_laplace_011,tanh_laplace,9,8,"[1, 3, 5, 6]",0.036553372926020344,1.0,False
tanh_laplace_011,tanh_laplace,0,9,[1],0.02388912935005949,1.0,False
tanh_laplace_011,tanh_laplace,2,9,[1],0.5870239628748888,1.0,False
tanh_laplace_011,tanh_laplace,3,9,[1],0.4077820583976808,1.0,False
tanh_laplace_011,tanh_laplace,4,9,[1],0.44944202611779005,1.0,False
tanh_laplace_011,tanh_laplace,5,9,[1],0.24284526724154132,1.0,False
tanh_laplace_011,tanh_laplace,6,9,[1],0.06553777289276774,1.0,False
tanh_laplace_011,tanh_laplace,7,9,[1],0.08361673070688103,1.0,False
tanh_laplace_011,tanh_laplace,8,9,[1],0.5868402546376987,1.0,False
tanh_laplace_012,tanh_laplace,1,0,[7],0.002198833658831889,0.14952068880056846,False
tanh_laplace_012,tanh_laplace,2,0,[7],0.1621605837706508,1.0,False
tanh_laplace_012,tanh_laplace,3,0,[7],0.885106270918144,1.0,False
tanh_laplace_012,tanh_laplace,4,0,[7],0.7032528744244911,1.0,False
tanh_laplace_012,tanh_laplace,5,0,[7],0.06486362799301604,1.0,False
tanh_laplace_012,tanh_laplace,6,0,[7],1.0,1.0,False
tanh_laplace_012,tanh_laplace,8,0,[7],0.3883495860399673,1.0,False
tanh_laplace_012,tanh_laplace,9,0,[7],0.3652404625728416,1.0,False
tanh_laplace_012,tanh_laplace,0,1,"[4, 7]",0.0030805672154124997,0.20639800343263748,False
tanh_laplace_012,tanh_laplace,2,1,"[4, 7]",0.8952972100179437,1.0,False
tanh_laplace_012,tanh_laplace,3,1,"[4, 7]",0.06064769026477501,1.0,False
tanh_laplace_012,tanh_laplace,5,1,"[4, 7]",0.304888304048645,1.0,False
tanh_laplace_012,tanh_laplace,6,1,"[4, 7]",0.48311376536763884,1.0,False
tanh_laplace_012,tanh_laplace,8,1,"[4, 7]",0.4644966933696717,1.0,False
tanh_laplace_012,tanh_laplace,9,1,"[4, 7]",0.6019879961134074,1.0,False
tanh_laplace_012,tanh_laplace,0,2,[6],0.12762630088760396,1.0,False
tanh_laplace_012,tanh_laplace,1,2,[6],0.6487817496930632,1.0,False
tanh_laplace_012,tanh_laplace,3,2,[6],0.18536711607477563,1.0,False
tanh_laplace_012,tanh_laplace,4,2,[6],0.8383684023502908,1.0,False
tanh_laplace_012,tanh_laplace,5,2,[6],0.4009426867205288,1.0,False
tanh_laplace_012,tanh_laplace,7,2,[6],0.6918585088538949,1.0,False
tanh_laplace_012,tanh_laplace,8,2,[6],0.8105465318402698,1.0,False
tanh_laplace_012,tanh_laplace,9,2,[6],0.23074050354834563,1.0,False
tanh_laplace_012,tanh_laplace,0,3,[5],0.8703189938619934,1.0,False
tanh_laplace_012,tanh_laplace,1,3,[5],0.07647400192524834,1.0,False
tanh_laplace_012,tanh_laplace,2,3,[5],0.1500264738073669,1.0,False
tanh_laplace_012,tanh_laplace,4,3,[5],0.7802943848542621,1.0,False
tanh_laplace_012,tanh_laplace,6,3,[5],0.10122321107780607,1.0,False
tanh_laplace_012,tanh_laplace,7,3,[5],0.10068601685410805,1.0,False
tanh_laplace_012,tanh_laplace,8,3,[5],0.29198279035390196,1.0,False
tanh_laplace_012,tanh_laplace,9,3,[5],0.43932849930488005,1.0,False
tanh_laplace_012,tanh_laplace,0,4,[7],0.7032528744244911,1.0,False
tanh_laplace_012,tanh_laplace,2,4,[7],0.30244275946458987,1.0,False
tanh_laplace_012,tanh_laplace,3,4,[7],0.7479843559778567,1.0,False
tanh_laplace_012,tanh_laplace,5,4,[7],0.3419897940234191,1.0,False
tanh_laplace_012,tanh_laplace,6,4,[7],0.42334691949834447,1.0,False
tanh_laplace_012,tanh_laplace,8,4,[7],0.4355211988487051,1.0,False
tanh_laplace_012,tanh_laplace,9,4,[7],0.43796230111874146,1.0,False
tanh_laplace_012,tanh_laplace,0,5,[6],0.007309177278063128,0.48240570035216646,False
tanh_laplace_012,tanh_laplace,1,5,[6],0.12068880485319844,1.0,False
tanh_laplace_012,tanh_laplace,2,5,[6],0.4009426867205288,1.0,False
tanh_laplace_012,tanh_laplace,4,5,[6],0.45022522680729293,1.0,False
tanh_laplace_012,tanh_laplace,7,5,[6],0.9258171132553374,1.0,False
tanh_laplace_012,tanh_laplace,8,5,[6],0.4329384398358045,1.0,False
tanh_laplace_012,tanh_laplace,0,6,[],0.8617735044725954,1.0,False
tanh_laplace_012,tanh_laplace,1,6,[],0.03918044831130518,1.0,False
tanh_laplace_012,tanh_laplace,4,6,[],0.033234780400485,1.0,False
tanh_laplace_012,tanh_laplace,7,6,[],0.14126671834463012,1.0,False
tanh_laplace_012,tanh_laplace,2,7,[],0.5262651739713513,1.0,False
tanh_laplace_012,tanh_laplace,3,7,[],0.11303900305038361,1.0,False
tanh_laplace_012,tanh_laplace,5,7,[],0.6851298903157195,1.0,False
tanh_laplace_012,tanh_laplace,6,7,[],0.14126671834463012,1.0,False
tanh_laplace_012,tanh_laplace,8,7,[],0.21687470262181463,1.0,False
tanh_laplace_012,tanh_laplace,9,7,[],0.11931740096254939,1.0,False
tanh_laplace_012,tanh_laplace,0,8,[6],0.7290515332465969,1.0,False
tanh_laplace_012,tanh_laplace,1,8,[6],1.0,1.0,False
tanh_laplace_012,tanh_laplace,2,8,[6],0.8105465318402698,1.0,False
tanh_laplace_012,tanh_laplace,3,8,[6],0.8031919739457107,1.0,False
tanh_laplace_012,tanh_laplace,4,8,[6],0.351331721098044,1.0,False
tanh_laplace_012,tanh_laplace,5,8,[6],0.4329384398358045,1.0,False
tanh_laplace_012,tanh_laplace,7,8,[6],0.3489923872868368,1.0,False
tanh_laplace_012,tanh_laplace,9,8,[6],0.8250211808352842,1.0,False
tanh_laplace_012,tanh_laplace,0,9,"[5, 6]",0.48951814071968747,1.0,False
tanh_laplace_012,tanh_laplace,1,9,"[5, 6]",0.8003249380910255,1.0,False
tanh_laplace_012,tanh_laplace,2,9,"[5, 6]",0.1323627064838977,1.0,False
tanh_laplace_012,tanh_laplace,3,9,"[5, 6]",2.9913616028665047e-10,2.0640395059778882e-08,True
tanh_laplace_012,tanh_laplace,4,9,"[5, 6]",0.5276668680022593,1.0,False
tanh_laplace_012,tanh_laplace,7,9,"[5, 6]",0.25715145788752436,1.0,False
tanh_laplace_012,tanh_laplace,8,9,"[5, 6]",0.7529642341628715,1.0,False
tanh_laplace_013,tanh_laplace,2,0,[],0.22201753656518464,1.0,False
tanh_laplace_013,tanh_laplace,3,0,[],0.12143463176185954,1.0,False
tanh_laplace_013,tanh_laplace,4,0,[],0.33854168436382237,1.0,False
tanh_laplace_013,tanh_laplace,5,0,[],0.5860178769883482,1.0,False
tanh_laplace_013,tanh_laplace,7,0,[],0.9879821978305017,1.0,False
tanh_laplace_013,tanh_laplace,8,0,[],0.20693079988331664,1.0,False
tanh_laplace_013,tanh_laplace,9,0,[],0.7757472131657849,1.0,False
tanh_laplace_013,tanh_laplace,4,1,"[0, 2, 3, 5, 6, 9]",0.8551781506200897,1.0,False
tanh_laplace_013,tanh_laplace,7,1,"[0, 2, 3, 5, 6, 9]",0.4116791124022974,1.0,False
tanh_laplace_013,tanh_laplace,8,1,"[0, 2, 3, 5, 6, 9]",0.10266397585344611,1.0,False
tanh_laplace_013,tanh_laplace,0,2,"[3, 5]",0.002468074133912812,0.17276518937389684,False
tanh_laplace_013,tanh_laplace,4,2,"[3, 5]",0.7442164206174167,1.0,False
tanh_laplace_013,tanh_laplace,6,2,"[3, 5]",0.0057080294975797585,0.39385403533300334,False
tanh_laplace_013,tanh_laplace,7,2,"[3, 5]",0.418011211814737,1.0,False
tanh_laplace_013,tanh_laplace,8,2,"[3, 5]",0.23668749553500934,1.0,False
tanh_laplace_013,tanh_laplace,9,2,"[3, 5]",0.04005155361454582,1.0,False
tanh_laplace_013,tanh_laplace,0,3,[],0.12143463176185954,1.0,False
tanh_laplace_013,tanh_laplace,4,3,[],0.3842767639116035,1.0,False
tanh_laplace_013,tanh_laplace,5,3,[],0.11443329007839165,1.0,False
tanh_laplace_013,tanh_laplace,6,3,[],0.2859672093991985,1.0,False
tanh_laplace_013,tanh_laplace,7,3,[],0.399090574090594,1.0,False
tanh_laplace_013,tanh_laplace,8,3,[],0.32223157436514416,1.0,False
tanh_laplace_013,tanh_laplace,9,3,[],0.367570172993139,1.0,False
tanh_laplace_013,tanh_laplace,0,4,[],0.33854168436382237,1.0,False
tanh_laplace_013,tanh_laplace,1,4,[],0.4307195584941439,1.0,False
tanh_laplace_013,tanh_laplace,2,4,[],0.633368067140179,1.0,False
tanh_laplace_013,tanh_laplace,3,4,[],0.3842767639116035,1.0,False
tanh_laplace_013,tanh_laplace,5,4,[],0.640470067243602,1.0,False
tanh_laplace_013,tanh_laplace,6,4,[],0.778504242274963,1.0,False
tanh_laplace_013,tanh_laplace,7,4,[],0.8846908169831549,1.0,False
tanh_laplace_013,tanh_laplace,9,4,[],0.6909907403327644,1.0,False
tanh_laplace_013,tanh_laplace,0,5,[],0.5860178769883482,1.0,False
tanh_laplace_013,tanh_laplace,3,5,[],0.11443329007839165,1.0,False
tanh_laplace_013,tanh_laplace,4,5,[],0.640470067243602,1.0,False
tanh_laplace_013,tanh_laplace,6,5,[],0.8109521290137798,1.0,False
tanh_laplace_013,tanh_laplace,7,5,[],0.12969097510742744,1.0,False
tanh_laplace_013,tanh_laplace,8,5,[],0.09272379073217485,1.0,False
tanh_laplace_013,tanh_laplace,9,5,[],0.0934618768776363,1.0,False
tanh_laplace_013,tanh_laplace,2,6,[0],0.17993406245555832,1.0,False
tanh_laplace_013,tanh_laplace,3,6,[0],0.6965245766595825,1.0,False
tanh_laplace_013,tanh_laplace,4,6,[0],0.22426949350008096,1.0,False
tanh_laplace_013,tanh_laplace,5,6,[0],0.11984583711679198,1.0,False
tanh_laplace_013,tanh_laplace,7,6,[0],0.2508835407535064,1.0,False
tanh_laplace_013,tanh_laplace,8,6,[0],0.2949042747899624,1.0,False
tanh_laplace_013,tanh_laplace,9,6,[0],0.6732056181375345,1.0,False
tanh_laplace_013,tanh_laplace,0,7,[],0.9879821978305017,1.0,False
tanh_laplace_013,tanh_laplace,1,7,[],0.5595097321766995,1.0,False
tanh_laplace_013,tanh_laplace,2,7,[],0.8408810062249997,1.0,False
tanh_laplace_013,tanh_laplace,3,7,[],0.399090574090594,1.0,False
tanh_laplace_013,tanh_laplace,4,7,[],0.8846908169831549,1.0,False
tanh_laplace_013,tanh_laplace,5,7,[],0.12969097510742744,1.0,False
tanh_laplace_013,tanh_laplace,6,7,[],0.617493128836311,1.0,False
tanh_laplace_013,tanh_laplace,8,7,[],0.9598429897450989,1.0,False
tanh_laplace_013,tanh_laplace,9,7,[],0.2623334544316115,1.0,False
tanh_laplace_013,tanh_laplace,0,8,[4],0.7252305639281776,1.0,False
tanh_laplace_013,tanh_laplace,1,8,[4],0.981333696565567,1.0,False
tanh_laplace_013,tanh_laplace,2,8,[4],0.3765202765488307,1.0,False
tanh_laplace_013,tanh_laplace,3,8,[4],0.42484083611562784,1.0,False
tanh_laplace_013,tanh_laplace,5,8,[4],0.18226798882270367,1.0,False
tanh_laplace_013,tanh_laplace,6,8,[4],0.16651624707108958,1.0,False
tanh_laplace_013,tanh_laplace,7,8,[4],0.2590881765790557,1.0,False
tanh_laplace_013,tanh_laplace,9,8,[4],0.24835657326240346,1.0,False
tanh_laplace_013,tanh_laplace,0,9,[],0.7757472131657849,1.0,False
tanh_laplace_013,tanh_laplace,2,9,[],0.09039741445684246,1.0,False
tanh_laplace_013,tanh_laplace,3,9,[],0.367570172993139,1.0,False
tanh_laplace_013,tanh_laplace,4,9,[],0.6909907403327644,1.0,False
tanh_laplace_013,tanh_laplace,5,9,[],0.0934618768776363,1.0,False
tanh_laplace_013,tanh_laplace,6,9,[],0.9427676560706699,1.0,False
tanh_laplace_013,tanh_laplace,7,9,[],0.2623334544316115,1.0,False
tanh_laplace_013,tanh_laplace,8,9,[],0.08678573261325706,1.0,False
tanh_laplace_014,tanh_laplace,1,0,[],0.6679740261256512,1.0,False
tanh_laplace_014,tanh_laplace,2,0,[],0.791973669772351,1.0,False
tanh_laplace_014,tanh_laplace,3,0,[],0.022899388433917478,1.0,False
tanh_laplace_014,tanh_laplace,4,0,[],0.0019053896467957632,0.144809613156478,False
tanh_laplace_014,tanh_laplace,5,0,[],0.8805038728090367,1.0,False
tanh_laplace_014,tanh_laplace,6,0,[],0.07746185919652182,1.0,False
tanh_laplace_014,tanh_laplace,7,0,[],0.21745870647296306,1.0,False
tanh_laplace_014,tanh_laplace,9,0,[],0.4052703601494375,1.0,False
tanh_laplace_014,tanh_laplace,0,1,[],0.6679740261256512,1.0,False
tanh_laplace_014,tanh_laplace,2,1,[],0.028296988148989954,1.0,False
tanh_laplace_014,tanh_laplace,3,1,[],0.9879990357854929,1.0,False
tanh_laplace_014,tanh_laplace,4,1,[],0.048633879902887256,1.0,False
tanh_laplace_014,tanh_laplace,5,1,[],0.5851049259147725,1.0,False
tanh_laplace_014,tanh_laplace,6,1,[],0.649374946172657,1.0,False
tanh_laplace_014,tanh_laplace,7,1,[],0.17301082112440447,1.0,False
tanh_laplace_014,tanh_laplace,8,1,[],0.3311400593230709,1.0,False
tanh_laplace_014,tanh_laplace,9,1,[],0.5070953561399738,1.0,False
tanh_laplace_014,tanh_laplace,0,2,[7],0.6680003860324633,1.0,False
tanh_laplace_014,tanh_laplace,1,2,[7],0.37060948541323646,1.0,False
tanh_laplace_014,tanh_laplace,3,2,[7],0.5518890515360404,1.0,False
tanh_laplace_014,tanh_laplace,4,2,[7],0.029494865847023544,1.0,False
tanh_laplace_014,tanh_laplace,5,2,[7],0.44754749109825465,1.0,False
tanh_laplace_014,tanh_laplace,6,2,[7],0.5867513901878706,1.0,False
tanh_laplace_014,tanh_laplace,8,2,[7],0.44364303028575136,1.0,False
tanh_laplace_014,tanh_laplace,9,2,[7],0.7605603364894318,1.0,False
tanh_laplace_014,tanh_laplace,0,3,[],0.022899388433917478,1.0,False
tanh_laplace_014,tanh_laplace,1,3,[],0.9879990357854929,1.0,False
tanh_laplace_014,tanh_laplace,2,3,[],0.1250609365768276,1.0,False
tanh_laplace_014,tanh_laplace,4,3,[],1.0,1.0,False
tanh_laplace_014,tanh_laplace,6,3,[],0.03455688234481902,1.0,False
tanh_laplace_014,tanh_laplace,7,3,[],0.06688493115489047,1.0,False
tanh_laplace_014,tanh_laplace,8,3,[],0.31945463558452836,1.0,False
tanh_laplace_014,tanh_laplace,9,3,[],0.3213616802448338,1.0,False
tanh_laplace_014,tanh_laplace,0,4,[],0.0019053896467957632,0.144809613156478,False
tanh_laplace_014,tanh_laplace,1,4,[],0.048633879902887256,1.0,False
tanh_laplace_014,tanh_laplace,2,4,[],0.2538913174231814,1.0,False
tanh_laplace_014,tanh_laplace,3,4,[],1.0,1.0,False
tanh_laplace_014,tanh_laplace,7,4,[],0.5217951760396848,1.0,False
tanh_laplace_014,tanh_laplace,9,4,[],0.27101734012616374,1.0,False
tanh_laplace_014,tanh_laplace,0,5,"[3, 4, 6]",0.19879118903425375,1.0,False
tanh_laplace_014,tanh_laplace,1,5,"[3, 4, 6]",0.14237311972064903,1.0,False
tanh_laplace_014,tanh_laplace,2,5,"[3, 4, 6]",0.06770119128532082,1.0,False
tanh_laplace_014,tanh_laplace,7,5,"[3, 4, 6]",0.29360221239170214,1.0,False
tanh_laplace_014,tanh_laplace,8,5,"[3, 4, 6]",0.6150752770653594,1.0,False
tanh_laplace_014,tanh_laplace,9,5,"[3, 4, 6]",0.6156656918429558,1.0,False
tanh_laplace_014,tanh_laplace,0,6,[4],0.22825294508987082,1.0,False
tanh_laplace_014,tanh_laplace,1,6,[4],0.46552492372139975,1.0,False
tanh_laplace_014,tanh_laplace,2,6,[4],0.8057923780671348,1.0,False
tanh_laplace_014,tanh_laplace,3,6,[4],0.34900922198036866,1.0,False
tanh_laplace_014,tanh_laplace,7,6,[4],0.6418381384093161,1.0,False
tanh_laplace_014,tanh_laplace,8,6,[4],0.2984059738008331,1.0,False
tanh_laplace_014,tanh_laplace,9,6,[4],0.05546084240218363,1.0,False
tanh_laplace_014,tanh_laplace,0,7,[],0.21745870647296306,1.0,False
tanh_laplace_014,tanh_laplace,1,7,[],0.17301082112440447,1.0,False
tanh_laplace_014,tanh_laplace,3,7,[],0.06688493115489047,1.0,False
tanh_laplace_014,tanh_laplace,4,7,[],0.5217951760396848,1.0,False
tanh_laplace_014,tanh_laplace,5,7,[],0.15716134073570043,1.0,False
tanh_laplace_014,tanh_laplace,6,7,[],0.8326772714838254,1.0,False
tanh_laplace_014,tanh_laplace,8,7,[],0.62602725292599,1.0,False
tanh_laplace_014,tanh_laplace,9,7,[],0.38509525587358373,1.0,False
tanh_laplace_014,tanh_laplace,1,8,"[0, 4]",0.6486123141761924,1.0,False
tanh_laplace_014,tanh_laplace,2,8,"[0, 4]",0.740341077179417,1.0,False
tanh_laplace_014,tanh_laplace,3,8,"[0, 4]",0.6232889124036232,1.0,False
tanh_laplace_014,tanh_laplace,5,8,"[0, 4]",1.0,1.0,False
tanh_laplace_014,tanh_laplace,6,8,"[0, 4]",0.6391087816864703,1.0,False
tanh_laplace_014,tanh_laplace,7,8,"[0, 4]",0.4457318846147076,1.0,False
tanh_laplace_014,tanh_laplace,9,8,"[0, 4]",0.8508986762362253,1.0,False
tanh_laplace_014,tanh_laplace,0,9,[],0.4052703601494375,1.0,False
tanh_laplace_014,tanh_laplace,1,9,[],0.5070953561399738,1.0,False
tanh_laplace_014,tanh_laplace,2,9,[],0.44006979862750084,1.0,False
tanh_laplace_014,tanh_laplace,3,9,[],0.3213616802448338,1.0,False
tanh_laplace_014,tanh_laplace,4,9,[],0.27101734012616374,1.0,False
tanh_laplace_014,tanh_laplace,5,9,[],0.4934074442026014,1.0,False
tanh_laplace_014,tanh_laplace,6,9,[],0.8582157274942561,1.0,False
tanh_laplace_014,tanh_laplace,7,9,[],0.38509525587358373,1.0,False
tanh_laplace_014,tanh_laplace,8,9,[],1.0,1.0,False
tanh_laplace_015,tanh_laplace,1,0,"[3, 8]",0.013160692549736286,0.8554450157328586,False
tanh_laplace_015,tanh_laplace,2,0,"[3, 8]",0.1120719776535899,1.0,False
tanh_laplace_015,tanh_laplace,4,0,"[3, 8]",0.1166308563911872,1.0,False
tanh_laplace_015,tanh_laplace,5,0,"[3, 8]",0.12503840104522534,1.0,False
tanh_laplace_015,tanh_laplace,6,0,"[3, 8]",0.151024927793169,1.0,False
tanh_laplace_015,tanh_laplace,7,0,"[3, 8]",0.23202973336954524,1.0,False
tanh_laplace_015,tanh_laplace,9,0,"[3, 8]",0.26063571138261055,1.0,False
tanh_laplace_015,tanh_laplace,0,1,[],0.9528144785423929,1.0,False
tanh_laplace_015,tanh_laplace,2,1,[],0.27271328749703994,1.0,False
tanh_laplace_015,tanh_laplace,3,1,[],0.7592687716243781,1.0,False
tanh_laplace_015,tanh_laplace,5,1,[],0.3945221868676211,1.0,False
tanh_laplace_015,tanh_laplace,6,1,[],0.025005259325838858,1.0,False
tanh_laplace_015,tanh_laplace,8,1,[],0.9565520658246095,1.0,False
tanh_laplace_015,tanh_laplace,9,1,[],0.8048148532284378,1.0,False
tanh_laplace_015,tanh_laplace,0,2,"[3, 8]",0.1120719776535899,1.0,False
tanh_laplace_015,tanh_laplace,1,2,"[3, 8]",0.17129924472940017,1.0,False
tanh_laplace_015,tanh_laplace,4,2,"[3, 8]",0.16738766414365747,1.0,False
tanh_laplace_015,tanh_laplace,5,2,"[3, 8]",0.08550443970097776,1.0,False
tanh_laplace_015,tanh_laplace,6,2,"[3, 8]",0.4717467852885331,1.0,False
tanh_laplace_015,tanh_laplace,7,2,"[3, 8]",0.35132280046136144,1.0,False
tanh_laplace_015,tanh_laplace,9,2,"[3, 8]",0.3732560886784696,1.0,False
tanh_laplace_015,tanh_laplace,1,3,[8],0.852194838831164,1.0,False
tanh_laplace_015,tanh_laplace,4,3,[8],0.35341868851405356,1.0,False
tanh_laplace_015,tanh_laplace,5,3,[8],0.9551081364785186,1.0,False
tanh_laplace_015,tanh_laplace,6,3,[8],0.7943323752942075,1.0,False
tanh_laplace_015,tanh_laplace,7,3,[8],0.009066302169431717,0.5983759431824933,False
tanh_laplace_015,tanh_laplace,9,3,[8],0.858221487257607,1.0,False
tanh_laplace_015,tanh_laplace,0,4,[1],0.7123614899731274,1.0,False
tanh_laplace_015,tanh_laplace,2,4,[1],0.8515238056932102,1.0,False
tanh_laplace_015,tanh_laplace,3,4,[1],0.4716382243162396,1.0,False
tanh_laplace_015,tanh_laplace,5,4,[1],0.4579589062842284,1.0,False
tanh_laplace_015,tanh_laplace,6,4,[1],0.2435425904639742,1.0,False
tanh_laplace_015,tanh_laplace,8,4,[1],0.5466041692591891,1.0,False
tanh_laplace_015,tanh_laplace,9,4,[1],0.4981848395479985,1.0,False
tanh_laplace_015,tanh_laplace,0,5,[],0.273213701023975,1.0,False
tanh_laplace_015,tanh_laplace,1,5,[],0.3945221868676211,1.0,False
tanh_laplace_015,tanh_laplace,2,5,[],0.7323227969747717,1.0,False
tanh_laplace_015,tanh_laplace,3,5,[],0.5990755723367666,1.0,False
tanh_laplace_015,tanh_laplace,4,5,[],0.2643636212803411,1.0,False
tanh_laplace_015,tanh_laplace,6,5,[],0.1898536896265619,1.0,False
tanh_laplace_015,tanh_laplace,7,5,[],0.3828013438447827,1.0,False
tanh_laplace_015,tanh_laplace,8,5,[],0.38544305171069204,1.0,False
tanh_laplace_015,tanh_laplace,0,6,[],0.3948673243217137,1.0,False
tanh_laplace_015,tanh_laplace,1,6,[],0.025005259325838858,1.0,False
tanh_laplace_015,tanh_laplace,2,6,[],0.7399507230711396,1.0,False
tanh_laplace_015,tanh_laplace,3,6,[],0.2874092680900536,1.0,False
tanh_laplace_015,tanh_laplace,4,6,[],0.0968772479371992,1.0,False
tanh_laplace_015,tanh_laplace,5,6,[],0.1898536896265619,1.0,False
tanh_laplace_015,tanh_laplace,8,6,[],0.8974935289372981,1.0,False
tanh_laplace_015,tanh_laplace,9,6,[],0.4355880421136489,1.0,False
tanh_laplace_015,tanh_laplace,0,7,"[1, 4, 6]",5.38190000010097e-07,3.767330000070679e-05,True
tanh_laplace_015,tanh_laplace,2,7,"[1, 4, 6]",0.02551519867758878,1.0,False
tanh_laplace_015,tanh_laplace,3,7,"[1, 4, 6]",0.0004264786847980595,0.029000550566268046,True
tanh_laplace_015,tanh_laplace,5,7,"[1, 4, 6]",0.5738091187632545,1.0,False
tanh_laplace_015,tanh_laplace,8,7,"[1, 4, 6]",0.0010594310481294444,0.07098188022467278,False
tanh_laplace_015,tanh_laplace,9,7,"[1, 4, 6]",0.6298354349543904,1.0,False
tanh_laplace_015,tanh_laplace,1,8,[],0.9565520658246095,1.0,False
tanh_laplace_015,tanh_laplace,4,8,[],0.9793635444917753,1.0,False
tanh_laplace_015,tanh_laplace,5,8,[],0.38544305171069204,1.0,False
tanh_laplace_015,tanh_laplace,6,8,[],0.8974935289372981,1.0,False
tanh_laplace_015,tanh_laplace,7,8,[],5.4343041381632595e-05,0.003749669855332649,True
tanh_laplace_015,tanh_laplace,9,8,[],0.49587839451759097,1.0,False
tanh_laplace_015,tanh_laplace,0,9,[5],0.8322434824689761,1.0,False
tanh_laplace_015,tanh_laplace,1,9,[5],0.01552670694637659,0.9937092445681017,False
tanh_laplace_015,tanh_laplace,2,9,[5],0.4907094797664068,1.0,False
tanh_laplace_015,tanh_laplace,3,9,[5],0.44595080701560474,1.0,False
tanh_laplace_015,tanh_laplace,4,9,[5],0.05006379933778049,1.0,False
tanh_laplace_015,tanh_laplace,6,9,[5],0.43754530559404636,1.0,False
tanh_laplace_015,tanh_laplace,7,9,[5],0.11958303242561552,1.0,False
tanh_laplace_015,tanh_laplace,8,9,[5],0.22304068163716106,1.0,False
tanh_laplace_016,tanh_laplace,2,0,[5],0.5848929755670937,1.0,False
tanh_laplace_016,tanh_laplace,2,1,"[0, 5]",0.6046498838826346,1.0,False
tanh_laplace_016,tanh_laplace,3,1,"[0, 5]",0.119682036566918,1.0,False
tanh_laplace_016,tanh_laplace,6,1,"[0, 5]",9.470149293644425e-07,3.78805971745777e-05,True
tanh_laplace_016,tanh_laplace,7,1,"[0, 5]",0.033634815660601,1.0,False
tanh_laplace_016,tanh_laplace,8,1,"[0, 5]",0.036520563607303824,1.0,False
tanh_laplace_016,tanh_laplace,0,2,[],0.5633025065664257,1.0,False
tanh_laplace_016,tanh_laplace,1,2,[],0.6255365385832725,1.0,False
tanh_laplace_016,tanh_laplace,5,2,[],0.3981416580297713,1.0,False
tanh_laplace_016,tanh_laplace,6,2,[],0.24012280213783688,1.0,False
tanh_laplace_016,tanh_laplace,7,2,[],0.019934183328437882,0.7375647831522016,False
tanh_laplace_016,tanh_laplace,9,2,[],0.341940621013856,1.0,False
tanh_laplace_016,tanh_laplace,1,3,"[0, 2, 5]",0.6459811720320858,1.0,False
tanh_laplace_016,tanh_laplace,6,3,"[0, 2, 5]",0.5230392195868949,1.0,False
tanh_laplace_016,tanh_laplace,7,3,"[0, 2, 5]",0.2041168726732816,1.0,False
tanh_laplace_016,tanh_laplace,8,3,"[0, 2, 5]",0.550392250699236,1.0,False
tanh_laplace_016,tanh_laplace,9,3,"[0, 2, 5]",0.5255681328698656,1.0,False
tanh_laplace_016,tanh_laplace,6,4,"[0, 1, 2, 3, 5, 9]",0.6965735100211374,1.0,False
tanh_laplace_016,tanh_laplace,7,4,"[0, 1, 2, 3, 5, 9]",0.6807844406504241,1.0,False
tanh_laplace_016,tanh_laplace,8,4,"[0, 1, 2, 3, 5, 9]",0.33427701214371985,1.0,False
tanh_laplace_016,tanh_laplace,2,5,[],0.3981416580297713,1.0,False
tanh_laplace_016,tanh_laplace,1,6,"[0, 5]",9.470149293644425e-07,3.78805971745777e-05,True
tanh_laplace_016,tanh_laplace,2,6,"[0, 5]",0.11651083103655036,1.0,False
tanh_laplace_016,tanh_laplace,3,6,"[0, 5]",0.27950233250823286,1.0,False
tanh_laplace_016,tanh_laplace,0,7,"[5, 6]",0.3655331798907434,1.0,False
tanh_laplace_016,tanh_laplace,1,7,"[5, 6]",0.7452228532828011,1.0,False
tanh_laplace_016,tanh_laplace,2,7,"[5, 6]",0.9584899746213924,1.0,False
tanh_laplace_016,tanh_laplace,3,7,"[5, 6]",0.26478835904128095,1.0,False
tanh_laplace_016,tanh_laplace,4,7,"[5, 6]",0.7240165878243845,1.0,False
tanh_laplace_016,tanh_laplace,8,7,"[5, 6]",1.0,1.0,False
tanh_laplace_016,tanh_laplace,9,7,"[5, 6]",0.6281174071748586,1.0,False
tanh_laplace_016,tanh_laplace,1,8,"[0, 2, 6]",3.497263308360754e-05,0.0013289600571770865,True
tanh_laplace_016,tanh_laplace,3,8,"[0, 2, 6]",0.4165931075167061,1.0,False
tanh_laplace_016,tanh_laplace,4,8,"[0, 2, 6]",0.2879947895230657,1.0,False
tanh_laplace_016,tanh_laplace,5,8,"[0, 2, 6]",3.888922517347737e-11,1.5944582321125722e-09,True
tanh_laplace_016,tanh_laplace,7,8,"[0, 2, 6]",0.6237535578233828,1.0,False
tanh_laplace_016,tanh_laplace,9,8,"[0, 2, 6]",0.24413503640728118,1.0,False
tanh_laplace_016,tanh_laplace,2,9,"[0, 1, 5, 6]",0.5512009891291123,1.0,False
tanh_laplace_016,tanh_laplace,3,9,"[0, 1, 5, 6]",0.8033038149464898,1.0,False
tanh_laplace_016,tanh_laplace,7,9,"[0, 1, 5, 6]",1.0,1.0,False
tanh_laplace_016,tanh_laplace,8,9,"[0, 1, 5, 6]",0.652653461104157,1.0,False
tanh_laplace_017,tanh_laplace,2,0,[],0.9596445633773986,1.0,False
tanh_laplace_017,tanh_laplace,4,0,[],0.6268757494075867,1.0,False
tanh_laplace_017,tanh_laplace,8,0,[],0.6913649328508579,1.0,False
tanh_laplace_017,tanh_laplace,9,0,[],0.5397614251845152,1.0,False
tanh_laplace_017,tanh_laplace,0,1,"[5, 8]",0.11993560465714403,1.0,False
tanh_laplace_017,tanh_laplace,2,1,"[5, 8]",0.7824479581586137,1.0,False
tanh_laplace_017,tanh_laplace,3,1,"[5, 8]",0.8792550386950571,1.0,False
tanh_laplace_017,tanh_laplace,4,1,"[5, 8]",0.7083211650207832,1.0,False
tanh_laplace_017,tanh_laplace,7,1,"[5, 8]",0.21351601788239627,1.0,False
tanh_laplace_017,tanh_laplace,9,1,"[5, 8]",0.46673094910979473,1.0,False
tanh_laplace_017,tanh_laplace,0,2,[],0.9596445633773986,1.0,False
tanh_laplace_017,tanh_laplace,1,2,[],0.6688007112100223,1.0,False
tanh_laplace_017,tanh_laplace,3,2,[],0.10120946273795972,1.0,False
tanh_laplace_017,tanh_laplace,4,2,[],1.0,1.0,False
tanh_laplace_017,tanh_laplace,5,2,[],0.9350267200134782,1.0,False
tanh_laplace_017,tanh_laplace,6,2,[],1.0,1.0,False
tanh_laplace_017,tanh_laplace,7,2,[],0.8628375256087631,1.0,False
tanh_laplace_017,tanh_laplace,8,2,[],0.5928628072933355,1.0,False
tanh_laplace_017,tanh_laplace,9,2,[],0.4252406787191386,1.0,False
tanh_laplace_017,tanh_laplace,0,3,[5],0.4873504400994586,1.0,False
tanh_laplace_017,tanh_laplace,1,3,[5],0.3534075181006435,1.0,False
tanh_laplace_017,tanh_laplace,2,3,[5],0.8069323629454803,1.0,False
tanh_laplace_017,tanh_laplace,4,3,[5],0.022586927013855118,1.0,False
tanh_laplace_017,tanh_laplace,6,3,[5],1.543430024519843e-05,0.0010340981164282947,True
tanh_laplace_017,tanh_laplace,7,3,[5],2.5533124422549847e-06,0.00017362524607333896,True
tanh_laplace_017,tanh_laplace,8,3,[5],0.006066230620307866,0.3943049903200113,False
tanh_laplace_017,tanh_laplace,9,3,[5],0.5870586115312135,1.0,False
tanh_laplace_017,tanh_laplace,0,4,[],0.6268757494075867,1.0,False
tanh_laplace_017,tanh_laplace,1,4,[],0.7657527133378854,1.0,False
tanh_laplace_017,tanh_laplace,2,4,[],1.0,1.0,False
tanh_laplace_017,tanh_laplace,3,4,[],0.15364995198836584,1.0,False
tanh_laplace_017,tanh_laplace,5,4,[],0.6487286399733432,1.0,False
tanh_laplace_017,tanh_laplace,6,4,[],0.4940533329344605,1.0,False
tanh_laplace_017,tanh_laplace,7,4,[],0.437444730213676,1.0,False
tanh_laplace_017,tanh_laplace,8,4,[],1.0,1.0,False
tanh_laplace_017,tanh_laplace,2,5,[0],0.7768980740673153,1.0,False
tanh_laplace_017,tanh_laplace,4,5,[0],0.7053967167286439,1.0,False
tanh_laplace_017,tanh_laplace,8,5,[0],0.41231851094309413,1.0,False
tanh_laplace_017,tanh_laplace,9,5,[0],0.8958337080968585,1.0,False
tanh_laplace_017,tanh_laplace,0,6,"[1, 8]",0.020150943595110493,1.0,False
tanh_laplace_017,tanh_laplace,2,6,"[1, 8]",0.45311360233062914,1.0,False
tanh_laplace_017,tanh_laplace,3,6,"[1, 8]",0.00028592096329027594,0.018870783577158212,True
tanh_laplace_017,tanh_laplace,4,6,"[1, 8]",0.15705702833343438,1.0,False
tanh_laplace_017,tanh_laplace,5,6,"[1, 8]",0.829970075354494,1.0,False
tanh_laplace_017,tanh_laplace,7,6,"[1, 8]",0.16456358805531668,1.0,False
tanh_laplace_017,tanh_laplace,9,6,"[1, 8]",0.34273970150604705,1.0,False
tanh_laplace_017,tanh_laplace,1,7,"[0, 5]",0.13877867520262155,1.0,False
tanh_laplace_017,tanh_laplace,2,7,"[0, 5]",0.6262095372131982,1.0,False
tanh_laplace_017,tanh_laplace,3,7,"[0, 5]",0.007866816521836406,0.4956094408756936,False
tanh_laplace_017,tanh_laplace,4,7,"[0, 5]",0.499666198767476,1.0,False
tanh_laplace_017,tanh_laplace,6,7,"[0, 5]",0.6617968927127507,1.0,False
tanh_laplace_017,tanh_laplace,8,7,"[0, 5]",0.5330595767752626,1.0,False
tanh_laplace_017,tanh_laplace,9,7,"[0, 5]",0.4879270322224657,1.0,False
tanh_laplace_017,tanh_laplace,0,8,[],0.6913649328508579,1.0,False
tanh_laplace_017,tanh_laplace,2,8,[],0.5928628072933355,1.0,False
tanh_laplace_017,tanh_laplace,3,8,[],0.007486688111828177,0.4791480391570033,False
tanh_laplace_017,tanh_laplace,4,8,[],1.0,1.0,False
tanh_laplace_017,tanh_laplace,5,8,[],0.5113262739434612,1.0,False
tanh_laplace_017,tanh_laplace,7,8,[],0.2504002684790172,1.0,False
tanh_laplace_017,tanh_laplace,9,8,[],0.7589379103638066,1.0,False
tanh_laplace_017,tanh_laplace,0,9,[4],0.48752293398361246,1.0,False
tanh_laplace_017,tanh_laplace,1,9,[4],0.3357882699961485,1.0,False
tanh_laplace_017,tanh_laplace,2,9,[4],0.43391278383343723,1.0,False
tanh_laplace_017,tanh_laplace,3,9,[4],0.4574704286643525,1.0,False
tanh_laplace_017,tanh_laplace,5,9,[4],0.9105728156736114,1.0,False
tanh_laplace_017,tanh_laplace,6,9,[4],0.5333254741583873,1.0,False
tanh_laplace_017,tanh_laplace,7,9,[4],0.031255691303449074,1.0,False
tanh_laplace_017,tanh_laplace,8,9,[4],0.543401242576719,1.0,False
tanh_laplace_018,tanh_laplace,3,0,"[1, 2, 5]",0.9250088185076999,1.0,False
tanh_laplace_018,tanh_laplace,4,0,"[1, 2, 5]",0.006778850901350775,0.2440386324486279,False
tanh_laplace_018,tanh_laplace,6,0,"[1, 2, 5]",0.7988630101328068,1.0,False
tanh_laplace_018,tanh_laplace,7,0,"[1, 2, 5]",0.0009167427703936637,0.03483622527495922,True
tanh_laplace_018,tanh_laplace,8,0,"[1, 2, 5]",0.13251437877791616,1.0,False
tanh_laplace_018,tanh_laplace,9,0,"[1, 2, 5]",0.5640567018249869,1.0,False
tanh_laplace_018,tanh_laplace,3,2,[1],0.4820766461148115,1.0,False
tanh_laplace_018,tanh_laplace,4,2,[1],0.00029557760102139063,0.011823104040855625,True
tanh_laplace_018,tanh_laplace,5,2,[1],7.285485326136154e-09,3.205613543499908e-07,True
tanh_laplace_018,tanh_laplace,6,2,[1],1.1668443988810395e-13,5.367484234852782e-12,True
tanh_laplace_018,tanh_laplace,8,2,[1],5.29047867736665e-08,2.2749058312676596e-06,True
tanh_laplace_018,tanh_laplace,9,2,[1],1.0559930567421993e-05,0.00043295715326430173,True
tanh_laplace_018,tanh_laplace,0,3,[1],0.3279639751839266,1.0,False
tanh_laplace_018,tanh_laplace,2,3,[1],0.4820766461148115,1.0,False
tanh_laplace_018,tanh_laplace,4,3,[1],0.30385860750299476,1.0,False
tanh_laplace_018,tanh_laplace,5,3,[1],0.16289573667293156,1.0,False
tanh_laplace_018,tanh_laplace,7,3,[1],1.0,1.0,False
tanh_laplace_018,tanh_laplace,9,3,[1],0.6300428984669402,1.0,False
tanh_laplace_018,tanh_laplace,2,4,[1],0.00029557760102139063,0.011823104040855625,True
tanh_laplace_018,tanh_laplace,3,4,[1],0.30385860750299476,1.0,False
tanh_laplace_018,tanh_laplace,7,4,[1],0.4088398293302441,1.0,False
tanh_laplace_018,tanh_laplace,2,5,"[1, 4]",5.830835814180091e-11,2.623876116381041e-09,True
tanh_laplace_018,tanh_laplace,3,5,"[1, 4]",0.27756533543474704,1.0,False
tanh_laplace_018,tanh_laplace,7,5,"[1, 4]",2.8771806668270727e-06,0.00012084158800673706,True
tanh_laplace_018,tanh_laplace,0,6,"[3, 4, 5, 9]",0.7022395117362803,1.0,False
tanh_laplace_018,tanh_laplace,1,6,"[3, 4, 5, 9]",0.005035781047441845,0.18632389875534827,False
tanh_laplace_018,tanh_laplace,2,6,"[3, 4, 5, 9]",0.0163635591103779,0.5727245688632265,False
tanh_laplace_018,tanh_laplace,7,6,"[3, 4, 5, 9]",0.16956517437558882,1.0,False
tanh_laplace_018,tanh_laplace,0,7,"[1, 2]",0.34857434343742644,1.0,False
tanh_laplace_018,tanh_laplace,3,7,"[1, 2]",0.3114154406498064,1.0,False
tanh_laplace_018,tanh_laplace,4,7,"[1, 2]",0.45994039677461307,1.0,False
tanh_laplace_018,tanh_laplace,5,7,"[1, 2]",0.293844758098481,1.0,False
tanh_laplace_018,tanh_laplace,6,7,"[1, 2]",0.29984699947001703,1.0,False
tanh_laplace_018,tanh_laplace,8,7,"[1, 2]",0.2509026445433551,1.0,False
tanh_laplace_018,tanh_laplace,9,7,"[1, 2]",0.19003148609681142,1.0,False
tanh_laplace_018,tanh_laplace,0,8,"[4, 5, 6]",0.8263193257418734,1.0,False
tanh_laplace_018,tanh_laplace,1,8,"[4, 5, 6]",0.8075397697088819,1.0,False
tanh_laplace_018,tanh_laplace,2,8,"[4, 5, 6]",0.9281744271568144,1.0,False
tanh_laplace_018,tanh_laplace,3,8,"[4, 5, 6]",1.0,1.0,False
tanh_laplace_018,tanh_laplace,7,8,"[4, 5, 6]",0.06643530869461511,1.0,False
tanh_laplace_018,tanh_laplace,9,8,"[4, 5, 6]",0.36449136327251974,1.0,False
tanh_laplace_018,tanh_laplace,0,9,"[1, 5]",0.3706757185310038,1.0,False
tanh_laplace_018,tanh_laplace,2,9,"[1, 5]",0.7100747091640628,1.0,False
tanh_laplace_018,tanh_laplace,3,9,"[1, 5]",0.15812190573699003,1.0,False
tanh_laplace_018,tanh_laplace,4,9,"[1, 5]",0.7336398912704027,1.0,False
tanh_laplace_018,tanh_laplace,7,9,"[1, 5]",0.8710487093129792,1.0,False
tanh_laplace_019,tanh_laplace,2,0,[],0.5895107858779829,1.0,False
tanh_laplace_019,tanh_laplace,3,0,[],0.10648036037285591,1.0,False
tanh_laplace_019,tanh_laplace,5,0,[],0.4818323901401774,1.0,False
tanh_laplace_019,tanh_laplace,6,0,[],0.2804653370327507,1.0,False
tanh_laplace_019,tanh_laplace,7,0,[],0.4003507236657412,1.0,False
tanh_laplace_019,tanh_laplace,8,0,[],0.39501364143113205,1.0,False
tanh_laplace_019,tanh_laplace,9,0,[],0.12208144122455511,1.0,False
tanh_laplace_019,tanh_laplace,2,1,"[0, 3]",0.777340671692962,1.0,False
tanh_laplace_019,tanh_laplace,4,1,"[0, 3]",0.23851807809764192,1.0,False
tanh_laplace_019,tanh_laplace,5,1,"[0, 3]",1.0,1.0,False
tanh_laplace_019,tanh_laplace,6,1,"[0, 3]",0.025396441027481287,1.0,False
tanh_laplace_019,tanh_laplace,7,1,"[0, 3]",0.8915379543870692,1.0,False
tanh_laplace_019,tanh_laplace,8,1,"[0, 3]",0.3405192177873939,1.0,False
tanh_laplace_019,tanh_laplace,9,1,"[0, 3]",0.4666667480560842,1.0,False
tanh_laplace_019,tanh_laplace,0,2,[9],0.37137252568577406,1.0,False
tanh_laplace_019,tanh_laplace,1,2,[9],0.08786534448823691,1.0,False
tanh_laplace_019,tanh_laplace,3,2,[9],0.293339356970194,1.0,False
tanh_laplace_019,tanh_laplace,4,2,[9],0.5351631132163748,1.0,False
tanh_laplace_019,tanh_laplace,5,2,[9],0.44153416887126584,1.0,False
tanh_laplace_019,tanh_laplace,6,2,[9],0.6512378404914914,1.0,False
tanh_laplace_019,tanh_laplace,7,2,[9],0.8784705483200074,1.0,False
tanh_laplace_019,tanh_laplace,8,2,[9],0.4613427034886347,1.0,False
tanh_laplace_019,tanh_laplace,0,3,[],0.10648036037285591,1.0,False
tanh_laplace_019,tanh_laplace,5,3,[],0.584734376730972,1.0,False
tanh_laplace_019,tanh_laplace,6,3,[],0.1394145987306188,1.0,False
tanh_laplace_019,tanh_laplace,7,3,[],0.01355996136327664,0.9356373340660882,False
tanh_laplace_019,tanh_laplace,1,4,"[0, 3]",0.23851807809764192,1.0,False
tanh_laplace_019,tanh_laplace,2,4,"[0, 3]",0.10996396725857027,1.0,False
tanh_laplace_019,tanh_laplace,5,4,"[0, 3]",0.6350337742473309,1.0,False
tanh_laplace_019,tanh_laplace,6,4,"[0, 3]",0.24666509211276688,1.0,False
tanh_laplace_019,tanh_laplace,7,4,"[0, 3]",0.15711374422890123,1.0,False
tanh_laplace_019,tanh_laplace,8,4,"[0, 3]",0.5262897727621481,1.0,False
tanh_laplace_019,tanh_laplace,9,4,"[0, 3]",0.14449022561184843,1.0,False
tanh_laplace_019,tanh_laplace,0,5,[],0.4818323901401774,1.0,False
tanh_laplace_019,tanh_laplace,1,5,[],0.5432104690099742,1.0,False
tanh_laplace_019,tanh_laplace,2,5,[],0.7363683749579817,1.0,False
tanh_laplace_019,tanh_laplace,3,5,[],0.584734376730972,1.0,False
tanh_laplace_019,tanh_laplace,4,5,[],0.6056961156598981,1.0,False
tanh_laplace_019,tanh_laplace,6,5,[],0.09322484875245318,1.0,False
tanh_laplace_019,tanh_laplace,7,5,[],0.04987605574973164,1.0,False
tanh_laplace_019,tanh_laplace,8,5,[],0.13124036192538502,1.0,False
tanh_laplace_019,tanh_laplace,9,5,[],0.5762310443856649,1.0,False
tanh_laplace_019,tanh_laplace,0,6,[],0.2804653370327507,1.0,False
tanh_laplace_019,tanh_laplace,1,6,[],0.7702502860322423,1.0,False
tanh_laplace_019,tanh_laplace,2,6,[],3.71090758555237e-06,0.0002597635309886659,True
tanh_laplace_019,tanh_laplace,3,6,[],0.1394145987306188,1.0,False
tanh_laplace_019,tanh_laplace,4,6,[],0.14854235952426564,1.0,False
tanh_laplace_019,tanh_laplace,5,6,[],0.09322484875245318,1.0,False
tanh_laplace_019,tanh_laplace,8,6,[],0.38655460042123346,1.0,False
tanh_laplace_019,tanh_laplace,9,6,[],2.220446049250313e-16,1.6209256159527285e-14,True
tanh_laplace_019,tanh_laplace,0,7,[6],0.4357938903610348,1.0,False
tanh_laplace_019,tanh_laplace,1,7,[6],0.1919679895840014,1.0,False
tanh_laplace_019,tanh_laplace,2,7,[6],0.4196031820236704,1.0,False
tanh_laplace_019,tanh_laplace,3,7,[6],0.10085695198277489,1.0,False
tanh_laplace_019,tanh_laplace,4,7,[6],0.6799142744106492,1.0,False
tanh_laplace_019,tanh_laplace,5,7,[6],0.057651960385000534,1.0,False
tanh_laplace_019,tanh_laplace,8,7,[6],0.6120620774832497,1.0,False
tanh_laplace_019,tanh_laplace,9,7,[6],0.32640447611559076,1.0,False
tanh_laplace_019,tanh_laplace,0,8,[3],0.13533404085431733,1.0,False
tanh_laplace_019,tanh_laplace,1,8,[3],0.10100991944760351,1.0,False
tanh_laplace_019,tanh_laplace,2,8,[3],1.0,1.0,False
tanh_laplace_019,tanh_laplace,4,8,[3],0.18088030723537885,1.0,False
tanh_laplace_019,tanh_laplace,5,8,[3],0.38795928486446885,1.0,False
tanh_laplace_019,tanh_laplace,6,8,[3],0.03227309300212822,1.0,False
tanh_laplace_019,tanh_laplace,7,8,[3],0.40194843620825493,1.0,False
tanh_laplace_019,tanh_laplace,9,8,[3],0.32775152348767556,1.0,False
tanh_laplace_019,tanh_laplace,0,9,[3],0.13887952968334383,1.0,False
tanh_laplace_019,tanh_laplace,1,9,[3],0.5742961162683082,1.0,False
tanh_laplace_019,tanh_laplace,4,9,[3],0.23774390826629044,1.0,False
tanh_laplace_019,tanh_laplace,5,9,[3],0.20706282583133206,1.0,False
tanh_laplace_019,tanh_laplace,6,9,[3],6.661338147750939e-14,4.796163466380676e-12,True
tanh_laplace_019,tanh_laplace,7,9,[3],8.985877597567082e-10,6.379973094272628e-08,True
tanh_laplace_019,tanh_laplace,8,9,[3],0.32775152348767556,1.0,False
softsign_studentt8_000,softsign_studentt8,1,0,[],0.24496789489396087,1.0,False
softsign_studentt8_000,softsign_studentt8,2,0,[],1.0,1.0,False
softsign_studentt8_000,softsign_studentt8,3,0,[],0.6148022587993809,1.0,False
softsign_studentt8_000,softsign_studentt8,4,0,[],1.0,1.0,False
softsign_studentt8_000,softsign_studentt8,5,0,[],0.5072301969929052,1.0,False
softsign_studentt8_000,softsign_studentt8,6,0,[],0.23957838489604977,1.0,False
softsign_studentt8_000,softsign_studentt8,7,0,[],0.7361844436561169,1.0,False
softsign_studentt8_000,softsign_studentt8,8,0,[],0.13086372063185703,1.0,False
softsign_studentt8_000,softsign_studentt8,9,0,[],0.38406952708655995,1.0,False
softsign_studentt8_000,softsign_studentt8,0,1,"[3, 8]",0.5335425844689026,1.0,False
softsign_studentt8_000,softsign_studentt8,2,1,"[3, 8]",0.22953285699981618,1.0,False
softsign_studentt8_000,softsign_studentt8,4,1,"[3, 8]",0.7323373198009718,1.0,False
softsign_studentt8_000,softsign_studentt8,5,1,"[3, 8]",0.14600806343775785,1.0,False
softsign_studentt8_000,softsign_studentt8,6,1,"[3, 8]",0.29254626666207617,1.0,False
softsign_studentt8_000,softsign_studentt8,7,1,"[3, 8]",0.21794076509202553,1.0,False
softsign_studentt8_000,softsign_studentt8,9,1,"[3, 8]",0.4754586756465151,1.0,False
softsign_studentt8_000,softsign_studentt8,0,2,"[3, 8, 9]",0.33688418145604415,1.0,False
softsign_studentt8_000,softsign_studentt8,1,2,"[3, 8, 9]",0.23501935826426956,1.0,False
softsign_studentt8_000,softsign_studentt8,4,2,"[3, 8, 9]",0.476906136980744,1.0,False
softsign_studentt8_000,softsign_studentt8,5,2,"[3, 8, 9]",0.09316196099189678,1.0,False
softsign_studentt8_000,softsign_studentt8,6,2,"[3, 8, 9]",0.28253356647794325,1.0,False
softsign_studentt8_000,softsign_studentt8,7,2,"[3, 8, 9]",1.135490572623521e-05,0.0007948434008364647,True
softsign_studentt8_000,softsign_studentt8,0,3,[8],0.8865764458412116,1.0,False
softsign_studentt8_000,softsign_studentt8,4,3,[8],0.16139551065250557,1.0,False
softsign_studentt8_000,softsign_studentt8,5,3,[8],0.1945168142902991,1.0,False
softsign_studentt8_000,softsign_studentt8,6,3,[8],0.30739830770024,1.0,False
softsign_studentt8_000,softsign_studentt8,7,3,[8],0.16974556180161926,1.0,False
softsign_studentt8_000,softsign_studentt8,0,4,[],1.0,1.0,False
softsign_studentt8_000,softsign_studentt8,1,4,[],0.8217434767165801,1.0,False
softsign_studentt8_000,softsign_studentt8,2,4,[],0.22679052448543402,1.0,False
softsign_studentt8_000,softsign_studentt8,3,4,[],0.6281291932328545,1.0,False
softsign_studentt8_000,softsign_studentt8,5,4,[],0.9615152684941999,1.0,False
softsign_studentt8_000,softsign_studentt8,6,4,[],0.2541730810644022,1.0,False
softsign_studentt8_000,softsign_studentt8,7,4,[],0.5680323556270802,1.0,False
softsign_studentt8_000,softsign_studentt8,8,4,[],0.9178539795733983,1.0,False
softsign_studentt8_000,softsign_studentt8,9,4,[],0.8418458392466373,1.0,False
softsign_studentt8_000,softsign_studentt8,0,5,[],0.5072301969929052,1.0,False
softsign_studentt8_000,softsign_studentt8,1,5,[],0.38778327481765495,1.0,False
softsign_studentt8_000,softsign_studentt8,2,5,[],0.002802689403539449,0.19338556884422198,False
softsign_studentt8_000,softsign_studentt8,3,5,[],0.3116140917057776,1.0,False
softsign_studentt8_000,softsign_studentt8,4,5,[],0.9615152684941999,1.0,False
softsign_studentt8_000,softsign_studentt8,8,5,[],0.2872687467489152,1.0,False
softsign_studentt8_000,softsign_studentt8,9,5,[],0.322645165526412,1.0,False
softsign_studentt8_000,softsign_studentt8,0,6,[5],0.3208466989765921,1.0,False
softsign_studentt8_000,softsign_studentt8,1,6,[5],0.505397676919086,1.0,False
softsign_studentt8_000,softsign_studentt8,2,6,[5],0.7761401504844103,1.0,False
softsign_studentt8_000,softsign_studentt8,3,6,[5],0.5959573793108404,1.0,False
softsign_studentt8_000,softsign_studentt8,4,6,[5],0.4674354312358623,1.0,False
softsign_studentt8_000,softsign_studentt8,7,6,[5],0.3574905178947857,1.0,False
softsign_studentt8_000,softsign_studentt8,8,6,[5],0.5899586177016355,1.0,False
softsign_studentt8_000,softsign_studentt8,9,6,[5],0.8621501272295405,1.0,False
softsign_studentt8_000,softsign_studentt8,0,7,[5],0.9237756481586137,1.0,False
softsign_studentt8_000,softsign_studentt8,1,7,[5],0.2719572827979517,1.0,False
softsign_studentt8_000,softsign_studentt8,2,7,[5],2.203902538244762e-08,1.564770802153781e-06,True
softsign_studentt8_000,softsign_studentt8,3,7,[5],0.19416280537579889,1.0,False
softsign_studentt8_000,softsign_studentt8,4,7,[5],0.40155708666218703,1.0,False
softsign_studentt8_000,softsign_studentt8,6,7,[5],0.3574905178947857,1.0,False
softsign_studentt8_000,softsign_studentt8,8,7,[5],0.15414892819615567,1.0,False
softsign_studentt8_000,softsign_studentt8,9,7,[5],0.4144616772795704,1.0,False
softsign_studentt8_000,softsign_studentt8,0,8,[],0.13086372063185703,1.0,False
softsign_studentt8_000,softsign_studentt8,4,8,[],0.9178539795733983,1.0,False
softsign_studentt8_000,softsign_studentt8,5,8,[],0.2872687467489152,1.0,False
softsign_studentt8_000,softsign_studentt8,6,8,[],0.9747976345884984,1.0,False
softsign_studentt8_000,softsign_studentt8,7,8,[],0.6236072773897897,1.0,False
softsign_studentt8_000,softsign_studentt8,0,9,[3],0.13232733329087143,1.0,False
softsign_studentt8_000,softsign_studentt8,1,9,[3],0.707606078271139,1.0,False
softsign_studentt8_000,softsign_studentt8,4,9,[3],0.7761871086670145,1.0,False
softsign_studentt8_000,softsign_studentt8,5,9,[3],0.02010622051552724,1.0,False
softsign_studentt8_000,softsign_studentt8,6,9,[3],0.382051743304063,1.0,False
softsign_studentt8_000,softsign_studentt8,7,9,[3],0.838100075781599,1.0,False
softsign_studentt8_000,softsign_studentt8,8,9,[3],0.33234006911986724,1.0,False
softsign_studentt8_001,softsign_studentt8,2,1,[0],0.413745306198693,1.0,False
softsign_studentt8_001,softsign_studentt8,3,1,[0],0.24370956743449812,1.0,False
softsign_studentt8_001,softsign_studentt8,4,1,[0],0.47317668842812244,1.0,False
softsign_studentt8_001,softsign_studentt8,5,1,[0],0.8318111730321474,1.0,False
softsign_studentt8_001,softsign_studentt8,6,1,[0],0.4690067305959825,1.0,False
softsign_studentt8_001,softsign_studentt8,7,1,[0],0.9494628791315562,1.0,False
softsign_studentt8_001,softsign_studentt8,8,1,[0],1.0,1.0,False
softsign_studentt8_001,softsign_studentt8,9,1,[0],0.7262509876555863,1.0,False
softsign_studentt8_001,softsign_studentt8,1,2,[0],0.413745306198693,1.0,False
softsign_studentt8_001,softsign_studentt8,3,2,[0],0.0036227156122519144,0.21011750551061104,False
softsign_studentt8_001,softsign_studentt8,4,2,[0],0.15222340915127808,1.0,False
softsign_studentt8_001,softsign_studentt8,5,2,[0],0.03507687641473778,1.0,False
softsign_studentt8_001,softsign_studentt8,7,2,[0],0.4250027795287217,1.0,False
softsign_studentt8_001,softsign_studentt8,8,2,[0],5.352465344166113e-06,0.000331852851338299,True
softsign_studentt8_001,softsign_studentt8,9,2,[0],0.9845290428279844,1.0,False
softsign_studentt8_001,softsign_studentt8,1,3,"[0, 7]",0.3772788819299173,1.0,False
softsign_studentt8_001,softsign_studentt8,2,3,"[0, 7]",3.713899189294878e-07,2.3397564892557732e-05,True
softsign_studentt8_001,softsign_studentt8,4,3,"[0, 7]",0.47209283804263935,1.0,False
softsign_studentt8_001,softsign_studentt8,5,3,"[0, 7]",1.0,1.0,False
softsign_studentt8_001,softsign_studentt8,6,3,"[0, 7]",0.2862988153487849,1.0,False
softsign_studentt8_001,softsign_studentt8,8,3,"[0, 7]",0.008451461838678731,0.48173332480468767,False
softsign_studentt8_001,softsign_studentt8,9,3,"[0, 7]",0.5839192614596574,1.0,False
softsign_studentt8_001,softsign_studentt8,1,4,[0],0.47317668842812244,1.0,False
softsign_studentt8_001,softsign_studentt8,2,4,[0],0.15222340915127808,1.0,False
softsign_studentt8_001,softsign_studentt8,3,4,[0],0.9999740821163607,1.0,False
softsign_studentt8_001,softsign_studentt8,5,4,[0],0.778803198867045,1.0,False
softsign_studentt8_001,softsign_studentt8,6,4,[0],1.0,1.0,False
softsign_studentt8_001,softsign_studentt8,7,4,[0],0.43836297448541317,1.0,False
softsign_studentt8_001,softsign_studentt8,8,4,[0],0.20143797321002155,1.0,False
softsign_studentt8_001,softsign_studentt8,9,4,[0],0.5174581584870424,1.0,False
softsign_studentt8_001,softsign_studentt8,1,5,"[0, 7, 8]",0.053098428139832454,1.0,False
softsign_studentt8_001,softsign_studentt8,2,5,"[0, 7, 8]",0.49818463255967993,1.0,False
softsign_studentt8_001,softsign_studentt8,3,5,"[0, 7, 8]",0.7633979467006038,1.0,False
softsign_studentt8_001,softsign_studentt8,4,5,"[0, 7, 8]",0.7259409787824196,1.0,False
softsign_studentt8_001,softsign_studentt8,6,5,"[0, 7, 8]",0.04511826002697261,1.0,False
softsign_studentt8_001,softsign_studentt8,9,5,"[0, 7, 8]",0.579495133379212,1.0,False
softsign_studentt8_001,softsign_studentt8,0,6,"[2, 7]",0.0025758600750842575,0.1519757444299712,False
softsign_studentt8_001,softsign_studentt8,1,6,"[2, 7]",0.5498972080058948,1.0,False
softsign_studentt8_001,softsign_studentt8,3,6,"[2, 7]",0.08911757006504062,1.0,False
softsign_studentt8_001,softsign_studentt8,4,6,"[2, 7]",0.23364199291462662,1.0,False
softsign_studentt8_001,softsign_studentt8,5,6,"[2, 7]",0.9072713962806128,1.0,False
softsign_studentt8_001,softsign_studentt8,8,6,"[2, 7]",0.00018693389626189827,0.011216033775713896,True
softsign_studentt8_001,softsign_studentt8,9,6,"[2, 7]",0.09324382392392927,1.0,False
softsign_studentt8_001,softsign_studentt8,1,7,[0],0.9494628791315562,1.0,False
softsign_studentt8_001,softsign_studentt8,2,7,[0],0.4250027795287217,1.0,False
softsign_studentt8_001,softsign_studentt8,4,7,[0],0.43836297448541317,1.0,False
softsign_studentt8_001,softsign_studentt8,8,7,[0],0.029306332686839465,1.0,False
softsign_studentt8_001,softsign_studentt8,9,7,[0],0.34967786483143803,1.0,False
softsign_studentt8_001,softsign_studentt8,1,8,[0],1.0,1.0,False
softsign_studentt8_001,softsign_studentt8,2,8,[0],5.352465344166113e-06,0.000331852851338299,True
softsign_studentt8_001,softsign_studentt8,3,8,[0],0.6685515117710228,1.0,False
softsign_studentt8_001,softsign_studentt8,4,8,[0],0.20143797321002155,1.0,False
softsign_studentt8_001,softsign_studentt8,6,8,[0],0.09962907911886776,1.0,False
softsign_studentt8_001,softsign_studentt8,7,8,[0],0.029306332686839465,1.0,False
softsign_studentt8_001,softsign_studentt8,9,8,[0],0.2824524334006593,1.0,False
softsign_studentt8_001,softsign_studentt8,1,9,[0],0.7262509876555863,1.0,False
softsign_studentt8_001,softsign_studentt8,2,9,[0],0.9845290428279844,1.0,False
softsign_studentt8_001,softsign_studentt8,3,9,[0],0.97674957360925,1.0,False
softsign_studentt8_001,softsign_studentt8,4,9,[0],0.5174581584870424,1.0,False
softsign_studentt8_001,softsign_studentt8,5,9,[0],0.6891637599875624,1.0,False
softsign_studentt8_001,softsign_studentt8,6,9,[0],0.33996089853088507,1.0,False
softsign_studentt8_001,softsign_studentt8,7,9,[0],0.34967786483143803,1.0,False
softsign_studentt8_001,softsign_studentt8,8,9,[0],0.2824524334006593,1.0,False
softsign_studentt8_002,softsign_studentt8,2,0,[1],0.41831451349351245,1.0,False
softsign_studentt8_002,softsign_studentt8,3,0,[1],0.38154296291018963,1.0,False
softsign_studentt8_002,softsign_studentt8,4,0,[1],0.645427112782502,1.0,False
softsign_studentt8_002,softsign_studentt8,5,0,[1],0.3391180915290375,1.0,False
softsign_studentt8_002,softsign_studentt8,6,0,[1],0.6067274451508523,1.0,False
softsign_studentt8_002,softsign_studentt8,7,0,[1],0.09169801981708525,1.0,False
softsign_studentt8_002,softsign_studentt8,9,0,[1],0.49371274041790036,1.0,False
softsign_studentt8_002,softsign_studentt8,3,1,[],0.3916990914217222,1.0,False
softsign_studentt8_002,softsign_studentt8,0,2,"[1, 4]",0.49449176751742874,1.0,False
softsign_studentt8_002,softsign_studentt8,3,2,"[1, 4]",0.7814865616954652,1.0,False
softsign_studentt8_002,softsign_studentt8,5,2,"[1, 4]",0.3460428450434012,1.0,False
softsign_studentt8_002,softsign_studentt8,6,2,"[1, 4]",0.7474322517169187,1.0,False
softsign_studentt8_002,softsign_studentt8,7,2,"[1, 4]",0.19535556934021403,1.0,False
softsign_studentt8_002,softsign_studentt8,8,2,"[1, 4]",0.40868724751460717,1.0,False
softsign_studentt8_002,softsign_studentt8,9,2,"[1, 4]",0.07356475695726927,1.0,False
softsign_studentt8_002,softsign_studentt8,0,3,[],0.6929336391291752,1.0,False
softsign_studentt8_002,softsign_studentt8,1,3,[],0.3916990914217222,1.0,False
softsign_studentt8_002,softsign_studentt8,2,3,[],0.7219744246924034,1.0,False
softsign_studentt8_002,softsign_studentt8,4,3,[],0.2558064561572173,1.0,False
softsign_studentt8_002,softsign_studentt8,5,3,[],0.42125418256417313,1.0,False
softsign_studentt8_002,softsign_studentt8,6,3,[],0.008337621372125459,0.5336077678160294,False
softsign_studentt8_002,softsign_studentt8,8,3,[],0.6387364201566637,1.0,False
softsign_studentt8_002,softsign_studentt8,9,3,[],0.8305973620377483,1.0,False
softsign_studentt8_002,softsign_studentt8,0,4,[1],0.645427112782502,1.0,False
softsign_studentt8_002,softsign_studentt8,3,4,[1],0.05783836942599996,1.0,False
softsign_studentt8_002,softsign_studentt8,8,4,[1],0.041247458433338324,1.0,False
softsign_studentt8_002,softsign_studentt8,9,4,[1],0.3228535439539679,1.0,False
softsign_studentt8_002,softsign_studentt8,0,5,[4],0.42810651417039003,1.0,False
softsign_studentt8_002,softsign_studentt8,1,5,[4],0.4411285462357267,1.0,False
softsign_studentt8_002,softsign_studentt8,2,5,[4],0.28879383895206034,1.0,False
softsign_studentt8_002,softsign_studentt8,3,5,[4],0.17216593019988036,1.0,False
softsign_studentt8_002,softsign_studentt8,6,5,[4],0.7505606763491612,1.0,False
softsign_studentt8_002,softsign_studentt8,8,5,[4],0.3825381642795772,1.0,False
softsign_studentt8_002,softsign_studentt8,9,5,[4],0.7428099138713493,1.0,False
softsign_studentt8_002,softsign_studentt8,0,6,[4],0.31410522168785304,1.0,False
softsign_studentt8_002,softsign_studentt8,1,6,[4],0.19753707171262413,1.0,False
softsign_studentt8_002,softsign_studentt8,2,6,[4],0.3304049296943663,1.0,False
softsign_studentt8_002,softsign_studentt8,3,6,[4],0.22430711828553462,1.0,False
softsign_studentt8_002,softsign_studentt8,5,6,[4],0.7505606763491612,1.0,False
softsign_studentt8_002,softsign_studentt8,7,6,[4],0.6073179038726935,1.0,False
softsign_studentt8_002,softsign_studentt8,8,6,[4],0.1643346325650693,1.0,False
softsign_studentt8_002,softsign_studentt8,9,6,[4],0.17571021244643614,1.0,False
softsign_studentt8_002,softsign_studentt8,0,7,"[3, 5]",0.726306868051509,1.0,False
softsign_studentt8_002,softsign_studentt8,1,7,"[3, 5]",0.1449216874292154,1.0,False
softsign_studentt8_002,softsign_studentt8,2,7,"[3, 5]",0.38490853742740694,1.0,False
softsign_studentt8_002,softsign_studentt8,4,7,"[3, 5]",0.07805983522236914,1.0,False
softsign_studentt8_002,softsign_studentt8,6,7,"[3, 5]",0.03157297510780499,1.0,False
softsign_studentt8_002,softsign_studentt8,8,7,"[3, 5]",0.32127644856191995,1.0,False
softsign_studentt8_002,softsign_studentt8,9,7,"[3, 5]",0.5204633483596431,1.0,False
softsign_studentt8_002,softsign_studentt8,2,8,"[0, 1]",0.2977245347111668,1.0,False
softsign_studentt8_002,softsign_studentt8,3,8,"[0, 1]",0.17105031916932434,1.0,False
softsign_studentt8_002,softsign_studentt8,4,8,"[0, 1]",0.2549300642235385,1.0,False
softsign_studentt8_002,softsign_studentt8,5,8,"[0, 1]",1.0,1.0,False
softsign_studentt8_002,softsign_studentt8,6,8,"[0, 1]",0.17625968901112077,1.0,False
softsign_studentt8_002,softsign_studentt8,7,8,"[0, 1]",0.32182593430879003,1.0,False
softsign_studentt8_002,softsign_studentt8,9,8,"[0, 1]",0.5362103564576789,1.0,False
softsign_studentt8_002,softsign_studentt8,0,9,[1],0.49371274041790036,1.0,False
softsign_studentt8_002,softsign_studentt8,2,9,[1],0.4974454094941232,1.0,False
softsign_studentt8_002,softsign_studentt8,3,9,[1],0.47174057103398714,1.0,False
softsign_studentt8_002,softsign_studentt8,4,9,[1],0.3228535439539679,1.0,False
softsign_studentt8_002,softsign_studentt8,5,9,[1],0.764525349709998,1.0,False
softsign_studentt8_002,softsign_studentt8,6,9,[1],0.15716032524983892,1.0,False
softsign_studentt8_002,softsign_studentt8,7,9,[1],0.9217852975070574,1.0,False
softsign_studentt8_002,softsign_studentt8,8,9,[1],0.4755740745276761,1.0,False
softsign_studentt8_003,softsign_studentt8,7,0,"[3, 5, 6]",0.6454701554133038,1.0,False
softsign_studentt8_003,softsign_studentt8,8,0,"[3, 5, 6]",0.1881937766387215,1.0,False
softsign_studentt8_003,softsign_studentt8,7,1,"[0, 3, 5, 6, 8]",0.41196623915335373,1.0,False
softsign_studentt8_003,softsign_studentt8,3,2,"[0, 1, 5, 7]",0.0009716330813486218,0.02137592778966968,True
softsign_studentt8_003,softsign_studentt8,4,2,"[0, 1, 5, 7]",0.08861532971040842,1.0,False
softsign_studentt8_003,softsign_studentt8,6,2,"[0, 1, 5, 7]",2.4591439995447217e-13,6.3937743988162765e-12,True
softsign_studentt8_003,softsign_studentt8,8,2,"[0, 1, 5, 7]",1.3959956158382525e-05,0.00032107899164279807,True
softsign_studentt8_003,softsign_studentt8,6,3,[5],4.750495830041501e-07,1.1876239575103753e-05,True
softsign_studentt8_003,softsign_studentt8,7,3,[5],0.6976916046512763,1.0,False
softsign_studentt8_003,softsign_studentt8,2,4,"[0, 1, 3, 5, 6]",0.5988453578836047,1.0,False
softsign_studentt8_003,softsign_studentt8,7,4,"[0, 1, 3, 5, 6]",0.9325965194299948,1.0,False
softsign_studentt8_003,softsign_studentt8,8,4,"[0, 1, 3, 5, 6]",0.053475993491568174,1.0,False
softsign_studentt8_003,softsign_studentt8,9,4,"[0, 1, 3, 5, 6]",1.0,1.0,False
softsign_studentt8_003,softsign_studentt8,3,6,[5],4.750495830041501e-07,1.1876239575103753e-05,True
softsign_studentt8_003,softsign_studentt8,7,6,[5],0.32789539738828066,1.0,False
softsign_studentt8_003,softsign_studentt8,0,7,[5],1.0,1.0,False
softsign_studentt8_003,softsign_studentt8,1,7,[5],0.3135942476829279,1.0,False
softsign_studentt8_003,softsign_studentt8,3,7,[5],0.6976916046512763,1.0,False
softsign_studentt8_003,softsign_studentt8,4,7,[5],0.2591511516553343,1.0,False
softsign_studentt8_003,softsign_studentt8,6,7,[5],0.32789539738828066,1.0,False
softsign_studentt8_003,softsign_studentt8,8,7,[5],0.845016500334296,1.0,False
softsign_studentt8_003,softsign_studentt8,0,8,"[3, 5, 6]",0.1881937766387215,1.0,False
softsign_studentt8_003,softsign_studentt8,7,8,"[3, 5, 6]",0.8626200597228725,1.0,False
softsign_studentt8_003,softsign_studentt8,0,9,"[2, 3, 5, 6, 7, 8]",0.1061095492186046,1.0,False
softsign_studentt8_003,softsign_studentt8,1,9,"[2, 3, 5, 6, 7, 8]",0.10627271682833295,1.0,False
softsign_studentt8_003,softsign_studentt8,4,9,"[2, 3, 5, 6, 7, 8]",0.45346773822340325,1.0,False
softsign_studentt8_004,softsign_studentt8,2,0,[],1.0,1.0,False
softsign_studentt8_004,softsign_studentt8,4,0,[],0.6472423365209006,1.0,False
softsign_studentt8_004,softsign_studentt8,6,0,[],0.2157233882653451,1.0,False
softsign_studentt8_004,softsign_studentt8,7,0,[],0.654146018171617,1.0,False
softsign_studentt8_004,softsign_studentt8,9,0,[],0.4822972874286484,1.0,False
softsign_studentt8_004,softsign_studentt8,2,1,[0],0.17339088321346907,1.0,False
softsign_studentt8_004,softsign_studentt8,4,1,[0],0.901670591642876,1.0,False
softsign_studentt8_004,softsign_studentt8,6,1,[0],0.8056461233438287,1.0,False
softsign_studentt8_004,softsign_studentt8,7,1,[0],0.19872098400051919,1.0,False
softsign_studentt8_004,softsign_studentt8,9,1,[0],0.22825583523433923,1.0,False
softsign_studentt8_004,softsign_studentt8,0,2,[],1.0,1.0,False
softsign_studentt8_004,softsign_studentt8,1,2,[],0.5021394048074624,1.0,False
softsign_studentt8_004,softsign_studentt8,3,2,[],0.0692068490914517,1.0,False
softsign_studentt8_004,softsign_studentt8,4,2,[],0.08029395693137431,1.0,False
softsign_studentt8_004,softsign_studentt8,5,2,[],0.2234827441243098,1.0,False
softsign_studentt8_004,softsign_studentt8,6,2,[],0.05896597093185385,1.0,False
softsign_studentt8_004,softsign_studentt8,7,2,[],0.05383997754001779,1.0,False
softsign_studentt8_004,softsign_studentt8,8,2,[],0.6049656386471354,1.0,False
softsign_studentt8_004,softsign_studentt8,9,2,[],0.04410339275773889,1.0,False
softsign_studentt8_004,softsign_studentt8,2,3,"[0, 1, 6]",0.020652876462940117,1.0,False
softsign_studentt8_004,softsign_studentt8,4,3,"[0, 1, 6]",0.07045409842329042,1.0,False
softsign_studentt8_004,softsign_studentt8,7,3,"[0, 1, 6]",0.3695234232257073,1.0,False
softsign_studentt8_004,softsign_studentt8,9,3,"[0, 1, 6]",0.22644983082460568,1.0,False
softsign_studentt8_004,softsign_studentt8,0,4,[6],0.4533823458215219,1.0,False
softsign_studentt8_004,softsign_studentt8,1,4,[6],0.6664330442289526,1.0,False
softsign_studentt8_004,softsign_studentt8,2,4,[6],0.04194710645188782,1.0,False
softsign_studentt8_004,softsign_studentt8,3,4,[6],0.8615701808944455,1.0,False
softsign_studentt8_004,softsign_studentt8,5,4,[6],1.0,1.0,False
softsign_studentt8_004,softsign_studentt8,7,4,[6],0.125064168702414,1.0,False
softsign_studentt8_004,softsign_studentt8,8,4,[6],0.4539234175968021,1.0,False
softsign_studentt8_004,softsign_studentt8,9,4,[6],0.42550357538902595,1.0,False
softsign_studentt8_004,softsign_studentt8,0,5,"[3, 6]",0.25642969024918094,1.0,False
softsign_studentt8_004,softsign_studentt8,1,5,"[3, 6]",0.6476200401352088,1.0,False
softsign_studentt8_004,softsign_studentt8,2,5,"[3, 6]",0.027433610573251666,1.0,False
softsign_studentt8_004,softsign_studentt8,4,5,"[3, 6]",0.6007943452736277,1.0,False
softsign_studentt8_004,softsign_studentt8,7,5,"[3, 6]",0.422819179726481,1.0,False
softsign_studentt8_004,softsign_studentt8,8,5,"[3, 6]",0.22363121603106384,1.0,False
softsign_studentt8_004,softsign_studentt8,9,5,"[3, 6]",0.2716265616527328,1.0,False
softsign_studentt8_004,softsign_studentt8,0,6,[],0.2157233882653451,1.0,False
softsign_studentt8_004,softsign_studentt8,1,6,[],1.0,1.0,False
softsign_studentt8_004,softsign_studentt8,2,6,[],0.05896597093185385,1.0,False
softsign_studentt8_004,softsign_studentt8,7,6,[],1.0,1.0,False
softsign_studentt8_004,softsign_studentt8,9,6,[],0.7354707576227377,1.0,False
softsign_studentt8_004,softsign_studentt8,0,7,[],0.654146018171617,1.0,False
softsign_studentt8_004,softsign_studentt8,1,7,[],0.5265820435161217,1.0,False
softsign_studentt8_004,softsign_studentt8,2,7,[],0.05383997754001779,1.0,False
softsign_studentt8_004,softsign_studentt8,3,7,[],0.9059489332294509,1.0,False
softsign_studentt8_004,softsign_studentt8,4,7,[],0.5462228024211078,1.0,False
softsign_studentt8_004,softsign_studentt8,5,7,[],0.6301074901724696,1.0,False
softsign_studentt8_004,softsign_studentt8,6,7,[],1.0,1.0,False
softsign_studentt8_004,softsign_studentt8,9,7,[],0.36702767913051315,1.0,False
softsign_studentt8_004,softsign_studentt8,2,8,"[0, 1, 3, 6, 7]",0.05338544466003814,1.0,False
softsign_studentt8_004,softsign_studentt8,4,8,"[0, 1, 3, 6, 7]",0.03712340097275535,1.0,False
softsign_studentt8_004,softsign_studentt8,5,8,"[0, 1, 3, 6, 7]",0.15113947674019146,1.0,False
softsign_studentt8_004,softsign_studentt8,9,8,"[0, 1, 3, 6, 7]",0.08939006232235969,1.0,False
softsign_studentt8_004,softsign_studentt8,0,9,[],0.4822972874286484,1.0,False
softsign_studentt8_004,softsign_studentt8,1,9,[],0.8226409964537823,1.0,False
softsign_studentt8_004,softsign_studentt8,2,9,[],0.04410339275773889,1.0,False
softsign_studentt8_004,softsign_studentt8,3,9,[],0.059282128593259764,1.0,False
softsign_studentt8_004,softsign_studentt8,4,9,[],0.3151661763946456,1.0,False
softsign_studentt8_004,softsign_studentt8,5,9,[],0.42117157794302085,1.0,False
softsign_studentt8_004,softsign_studentt8,6,9,[],0.7354707576227377,1.0,False
softsign_studentt8_004,softsign_studentt8,7,9,[],0.36702767913051315,1.0,False
softsign_studentt8_004,softsign_studentt8,8,9,[],0.35430546856090284,1.0,False
softsign_studentt8_005,softsign_studentt8,2,0,"[1, 4, 5, 6, 8]",0.9793148698722759,1.0,False
softsign_studentt8_005,softsign_studentt8,3,0,"[1, 4, 5, 6, 8]",0.034297519111344044,1.0,False
softsign_studentt8_005,softsign_studentt8,7,0,"[1, 4, 5, 6, 8]",0.008819785764379251,0.4145299309258248,False
softsign_studentt8_005,softsign_studentt8,9,0,"[1, 4, 5, 6, 8]",0.07081516357665396,1.0,False
softsign_studentt8_005,softsign_studentt8,2,1,[],0.027976383185616127,1.0,False
softsign_studentt8_005,softsign_studentt8,6,1,[],0.12057443174457205,1.0,False
softsign_studentt8_005,softsign_studentt8,7,1,[],0.02044357767460847,0.8995174176827727,False
softsign_studentt8_005,softsign_studentt8,9,1,[],0.03464434388358495,1.0,False
softsign_studentt8_005,softsign_studentt8,1,2,[],0.027976383185616127,1.0,False
softsign_studentt8_005,softsign_studentt8,3,2,[],0.25597689110797517,1.0,False
softsign_studentt8_005,softsign_studentt8,4,2,[],0.0031493940132573117,0.15746970066286559,False
softsign_studentt8_005,softsign_studentt8,5,2,[],0.25110941266486564,1.0,False
softsign_studentt8_005,softsign_studentt8,7,2,[],0.8887168944294785,1.0,False
softsign_studentt8_005,softsign_studentt8,8,2,[],0.5061644693757725,1.0,False
softsign_studentt8_005,softsign_studentt8,9,2,[],0.5914385557906116,1.0,False
softsign_studentt8_005,softsign_studentt8,0,3,"[1, 4, 7, 8, 9]",0.45823798782143843,1.0,False
softsign_studentt8_005,softsign_studentt8,2,3,"[1, 4, 7, 8, 9]",0.029934759849490566,1.0,False
softsign_studentt8_005,softsign_studentt8,5,3,"[1, 4, 7, 8, 9]",0.07318787760704004,1.0,False
softsign_studentt8_005,softsign_studentt8,6,3,"[1, 4, 7, 8, 9]",0.16154845021875364,1.0,False
softsign_studentt8_005,softsign_studentt8,2,4,[1],0.13507093759984812,1.0,False
softsign_studentt8_005,softsign_studentt8,6,4,[1],0.026397235802679164,1.0,False
softsign_studentt8_005,softsign_studentt8,7,4,[1],0.006168400095993398,0.3022516047036765,False
softsign_studentt8_005,softsign_studentt8,9,4,[1],0.06198306417796351,1.0,False
softsign_studentt8_005,softsign_studentt8,2,5,"[1, 4]",0.6014354158371428,1.0,False
softsign_studentt8_005,softsign_studentt8,3,5,"[1, 4]",0.15637820041153816,1.0,False
softsign_studentt8_005,softsign_studentt8,6,5,"[1, 4]",0.6989750775980756,1.0,False
softsign_studentt8_005,softsign_studentt8,7,5,"[1, 4]",0.5796995126271782,1.0,False
softsign_studentt8_005,softsign_studentt8,8,5,"[1, 4]",0.25976836587095053,1.0,False
softsign_studentt8_005,softsign_studentt8,9,5,"[1, 4]",0.009459670747706705,0.43514485439450845,False
softsign_studentt8_005,softsign_studentt8,1,6,[2],0.8015730612166985,1.0,False
softsign_studentt8_005,softsign_studentt8,3,6,[2],0.32927258555678285,1.0,False
softsign_studentt8_005,softsign_studentt8,4,6,[2],0.3905594475039069,1.0,False
softsign_studentt8_005,softsign_studentt8,5,6,[2],0.6170802687953867,1.0,False
softsign_studentt8_005,softsign_studentt8,7,6,[2],0.5403000974816005,1.0,False
softsign_studentt8_005,softsign_studentt8,8,6,[2],0.2140837509845206,1.0,False
softsign_studentt8_005,softsign_studentt8,9,6,[2],0.03216605424764385,1.0,False
softsign_studentt8_005,softsign_studentt8,0,7,[],0.00048763813321006655,0.02535718292692346,True
softsign_studentt8_005,softsign_studentt8,1,7,[],0.02044357767460847,0.8995174176827727,False
softsign_studentt8_005,softsign_studentt8,2,7,[],0.8887168944294785,1.0,False
softsign_studentt8_005,softsign_studentt8,4,7,[],0.0006009710781709199,0.030649524986716914,True
softsign_studentt8_005,softsign_studentt8,5,7,[],0.30642407534178084,1.0,False
softsign_studentt8_005,softsign_studentt8,6,7,[],0.05915953081720293,1.0,False
softsign_studentt8_005,softsign_studentt8,8,7,[],2.5358353730409178e-05,0.0013439927477116864,True
softsign_studentt8_005,softsign_studentt8,2,8,"[1, 4]",0.01949592339850592,0.8773165529327664,False
softsign_studentt8_005,softsign_studentt8,5,8,"[1, 4]",0.25976836587095053,1.0,False
softsign_studentt8_005,softsign_studentt8,6,8,"[1, 4]",0.007323771579364036,0.3515410358094737,False
softsign_studentt8_005,softsign_studentt8,7,8,"[1, 4]",2.9931030579577467e-06,0.00016462066818767607,True
softsign_studentt8_005,softsign_studentt8,9,8,"[1, 4]",9.904329684284896e-06,0.0005348338029513844,True
softsign_studentt8_005,softsign_studentt8,0,9,[7],0.311962899196533,1.0,False
softsign_studentt8_005,softsign_studentt8,1,9,[7],1.0,1.0,False
softsign_studentt8_005,softsign_studentt8,2,9,[7],0.3766495538910346,1.0,False
softsign_studentt8_005,softsign_studentt8,4,9,[7],0.7372200400506596,1.0,False
softsign_studentt8_005,softsign_studentt8,5,9,[7],0.20777919040694148,1.0,False
softsign_studentt8_005,softsign_studentt8,6,9,[7],0.23324079651713525,1.0,False
softsign_studentt8_005,softsign_studentt8,8,9,[7],0.28472840709571046,1.0,False
softsign_studentt8_006,softsign_studentt8,1,0,"[3, 4]",0.3295682754494096,1.0,False
softsign_studentt8_006,softsign_studentt8,2,0,"[3, 4]",0.3029533778124198,1.0,False
softsign_studentt8_006,softsign_studentt8,5,0,"[3, 4]",0.28541930183485087,1.0,False
softsign_studentt8_006,softsign_studentt8,6,0,"[3, 4]",0.6259706925548503,1.0,False
softsign_studentt8_006,softsign_studentt8,7,0,"[3, 4]",0.40762311278961494,1.0,False
softsign_studentt8_006,softsign_studentt8,8,0,"[3, 4]",0.014525724738493118,0.6972347874476696,False
softsign_studentt8_006,softsign_studentt8,9,0,"[3, 4]",0.001129559591094842,0.060996217919121465,False
softsign_studentt8_006,softsign_studentt8,5,1,[],0.67531253372677,1.0,False
softsign_studentt8_006,softsign_studentt8,0,2,"[1, 4, 7]",0.5229545437879116,1.0,False
softsign_studentt8_006,softsign_studentt8,3,2,"[1, 4, 7]",0.21744812658380086,1.0,False
softsign_studentt8_006,softsign_studentt8,5,2,"[1, 4, 7]",0.06505324574356308,1.0,False
softsign_studentt8_006,softsign_studentt8,6,2,"[1, 4, 7]",0.5716069546543019,1.0,False
softsign_studentt8_006,softsign_studentt8,8,2,"[1, 4, 7]",0.8498414340101704,1.0,False
softsign_studentt8_006,softsign_studentt8,9,2,"[1, 4, 7]",0.04286042121628508,1.0,False
softsign_studentt8_006,softsign_studentt8,1,3,"[4, 9]",0.26960899052526044,1.0,False
softsign_studentt8_006,softsign_studentt8,2,3,"[4, 9]",0.013456507770738368,0.65936888076618,False
softsign_studentt8_006,softsign_studentt8,5,3,"[4, 9]",0.47601784048005746,1.0,False
softsign_studentt8_006,softsign_studentt8,6,3,"[4, 9]",0.04814667014088758,1.0,False
softsign_studentt8_006,softsign_studentt8,7,3,"[4, 9]",0.08945940298368615,1.0,False
softsign_studentt8_006,softsign_studentt8,8,3,"[4, 9]",0.0024802431290190663,0.1314528858380105,False
softsign_studentt8_006,softsign_studentt8,5,4,[1],0.11801516508290277,1.0,False
softsign_studentt8_006,softsign_studentt8,6,4,[1],0.2414142600984518,1.0,False
softsign_studentt8_006,softsign_studentt8,7,4,[1],0.05088579759156908,1.0,False
softsign_studentt8_006,softsign_studentt8,0,5,[],0.3789506997568075,1.0,False
softsign_studentt8_006,softsign_studentt8,1,5,[],0.67531253372677,1.0,False
softsign_studentt8_006,softsign_studentt8,2,5,[],0.035786680285020966,1.0,False
softsign_studentt8_006,softsign_studentt8,3,5,[],0.3522220733666809,1.0,False
softsign_studentt8_006,softsign_studentt8,4,5,[],0.18511080431715476,1.0,False
softsign_studentt8_006,softsign_studentt8,6,5,[],0.10316241652621105,1.0,False
softsign_studentt8_006,softsign_studentt8,7,5,[],0.4283556944621445,1.0,False
softsign_studentt8_006,softsign_studentt8,9,5,[],0.7534170256778366,1.0,False
softsign_studentt8_006,softsign_studentt8,0,6,"[1, 7]",0.7858075627694258,1.0,False
softsign_studentt8_006,softsign_studentt8,2,6,"[1, 7]",0.6912918440980049,1.0,False
softsign_studentt8_006,softsign_studentt8,3,6,"[1, 7]",0.3418336202178316,1.0,False
softsign_studentt8_006,softsign_studentt8,4,6,"[1, 7]",0.7526379014828202,1.0,False
softsign_studentt8_006,softsign_studentt8,5,6,"[1, 7]",0.8527725773938473,1.0,False
softsign_studentt8_006,softsign_studentt8,8,6,"[1, 7]",0.28303156463386014,1.0,False
softsign_studentt8_006,softsign_studentt8,9,6,"[1, 7]",0.33208257493803184,1.0,False
softsign_studentt8_006,softsign_studentt8,0,7,[1],0.1714386425190222,1.0,False
softsign_studentt8_006,softsign_studentt8,3,7,[1],0.36829570284374047,1.0,False
softsign_studentt8_006,softsign_studentt8,4,7,[1],0.05088579759156908,1.0,False
softsign_studentt8_006,softsign_studentt8,5,7,[1],0.26236777666698463,1.0,False
softsign_studentt8_006,softsign_studentt8,8,7,[1],0.06063930703561626,1.0,False
softsign_studentt8_006,softsign_studentt8,9,7,[1],0.32347993204692715,1.0,False
softsign_studentt8_006,softsign_studentt8,0,8,"[4, 5]",3.131734106509576e-05,0.0017850884407104584,True
softsign_studentt8_006,softsign_studentt8,1,8,"[4, 5]",0.0028728835115213736,0.14938994259911142,False
softsign_studentt8_006,softsign_studentt8,2,8,"[4, 5]",0.018829325454373325,0.8849782963555463,False
softsign_studentt8_006,softsign_studentt8,3,8,"[4, 5]",0.0004036902207268378,0.022606652360702917,True
softsign_studentt8_006,softsign_studentt8,6,8,"[4, 5]",0.14942464075061213,1.0,False
softsign_studentt8_006,softsign_studentt8,7,8,"[4, 5]",0.025924776118438686,1.0,False
softsign_studentt8_006,softsign_studentt8,9,8,"[4, 5]",0.007503191982105362,0.3751595991052681,False
softsign_studentt8_006,softsign_studentt8,1,9,[4],0.1053824506395471,1.0,False
softsign_studentt8_006,softsign_studentt8,2,9,[4],0.0007848973386885838,0.04316935362787211,True
softsign_studentt8_006,softsign_studentt8,5,9,[4],0.2618146117876208,1.0,False
softsign_studentt8_006,softsign_studentt8,6,9,[4],0.19194709567349877,1.0,False
softsign_studentt8_006,softsign_studentt8,7,9,[4],0.10942481742895249,1.0,False
softsign_studentt8_006,softsign_studentt8,8,9,[4],0.006716116409610118,0.342521936890116,False
softsign_studentt8_007,softsign_studentt8,1,0,[8],0.3332223143608506,1.0,False
softsign_studentt8_007,softsign_studentt8,2,0,[8],0.07797615598756391,1.0,False
softsign_studentt8_007,softsign_studentt8,3,0,[8],0.2732204805808215,1.0,False
softsign_studentt8_007,softsign_studentt8,4,0,[8],0.5240957400732691,1.0,False
softsign_studentt8_007,softsign_studentt8,6,0,[8],0.2327300384151486,1.0,False
softsign_studentt8_007,softsign_studentt8,7,0,[8],0.32262023808085427,1.0,False
softsign_studentt8_007,softsign_studentt8,9,0,[8],0.3670614280697049,1.0,False
softsign_studentt8_007,softsign_studentt8,0,1,[6],0.4574108111229077,1.0,False
softsign_studentt8_007,softsign_studentt8,2,1,[6],0.7432217562248626,1.0,False
softsign_studentt8_007,softsign_studentt8,3,1,[6],0.8175116156133762,1.0,False
softsign_studentt8_007,softsign_studentt8,4,1,[6],0.4631982450082105,1.0,False
softsign_studentt8_007,softsign_studentt8,8,1,[6],0.6410543466593582,1.0,False
softsign_studentt8_007,softsign_studentt8,0,2,[],0.04218580947012396,1.0,False
softsign_studentt8_007,softsign_studentt8,1,2,[],0.08899573014922879,1.0,False
softsign_studentt8_007,softsign_studentt8,3,2,[],0.08921443105866211,1.0,False
softsign_studentt8_007,softsign_studentt8,4,2,[],0.239279710206878,1.0,False
softsign_studentt8_007,softsign_studentt8,5,2,[],0.13231598303065029,1.0,False
softsign_studentt8_007,softsign_studentt8,6,2,[],0.0481315496865119,1.0,False
softsign_studentt8_007,softsign_studentt8,8,2,[],1.0,1.0,False
softsign_studentt8_007,softsign_studentt8,9,2,[],0.009725026406659065,0.5835015843995439,False
softsign_studentt8_007,softsign_studentt8,0,3,[],0.7708138539980052,1.0,False
softsign_studentt8_007,softsign_studentt8,1,3,[],0.4147218411749751,1.0,False
softsign_studentt8_007,softsign_studentt8,2,3,[],0.08921443105866211,1.0,False
softsign_studentt8_007,softsign_studentt8,4,3,[],0.16979281362144194,1.0,False
softsign_studentt8_007,softsign_studentt8,6,3,[],0.4724786999026287,1.0,False
softsign_studentt8_007,softsign_studentt8,8,3,[],0.6020739045405423,1.0,False
softsign_studentt8_007,softsign_studentt8,9,3,[],0.5497760480130864,1.0,False
softsign_studentt8_007,softsign_studentt8,0,4,[],0.9380483336013044,1.0,False
softsign_studentt8_007,softsign_studentt8,1,4,[],0.19464922152103015,1.0,False
softsign_studentt8_007,softsign_studentt8,2,4,[],0.239279710206878,1.0,False
softsign_studentt8_007,softsign_studentt8,3,4,[],0.16979281362144194,1.0,False
softsign_studentt8_007,softsign_studentt8,5,4,[],0.13664629658718286,1.0,False
softsign_studentt8_007,softsign_studentt8,6,4,[],0.584471072243117,1.0,False
softsign_studentt8_007,softsign_studentt8,8,4,[],0.7967168304407332,1.0,False
softsign_studentt8_007,softsign_studentt8,9,4,[],0.65620772002957,1.0,False
softsign_studentt8_007,softsign_studentt8,2,5,"[0, 1, 3, 6, 8]",0.12232618684565577,1.0,False
softsign_studentt8_007,softsign_studentt8,4,5,"[0, 1, 3, 6, 8]",0.7061924769857231,1.0,False
softsign_studentt8_007,softsign_studentt8,7,5,"[0, 1, 3, 6, 8]",0.011089383686572085,0.654273637507753,False
softsign_studentt8_007,softsign_studentt8,9,5,"[0, 1, 3, 6, 8]",0.5787818442862078,1.0,False
softsign_studentt8_007,softsign_studentt8,0,6,[],0.3624309052476655,1.0,False
softsign_studentt8_007,softsign_studentt8,2,6,[],0.0481315496865119,1.0,False
softsign_studentt8_007,softsign_studentt8,3,6,[],0.4724786999026287,1.0,False
softsign_studentt8_007,softsign_studentt8,4,6,[],0.584471072243117,1.0,False
softsign_studentt8_007,softsign_studentt8,8,6,[],0.7523591280112214,1.0,False
softsign_studentt8_007,softsign_studentt8,0,7,"[1, 2, 3, 4, 6, 9]",0.0036066939080566796,0.22000832839145745,False
softsign_studentt8_007,softsign_studentt8,5,7,"[1, 2, 3, 4, 6, 9]",0.08210699096298446,1.0,False
softsign_studentt8_007,softsign_studentt8,8,7,"[1, 2, 3, 4, 6, 9]",0.5124618704765551,1.0,False
softsign_studentt8_007,softsign_studentt8,1,8,[],0.45080215726463013,1.0,False
softsign_studentt8_007,softsign_studentt8,2,8,[],1.0,1.0,False
softsign_studentt8_007,softsign_studentt8,3,8,[],0.6020739045405423,1.0,False
softsign_studentt8_007,softsign_studentt8,4,8,[],0.7967168304407332,1.0,False
softsign_studentt8_007,softsign_studentt8,6,8,[],0.7523591280112214,1.0,False
softsign_studentt8_007,softsign_studentt8,7,8,[],0.48332767042660063,1.0,False
softsign_studentt8_007,softsign_studentt8,9,8,[],0.499896716205832,1.0,False
softsign_studentt8_007,softsign_studentt8,0,9,[1],0.6907591292235216,1.0,False
softsign_studentt8_007,softsign_studentt8,2,9,[1],0.31015409610511835,1.0,False
softsign_studentt8_007,softsign_studentt8,3,9,[1],0.5815757322274282,1.0,False
softsign_studentt8_007,softsign_studentt8,4,9,[1],0.9094681957656536,1.0,False
softsign_studentt8_007,softsign_studentt8,5,9,[1],0.4343339944450587,1.0,False
softsign_studentt8_007,softsign_studentt8,6,9,[1],0.8110580621714369,1.0,False
softsign_studentt8_007,softsign_studentt8,8,9,[1],0.09855473707263707,1.0,False
softsign_studentt8_008,softsign_studentt8,3,0,[9],0.7367862054057328,1.0,False
softsign_studentt8_008,softsign_studentt8,5,0,[9],1.0,1.0,False
softsign_studentt8_008,softsign_studentt8,7,0,[9],0.30482169776995605,1.0,False
softsign_studentt8_008,softsign_studentt8,8,0,[9],0.38049647083151195,1.0,False
softsign_studentt8_008,softsign_studentt8,0,1,"[6, 9]",0.5047846108523986,1.0,False
softsign_studentt8_008,softsign_studentt8,2,1,"[6, 9]",0.00017138737657196312,0.00874075620517012,True
softsign_studentt8_008,softsign_studentt8,3,1,"[6, 9]",0.44117229572905625,1.0,False
softsign_studentt8_008,softsign_studentt8,4,1,"[6, 9]",0.007993895365217552,0.3837069775304425,False
softsign_studentt8_008,softsign_studentt8,5,1,"[6, 9]",0.04837079789721388,1.0,False
softsign_studentt8_008,softsign_studentt8,7,1,"[6, 9]",0.873182928196226,1.0,False
softsign_studentt8_008,softsign_studentt8,8,1,"[6, 9]",0.6367729499769612,1.0,False
softsign_studentt8_008,softsign_studentt8,3,2,"[0, 5, 9]",0.0061332152706894405,0.3005275482637826,False
softsign_studentt8_008,softsign_studentt8,7,2,"[0, 5, 9]",0.005582459545202201,0.27912297726011004,False
softsign_studentt8_008,softsign_studentt8,8,2,"[0, 5, 9]",9.631461152603826e-05,0.00500835979935399,True
softsign_studentt8_008,softsign_studentt8,0,3,[9],0.7367862054057328,1.0,False
softsign_studentt8_008,softsign_studentt8,1,3,[9],0.3696238389301827,1.0,False
softsign_studentt8_008,softsign_studentt8,2,3,[9],0.08161678555090268,1.0,False
softsign_studentt8_008,softsign_studentt8,4,3,[9],1.0,1.0,False
softsign_studentt8_008,softsign_studentt8,5,3,[9],0.49129643781128574,1.0,False
softsign_studentt8_008,softsign_studentt8,6,3,[9],0.8470189248300748,1.0,False
softsign_studentt8_008,softsign_studentt8,7,3,[9],1.0,1.0,False
softsign_studentt8_008,softsign_studentt8,8,3,[9],0.6601318535289682,1.0,False
softsign_studentt8_008,softsign_studentt8,1,4,"[0, 2, 5, 9]",0.9152061406019296,1.0,False
softsign_studentt8_008,softsign_studentt8,3,4,"[0, 2, 5, 9]",0.9011755849555774,1.0,False
softsign_studentt8_008,softsign_studentt8,6,4,"[0, 2, 5, 9]",0.1291851943625597,1.0,False
softsign_studentt8_008,softsign_studentt8,7,4,"[0, 2, 5, 9]",0.2270507491534517,1.0,False
softsign_studentt8_008,softsign_studentt8,8,4,"[0, 2, 5, 9]",0.08487255689308382,1.0,False
softsign_studentt8_008,softsign_studentt8,0,5,[9],1.0,1.0,False
softsign_studentt8_008,softsign_studentt8,3,5,[9],0.49129643781128574,1.0,False
softsign_studentt8_008,softsign_studentt8,7,5,[9],0.32789078914603,1.0,False
softsign_studentt8_008,softsign_studentt8,8,5,[9],0.7051957672640702,1.0,False
softsign_studentt8_008,softsign_studentt8,3,6,"[0, 2, 9]",0.3867061695844648,1.0,False
softsign_studentt8_008,softsign_studentt8,4,6,"[0, 2, 9]",0.02632134214722981,1.0,False
softsign_studentt8_008,softsign_studentt8,5,6,"[0, 2, 9]",0.2623508957410221,1.0,False
softsign_studentt8_008,softsign_studentt8,7,6,"[0, 2, 9]",0.26973662205694526,1.0,False
softsign_studentt8_008,softsign_studentt8,8,6,"[0, 2, 9]",0.45259103315512883,1.0,False
softsign_studentt8_008,softsign_studentt8,0,7,[],0.11772943828134286,1.0,False
softsign_studentt8_008,softsign_studentt8,1,7,[],1.0,1.0,False
softsign_studentt8_008,softsign_studentt8,2,7,[],0.02311290312500769,1.0,False
softsign_studentt8_008,softsign_studentt8,3,7,[],0.8851956177880937,1.0,False
softsign_studentt8_008,softsign_studentt8,4,7,[],0.7838945900158907,1.0,False
softsign_studentt8_008,softsign_studentt8,5,7,[],0.0271692647973536,1.0,False
softsign_studentt8_008,softsign_studentt8,6,7,[],0.04364819846551571,1.0,False
softsign_studentt8_008,softsign_studentt8,9,7,[],0.9313093533625895,1.0,False
softsign_studentt8_008,softsign_studentt8,0,8,"[7, 9]",0.3854898395302091,1.0,False
softsign_studentt8_008,softsign_studentt8,1,8,"[7, 9]",0.49900817843141,1.0,False
softsign_studentt8_008,softsign_studentt8,2,8,"[7, 9]",0.11326165657808951,1.0,False
softsign_studentt8_008,softsign_studentt8,3,8,"[7, 9]",0.31610782529844805,1.0,False
softsign_studentt8_008,softsign_studentt8,4,8,"[7, 9]",0.47594249600945226,1.0,False
softsign_studentt8_008,softsign_studentt8,5,8,"[7, 9]",0.013866346317717104,0.6517182769327039,False
softsign_studentt8_008,softsign_studentt8,6,8,"[7, 9]",0.08268932444565591,1.0,False
softsign_studentt8_008,softsign_studentt8,7,9,[],0.9313093533625895,1.0,False
softsign_studentt8_009,softsign_studentt8,2,0,[7],0.6431245991727669,1.0,False
softsign_studentt8_009,softsign_studentt8,3,0,[7],0.26515354402414515,1.0,False
softsign_studentt8_009,softsign_studentt8,4,0,[7],0.2363190800190108,1.0,False
softsign_studentt8_009,softsign_studentt8,5,0,[7],1.0,1.0,False
softsign_studentt8_009,softsign_studentt8,6,0,[7],0.32311478709189767,1.0,False
softsign_studentt8_009,softsign_studentt8,8,0,[7],0.0018878443134848766,0.10194359292818334,False
softsign_studentt8_009,softsign_studentt8,9,0,[7],0.07863109014331715,1.0,False
softsign_studentt8_009,softsign_studentt8,3,1,"[0, 2, 7, 8]",0.8388809103258947,1.0,False
softsign_studentt8_009,softsign_studentt8,4,1,"[0, 2, 7, 8]",0.01821992603225575,0.9292162276450433,False
softsign_studentt8_009,softsign_studentt8,5,1,"[0, 2, 7, 8]",0.5757544271380395,1.0,False
softsign_studentt8_009,softsign_studentt8,6,1,"[0, 2, 7, 8]",0.08261156933786706,1.0,False
softsign_studentt8_009,softsign_studentt8,9,1,"[0, 2, 7, 8]",0.0017092539944416618,0.0940089696942914,False
softsign_studentt8_009,softsign_studentt8,0,2,[8],0.07252160521344253,1.0,False
softsign_studentt8_009,softsign_studentt8,3,2,[8],0.4042642246418807,1.0,False
softsign_studentt8_009,softsign_studentt8,4,2,[8],0.00048324122045717566,0.028511232006973364,True
softsign_studentt8_009,softsign_studentt8,5,2,[8],0.09419806439994982,1.0,False
softsign_studentt8_009,softsign_studentt8,6,2,[8],0.02909784288807926,1.0,False
softsign_studentt8_009,softsign_studentt8,7,2,[8],0.5988340093604121,1.0,False
softsign_studentt8_009,softsign_studentt8,9,2,[8],0.00017012151944617582,0.010377412686216725,True
softsign_studentt8_009,softsign_studentt8,0,3,"[5, 8]",0.11881334760704187,1.0,False
softsign_studentt8_009,softsign_studentt8,1,3,"[5, 8]",0.5928237890681374,1.0,False
softsign_studentt8_009,softsign_studentt8,2,3,"[5, 8]",0.08042487564208345,1.0,False
softsign_studentt8_009,softsign_studentt8,4,3,"[5, 8]",0.606350989719276,1.0,False
softsign_studentt8_009,softsign_studentt8,6,3,"[5, 8]",0.20514773993447732,1.0,False
softsign_studentt8_009,softsign_studentt8,7,3,"[5, 8]",0.3647505521860026,1.0,False
softsign_studentt8_009,softsign_studentt8,9,3,"[5, 8]",0.10273666105555068,1.0,False
softsign_studentt8_009,softsign_studentt8,0,4,"[5, 9]",0.9812796041306742,1.0,False
softsign_studentt8_009,softsign_studentt8,1,4,"[5, 9]",1.0,1.0,False
softsign_studentt8_009,softsign_studentt8,2,4,"[5, 9]",0.3334628250231053,1.0,False
softsign_studentt8_009,softsign_studentt8,3,4,"[5, 9]",0.005927264823689771,0.3082177708318681,False
softsign_studentt8_009,softsign_studentt8,6,4,"[5, 9]",0.5179026316572439,1.0,False
softsign_studentt8_009,softsign_studentt8,7,4,"[5, 9]",0.4218900971356885,1.0,False
softsign_studentt8_009,softsign_studentt8,8,4,"[5, 9]",0.08344927745146857,1.0,False
softsign_studentt8_009,softsign_studentt8,0,5,[],0.8579343660933341,1.0,False
softsign_studentt8_009,softsign_studentt8,7,5,[],0.16310829080653422,1.0,False
softsign_studentt8_009,softsign_studentt8,0,6,[5],0.6608824451462033,1.0,False
softsign_studentt8_009,softsign_studentt8,1,6,[5],0.22840738671012795,1.0,False
softsign_studentt8_009,softsign_studentt8,2,6,[5],0.024537602941530845,1.0,False
softsign_studentt8_009,softsign_studentt8,3,6,[5],0.17801944247981094,1.0,False
softsign_studentt8_009,softsign_studentt8,4,6,[5],0.71943164412992,1.0,False
softsign_studentt8_009,softsign_studentt8,7,6,[5],0.42296822621418384,1.0,False
softsign_studentt8_009,softsign_studentt8,8,6,[5],0.39431075710563956,1.0,False
softsign_studentt8_009,softsign_studentt8,9,6,[5],0.0006159534150300683,0.03510934465671389,True
softsign_studentt8_009,softsign_studentt8,2,7,[],0.6523099401914765,1.0,False
softsign_studentt8_009,softsign_studentt8,3,7,[],0.0005520426222336283,0.03201847208955044,True
softsign_studentt8_009,softsign_studentt8,4,7,[],0.6881989539045532,1.0,False
softsign_studentt8_009,softsign_studentt8,5,7,[],0.16310829080653422,1.0,False
softsign_studentt8_009,softsign_studentt8,6,7,[],0.4209626986837187,1.0,False
softsign_studentt8_009,softsign_studentt8,8,7,[],0.0003400858915396654,0.020405153492379924,True
softsign_studentt8_009,softsign_studentt8,9,7,[],0.34629524570571324,1.0,False
softsign_studentt8_009,softsign_studentt8,0,8,[5],3.5499264550153953e-07,2.200954402109545e-05,True
softsign_studentt8_009,softsign_studentt8,4,8,[5],0.144500682995245,1.0,False
softsign_studentt8_009,softsign_studentt8,6,8,[5],0.39431075710563956,1.0,False
softsign_studentt8_009,softsign_studentt8,7,8,[5],0.0025535104231568795,0.1353360524273146,False
softsign_studentt8_009,softsign_studentt8,9,8,[5],0.9506254090757326,1.0,False
softsign_studentt8_009,softsign_studentt8,0,9,[5],0.09831413958988833,1.0,False
softsign_studentt8_009,softsign_studentt8,1,9,[5],0.1495179581939411,1.0,False
softsign_studentt8_009,softsign_studentt8,2,9,[5],0.03404207295743478,1.0,False
softsign_studentt8_009,softsign_studentt8,3,9,[5],0.5040499490099846,1.0,False
softsign_studentt8_009,softsign_studentt8,6,9,[5],0.0006159534150300683,0.03510934465671389,True
softsign_studentt8_009,softsign_studentt8,7,9,[5],0.422371234453515,1.0,False
softsign_studentt8_009,softsign_studentt8,8,9,[5],0.9506254090757326,1.0,False
softsign_studentt8_010,softsign_studentt8,3,0,"[2, 7]",0.31329659180355784,1.0,False
softsign_studentt8_010,softsign_studentt8,8,0,"[2, 7]",0.5904355047173657,1.0,False
softsign_studentt8_010,softsign_studentt8,3,1,"[0, 2, 5, 7, 9]",0.18448410628864897,1.0,False
softsign_studentt8_010,softsign_studentt8,6,1,"[0, 2, 5, 7, 9]",0.7426624213138446,1.0,False
softsign_studentt8_010,softsign_studentt8,8,1,"[0, 2, 5, 7, 9]",0.004588403815867559,0.14682892210776188,False
softsign_studentt8_010,softsign_studentt8,3,2,[],0.02287777786073486,0.6177000022398412,False
softsign_studentt8_010,softsign_studentt8,8,2,[],0.6943011941234648,1.0,False
softsign_studentt8_010,softsign_studentt8,2,3,[],0.02287777786073486,0.6177000022398412,False
softsign_studentt8_010,softsign_studentt8,8,3,[],0.19837190986493314,1.0,False
softsign_studentt8_010,softsign_studentt8,3,4,"[0, 1, 2, 7, 9]",0.01339374102665336,0.38841848977294746,False
softsign_studentt8_010,softsign_studentt8,5,4,"[0, 1, 2, 7, 9]",2.7350714940643783e-06,9.572750229225324e-05,True
softsign_studentt8_010,softsign_studentt8,6,4,"[0, 1, 2, 7, 9]",0.04066472672360788,0.9759534413665891,False
softsign_studentt8_010,softsign_studentt8,8,4,"[0, 1, 2, 7, 9]",0.00419200059737268,0.13833601971329845,False
softsign_studentt8_010,softsign_studentt8,2,5,"[0, 3, 7]",0.172914838515819,1.0,False
softsign_studentt8_010,softsign_studentt8,8,5,"[0, 3, 7]",1.0,1.0,False
softsign_studentt8_010,softsign_studentt8,9,5,"[0, 3, 7]",0.020459451693989328,0.5728646474317012,False
softsign_studentt8_010,softsign_studentt8,1,6,"[0, 3, 5, 7]",0.6131667796204803,1.0,False
softsign_studentt8_010,softsign_studentt8,2,6,"[0, 3, 5, 7]",1.0,1.0,False
softsign_studentt8_010,softsign_studentt8,4,6,"[0, 3, 5, 7]",0.694054546881243,1.0,False
softsign_studentt8_010,softsign_studentt8,8,6,"[0, 3, 5, 7]",0.46194622302749966,1.0,False
softsign_studentt8_010,softsign_studentt8,9,6,"[0, 3, 5, 7]",0.26692826437079364,1.0,False
softsign_studentt8_010,softsign_studentt8,8,7,"[2, 3]",0.40174575832557147,1.0,False
softsign_studentt8_010,softsign_studentt8,0,8,[],0.870545288608042,1.0,False
softsign_studentt8_010,softsign_studentt8,1,8,[],0.011357426128355996,0.35089943094239606,False
softsign_studentt8_010,softsign_studentt8,2,8,[],0.6943011941234648,1.0,False
softsign_studentt8_010,softsign_studentt8,3,8,[],0.19837190986493314,1.0,False
softsign_studentt8_010,softsign_studentt8,4,8,[],1.0,1.0,False
softsign_studentt8_010,softsign_studentt8,5,8,[],0.9111153170190979,1.0,False
softsign_studentt8_010,softsign_studentt8,6,8,[],0.03788924961915707,0.9472312404789268,False
softsign_studentt8_010,softsign_studentt8,7,8,[],0.23819972070122986,1.0,False
softsign_studentt8_010,softsign_studentt8,9,8,[],0.011319336482012776,0.35089943094239606,False
softsign_studentt8_010,softsign_studentt8,3,9,"[0, 2, 7]",0.48622996645533423,1.0,False
softsign_studentt8_010,softsign_studentt8,5,9,"[0, 2, 7]",0.17644182681387677,1.0,False
softsign_studentt8_010,softsign_studentt8,6,9,"[0, 2, 7]",0.06763907988293538,1.0,False
softsign_studentt8_010,softsign_studentt8,8,9,"[0, 2, 7]",0.0029142095945865476,0.09908312621594262,False
softsign_studentt8_011,softsign_studentt8,3,0,[],0.6504820489847875,1.0,False
softsign_studentt8_011,softsign_studentt8,7,0,[],0.6024282354403552,1.0,False
softsign_studentt8_011,softsign_studentt8,8,0,[],0.5438650915201383,1.0,False
softsign_studentt8_011,softsign_studentt8,9,0,[],0.0073351978161591,0.3154135060948413,False
softsign_studentt8_011,softsign_studentt8,0,1,"[2, 7, 8]",6.838373201034642e-09,3.419186600517321e-07,True
softsign_studentt8_011,softsign_studentt8,3,1,"[2, 7, 8]",0.029496915152764536,1.0,False
softsign_studentt8_011,softsign_studentt8,4,1,"[2, 7, 8]",0.0056833384600608605,0.25006689224267786,False
softsign_studentt8_011,softsign_studentt8,5,1,"[2, 7, 8]",0.0032939809827954303,0.14822914422579436,False
softsign_studentt8_011,softsign_studentt8,6,1,"[2, 7, 8]",0.28968098328542835,1.0,False
softsign_studentt8_011,softsign_studentt8,9,1,"[2, 7, 8]",0.5170809444061109,1.0,False
softsign_studentt8_011,softsign_studentt8,3,2,"[0, 7]",0.505114052902081,1.0,False
softsign_studentt8_011,softsign_studentt8,4,2,"[0, 7]",0.31038561893756356,1.0,False
softsign_studentt8_011,softsign_studentt8,5,2,"[0, 7]",5.580723534404086e-06,0.0002734554531858002,True
softsign_studentt8_011,softsign_studentt8,6,2,"[0, 7]",0.00019108339825035792,0.008789836319516464,True
softsign_studentt8_011,softsign_studentt8,8,2,"[0, 7]",2.4424906541753444e-14,1.2456702336294256e-12,True
softsign_studentt8_011,softsign_studentt8,9,2,"[0, 7]",0.6097395183540975,1.0,False
softsign_studentt8_011,softsign_studentt8,0,3,[],0.6504820489847875,1.0,False
softsign_studentt8_011,softsign_studentt8,1,3,[],0.5789385130012725,1.0,False
softsign_studentt8_011,softsign_studentt8,2,3,[],0.055736954509191805,1.0,False
softsign_studentt8_011,softsign_studentt8,4,3,[],0.6124211892340392,1.0,False
softsign_studentt8_011,softsign_studentt8,7,3,[],0.5297212889167933,1.0,False
softsign_studentt8_011,softsign_studentt8,8,3,[],0.2924940794889761,1.0,False
softsign_studentt8_011,softsign_studentt8,1,4,[0],0.6799808709681572,1.0,False
softsign_studentt8_011,softsign_studentt8,2,4,[0],0.6093984894516007,1.0,False
softsign_studentt8_011,softsign_studentt8,3,4,[0],0.1682290269377993,1.0,False
softsign_studentt8_011,softsign_studentt8,5,4,[0],0.6508567666170606,1.0,False
softsign_studentt8_011,softsign_studentt8,6,4,[0],0.16971068481522067,1.0,False
softsign_studentt8_011,softsign_studentt8,7,4,[0],0.4716539397507701,1.0,False
softsign_studentt8_011,softsign_studentt8,8,4,[0],0.8350443132360091,1.0,False
softsign_studentt8_011,softsign_studentt8,9,4,[0],0.8920592077550865,1.0,False
softsign_studentt8_011,softsign_studentt8,1,5,"[0, 6, 8]",0.00016330765149963344,0.007675459620482772,True
softsign_studentt8_011,softsign_studentt8,2,5,"[0, 6, 8]",0.568419554445567,1.0,False
softsign_studentt8_011,softsign_studentt8,3,5,"[0, 6, 8]",0.3953224061757058,1.0,False
softsign_studentt8_011,softsign_studentt8,4,5,"[0, 6, 8]",0.08278664882638886,1.0,False
softsign_studentt8_011,softsign_studentt8,7,5,"[0, 6, 8]",0.03811635820682446,1.0,False
softsign_studentt8_011,softsign_studentt8,9,5,"[0, 6, 8]",0.0001388215884737809,0.006663436246741483,True
softsign_studentt8_011,softsign_studentt8,1,6,"[0, 3, 8, 9]",0.18964299266383955,1.0,False
softsign_studentt8_011,softsign_studentt8,2,6,"[0, 3, 8, 9]",0.6961722992620549,1.0,False
softsign_studentt8_011,softsign_studentt8,4,6,"[0, 3, 8, 9]",0.22710721231000763,1.0,False
softsign_studentt8_011,softsign_studentt8,7,6,"[0, 3, 8, 9]",0.20560531086370037,1.0,False
softsign_studentt8_011,softsign_studentt8,0,7,[],0.6024282354403552,1.0,False
softsign_studentt8_011,softsign_studentt8,3,7,[],0.5297212889167933,1.0,False
softsign_studentt8_011,softsign_studentt8,4,7,[],0.7540839358092291,1.0,False
softsign_studentt8_011,softsign_studentt8,0,8,[7],0.3143547698259973,1.0,False
softsign_studentt8_011,softsign_studentt8,2,8,[7],7.771561172376096e-16,4.04121180963557e-14,True
softsign_studentt8_011,softsign_studentt8,3,8,[7],0.4213666323991102,1.0,False
softsign_studentt8_011,softsign_studentt8,4,8,[7],0.5499926055813886,1.0,False
softsign_studentt8_011,softsign_studentt8,0,9,"[3, 8]",0.007900244858526029,0.3318102840580932,False
softsign_studentt8_011,softsign_studentt8,1,9,"[3, 8]",0.8075873086470027,1.0,False
softsign_studentt8_011,softsign_studentt8,2,9,"[3, 8]",1.0,1.0,False
softsign_studentt8_011,softsign_studentt8,4,9,"[3, 8]",0.5503565942729955,1.0,False
softsign_studentt8_011,softsign_studentt8,7,9,"[3, 8]",0.981569579235729,1.0,False
softsign_studentt8_012,softsign_studentt8,1,0,[],0.22356589879095623,1.0,False
softsign_studentt8_012,softsign_studentt8,2,0,[],0.546146359337728,1.0,False
softsign_studentt8_012,softsign_studentt8,3,0,[],0.3625054138701156,1.0,False
softsign_studentt8_012,softsign_studentt8,4,0,[],0.9291875613283108,1.0,False
softsign_studentt8_012,softsign_studentt8,5,0,[],0.5502623054972229,1.0,False
softsign_studentt8_012,softsign_studentt8,6,0,[],0.8026471760726076,1.0,False
softsign_studentt8_012,softsign_studentt8,7,0,[],0.48936453533213187,1.0,False
softsign_studentt8_012,softsign_studentt8,8,0,[],0.6014949353066266,1.0,False
softsign_studentt8_012,softsign_studentt8,9,0,[],0.5748491234010309,1.0,False
softsign_studentt8_012,softsign_studentt8,0,1,[9],0.06042991290454813,1.0,False
softsign_studentt8_012,softsign_studentt8,2,1,[9],0.07686828757140374,1.0,False
softsign_studentt8_012,softsign_studentt8,3,1,[9],8.819834232176582e-06,0.00042335204314447594,True
softsign_studentt8_012,softsign_studentt8,4,1,[9],0.24444498609524878,1.0,False
softsign_studentt8_012,softsign_studentt8,5,1,[9],0.8011612553293127,1.0,False
softsign_studentt8_012,softsign_studentt8,0,2,[],0.546146359337728,1.0,False
softsign_studentt8_012,softsign_studentt8,1,2,[],0.0066568222873535365,0.28624335835620207,False
softsign_studentt8_012,softsign_studentt8,5,2,[],0.5190435846943471,1.0,False
softsign_studentt8_012,softsign_studentt8,6,2,[],0.637114801350003,1.0,False
softsign_studentt8_012,softsign_studentt8,9,2,[],0.4044570413333455,1.0,False
softsign_studentt8_012,softsign_studentt8,0,3,"[2, 5, 9]",0.42139040084405477,1.0,False
softsign_studentt8_012,softsign_studentt8,1,3,"[2, 5, 9]",0.0005646518310626902,0.02597398422888375,True
softsign_studentt8_012,softsign_studentt8,4,3,"[2, 5, 9]",0.7642850182211351,1.0,False
softsign_studentt8_012,softsign_studentt8,6,3,"[2, 5, 9]",0.7665402281591408,1.0,False
softsign_studentt8_012,softsign_studentt8,0,4,"[2, 5, 9]",1.0,1.0,False
softsign_studentt8_012,softsign_studentt8,1,4,"[2, 5, 9]",0.34818837400047364,1.0,False
softsign_studentt8_012,softsign_studentt8,3,4,"[2, 5, 9]",0.7642850182211351,1.0,False
softsign_studentt8_012,softsign_studentt8,6,4,"[2, 5, 9]",0.005214149570492932,0.229422581101689,False
softsign_studentt8_012,softsign_studentt8,7,4,"[2, 5, 9]",1.0,1.0,False
softsign_studentt8_012,softsign_studentt8,8,4,"[2, 5, 9]",0.03380123496818477,1.0,False
softsign_studentt8_012,softsign_studentt8,0,5,[9],0.3142530656844785,1.0,False
softsign_studentt8_012,softsign_studentt8,1,5,[9],0.8011612553293127,1.0,False
softsign_studentt8_012,softsign_studentt8,2,5,[9],0.6780151303484498,1.0,False
softsign_studentt8_012,softsign_studentt8,0,6,"[1, 5, 9]",0.29288905983250235,1.0,False
softsign_studentt8_012,softsign_studentt8,2,6,"[1, 5, 9]",0.44334404601270494,1.0,False
softsign_studentt8_012,softsign_studentt8,3,6,"[1, 5, 9]",0.5763654249095882,1.0,False
softsign_studentt8_012,softsign_studentt8,4,6,"[1, 5, 9]",0.2724797053093855,1.0,False
softsign_studentt8_012,softsign_studentt8,7,6,"[1, 5, 9]",0.012388175222162512,0.5203033593308255,False
softsign_studentt8_012,softsign_studentt8,8,6,"[1, 5, 9]",0.3077735715777724,1.0,False
softsign_studentt8_012,softsign_studentt8,0,7,"[1, 2, 3, 5, 9]",0.6727982082937969,1.0,False
softsign_studentt8_012,softsign_studentt8,4,7,"[1, 2, 3, 5, 9]",0.8843333500774594,1.0,False
softsign_studentt8_012,softsign_studentt8,6,7,"[1, 2, 3, 5, 9]",0.022244162470339224,0.9120106612839082,False
softsign_studentt8_012,softsign_studentt8,0,8,"[1, 2, 3, 7]",0.45705004412276873,1.0,False
softsign_studentt8_012,softsign_studentt8,4,8,"[1, 2, 3, 7]",0.0291308189330981,1.0,False
softsign_studentt8_012,softsign_studentt8,5,8,"[1, 2, 3, 7]",0.004989861227451153,0.2245437552353019,False
softsign_studentt8_012,softsign_studentt8,6,8,"[1, 2, 3, 7]",0.00041659578781372275,0.01958000202724497,True
softsign_studentt8_012,softsign_studentt8,9,8,"[1, 2, 3, 7]",0.08744193494470931,1.0,False
softsign_studentt8_012,softsign_studentt8,0,9,[],0.5748491234010309,1.0,False
softsign_studentt8_012,softsign_studentt8,2,9,[],0.4044570413333455,1.0,False
softsign_studentt8_013,softsign_studentt8,1,0,[],0.6370585856425928,1.0,False
softsign_studentt8_013,softsign_studentt8,2,0,[],0.7647109032475035,1.0,False
softsign_studentt8_013,softsign_studentt8,3,0,[],0.8728188965533552,1.0,False
softsign_studentt8_013,softsign_studentt8,4,0,[],0.7162170042795007,1.0,False
softsign_studentt8_013,softsign_studentt8,5,0,[],0.29945641953901503,1.0,False
softsign_studentt8_013,softsign_studentt8,7,0,[],0.035610889807582424,1.0,False
softsign_studentt8_013,softsign_studentt8,8,0,[],0.3935812622614907,1.0,False
softsign_studentt8_013,softsign_studentt8,0,1,[],0.6370585856425928,1.0,False
softsign_studentt8_013,softsign_studentt8,2,1,[],0.06253129014644387,1.0,False
softsign_studentt8_013,softsign_studentt8,6,1,[],0.6913173954355305,1.0,False
softsign_studentt8_013,softsign_studentt8,0,2,[],0.7647109032475035,1.0,False
softsign_studentt8_013,softsign_studentt8,1,2,[],0.06253129014644387,1.0,False
softsign_studentt8_013,softsign_studentt8,3,2,[],0.8091176493633199,1.0,False
softsign_studentt8_013,softsign_studentt8,4,2,[],0.6988896214381759,1.0,False
softsign_studentt8_013,softsign_studentt8,5,2,[],0.18935724927708197,1.0,False
softsign_studentt8_013,softsign_studentt8,6,2,[],1.0,1.0,False
softsign_studentt8_013,softsign_studentt8,7,2,[],0.06602946703387114,1.0,False
softsign_studentt8_013,softsign_studentt8,8,2,[],0.9402535111392127,1.0,False
softsign_studentt8_013,softsign_studentt8,9,2,[],0.1833949923295065,1.0,False
softsign_studentt8_013,softsign_studentt8,0,3,"[1, 8]",0.7435495052900096,1.0,False
softsign_studentt8_013,softsign_studentt8,2,3,"[1, 8]",0.4705445378632639,1.0,False
softsign_studentt8_013,softsign_studentt8,4,3,"[1, 8]",1.0,1.0,False
softsign_studentt8_013,softsign_studentt8,5,3,"[1, 8]",0.018293010365372564,1.0,False
softsign_studentt8_013,softsign_studentt8,6,3,"[1, 8]",0.5449267927991039,1.0,False
softsign_studentt8_013,softsign_studentt8,7,3,"[1, 8]",0.167840679401692,1.0,False
softsign_studentt8_013,softsign_studentt8,9,3,"[1, 8]",0.0005742474247836249,0.03732608261093562,True
softsign_studentt8_013,softsign_studentt8,0,4,[1],0.7285665957494345,1.0,False
softsign_studentt8_013,softsign_studentt8,2,4,[1],0.10222511871779161,1.0,False
softsign_studentt8_013,softsign_studentt8,3,4,[1],0.701027521359443,1.0,False
softsign_studentt8_013,softsign_studentt8,5,4,[1],0.4190248898371288,1.0,False
softsign_studentt8_013,softsign_studentt8,6,4,[1],0.24587204757752268,1.0,False
softsign_studentt8_013,softsign_studentt8,7,4,[1],0.25002662986124435,1.0,False
softsign_studentt8_013,softsign_studentt8,8,4,[1],0.5852719729715046,1.0,False
softsign_studentt8_013,softsign_studentt8,9,4,[1],0.4212907859087982,1.0,False
softsign_studentt8_013,softsign_studentt8,0,5,[1],0.5071047465923625,1.0,False
softsign_studentt8_013,softsign_studentt8,2,5,[1],0.5298172720541314,1.0,False
softsign_studentt8_013,softsign_studentt8,3,5,[1],2.637041683906105e-07,1.8459291787342735e-05,True
softsign_studentt8_013,softsign_studentt8,4,5,[1],0.4190248898371288,1.0,False
softsign_studentt8_013,softsign_studentt8,6,5,[1],0.8267713326188784,1.0,False
softsign_studentt8_013,softsign_studentt8,7,5,[1],0.876707772742337,1.0,False
softsign_studentt8_013,softsign_studentt8,8,5,[1],0.000241399750315896,0.016173783271165032,True
softsign_studentt8_013,softsign_studentt8,1,6,[0],0.5383970885186464,1.0,False
softsign_studentt8_013,softsign_studentt8,2,6,[0],0.9130745882351304,1.0,False
softsign_studentt8_013,softsign_studentt8,3,6,[0],0.029562743997418206,1.0,False
softsign_studentt8_013,softsign_studentt8,4,6,[0],0.07491510884252095,1.0,False
softsign_studentt8_013,softsign_studentt8,5,6,[0],0.8042634141582783,1.0,False
softsign_studentt8_013,softsign_studentt8,7,6,[0],0.8467856912137173,1.0,False
softsign_studentt8_013,softsign_studentt8,8,6,[0],0.7766490437587448,1.0,False
softsign_studentt8_013,softsign_studentt8,9,6,[0],0.5082700121239783,1.0,False
softsign_studentt8_013,softsign_studentt8,0,7,[1],0.04200631441077329,1.0,False
softsign_studentt8_013,softsign_studentt8,2,7,[1],0.17616874748026845,1.0,False
softsign_studentt8_013,softsign_studentt8,3,7,[1],0.45707554134364514,1.0,False
softsign_studentt8_013,softsign_studentt8,4,7,[1],0.25002662986124435,1.0,False
softsign_studentt8_013,softsign_studentt8,5,7,[1],0.876707772742337,1.0,False
softsign_studentt8_013,softsign_studentt8,6,7,[1],0.018577336642960907,1.0,False
softsign_studentt8_013,softsign_studentt8,8,7,[1],0.906392423594526,1.0,False
softsign_studentt8_013,softsign_studentt8,9,7,[1],0.1797627738290294,1.0,False
softsign_studentt8_013,softsign_studentt8,0,8,[1],0.10917517621667472,1.0,False
softsign_studentt8_013,softsign_studentt8,2,8,[1],0.9322101432880762,1.0,False
softsign_studentt8_013,softsign_studentt8,4,8,[1],0.5852719729715046,1.0,False
softsign_studentt8_013,softsign_studentt8,5,8,[1],0.000241399750315896,0.016173783271165032,True
softsign_studentt8_013,softsign_studentt8,6,8,[1],1.0,1.0,False
softsign_studentt8_013,softsign_studentt8,7,8,[1],0.906392423594526,1.0,False
softsign_studentt8_013,softsign_studentt8,9,8,[1],9.088400061263435e-05,0.00627099604227177,True
softsign_studentt8_013,softsign_studentt8,2,9,"[0, 1, 5]",0.5681863062693626,1.0,False
softsign_studentt8_013,softsign_studentt8,3,9,"[0, 1, 5]",0.00021170769037248682,0.014396122945329104,True
softsign_studentt8_013,softsign_studentt8,4,9,"[0, 1, 5]",0.3461377956235009,1.0,False
softsign_studentt8_013,softsign_studentt8,6,9,"[0, 1, 5]",0.2002753820350388,1.0,False
softsign_studentt8_013,softsign_studentt8,7,9,"[0, 1, 5]",0.4094676867619038,1.0,False
softsign_studentt8_013,softsign_studentt8,8,9,"[0, 1, 5]",0.06172492157070775,1.0,False
softsign_studentt8_014,softsign_studentt8,1,0,"[2, 4]",0.3946247114768715,1.0,False
softsign_studentt8_014,softsign_studentt8,3,0,"[2, 4]",0.7498444646105268,1.0,False
softsign_studentt8_014,softsign_studentt8,5,0,"[2, 4]",0.46565251334208513,1.0,False
softsign_studentt8_014,softsign_studentt8,6,0,"[2, 4]",0.19182569192828414,1.0,False
softsign_studentt8_014,softsign_studentt8,7,0,"[2, 4]",0.4290840264908403,1.0,False
softsign_studentt8_014,softsign_studentt8,9,0,"[2, 4]",0.09874591828337342,1.0,False
softsign_studentt8_014,softsign_studentt8,0,1,[],1.0,1.0,False
softsign_studentt8_014,softsign_studentt8,2,1,[],0.4981911619388637,1.0,False
softsign_studentt8_014,softsign_studentt8,4,1,[],0.9514262933621228,1.0,False
softsign_studentt8_014,softsign_studentt8,6,1,[],0.5976236577169747,1.0,False
softsign_studentt8_014,softsign_studentt8,9,1,[],0.47778304165524577,1.0,False
softsign_studentt8_014,softsign_studentt8,1,2,[],0.4981911619388637,1.0,False
softsign_studentt8_014,softsign_studentt8,3,2,[],0.8646899310113317,1.0,False
softsign_studentt8_014,softsign_studentt8,4,2,[],0.39129482747554256,1.0,False
softsign_studentt8_014,softsign_studentt8,5,2,[],0.7793857620770582,1.0,False
softsign_studentt8_014,softsign_studentt8,6,2,[],0.5740651288944736,1.0,False
softsign_studentt8_014,softsign_studentt8,7,2,[],0.5240393888162089,1.0,False
softsign_studentt8_014,softsign_studentt8,9,2,[],0.9586100798431598,1.0,False
softsign_studentt8_014,softsign_studentt8,0,3,"[1, 5, 6, 7, 9]",0.27961013774628674,1.0,False
softsign_studentt8_014,softsign_studentt8,2,3,"[1, 5, 6, 7, 9]",0.7159856728017253,1.0,False
softsign_studentt8_014,softsign_studentt8,4,3,"[1, 5, 6, 7, 9]",0.8531648444187722,1.0,False
softsign_studentt8_014,softsign_studentt8,1,4,[],0.9514262933621228,1.0,False
softsign_studentt8_014,softsign_studentt8,2,4,[],0.39129482747554256,1.0,False
softsign_studentt8_014,softsign_studentt8,3,4,[],0.3304359091904354,1.0,False
softsign_studentt8_014,softsign_studentt8,5,4,[],0.8797659531568658,1.0,False
softsign_studentt8_014,softsign_studentt8,6,4,[],0.511087253226852,1.0,False
softsign_studentt8_014,softsign_studentt8,7,4,[],0.3064753709553938,1.0,False
softsign_studentt8_014,softsign_studentt8,9,4,[],0.1568648899031364,1.0,False
softsign_studentt8_014,softsign_studentt8,0,5,[1],0.42108109406753447,1.0,False
softsign_studentt8_014,softsign_studentt8,2,5,[1],0.8036442922098881,1.0,False
softsign_studentt8_014,softsign_studentt8,4,5,[1],0.15311943740247647,1.0,False
softsign_studentt8_014,softsign_studentt8,6,5,[1],0.6858257770228817,1.0,False
softsign_studentt8_014,softsign_studentt8,7,5,[1],0.28171201821086167,1.0,False
softsign_studentt8_014,softsign_studentt8,9,5,[1],0.20671052652859878,1.0,False
softsign_studentt8_014,softsign_studentt8,0,6,[],0.8175405856233877,1.0,False
softsign_studentt8_014,softsign_studentt8,1,6,[],0.5976236577169747,1.0,False
softsign_studentt8_014,softsign_studentt8,2,6,[],0.5740651288944736,1.0,False
softsign_studentt8_014,softsign_studentt8,4,6,[],0.511087253226852,1.0,False
softsign_studentt8_014,softsign_studentt8,5,6,[],0.5030515328757493,1.0,False
softsign_studentt8_014,softsign_studentt8,9,6,[],0.9880435045410833,1.0,False
softsign_studentt8_014,softsign_studentt8,0,7,"[1, 6]",0.6033605207276339,1.0,False
softsign_studentt8_014,softsign_studentt8,2,7,"[1, 6]",0.383285137828112,1.0,False
softsign_studentt8_014,softsign_studentt8,4,7,"[1, 6]",0.5922698975836876,1.0,False
softsign_studentt8_014,softsign_studentt8,5,7,"[1, 6]",0.002972776531597887,0.15755715617468802,False
softsign_studentt8_014,softsign_studentt8,9,7,"[1, 6]",0.3142450927247401,1.0,False
softsign_studentt8_014,softsign_studentt8,9,8,"[0, 1, 2, 3, 4, 5, 6, 7]",0.3204498607243703,1.0,False
softsign_studentt8_014,softsign_studentt8,0,9,[],0.08763058751236419,1.0,False
softsign_studentt8_014,softsign_studentt8,1,9,[],0.47778304165524577,1.0,False
softsign_studentt8_014,softsign_studentt8,2,9,[],0.9586100798431598,1.0,False
softsign_studentt8_014,softsign_studentt8,4,9,[],0.1568648899031364,1.0,False
softsign_studentt8_014,softsign_studentt8,5,9,[],0.17465959691721977,1.0,False
softsign_studentt8_014,softsign_studentt8,6,9,[],0.9880435045410833,1.0,False
softsign_studentt8_014,softsign_studentt8,7,9,[],0.6250907941771113,1.0,False
softsign_studentt8_015,softsign_studentt8,1,0,"[2, 3, 4, 5]",1.0,1.0,False
softsign_studentt8_015,softsign_studentt8,6,0,"[2, 3, 4, 5]",0.546514448516926,1.0,False
softsign_studentt8_015,softsign_studentt8,7,0,"[2, 3, 4, 5]",0.05265243751250692,1.0,False
softsign_studentt8_015,softsign_studentt8,8,0,"[2, 3, 4, 5]",0.6067262277510386,1.0,False
softsign_studentt8_015,softsign_studentt8,0,1,"[3, 5]",0.7634004875183351,1.0,False
softsign_studentt8_015,softsign_studentt8,2,1,"[3, 5]",1.0,1.0,False
softsign_studentt8_015,softsign_studentt8,4,1,"[3, 5]",0.12357154779587332,1.0,False
softsign_studentt8_015,softsign_studentt8,6,1,"[3, 5]",0.2834312264681129,1.0,False
softsign_studentt8_015,softsign_studentt8,7,1,"[3, 5]",0.6132937914892147,1.0,False
softsign_studentt8_015,softsign_studentt8,8,1,"[3, 5]",0.4840979479742745,1.0,False
softsign_studentt8_015,softsign_studentt8,9,1,"[3, 5]",0.13166146861943084,1.0,False
softsign_studentt8_015,softsign_studentt8,1,2,[5],0.8205053647706355,1.0,False
softsign_studentt8_015,softsign_studentt8,3,2,[5],0.32513000341768306,1.0,False
softsign_studentt8_015,softsign_studentt8,4,2,[5],7.412281899377149e-11,3.5578953117010315e-09,True
softsign_studentt8_015,softsign_studentt8,6,2,[5],0.2294814018172533,1.0,False
softsign_studentt8_015,softsign_studentt8,7,2,[5],0.020015309567763873,0.9207042401171381,False
softsign_studentt8_015,softsign_studentt8,8,2,[5],0.4635242974414564,1.0,False
softsign_studentt8_015,softsign_studentt8,2,3,[5],0.32513000341768306,1.0,False
softsign_studentt8_015,softsign_studentt8,1,4,"[3, 5]",0.12357154779587332,1.0,False
softsign_studentt8_015,softsign_studentt8,2,4,"[3, 5]",1.3778755914017893e-11,6.751590397868767e-10,True
softsign_studentt8_015,softsign_studentt8,6,4,"[3, 5]",0.8651319626585499,1.0,False
softsign_studentt8_015,softsign_studentt8,7,4,"[3, 5]",0.23590352825663974,1.0,False
softsign_studentt8_015,softsign_studentt8,8,4,"[3, 5]",1.0,1.0,False
softsign_studentt8_015,softsign_studentt8,0,6,"[3, 5]",0.006080818145129507,0.28579845282108685,False
softsign_studentt8_015,softsign_studentt8,1,6,"[3, 5]",0.2834312264681129,1.0,False
softsign_studentt8_015,softsign_studentt8,2,6,"[3, 5]",0.40940059155835007,1.0,False
softsign_studentt8_015,softsign_studentt8,4,6,"[3, 5]",0.8651319626585499,1.0,False
softsign_studentt8_015,softsign_studentt8,7,6,"[3, 5]",0.08277437559139267,1.0,False
softsign_studentt8_015,softsign_studentt8,8,6,"[3, 5]",0.19340652204247644,1.0,False
softsign_studentt8_015,softsign_studentt8,9,6,"[3, 5]",0.6756155830110319,1.0,False
softsign_studentt8_015,softsign_studentt8,0,7,"[3, 5]",0.7601515811757404,1.0,False
softsign_studentt8_015,softsign_studentt8,1,7,"[3, 5]",0.6132937914892147,1.0,False
softsign_studentt8_015,softsign_studentt8,2,7,"[3, 5]",0.4225787325226762,1.0,False
softsign_studentt8_015,softsign_studentt8,4,7,"[3, 5]",0.23590352825663974,1.0,False
softsign_studentt8_015,softsign_studentt8,6,7,"[3, 5]",0.08277437559139267,1.0,False
softsign_studentt8_015,softsign_studentt8,8,7,"[3, 5]",0.47335320217288557,1.0,False
softsign_studentt8_015,softsign_studentt8,9,7,"[3, 5]",0.3936257099496764,1.0,False
softsign_studentt8_015,softsign_studentt8,0,8,"[3, 5]",0.8044048603272557,1.0,False
softsign_studentt8_015,softsign_studentt8,1,8,"[3, 5]",0.4840979479742745,1.0,False
softsign_studentt8_015,softsign_studentt8,2,8,"[3, 5]",0.31907309400997574,1.0,False
softsign_studentt8_015,softsign_studentt8,4,8,"[3, 5]",1.0,1.0,False
softsign_studentt8_015,softsign_studentt8,6,8,"[3, 5]",0.19340652204247644,1.0,False
softsign_studentt8_015,softsign_studentt8,7,8,"[3, 5]",0.47335320217288557,1.0,False
softsign_studentt8_015,softsign_studentt8,9,8,"[3, 5]",0.7278125727096907,1.0,False
softsign_studentt8_015,softsign_studentt8,1,9,"[0, 3, 4, 5]",0.7586858406722066,1.0,False
softsign_studentt8_015,softsign_studentt8,2,9,"[0, 3, 4, 5]",0.6879798965939876,1.0,False
softsign_studentt8_015,softsign_studentt8,6,9,"[0, 3, 4, 5]",0.2484837135565765,1.0,False
softsign_studentt8_015,softsign_studentt8,7,9,"[0, 3, 4, 5]",0.06460089939002966,1.0,False
softsign_studentt8_015,softsign_studentt8,8,9,"[0, 3, 4, 5]",0.42239289567003113,1.0,False
softsign_studentt8_016,softsign_studentt8,1,0,"[4, 6]",0.40326470585555996,1.0,False
softsign_studentt8_016,softsign_studentt8,2,0,"[4, 6]",0.24355948244101522,1.0,False
softsign_studentt8_016,softsign_studentt8,3,0,"[4, 6]",0.9980424832896518,1.0,False
softsign_studentt8_016,softsign_studentt8,5,0,"[4, 6]",0.1317338787906115,1.0,False
softsign_studentt8_016,softsign_studentt8,7,0,"[4, 6]",0.6394291232534877,1.0,False
softsign_studentt8_016,softsign_studentt8,8,0,"[4, 6]",0.21370142866548958,1.0,False
softsign_studentt8_016,softsign_studentt8,9,0,"[4, 6]",0.028963714095126214,1.0,False
softsign_studentt8_016,softsign_studentt8,3,1,[2],0.36525283505182726,1.0,False
softsign_studentt8_016,softsign_studentt8,4,1,[2],0.18242892882732953,1.0,False
softsign_studentt8_016,softsign_studentt8,5,1,[2],0.37443092697417313,1.0,False
softsign_studentt8_016,softsign_studentt8,7,1,[2],0.25680293801000287,1.0,False
softsign_studentt8_016,softsign_studentt8,8,1,[2],0.5766562371501136,1.0,False
softsign_studentt8_016,softsign_studentt8,9,1,[2],1.0,1.0,False
softsign_studentt8_016,softsign_studentt8,4,2,[],0.801860971511602,1.0,False
softsign_studentt8_016,softsign_studentt8,5,2,[],0.8951193773769188,1.0,False
softsign_studentt8_016,softsign_studentt8,7,2,[],1.0,1.0,False
softsign_studentt8_016,softsign_studentt8,8,2,[],0.4512090520578602,1.0,False
softsign_studentt8_016,softsign_studentt8,1,3,"[2, 5, 8]",1.0,1.0,False
softsign_studentt8_016,softsign_studentt8,4,3,"[2, 5, 8]",0.613542117017286,1.0,False
softsign_studentt8_016,softsign_studentt8,7,3,"[2, 5, 8]",0.07444444534285011,1.0,False
softsign_studentt8_016,softsign_studentt8,1,4,[],0.3384375598151854,1.0,False
softsign_studentt8_016,softsign_studentt8,2,4,[],0.801860971511602,1.0,False
softsign_studentt8_016,softsign_studentt8,3,4,[],0.041371774442437115,1.0,False
softsign_studentt8_016,softsign_studentt8,5,4,[],0.01154127742436628,0.6232289809157792,False
softsign_studentt8_016,softsign_studentt8,7,4,[],0.03240963352074089,1.0,False
softsign_studentt8_016,softsign_studentt8,8,4,[],0.03932052678416498,1.0,False
softsign_studentt8_016,softsign_studentt8,9,4,[],0.1267451343042696,1.0,False
softsign_studentt8_016,softsign_studentt8,1,5,[],0.385287378545067,1.0,False
softsign_studentt8_016,softsign_studentt8,2,5,[],0.8951193773769188,1.0,False
softsign_studentt8_016,softsign_studentt8,4,5,[],0.01154127742436628,0.6232289809157792,False
softsign_studentt8_016,softsign_studentt8,7,5,[],0.034265911991504416,1.0,False
softsign_studentt8_016,softsign_studentt8,5,6,"[1, 2, 3, 4]",0.09656960862145159,1.0,False
softsign_studentt8_016,softsign_studentt8,7,6,"[1, 2, 3, 4]",0.09339117229150584,1.0,False
softsign_studentt8_016,softsign_studentt8,8,6,"[1, 2, 3, 4]",0.32881557309403775,1.0,False
softsign_studentt8_016,softsign_studentt8,9,6,"[1, 2, 3, 4]",2.0049045257319875e-07,1.122746534409913e-05,True
softsign_studentt8_016,softsign_studentt8,0,7,[],1.0,1.0,False
softsign_studentt8_016,softsign_studentt8,1,7,[],0.3925087749733921,1.0,False
softsign_studentt8_016,softsign_studentt8,2,7,[],1.0,1.0,False
softsign_studentt8_016,softsign_studentt8,3,7,[],0.25691987808414307,1.0,False
softsign_studentt8_016,softsign_studentt8,4,7,[],0.03240963352074089,1.0,False
softsign_studentt8_016,softsign_studentt8,5,7,[],0.034265911991504416,1.0,False
softsign_studentt8_016,softsign_studentt8,6,7,[],0.0783459050924713,1.0,False
softsign_studentt8_016,softsign_studentt8,8,7,[],0.2606800864012916,1.0,False
softsign_studentt8_016,softsign_studentt8,9,7,[],0.07501586435613072,1.0,False
softsign_studentt8_016,softsign_studentt8,1,8,[5],0.4642575606665753,1.0,False
softsign_studentt8_016,softsign_studentt8,2,8,[5],1.0,1.0,False
softsign_studentt8_016,softsign_studentt8,4,8,[5],0.555979853277345,1.0,False
softsign_studentt8_016,softsign_studentt8,7,8,[5],0.5593401511087266,1.0,False
softsign_studentt8_016,softsign_studentt8,0,9,[3],0.14740968750571048,1.0,False
softsign_studentt8_016,softsign_studentt8,1,9,[3],1.0,1.0,False
softsign_studentt8_016,softsign_studentt8,2,9,[3],0.2548018341626085,1.0,False
softsign_studentt8_016,softsign_studentt8,4,9,[3],0.27036402165119755,1.0,False
softsign_studentt8_016,softsign_studentt8,5,9,[3],0.3624490536776026,1.0,False
softsign_studentt8_016,softsign_studentt8,6,9,[3],0.0003883557159417572,0.021359564376796647,True
softsign_studentt8_016,softsign_studentt8,7,9,[3],0.02688747253914925,1.0,False
softsign_studentt8_016,softsign_studentt8,8,9,[3],0.6608231357718669,1.0,False
softsign_studentt8_017,softsign_studentt8,2,0,"[1, 3]",0.3433322119725224,1.0,False
softsign_studentt8_017,softsign_studentt8,4,0,"[1, 3]",0.4762439477537248,1.0,False
softsign_studentt8_017,softsign_studentt8,5,0,"[1, 3]",0.2246632141110173,1.0,False
softsign_studentt8_017,softsign_studentt8,6,0,"[1, 3]",0.45505470813694027,1.0,False
softsign_studentt8_017,softsign_studentt8,7,0,"[1, 3]",0.33984797254615295,1.0,False
softsign_studentt8_017,softsign_studentt8,8,0,"[1, 3]",0.0036613594531178517,0.2196815671870711,False
softsign_studentt8_017,softsign_studentt8,9,0,"[1, 3]",0.22766057613549584,1.0,False
softsign_studentt8_017,softsign_studentt8,2,1,[],0.17736801178912331,1.0,False
softsign_studentt8_017,softsign_studentt8,3,1,[],0.0004087890921713466,0.026162501898966184,True
softsign_studentt8_017,softsign_studentt8,4,1,[],0.12077072121893151,1.0,False
softsign_studentt8_017,softsign_studentt8,5,1,[],0.24483862202936535,1.0,False
softsign_studentt8_017,softsign_studentt8,6,1,[],0.6678002876768052,1.0,False
softsign_studentt8_017,softsign_studentt8,7,1,[],0.0011989692277377673,0.07433609211974157,False
softsign_studentt8_017,softsign_studentt8,0,2,[],0.7324699547478953,1.0,False
softsign_studentt8_017,softsign_studentt8,1,2,[],0.17736801178912331,1.0,False
softsign_studentt8_017,softsign_studentt8,3,2,[],0.7220327191136997,1.0,False
softsign_studentt8_017,softsign_studentt8,5,2,[],0.31687053633770024,1.0,False
softsign_studentt8_017,softsign_studentt8,6,2,[],0.0920498592187089,1.0,False
softsign_studentt8_017,softsign_studentt8,7,2,[],0.1365118974137738,1.0,False
softsign_studentt8_017,softsign_studentt8,8,2,[],0.2804213577447069,1.0,False
softsign_studentt8_017,softsign_studentt8,9,2,[],0.9221333050125347,1.0,False
softsign_studentt8_017,softsign_studentt8,1,3,[],0.0004087890921713466,0.026162501898966184,True
softsign_studentt8_017,softsign_studentt8,2,3,[],0.7220327191136997,1.0,False
softsign_studentt8_017,softsign_studentt8,5,3,[],0.4459343446847083,1.0,False
softsign_studentt8_017,softsign_studentt8,7,3,[],0.2862338210108849,1.0,False
softsign_studentt8_017,softsign_studentt8,0,4,"[2, 3]",0.07008626591055578,1.0,False
softsign_studentt8_017,softsign_studentt8,1,4,"[2, 3]",9.605457514938465e-05,0.006243547384710002,True
softsign_studentt8_017,softsign_studentt8,5,4,"[2, 3]",0.10991434510352394,1.0,False
softsign_studentt8_017,softsign_studentt8,6,4,"[2, 3]",0.9093299683593556,1.0,False
softsign_studentt8_017,softsign_studentt8,7,4,"[2, 3]",0.1426508206310595,1.0,False
softsign_studentt8_017,softsign_studentt8,8,4,"[2, 3]",0.44896862212155386,1.0,False
softsign_studentt8_017,softsign_studentt8,9,4,"[2, 3]",0.10278725362485785,1.0,False
softsign_studentt8_017,softsign_studentt8,0,5,[],0.9345901510947943,1.0,False
softsign_studentt8_017,softsign_studentt8,1,5,[],0.24483862202936535,1.0,False
softsign_studentt8_017,softsign_studentt8,2,5,[],0.31687053633770024,1.0,False
softsign_studentt8_017,softsign_studentt8,3,5,[],0.4459343446847083,1.0,False
softsign_studentt8_017,softsign_studentt8,4,5,[],0.6188870049570133,1.0,False
softsign_studentt8_017,softsign_studentt8,6,5,[],0.13424288153431652,1.0,False
softsign_studentt8_017,softsign_studentt8,7,5,[],0.10526507495425563,1.0,False
softsign_studentt8_017,softsign_studentt8,8,5,[],0.5757067673932754,1.0,False
softsign_studentt8_017,softsign_studentt8,9,5,[],0.3644594951471152,1.0,False
softsign_studentt8_017,softsign_studentt8,0,6,[3],0.3461955102013454,1.0,False
softsign_studentt8_017,softsign_studentt8,1,6,[3],0.9037923963436678,1.0,False
softsign_studentt8_017,softsign_studentt8,2,6,[3],0.12446155416745563,1.0,False
softsign_studentt8_017,softsign_studentt8,4,6,[3],0.13129218799126963,1.0,False
softsign_studentt8_017,softsign_studentt8,5,6,[3],0.8375164247828142,1.0,False
softsign_studentt8_017,softsign_studentt8,7,6,[3],0.07164628721030131,1.0,False
softsign_studentt8_017,softsign_studentt8,8,6,[3],3.4925799974327987e-07,2.340028598279975e-05,True
softsign_studentt8_017,softsign_studentt8,9,6,[3],0.8555872669628188,1.0,False
softsign_studentt8_017,softsign_studentt8,0,7,[],0.03583599281123073,1.0,False
softsign_studentt8_017,softsign_studentt8,1,7,[],0.0011989692277377673,0.07433609211974157,False
softsign_studentt8_017,softsign_studentt8,2,7,[],0.1365118974137738,1.0,False
softsign_studentt8_017,softsign_studentt8,3,7,[],0.2862338210108849,1.0,False
softsign_studentt8_017,softsign_studentt8,4,7,[],0.011196207737702024,0.6493800487867174,False
softsign_studentt8_017,softsign_studentt8,5,7,[],0.10526507495425563,1.0,False
softsign_studentt8_017,softsign_studentt8,6,7,[],0.0995571340895276,1.0,False
softsign_studentt8_017,softsign_studentt8,0,8,"[1, 3, 7]",0.011478302916844818,0.6542632662601546,False
softsign_studentt8_017,softsign_studentt8,2,8,"[1, 3, 7]",0.3363275423117864,1.0,False
softsign_studentt8_017,softsign_studentt8,4,8,"[1, 3, 7]",0.958366467551448,1.0,False
softsign_studentt8_017,softsign_studentt8,5,8,"[1, 3, 7]",0.6610640018227081,1.0,False
softsign_studentt8_017,softsign_studentt8,6,8,"[1, 3, 7]",2.0122326860327888e-07,1.3683182265022964e-05,True
softsign_studentt8_017,softsign_studentt8,0,9,"[7, 8]",0.003714165082831511,0.2196815671870711,False
softsign_studentt8_017,softsign_studentt8,1,9,"[7, 8]",4.975532792439452e-07,3.2838516430100384e-05,True
softsign_studentt8_017,softsign_studentt8,2,9,"[7, 8]",0.12495728549651397,1.0,False
softsign_studentt8_017,softsign_studentt8,3,9,"[7, 8]",0.4588259864070793,1.0,False
softsign_studentt8_017,softsign_studentt8,4,9,"[7, 8]",0.5070579226532113,1.0,False
softsign_studentt8_017,softsign_studentt8,5,9,"[7, 8]",0.4856569490454332,1.0,False
softsign_studentt8_017,softsign_studentt8,6,9,"[7, 8]",0.4352492561261109,1.0,False
softsign_studentt8_018,softsign_studentt8,1,0,"[4, 5, 7]",0.9151819296397682,1.0,False
softsign_studentt8_018,softsign_studentt8,2,0,"[4, 5, 7]",0.7377833163799838,1.0,False
softsign_studentt8_018,softsign_studentt8,3,0,"[4, 5, 7]",0.848046216319097,1.0,False
softsign_studentt8_018,softsign_studentt8,6,0,"[4, 5, 7]",0.37509690640312665,1.0,False
softsign_studentt8_018,softsign_studentt8,8,0,"[4, 5, 7]",0.6491430515275347,1.0,False
softsign_studentt8_018,softsign_studentt8,0,1,[7],0.5448075793014044,1.0,False
softsign_studentt8_018,softsign_studentt8,2,1,[7],0.8742688497378405,1.0,False
softsign_studentt8_018,softsign_studentt8,3,1,[7],0.5953446120642241,1.0,False
softsign_studentt8_018,softsign_studentt8,4,1,[7],0.6897194462578776,1.0,False
softsign_studentt8_018,softsign_studentt8,5,1,[7],0.06047507450600875,1.0,False
softsign_studentt8_018,softsign_studentt8,6,1,[7],0.9617657619652153,1.0,False
softsign_studentt8_018,softsign_studentt8,8,1,[7],0.23382633837806222,1.0,False
softsign_studentt8_018,softsign_studentt8,9,1,[7],0.17564560454432532,1.0,False
softsign_studentt8_018,softsign_studentt8,0,2,[],0.6397004080289634,1.0,False
softsign_studentt8_018,softsign_studentt8,1,2,[],0.699939435749706,1.0,False
softsign_studentt8_018,softsign_studentt8,3,2,[],1.0,1.0,False
softsign_studentt8_018,softsign_studentt8,4,2,[],0.14762077139839558,1.0,False
softsign_studentt8_018,softsign_studentt8,5,2,[],0.4927555775485216,1.0,False
softsign_studentt8_018,softsign_studentt8,6,2,[],1.0,1.0,False
softsign_studentt8_018,softsign_studentt8,7,2,[],0.6719595213671563,1.0,False
softsign_studentt8_018,softsign_studentt8,9,2,[],0.24063478831959428,1.0,False
softsign_studentt8_018,softsign_studentt8,1,3,[],0.7181827225736062,1.0,False
softsign_studentt8_018,softsign_studentt8,2,3,[],1.0,1.0,False
softsign_studentt8_018,softsign_studentt8,4,3,[],0.5515112463316885,1.0,False
softsign_studentt8_018,softsign_studentt8,6,3,[],0.5235039961416902,1.0,False
softsign_studentt8_018,softsign_studentt8,7,3,[],0.39355828891885913,1.0,False
softsign_studentt8_018,softsign_studentt8,8,3,[],0.32033159269887446,1.0,False
softsign_studentt8_018,softsign_studentt8,1,4,[],0.9038795200082843,1.0,False
softsign_studentt8_018,softsign_studentt8,2,4,[],0.14762077139839558,1.0,False
softsign_studentt8_018,softsign_studentt8,3,4,[],0.5515112463316885,1.0,False
softsign_studentt8_018,softsign_studentt8,5,4,[],0.6895600699858975,1.0,False
softsign_studentt8_018,softsign_studentt8,6,4,[],0.11247066198759137,1.0,False
softsign_studentt8_018,softsign_studentt8,7,4,[],0.3155158099413462,1.0,False
softsign_studentt8_018,softsign_studentt8,8,4,[],0.49571969178365705,1.0,False
softsign_studentt8_018,softsign_studentt8,1,5,"[3, 7]",0.09876175613607874,1.0,False
softsign_studentt8_018,softsign_studentt8,2,5,"[3, 7]",0.5456136875489731,1.0,False
softsign_studentt8_018,softsign_studentt8,4,5,"[3, 7]",0.4120805769653544,1.0,False
softsign_studentt8_018,softsign_studentt8,6,5,"[3, 7]",1.0,1.0,False
softsign_studentt8_018,softsign_studentt8,8,5,"[3, 7]",0.9270467668538063,1.0,False
softsign_studentt8_018,softsign_studentt8,0,6,[7],0.061896372954055034,1.0,False
softsign_studentt8_018,softsign_studentt8,1,6,[7],0.9617657619652153,1.0,False
softsign_studentt8_018,softsign_studentt8,2,6,[7],0.6340777657454779,1.0,False
softsign_studentt8_018,softsign_studentt8,3,6,[7],0.5465290519151409,1.0,False
softsign_studentt8_018,softsign_studentt8,4,6,[7],0.15816144838096902,1.0,False
softsign_studentt8_018,softsign_studentt8,5,6,[7],0.3108337404547771,1.0,False
softsign_studentt8_018,softsign_studentt8,8,6,[7],0.11794834326474157,1.0,False
softsign_studentt8_018,softsign_studentt8,9,6,[7],0.8770951563260562,1.0,False
softsign_studentt8_018,softsign_studentt8,2,7,[],0.6719595213671563,1.0,False
softsign_studentt8_018,softsign_studentt8,3,7,[],0.39355828891885913,1.0,False
softsign_studentt8_018,softsign_studentt8,4,7,[],0.3155158099413462,1.0,False
softsign_studentt8_018,softsign_studentt8,0,8,"[2, 7]",0.46626198726601054,1.0,False
softsign_studentt8_018,softsign_studentt8,1,8,"[2, 7]",0.11838496768384021,1.0,False
softsign_studentt8_018,softsign_studentt8,3,8,"[2, 7]",0.5705152351908125,1.0,False
softsign_studentt8_018,softsign_studentt8,4,8,"[2, 7]",0.2566001619339675,1.0,False
softsign_studentt8_018,softsign_studentt8,5,8,"[2, 7]",0.22535388592759942,1.0,False
softsign_studentt8_018,softsign_studentt8,6,8,"[2, 7]",0.4085114772445777,1.0,False
softsign_studentt8_018,softsign_studentt8,9,8,"[2, 7]",0.032117588196879154,1.0,False
softsign_studentt8_018,softsign_studentt8,1,9,"[0, 4, 5, 7]",0.9457860214333813,1.0,False
softsign_studentt8_018,softsign_studentt8,2,9,"[0, 4, 5, 7]",0.12121124447359133,1.0,False
softsign_studentt8_018,softsign_studentt8,3,9,"[0, 4, 5, 7]",0.21514992179420445,1.0,False
softsign_studentt8_018,softsign_studentt8,6,9,"[0, 4, 5, 7]",0.6807845300465405,1.0,False
softsign_studentt8_018,softsign_studentt8,8,9,"[0, 4, 5, 7]",0.9816878409529225,1.0,False
softsign_studentt8_019,softsign_studentt8,1,0,[4],0.15913983183719482,1.0,False
softsign_studentt8_019,softsign_studentt8,2,0,[4],0.5152092038762093,1.0,False
softsign_studentt8_019,softsign_studentt8,3,0,[4],0.7648321890415777,1.0,False
softsign_studentt8_019,softsign_studentt8,5,0,[4],0.040378507087762916,1.0,False
softsign_studentt8_019,softsign_studentt8,6,0,[4],0.9124277152960221,1.0,False
softsign_studentt8_019,softsign_studentt8,7,0,[4],0.34557315512916675,1.0,False
softsign_studentt8_019,softsign_studentt8,8,0,[4],0.8710378774376961,1.0,False
softsign_studentt8_019,softsign_studentt8,9,0,[4],2.327291606873949e-06,0.0001559285376605546,True
softsign_studentt8_019,softsign_studentt8,0,1,[],0.3287933200340132,1.0,False
softsign_studentt8_019,softsign_studentt8,2,1,[],0.082975385851488,1.0,False
softsign_studentt8_019,softsign_studentt8,3,1,[],0.17314045091042318,1.0,False
softsign_studentt8_019,softsign_studentt8,4,1,[],0.1595055458134902,1.0,False
softsign_studentt8_019,softsign_studentt8,5,1,[],0.3395391845231538,1.0,False
softsign_studentt8_019,softsign_studentt8,6,1,[],0.5685135549785645,1.0,False
softsign_studentt8_019,softsign_studentt8,7,1,[],0.5014618944556934,1.0,False
softsign_studentt8_019,softsign_studentt8,8,1,[],0.0774529960782423,1.0,False
softsign_studentt8_019,softsign_studentt8,9,1,[],0.5744876212564101,1.0,False
softsign_studentt8_019,softsign_studentt8,1,2,[],0.082975385851488,1.0,False
softsign_studentt8_019,softsign_studentt8,0,3,[2],0.7211558578035218,1.0,False
softsign_studentt8_019,softsign_studentt8,1,3,[2],0.49419980191992197,1.0,False
softsign_studentt8_019,softsign_studentt8,4,3,[2],0.9364561908735944,1.0,False
softsign_studentt8_019,softsign_studentt8,8,3,[2],0.5371145963670156,1.0,False
softsign_studentt8_019,softsign_studentt8,1,4,[2],0.3020927810202002,1.0,False
softsign_studentt8_019,softsign_studentt8,3,4,[2],0.9364561908735944,1.0,False
softsign_studentt8_019,softsign_studentt8,5,4,[2],0.27642311302700373,1.0,False
softsign_studentt8_019,softsign_studentt8,6,4,[2],0.27410517742727514,1.0,False
softsign_studentt8_019,softsign_studentt8,7,4,[2],0.7494567987828323,1.0,False
softsign_studentt8_019,softsign_studentt8,8,4,[2],0.4209255381100835,1.0,False
softsign_studentt8_019,softsign_studentt8,9,4,[2],1.0,1.0,False
softsign_studentt8_019,softsign_studentt8,0,5,[3],0.093565474236326,1.0,False
softsign_studentt8_019,softsign_studentt8,1,5,[3],0.8375404366533088,1.0,False
softsign_studentt8_019,softsign_studentt8,2,5,[3],0.795258931005191,1.0,False
softsign_studentt8_019,softsign_studentt8,4,5,[3],0.43074333407732224,1.0,False
softsign_studentt8_019,softsign_studentt8,6,5,[3],0.8048927217837063,1.0,False
softsign_studentt8_019,softsign_studentt8,7,5,[3],0.35141013230475593,1.0,False
softsign_studentt8_019,softsign_studentt8,8,5,[3],0.6816990251759665,1.0,False
softsign_studentt8_019,softsign_studentt8,9,5,[3],0.32946404650922023,1.0,False
softsign_studentt8_019,softsign_studentt8,0,6,[3],0.17427819208112605,1.0,False
softsign_studentt8_019,softsign_studentt8,1,6,[3],1.0,1.0,False
softsign_studentt8_019,softsign_studentt8,2,6,[3],0.09035301947120544,1.0,False
softsign_studentt8_019,softsign_studentt8,4,6,[3],0.6514417735689315,1.0,False
softsign_studentt8_019,softsign_studentt8,5,6,[3],0.8048927217837063,1.0,False
softsign_studentt8_019,softsign_studentt8,7,6,[3],0.6660449656928985,1.0,False
softsign_studentt8_019,softsign_studentt8,8,6,[3],0.9162015590953629,1.0,False
softsign_studentt8_019,softsign_studentt8,9,6,[3],0.09739030955824857,1.0,False
softsign_studentt8_019,softsign_studentt8,0,7,[3],0.5201855441889893,1.0,False
softsign_studentt8_019,softsign_studentt8,1,7,[3],0.6310082816746818,1.0,False
softsign_studentt8_019,softsign_studentt8,2,7,[3],0.5517961854192454,1.0,False
softsign_studentt8_019,softsign_studentt8,4,7,[3],0.21832090294237871,1.0,False
softsign_studentt8_019,softsign_studentt8,5,7,[3],0.35141013230475593,1.0,False
softsign_studentt8_019,softsign_studentt8,6,7,[3],0.6660449656928985,1.0,False
softsign_studentt8_019,softsign_studentt8,8,7,[3],0.9765402059257106,1.0,False
softsign_studentt8_019,softsign_studentt8,0,8,[2],0.7179157142663131,1.0,False
softsign_studentt8_019,softsign_studentt8,1,8,[2],0.5249411554978218,1.0,False
softsign_studentt8_019,softsign_studentt8,3,8,[2],0.5371145963670156,1.0,False
softsign_studentt8_019,softsign_studentt8,4,8,[2],0.4209255381100835,1.0,False
softsign_studentt8_019,softsign_studentt8,5,8,[2],0.764400052763923,1.0,False
softsign_studentt8_019,softsign_studentt8,6,8,[2],0.22389774397469264,1.0,False
softsign_studentt8_019,softsign_studentt8,7,8,[2],0.3619783683869394,1.0,False
softsign_studentt8_019,softsign_studentt8,9,8,[2],1.0,1.0,False
softsign_studentt8_019,softsign_studentt8,0,9,"[3, 7]",1.327132253114982e-05,0.0008759072870558882,True
softsign_studentt8_019,softsign_studentt8,1,9,"[3, 7]",0.7838113954830119,1.0,False
softsign_studentt8_019,softsign_studentt8,2,9,"[3, 7]",0.027181349643322528,1.0,False
softsign_studentt8_019,softsign_studentt8,4,9,"[3, 7]",0.037282457503098776,1.0,False
softsign_studentt8_019,softsign_studentt8,5,9,"[3, 7]",1.0,1.0,False
softsign_studentt8_019,softsign_studentt8,6,9,"[3, 7]",0.3969692020449864,1.0,False
softsign_studentt8_019,softsign_studentt8,8,9,"[3, 7]",0.49011375271002655,1.0,False
interaction_gaussian_000,interaction_gaussian,1,0,[6],0.5767943259922093,1.0,False
interaction_gaussian_000,interaction_gaussian,2,0,[6],0.961120319330625,1.0,False
interaction_gaussian_000,interaction_gaussian,3,0,[6],0.11837473843816648,1.0,False
interaction_gaussian_000,interaction_gaussian,4,0,[6],0.2413445134749892,1.0,False
interaction_gaussian_000,interaction_gaussian,5,0,[6],0.716627495402701,1.0,False
interaction_gaussian_000,interaction_gaussian,7,0,[6],1.0,1.0,False
interaction_gaussian_000,interaction_gaussian,8,0,[6],0.351049708725619,1.0,False
interaction_gaussian_000,interaction_gaussian,9,0,[6],0.6201853777485555,1.0,False
interaction_gaussian_000,interaction_gaussian,0,1,"[5, 9]",0.5160972175250764,1.0,False
interaction_gaussian_000,interaction_gaussian,2,1,"[5, 9]",0.9025919969626287,1.0,False
interaction_gaussian_000,interaction_gaussian,3,1,"[5, 9]",0.502541317578212,1.0,False
interaction_gaussian_000,interaction_gaussian,6,1,"[5, 9]",0.48937210394992936,1.0,False
interaction_gaussian_000,interaction_gaussian,7,1,"[5, 9]",0.6431594962810226,1.0,False
interaction_gaussian_000,interaction_gaussian,8,1,"[5, 9]",0.5384976404014818,1.0,False
interaction_gaussian_000,interaction_gaussian,0,2,[7],0.250890899441368,1.0,False
interaction_gaussian_000,interaction_gaussian,1,2,[7],0.999698531384136,1.0,False
interaction_gaussian_000,interaction_gaussian,3,2,[7],0.5733054178595235,1.0,False
interaction_gaussian_000,interaction_gaussian,4,2,[7],0.11905514349155033,1.0,False
interaction_gaussian_000,interaction_gaussian,5,2,[7],0.1957526620907447,1.0,False
interaction_gaussian_000,interaction_gaussian,6,2,[7],0.7664308631933238,1.0,False
interaction_gaussian_000,interaction_gaussian,8,2,[7],0.34926754275151106,1.0,False
interaction_gaussian_000,interaction_gaussian,9,2,[7],0.10419782918071485,1.0,False
interaction_gaussian_000,interaction_gaussian,0,3,"[7, 9]",0.4824900847499408,1.0,False
interaction_gaussian_000,interaction_gaussian,1,3,"[7, 9]",0.7720450873449793,1.0,False
interaction_gaussian_000,interaction_gaussian,2,3,"[7, 9]",0.4031965662927647,1.0,False
interaction_gaussian_000,interaction_gaussian,4,3,"[7, 9]",0.522642277882617,1.0,False
interaction_gaussian_000,interaction_gaussian,5,3,"[7, 9]",0.6549017445176482,1.0,False
interaction_gaussian_000,interaction_gaussian,6,3,"[7, 9]",0.5344850283935293,1.0,False
interaction_gaussian_000,interaction_gaussian,8,3,"[7, 9]",0.6054415134581973,1.0,False
interaction_gaussian_000,interaction_gaussian,0,4,"[1, 7, 9]",0.2816263588513964,1.0,False
interaction_gaussian_000,interaction_gaussian,2,4,"[1, 7, 9]",0.40896388090902713,1.0,False
interaction_gaussian_000,interaction_gaussian,3,4,"[1, 7, 9]",0.7913877781163742,1.0,False
interaction_gaussian_000,interaction_gaussian,5,4,"[1, 7, 9]",0.0013525830326387434,0.07844981589304711,False
interaction_gaussian_000,interaction_gaussian,6,4,"[1, 7, 9]",0.8008885875078213,1.0,False
interaction_gaussian_000,interaction_gaussian,8,4,"[1, 7, 9]",0.5644636077035705,1.0,False
interaction_gaussian_000,interaction_gaussian,0,5,"[7, 9]",0.5034533628430673,1.0,False
interaction_gaussian_000,interaction_gaussian,2,5,"[7, 9]",0.5183376471528,1.0,False
interaction_gaussian_000,interaction_gaussian,3,5,"[7, 9]",0.6549017445176482,1.0,False
interaction_gaussian_000,interaction_gaussian,6,5,"[7, 9]",0.5803738428084888,1.0,False
interaction_gaussian_000,interaction_gaussian,1,6,[],0.6866665670746859,1.0,False
interaction_gaussian_000,interaction_gaussian,2,6,[],0.8025987865668549,1.0,False
interaction_gaussian_000,interaction_gaussian,3,6,[],0.7490686039453424,1.0,False
interaction_gaussian_000,interaction_gaussian,4,6,[],0.6325569139015381,1.0,False
interaction_gaussian_000,interaction_gaussian,5,6,[],0.2886846114536732,1.0,False
interaction_gaussian_000,interaction_gaussian,7,6,[],1.0,1.0,False
interaction_gaussian_000,interaction_gaussian,8,6,[],1.0,1.0,False
interaction_gaussian_000,interaction_gaussian,9,6,[],0.8542429434667668,1.0,False
interaction_gaussian_000,interaction_gaussian,0,7,[9],0.8768006127470754,1.0,False
interaction_gaussian_000,interaction_gaussian,6,7,[9],0.8309654207252491,1.0,False
interaction_gaussian_000,interaction_gaussian,0,8,[5],0.26454172489042316,1.0,False
interaction_gaussian_000,interaction_gaussian,1,8,[5],0.2454036287234731,1.0,False
interaction_gaussian_000,interaction_gaussian,2,8,[5],0.1877610123218294,1.0,False
interaction_gaussian_000,interaction_gaussian,3,8,[5],0.04459644999945822,1.0,False
interaction_gaussian_000,interaction_gaussian,4,8,[5],0.0016417652330968924,0.09358061828652287,False
interaction_gaussian_000,interaction_gaussian,6,8,[5],0.4418704518787152,1.0,False
interaction_gaussian_000,interaction_gaussian,7,8,[5],0.02162957231883955,1.0,False
interaction_gaussian_000,interaction_gaussian,9,8,[5],4.80266937330498e-10,2.833574930249938e-08,True
interaction_gaussian_000,interaction_gaussian,0,9,[],0.5986219492552518,1.0,False
interaction_gaussian_000,interaction_gaussian,6,9,[],0.8542429434667668,1.0,False
interaction_gaussian_001,interaction_gaussian,1,0,[5],0.5821981135219514,1.0,False
interaction_gaussian_001,interaction_gaussian,2,0,[5],0.4684002421386608,1.0,False
interaction_gaussian_001,interaction_gaussian,3,0,[5],0.4474091612098364,1.0,False
interaction_gaussian_001,interaction_gaussian,4,0,[5],0.3837707154690132,1.0,False
interaction_gaussian_001,interaction_gaussian,6,0,[5],0.16376938319525147,1.0,False
interaction_gaussian_001,interaction_gaussian,7,0,[5],0.08466266315812065,1.0,False
interaction_gaussian_001,interaction_gaussian,8,0,[5],0.3396633634651215,1.0,False
interaction_gaussian_001,interaction_gaussian,9,0,[5],0.5819084824210661,1.0,False
interaction_gaussian_001,interaction_gaussian,0,1,"[2, 7]",0.2451900225769933,1.0,False
interaction_gaussian_001,interaction_gaussian,3,1,"[2, 7]",2.1753443583905074e-05,0.0013922203893699248,True
interaction_gaussian_001,interaction_gaussian,4,1,"[2, 7]",0.31254321802150553,1.0,False
interaction_gaussian_001,interaction_gaussian,5,1,"[2, 7]",0.5699302553083219,1.0,False
interaction_gaussian_001,interaction_gaussian,8,1,"[2, 7]",0.476824576718348,1.0,False
interaction_gaussian_001,interaction_gaussian,9,1,"[2, 7]",0.021869165558037196,1.0,False
interaction_gaussian_001,interaction_gaussian,0,2,[],0.8921057971367327,1.0,False
interaction_gaussian_001,interaction_gaussian,4,2,[],0.5924835546053165,1.0,False
interaction_gaussian_001,interaction_gaussian,5,2,[],0.1666737356955087,1.0,False
interaction_gaussian_001,interaction_gaussian,8,2,[],0.16611367175083913,1.0,False
interaction_gaussian_001,interaction_gaussian,0,3,[7],0.4913664825225411,1.0,False
interaction_gaussian_001,interaction_gaussian,1,3,[7],0.007035115883978205,0.4432123006906269,False
interaction_gaussian_001,interaction_gaussian,2,3,[7],8.970602038971265e-14,5.920597345721035e-12,True
interaction_gaussian_001,interaction_gaussian,4,3,[7],0.6651104400812349,1.0,False
interaction_gaussian_001,interaction_gaussian,5,3,[7],0.23393700291916963,1.0,False
interaction_gaussian_001,interaction_gaussian,6,3,[7],2.521205466621268e-12,1.6387835533038242e-10,True
interaction_gaussian_001,interaction_gaussian,8,3,[7],0.26146304839852785,1.0,False
interaction_gaussian_001,interaction_gaussian,0,4,[],0.4214242088725436,1.0,False
interaction_gaussian_001,interaction_gaussian,1,4,[],0.6593225113859593,1.0,False
interaction_gaussian_001,interaction_gaussian,2,4,[],0.5924835546053165,1.0,False
interaction_gaussian_001,interaction_gaussian,3,4,[],0.7911002699123294,1.0,False
interaction_gaussian_001,interaction_gaussian,5,4,[],0.23748871086839607,1.0,False
interaction_gaussian_001,interaction_gaussian,6,4,[],0.33366775326431797,1.0,False
interaction_gaussian_001,interaction_gaussian,7,4,[],0.39914878175091684,1.0,False
interaction_gaussian_001,interaction_gaussian,8,4,[],0.9376867019425462,1.0,False
interaction_gaussian_001,interaction_gaussian,1,5,[],0.5443413678236843,1.0,False
interaction_gaussian_001,interaction_gaussian,2,5,[],0.1666737356955087,1.0,False
interaction_gaussian_001,interaction_gaussian,3,5,[],0.009289905728597225,0.575974155173028,False
interaction_gaussian_001,interaction_gaussian,4,5,[],0.23748871086839607,1.0,False
interaction_gaussian_001,interaction_gaussian,6,5,[],0.23017298774139106,1.0,False
interaction_gaussian_001,interaction_gaussian,7,5,[],0.6724576613560789,1.0,False
interaction_gaussian_001,interaction_gaussian,8,5,[],0.4783610580928883,1.0,False
interaction_gaussian_001,interaction_gaussian,9,5,[],0.2564350365707162,1.0,False
interaction_gaussian_001,interaction_gaussian,0,6,"[1, 2, 7]",0.6647268434007265,1.0,False
interaction_gaussian_001,interaction_gaussian,3,6,"[1, 2, 7]",0.02897609034117765,1.0,False
interaction_gaussian_001,interaction_gaussian,4,6,"[1, 2, 7]",0.32787598905489124,1.0,False
interaction_gaussian_001,interaction_gaussian,5,6,"[1, 2, 7]",0.13147201680829823,1.0,False
interaction_gaussian_001,interaction_gaussian,8,6,"[1, 2, 7]",0.48787312751779943,1.0,False
interaction_gaussian_001,interaction_gaussian,9,6,"[1, 2, 7]",0.11531189521215235,1.0,False
interaction_gaussian_001,interaction_gaussian,0,7,[2],0.5856756747202424,1.0,False
interaction_gaussian_001,interaction_gaussian,4,7,[2],0.6940046639273951,1.0,False
interaction_gaussian_001,interaction_gaussian,5,7,[2],0.14820937989874494,1.0,False
interaction_gaussian_001,interaction_gaussian,8,7,[2],0.19706531929838267,1.0,False
interaction_gaussian_001,interaction_gaussian,0,8,[],0.4251524202043667,1.0,False
interaction_gaussian_001,interaction_gaussian,1,8,[],0.2835150225418659,1.0,False
interaction_gaussian_001,interaction_gaussian,2,8,[],0.16611367175083913,1.0,False
interaction_gaussian_001,interaction_gaussian,3,8,[],0.5503884556264432,1.0,False
interaction_gaussian_001,interaction_gaussian,4,8,[],0.9376867019425462,1.0,False
interaction_gaussian_001,interaction_gaussian,5,8,[],0.4783610580928883,1.0,False
interaction_gaussian_001,interaction_gaussian,6,8,[],0.3053946859709755,1.0,False
interaction_gaussian_001,interaction_gaussian,7,8,[],0.3613589252498943,1.0,False
interaction_gaussian_001,interaction_gaussian,9,8,[],0.8779761547416685,1.0,False
interaction_gaussian_001,interaction_gaussian,0,9,"[3, 4, 7]",0.24441349187561734,1.0,False
interaction_gaussian_001,interaction_gaussian,1,9,"[3, 4, 7]",0.12893968693449143,1.0,False
interaction_gaussian_001,interaction_gaussian,2,9,"[3, 4, 7]",0.10196052068100658,1.0,False
interaction_gaussian_001,interaction_gaussian,5,9,"[3, 4, 7]",0.31998852353645935,1.0,False
interaction_gaussian_001,interaction_gaussian,6,9,"[3, 4, 7]",1.0,1.0,False
interaction_gaussian_001,interaction_gaussian,8,9,"[3, 4, 7]",0.13018797412029304,1.0,False
interaction_gaussian_002,interaction_gaussian,2,0,[],0.20357885361004324,1.0,False
interaction_gaussian_002,interaction_gaussian,5,0,[],0.3514856274752679,1.0,False
interaction_gaussian_002,interaction_gaussian,7,0,[],0.9378951297258329,1.0,False
interaction_gaussian_002,interaction_gaussian,8,0,[],0.9514987783243044,1.0,False
interaction_gaussian_002,interaction_gaussian,2,1,"[0, 4]",0.7532750498012226,1.0,False
interaction_gaussian_002,interaction_gaussian,3,1,"[0, 4]",0.5213986274313256,1.0,False
interaction_gaussian_002,interaction_gaussian,5,1,"[0, 4]",0.3978397707697696,1.0,False
interaction_gaussian_002,interaction_gaussian,6,1,"[0, 4]",1.0,1.0,False
interaction_gaussian_002,interaction_gaussian,7,1,"[0, 4]",0.6364865419894729,1.0,False
interaction_gaussian_002,interaction_gaussian,8,1,"[0, 4]",0.22885659717801532,1.0,False
interaction_gaussian_002,interaction_gaussian,0,2,[8],0.31427105453842286,1.0,False
interaction_gaussian_002,interaction_gaussian,1,2,[8],0.47421220245392537,1.0,False
interaction_gaussian_002,interaction_gaussian,3,2,[8],1.0,1.0,False
interaction_gaussian_002,interaction_gaussian,4,2,[8],0.5660033052029225,1.0,False
interaction_gaussian_002,interaction_gaussian,5,2,[8],0.10965458729595134,1.0,False
interaction_gaussian_002,interaction_gaussian,6,2,[8],0.3503914192823807,1.0,False
interaction_gaussian_002,interaction_gaussian,7,2,[8],0.49204485224188144,1.0,False
interaction_gaussian_002,interaction_gaussian,9,2,[8],0.9347135422138139,1.0,False
interaction_gaussian_002,interaction_gaussian,1,3,"[0, 5, 7]",0.6555784469562653,1.0,False
interaction_gaussian_002,interaction_gaussian,2,3,"[0, 5, 7]",0.5820649568296637,1.0,False
interaction_gaussian_002,interaction_gaussian,4,3,"[0, 5, 7]",0.9199482381314132,1.0,False
interaction_gaussian_002,interaction_gaussian,6,3,"[0, 5, 7]",0.05042356010365068,1.0,False
interaction_gaussian_002,interaction_gaussian,8,3,"[0, 5, 7]",0.4387439695211267,1.0,False
interaction_gaussian_002,interaction_gaussian,9,3,"[0, 5, 7]",0.21728779317757096,1.0,False
interaction_gaussian_002,interaction_gaussian,2,4,[0],0.5919775900276295,1.0,False
interaction_gaussian_002,interaction_gaussian,3,4,[0],0.6388888202715117,1.0,False
interaction_gaussian_002,interaction_gaussian,5,4,[0],0.18503522599991862,1.0,False
interaction_gaussian_002,interaction_gaussian,6,4,[0],0.680652915085572,1.0,False
interaction_gaussian_002,interaction_gaussian,7,4,[0],0.31350311454101465,1.0,False
interaction_gaussian_002,interaction_gaussian,8,4,[0],0.7393442457364389,1.0,False
interaction_gaussian_002,interaction_gaussian,0,5,[7],0.6178428300648291,1.0,False
interaction_gaussian_002,interaction_gaussian,1,5,[7],0.3186328646929225,1.0,False
interaction_gaussian_002,interaction_gaussian,2,5,[7],0.0734151769851128,1.0,False
interaction_gaussian_002,interaction_gaussian,4,5,[7],0.4416122953673012,1.0,False
interaction_gaussian_002,interaction_gaussian,6,5,[7],0.3263544634514308,1.0,False
interaction_gaussian_002,interaction_gaussian,8,5,[7],0.7593934912895165,1.0,False
interaction_gaussian_002,interaction_gaussian,9,5,[7],0.33677900265004634,1.0,False
interaction_gaussian_002,interaction_gaussian,1,6,[0],0.6219801985632535,1.0,False
interaction_gaussian_002,interaction_gaussian,2,6,[0],0.64972542137931,1.0,False
interaction_gaussian_002,interaction_gaussian,3,6,[0],0.07197768104033053,1.0,False
interaction_gaussian_002,interaction_gaussian,4,6,[0],0.680652915085572,1.0,False
interaction_gaussian_002,interaction_gaussian,5,6,[0],0.05069680717435854,1.0,False
interaction_gaussian_002,interaction_gaussian,7,6,[0],0.050272956395834845,1.0,False
interaction_gaussian_002,interaction_gaussian,8,6,[0],0.432019060125715,1.0,False
interaction_gaussian_002,interaction_gaussian,0,7,[],0.9378951297258329,1.0,False
interaction_gaussian_002,interaction_gaussian,1,7,[],0.7596827027159243,1.0,False
interaction_gaussian_002,interaction_gaussian,2,7,[],0.9208730093151963,1.0,False
interaction_gaussian_002,interaction_gaussian,4,7,[],0.6615848166478477,1.0,False
interaction_gaussian_002,interaction_gaussian,6,7,[],0.1907164632584144,1.0,False
interaction_gaussian_002,interaction_gaussian,8,7,[],0.42137775119582066,1.0,False
interaction_gaussian_002,interaction_gaussian,9,7,[],1.0,1.0,False
interaction_gaussian_002,interaction_gaussian,0,8,[],0.9514987783243044,1.0,False
interaction_gaussian_002,interaction_gaussian,1,8,[],0.2884151537904146,1.0,False
interaction_gaussian_002,interaction_gaussian,3,8,[],0.07069036013719743,1.0,False
interaction_gaussian_002,interaction_gaussian,4,8,[],0.8443957970163191,1.0,False
interaction_gaussian_002,interaction_gaussian,5,8,[],0.50882535674486,1.0,False
interaction_gaussian_002,interaction_gaussian,6,8,[],0.6855277978790952,1.0,False
interaction_gaussian_002,interaction_gaussian,7,8,[],0.42137775119582066,1.0,False
interaction_gaussian_002,interaction_gaussian,9,8,[],0.1955760284743816,1.0,False
interaction_gaussian_002,interaction_gaussian,2,9,"[0, 1, 4, 6]",0.1266026706682919,1.0,False
interaction_gaussian_002,interaction_gaussian,3,9,"[0, 1, 4, 6]",0.0841753976088756,1.0,False
interaction_gaussian_002,interaction_gaussian,5,9,"[0, 1, 4, 6]",0.3864337603496697,1.0,False
interaction_gaussian_002,interaction_gaussian,7,9,"[0, 1, 4, 6]",0.17621255934512048,1.0,False
interaction_gaussian_002,interaction_gaussian,8,9,"[0, 1, 4, 6]",0.30869182636985315,1.0,False
interaction_gaussian_003,interaction_gaussian,1,0,"[2, 4, 6, 8, 9]",0.4641357381760728,1.0,False
interaction_gaussian_003,interaction_gaussian,5,0,"[2, 4, 6, 8, 9]",0.2622444015289984,1.0,False
interaction_gaussian_003,interaction_gaussian,0,1,"[2, 4, 5, 6, 8]",0.27151606866132727,1.0,False
interaction_gaussian_003,interaction_gaussian,9,1,"[2, 4, 5, 6, 8]",1.0,1.0,False
interaction_gaussian_003,interaction_gaussian,5,2,"[4, 8]",0.5931375418644371,1.0,False
interaction_gaussian_003,interaction_gaussian,9,2,"[4, 8]",0.3030397339374249,1.0,False
interaction_gaussian_003,interaction_gaussian,5,3,"[0, 1, 2, 4, 8]",0.8578852176737984,1.0,False
interaction_gaussian_003,interaction_gaussian,6,3,"[0, 1, 2, 4, 8]",0.054905469508671034,1.0,False
interaction_gaussian_003,interaction_gaussian,9,3,"[0, 1, 2, 4, 8]",0.5074372089712667,1.0,False
interaction_gaussian_003,interaction_gaussian,9,4,[8],0.6553545316899798,1.0,False
interaction_gaussian_003,interaction_gaussian,0,5,"[4, 8]",0.2353219660198076,1.0,False
interaction_gaussian_003,interaction_gaussian,2,5,"[4, 8]",0.5931375418644371,1.0,False
interaction_gaussian_003,interaction_gaussian,6,5,"[4, 8]",0.6425192352852085,1.0,False
interaction_gaussian_003,interaction_gaussian,9,5,"[4, 8]",0.18853435820773656,1.0,False
interaction_gaussian_003,interaction_gaussian,5,6,"[2, 4, 8]",0.7046219728363688,1.0,False
interaction_gaussian_003,interaction_gaussian,9,6,"[2, 4, 8]",0.734534829121651,1.0,False
interaction_gaussian_003,interaction_gaussian,6,7,"[0, 1, 2, 3, 4, 5, 8, 9]",0.19653642415951456,1.0,False
interaction_gaussian_003,interaction_gaussian,1,9,[8],0.8582045638803759,1.0,False
interaction_gaussian_003,interaction_gaussian,2,9,[8],0.5988468749874933,1.0,False
interaction_gaussian_003,interaction_gaussian,4,9,[8],0.6553545316899798,1.0,False
interaction_gaussian_003,interaction_gaussian,5,9,[8],0.6447031416129306,1.0,False
interaction_gaussian_003,interaction_gaussian,6,9,[8],0.47844883235925006,1.0,False
interaction_gaussian_004,interaction_gaussian,1,0,"[6, 8, 9]",0.5085254639295186,1.0,False
interaction_gaussian_004,interaction_gaussian,4,0,"[6, 8, 9]",0.17572384470531377,1.0,False
interaction_gaussian_004,interaction_gaussian,5,0,"[6, 8, 9]",0.014676200812482776,0.6604290365617249,False
interaction_gaussian_004,interaction_gaussian,0,1,[8],0.5146976243328795,1.0,False
interaction_gaussian_004,interaction_gaussian,2,1,[8],0.7170730403838932,1.0,False
interaction_gaussian_004,interaction_gaussian,3,1,[8],0.6725260190222079,1.0,False
interaction_gaussian_004,interaction_gaussian,4,1,[8],0.22430965356160848,1.0,False
interaction_gaussian_004,interaction_gaussian,5,1,[8],0.5723255421625009,1.0,False
interaction_gaussian_004,interaction_gaussian,6,1,[8],0.1290437033436287,1.0,False
interaction_gaussian_004,interaction_gaussian,7,1,[8],0.05538983766298211,1.0,False
interaction_gaussian_004,interaction_gaussian,9,1,[8],0.20317129839066195,1.0,False
interaction_gaussian_004,interaction_gaussian,1,2,"[0, 8]",0.6000683648131973,1.0,False
interaction_gaussian_004,interaction_gaussian,4,2,"[0, 8]",0.6698222788507575,1.0,False
interaction_gaussian_004,interaction_gaussian,5,2,"[0, 8]",0.05494853452647108,1.0,False
interaction_gaussian_004,interaction_gaussian,6,2,"[0, 8]",0.588383849789708,1.0,False
interaction_gaussian_004,interaction_gaussian,7,2,"[0, 8]",5.2848614373601777e-11,2.6952793330536906e-09,True
interaction_gaussian_004,interaction_gaussian,9,2,"[0, 8]",0.19119437186536836,1.0,False
interaction_gaussian_004,interaction_gaussian,1,3,"[0, 2, 8]",0.793183969774996,1.0,False
interaction_gaussian_004,interaction_gaussian,4,3,"[0, 2, 8]",0.07200222850729543,1.0,False
interaction_gaussian_004,interaction_gaussian,5,3,"[0, 2, 8]",0.5309752476041938,1.0,False
interaction_gaussian_004,interaction_gaussian,6,3,"[0, 2, 8]",0.7838653876893772,1.0,False
interaction_gaussian_004,interaction_gaussian,7,3,"[0, 2, 8]",0.35857586918014495,1.0,False
interaction_gaussian_004,interaction_gaussian,9,3,"[0, 2, 8]",0.17812086851859688,1.0,False
interaction_gaussian_004,interaction_gaussian,0,4,[],0.3621758908390734,1.0,False
interaction_gaussian_004,interaction_gaussian,1,4,[],0.23043690373812764,1.0,False
interaction_gaussian_004,interaction_gaussian,2,4,[],1.0,1.0,False
interaction_gaussian_004,interaction_gaussian,3,4,[],0.33904240070052627,1.0,False
interaction_gaussian_004,interaction_gaussian,5,4,[],0.4124743309508063,1.0,False
interaction_gaussian_004,interaction_gaussian,6,4,[],0.04869290191098574,1.0,False
interaction_gaussian_004,interaction_gaussian,7,4,[],0.7820403253781343,1.0,False
interaction_gaussian_004,interaction_gaussian,8,4,[],0.2726604179057347,1.0,False
interaction_gaussian_004,interaction_gaussian,9,4,[],0.8876351810632334,1.0,False
interaction_gaussian_004,interaction_gaussian,1,5,[],0.17548958067674292,1.0,False
interaction_gaussian_004,interaction_gaussian,4,5,[],0.4124743309508063,1.0,False
interaction_gaussian_004,interaction_gaussian,8,5,[],0.1684677772735571,1.0,False
interaction_gaussian_004,interaction_gaussian,9,5,[],0.18797785822283875,1.0,False
interaction_gaussian_004,interaction_gaussian,1,6,"[5, 8]",0.2294902738565643,1.0,False
interaction_gaussian_004,interaction_gaussian,4,6,"[5, 8]",0.2882117959451257,1.0,False
interaction_gaussian_004,interaction_gaussian,9,6,"[5, 8]",1.0522740768736938e-05,0.00051561429766811,True
interaction_gaussian_004,interaction_gaussian,1,7,"[0, 6, 9]",0.013004592342405474,0.5982112477506518,False
interaction_gaussian_004,interaction_gaussian,2,7,"[0, 6, 9]",2.9895583342209875e-08,1.4947791671104937e-06,True
interaction_gaussian_004,interaction_gaussian,3,7,"[0, 6, 9]",1.6379125625909374e-05,0.0007698189044177406,True
interaction_gaussian_004,interaction_gaussian,4,7,"[0, 6, 9]",0.17175847309529124,1.0,False
interaction_gaussian_004,interaction_gaussian,5,7,"[0, 6, 9]",0.5443071387268561,1.0,False
interaction_gaussian_004,interaction_gaussian,8,7,"[0, 6, 9]",0.4318222451464374,1.0,False
interaction_gaussian_004,interaction_gaussian,4,8,[],0.2726604179057347,1.0,False
interaction_gaussian_004,interaction_gaussian,5,8,[],0.1684677772735571,1.0,False
interaction_gaussian_004,interaction_gaussian,1,9,[8],0.20317129839066195,1.0,False
interaction_gaussian_004,interaction_gaussian,4,9,[8],0.3695573406789532,1.0,False
interaction_gaussian_004,interaction_gaussian,5,9,[8],0.8927202157904472,1.0,False
interaction_gaussian_004,interaction_gaussian,6,9,[8],1.4387861099196542e-05,0.000690617332761434,True
interaction_gaussian_005,interaction_gaussian,1,0,[3],0.1286684310297429,1.0,False
interaction_gaussian_005,interaction_gaussian,2,0,[3],0.9829781093573126,1.0,False
interaction_gaussian_005,interaction_gaussian,4,0,[3],0.8580165569219137,1.0,False
interaction_gaussian_005,interaction_gaussian,5,0,[3],0.19315716592764953,1.0,False
interaction_gaussian_005,interaction_gaussian,6,0,[3],0.16165717157011295,1.0,False
interaction_gaussian_005,interaction_gaussian,7,0,[3],0.3763661670187983,1.0,False
interaction_gaussian_005,interaction_gaussian,8,0,[3],0.1625633726361858,1.0,False
interaction_gaussian_005,interaction_gaussian,9,0,[3],0.4495037399043832,1.0,False
interaction_gaussian_005,interaction_gaussian,0,1,[],0.0069884377106781415,0.4542484511940792,False
interaction_gaussian_005,interaction_gaussian,2,1,[],0.15458657428248213,1.0,False
interaction_gaussian_005,interaction_gaussian,3,1,[],0.06229954252281977,1.0,False
interaction_gaussian_005,interaction_gaussian,4,1,[],0.6520324627555927,1.0,False
interaction_gaussian_005,interaction_gaussian,5,1,[],0.007860225294678225,0.5030544188594064,False
interaction_gaussian_005,interaction_gaussian,6,1,[],0.29066802643569967,1.0,False
interaction_gaussian_005,interaction_gaussian,7,1,[],0.9708865723208322,1.0,False
interaction_gaussian_005,interaction_gaussian,8,1,[],0.24821942127132002,1.0,False
interaction_gaussian_005,interaction_gaussian,0,2,[],0.9668348397144134,1.0,False
interaction_gaussian_005,interaction_gaussian,1,2,[],0.15458657428248213,1.0,False
interaction_gaussian_005,interaction_gaussian,3,2,[],0.08068455137818065,1.0,False
interaction_gaussian_005,interaction_gaussian,4,2,[],0.6073992149263211,1.0,False
interaction_gaussian_005,interaction_gaussian,5,2,[],0.029198674227359,1.0,False
interaction_gaussian_005,interaction_gaussian,6,2,[],0.6456751010349437,1.0,False
interaction_gaussian_005,interaction_gaussian,8,2,[],0.2757472546256323,1.0,False
interaction_gaussian_005,interaction_gaussian,1,3,[],0.06229954252281977,1.0,False
interaction_gaussian_005,interaction_gaussian,2,3,[],0.08068455137818065,1.0,False
interaction_gaussian_005,interaction_gaussian,4,3,[],0.0044669756555907325,0.2992873689245791,False
interaction_gaussian_005,interaction_gaussian,5,3,[],0.317942301470981,1.0,False
interaction_gaussian_005,interaction_gaussian,6,3,[],0.01850046473848599,1.0,False
interaction_gaussian_005,interaction_gaussian,7,3,[],0.22053332409000148,1.0,False
interaction_gaussian_005,interaction_gaussian,8,3,[],0.5364365409353649,1.0,False
interaction_gaussian_005,interaction_gaussian,0,4,[],0.018732664469692684,1.0,False
interaction_gaussian_005,interaction_gaussian,1,4,[],0.6520324627555927,1.0,False
interaction_gaussian_005,interaction_gaussian,2,4,[],0.6073992149263211,1.0,False
interaction_gaussian_005,interaction_gaussian,3,4,[],0.0044669756555907325,0.2992873689245791,False
interaction_gaussian_005,interaction_gaussian,5,4,[],0.41838900580959837,1.0,False
interaction_gaussian_005,interaction_gaussian,7,4,[],0.38027903589943635,1.0,False
interaction_gaussian_005,interaction_gaussian,0,5,[],0.0219908917085615,1.0,False
interaction_gaussian_005,interaction_gaussian,1,5,[],0.007860225294678225,0.5030544188594064,False
interaction_gaussian_005,interaction_gaussian,2,5,[],0.029198674227359,1.0,False
interaction_gaussian_005,interaction_gaussian,3,5,[],0.317942301470981,1.0,False
interaction_gaussian_005,interaction_gaussian,4,5,[],0.41838900580959837,1.0,False
interaction_gaussian_005,interaction_gaussian,6,5,[],0.9850883094085707,1.0,False
interaction_gaussian_005,interaction_gaussian,7,5,[],0.5711551538880613,1.0,False
interaction_gaussian_005,interaction_gaussian,8,5,[],0.07902535377271669,1.0,False
interaction_gaussian_005,interaction_gaussian,0,6,"[4, 8]",0.5808363982641349,1.0,False
interaction_gaussian_005,interaction_gaussian,1,6,"[4, 8]",0.04106577705768555,1.0,False
interaction_gaussian_005,interaction_gaussian,2,6,"[4, 8]",0.3938749395223884,1.0,False
interaction_gaussian_005,interaction_gaussian,3,6,"[4, 8]",0.16115417643023955,1.0,False
interaction_gaussian_005,interaction_gaussian,5,6,"[4, 8]",0.7392831847849952,1.0,False
interaction_gaussian_005,interaction_gaussian,7,6,"[4, 8]",0.31762123823272215,1.0,False
interaction_gaussian_005,interaction_gaussian,0,7,[2],0.4611638949246617,1.0,False
interaction_gaussian_005,interaction_gaussian,1,7,[2],0.6455799395821971,1.0,False
interaction_gaussian_005,interaction_gaussian,3,7,[2],0.5898618883300522,1.0,False
interaction_gaussian_005,interaction_gaussian,4,7,[2],0.18239845161897317,1.0,False
interaction_gaussian_005,interaction_gaussian,5,7,[2],0.2405545217434718,1.0,False
interaction_gaussian_005,interaction_gaussian,6,7,[2],0.2811115471691935,1.0,False
interaction_gaussian_005,interaction_gaussian,8,7,[2],1.0,1.0,False
interaction_gaussian_005,interaction_gaussian,9,7,[2],0.35113282429246007,1.0,False
interaction_gaussian_005,interaction_gaussian,0,8,[4],0.3361065496356046,1.0,False
interaction_gaussian_005,interaction_gaussian,1,8,[4],0.9390578318208451,1.0,False
interaction_gaussian_005,interaction_gaussian,2,8,[4],0.3697250390647504,1.0,False
interaction_gaussian_005,interaction_gaussian,3,8,[4],0.20959361653722253,1.0,False
interaction_gaussian_005,interaction_gaussian,5,8,[4],0.0651409291748789,1.0,False
interaction_gaussian_005,interaction_gaussian,7,8,[4],0.31291094165751443,1.0,False
interaction_gaussian_005,interaction_gaussian,0,9,"[1, 2, 3, 5, 6, 8]",0.3235176528794942,1.0,False
interaction_gaussian_005,interaction_gaussian,4,9,"[1, 2, 3, 5, 6, 8]",0.9993905423022733,1.0,False
interaction_gaussian_005,interaction_gaussian,7,9,"[1, 2, 3, 5, 6, 8]",0.02030699602991526,1.0,False
interaction_gaussian_006,interaction_gaussian,1,0,[],0.005255759906657609,0.3573916736527174,False
interaction_gaussian_006,interaction_gaussian,2,0,[],0.8482050222981814,1.0,False
interaction_gaussian_006,interaction_gaussian,4,0,[],0.4429257821657875,1.0,False
interaction_gaussian_006,interaction_gaussian,5,0,[],0.5834606609822506,1.0,False
interaction_gaussian_006,interaction_gaussian,6,0,[],0.9192081167278519,1.0,False
interaction_gaussian_006,interaction_gaussian,7,0,[],1.0,1.0,False
interaction_gaussian_006,interaction_gaussian,8,0,[],0.1359280068628982,1.0,False
interaction_gaussian_006,interaction_gaussian,9,0,[],0.22141142012974613,1.0,False
interaction_gaussian_006,interaction_gaussian,0,1,[],0.005255759906657609,0.3573916736527174,False
interaction_gaussian_006,interaction_gaussian,2,1,[],0.6689788524641509,1.0,False
interaction_gaussian_006,interaction_gaussian,4,1,[],0.8190194318031502,1.0,False
interaction_gaussian_006,interaction_gaussian,5,1,[],0.12860274698038454,1.0,False
interaction_gaussian_006,interaction_gaussian,6,1,[],1.0,1.0,False
interaction_gaussian_006,interaction_gaussian,7,1,[],0.5313060680629524,1.0,False
interaction_gaussian_006,interaction_gaussian,8,1,[],0.6494558908751205,1.0,False
interaction_gaussian_006,interaction_gaussian,9,1,[],0.2794353895107071,1.0,False
interaction_gaussian_006,interaction_gaussian,0,2,[],0.8482050222981814,1.0,False
interaction_gaussian_006,interaction_gaussian,1,2,[],0.6689788524641509,1.0,False
interaction_gaussian_006,interaction_gaussian,3,2,[],0.474914700340728,1.0,False
interaction_gaussian_006,interaction_gaussian,4,2,[],0.8627538602810219,1.0,False
interaction_gaussian_006,interaction_gaussian,5,2,[],0.41703584799907456,1.0,False
interaction_gaussian_006,interaction_gaussian,6,2,[],0.17542548733449048,1.0,False
interaction_gaussian_006,interaction_gaussian,7,2,[],0.37194990340544576,1.0,False
interaction_gaussian_006,interaction_gaussian,8,2,[],0.03752599656747535,1.0,False
interaction_gaussian_006,interaction_gaussian,9,2,[],0.07794075848374049,1.0,False
interaction_gaussian_006,interaction_gaussian,2,3,"[0, 1, 5, 6, 7, 8, 9]",0.3893081451182795,1.0,False
interaction_gaussian_006,interaction_gaussian,4,3,"[0, 1, 5, 6, 7, 8, 9]",0.3539399562914243,1.0,False
interaction_gaussian_006,interaction_gaussian,0,4,[],0.4429257821657875,1.0,False
interaction_gaussian_006,interaction_gaussian,1,4,[],0.8190194318031502,1.0,False
interaction_gaussian_006,interaction_gaussian,2,4,[],0.8627538602810219,1.0,False
interaction_gaussian_006,interaction_gaussian,3,4,[],0.49741739307681654,1.0,False
interaction_gaussian_006,interaction_gaussian,5,4,[],0.5316976916338843,1.0,False
interaction_gaussian_006,interaction_gaussian,6,4,[],1.0,1.0,False
interaction_gaussian_006,interaction_gaussian,7,4,[],0.36507456187670373,1.0,False
interaction_gaussian_006,interaction_gaussian,8,4,[],0.7164955379207247,1.0,False
interaction_gaussian_006,interaction_gaussian,9,4,[],0.5187136537871666,1.0,False
interaction_gaussian_006,interaction_gaussian,0,5,[],0.5834606609822506,1.0,False
interaction_gaussian_006,interaction_gaussian,1,5,[],0.12860274698038454,1.0,False
interaction_gaussian_006,interaction_gaussian,2,5,[],0.41703584799907456,1.0,False
interaction_gaussian_006,interaction_gaussian,4,5,[],0.5316976916338843,1.0,False
interaction_gaussian_006,interaction_gaussian,6,5,[],0.3997428208978733,1.0,False
interaction_gaussian_006,interaction_gaussian,7,5,[],0.7657001744639025,1.0,False
interaction_gaussian_006,interaction_gaussian,8,5,[],0.08780033637864648,1.0,False
interaction_gaussian_006,interaction_gaussian,9,5,[],0.5367914556448107,1.0,False
interaction_gaussian_006,interaction_gaussian,0,6,[],0.9192081167278519,1.0,False
interaction_gaussian_006,interaction_gaussian,1,6,[],1.0,1.0,False
interaction_gaussian_006,interaction_gaussian,2,6,[],0.17542548733449048,1.0,False
interaction_gaussian_006,interaction_gaussian,4,6,[],1.0,1.0,False
interaction_gaussian_006,interaction_gaussian,5,6,[],0.3997428208978733,1.0,False
interaction_gaussian_006,interaction_gaussian,9,6,[],1.0,1.0,False
interaction_gaussian_006,interaction_gaussian,0,7,"[6, 8, 9]",0.655023111874587,1.0,False
interaction_gaussian_006,interaction_gaussian,1,7,"[6, 8, 9]",0.5473556452871662,1.0,False
interaction_gaussian_006,interaction_gaussian,2,7,"[6, 8, 9]",0.3540983089275124,1.0,False
interaction_gaussian_006,interaction_gaussian,4,7,"[6, 8, 9]",0.7239336254727358,1.0,False
interaction_gaussian_006,interaction_gaussian,5,7,"[6, 8, 9]",0.6228642180186535,1.0,False
interaction_gaussian_006,interaction_gaussian,0,8,[6],0.06068518283458746,1.0,False
interaction_gaussian_006,interaction_gaussian,1,8,[6],0.8928682178513785,1.0,False
interaction_gaussian_006,interaction_gaussian,2,8,[6],0.574227692081956,1.0,False
interaction_gaussian_006,interaction_gaussian,4,8,[6],0.48674916581148875,1.0,False
interaction_gaussian_006,interaction_gaussian,5,8,[6],0.15081997205783937,1.0,False
interaction_gaussian_006,interaction_gaussian,9,8,[6],1.0,1.0,False
interaction_gaussian_006,interaction_gaussian,0,9,[],0.22141142012974613,1.0,False
interaction_gaussian_006,interaction_gaussian,1,9,[],0.2794353895107071,1.0,False
interaction_gaussian_006,interaction_gaussian,2,9,[],0.07794075848374049,1.0,False
interaction_gaussian_006,interaction_gaussian,4,9,[],0.5187136537871666,1.0,False
interaction_gaussian_006,interaction_gaussian,5,9,[],0.5367914556448107,1.0,False
interaction_gaussian_006,interaction_gaussian,6,9,[],1.0,1.0,False
interaction_gaussian_006,interaction_gaussian,8,9,[],0.44310961464974763,1.0,False
interaction_gaussian_007,interaction_gaussian,1,0,[3],0.23844969322361165,1.0,False
interaction_gaussian_007,interaction_gaussian,2,0,[3],0.5597878392633336,1.0,False
interaction_gaussian_007,interaction_gaussian,4,0,[3],0.7581278917605125,1.0,False
interaction_gaussian_007,interaction_gaussian,6,0,[3],0.7774715897445286,1.0,False
interaction_gaussian_007,interaction_gaussian,7,0,[3],0.3318400297504066,1.0,False
interaction_gaussian_007,interaction_gaussian,8,0,[3],2.2329180173752405e-06,0.00010048131078188582,True
interaction_gaussian_007,interaction_gaussian,9,0,[3],0.46517379403239256,1.0,False
interaction_gaussian_007,interaction_gaussian,0,1,[],0.09817288652768819,1.0,False
interaction_gaussian_007,interaction_gaussian,3,1,[],0.11185082998049811,1.0,False
interaction_gaussian_007,interaction_gaussian,5,1,[],0.09284715818280165,1.0,False
interaction_gaussian_007,interaction_gaussian,6,1,[],0.8752704415246548,1.0,False
interaction_gaussian_007,interaction_gaussian,7,1,[],0.8615739293976807,1.0,False
interaction_gaussian_007,interaction_gaussian,0,2,"[1, 3, 6, 7, 8]",0.07829502666476995,1.0,False
interaction_gaussian_007,interaction_gaussian,5,2,"[1, 3, 6, 7, 8]",0.5827258645008748,1.0,False
interaction_gaussian_007,interaction_gaussian,9,2,"[1, 3, 6, 7, 8]",0.20880726638979108,1.0,False
interaction_gaussian_007,interaction_gaussian,1,3,[],0.11185082998049811,1.0,False
interaction_gaussian_007,interaction_gaussian,6,3,[],0.00414346382683084,0.17402548072689528,False
interaction_gaussian_007,interaction_gaussian,7,3,[],0.24565408878004735,1.0,False
interaction_gaussian_007,interaction_gaussian,0,4,"[1, 2, 3, 6, 8, 9]",0.3530724508651688,1.0,False
interaction_gaussian_007,interaction_gaussian,5,4,"[1, 2, 3, 6, 8, 9]",0.06528779364416126,1.0,False
interaction_gaussian_007,interaction_gaussian,7,4,"[1, 2, 3, 6, 8, 9]",0.3913211064653608,1.0,False
interaction_gaussian_007,interaction_gaussian,1,5,"[0, 3]",0.4304870543847549,1.0,False
interaction_gaussian_007,interaction_gaussian,2,5,"[0, 3]",0.6393550323704784,1.0,False
interaction_gaussian_007,interaction_gaussian,4,5,"[0, 3]",0.47694393238239285,1.0,False
interaction_gaussian_007,interaction_gaussian,6,5,"[0, 3]",0.18077572426691868,1.0,False
interaction_gaussian_007,interaction_gaussian,7,5,"[0, 3]",0.2856778825694877,1.0,False
interaction_gaussian_007,interaction_gaussian,8,5,"[0, 3]",0.019572268958686023,0.7828907583474409,False
interaction_gaussian_007,interaction_gaussian,9,5,"[0, 3]",0.6519342923993521,1.0,False
interaction_gaussian_007,interaction_gaussian,0,6,[],1.0,1.0,False
interaction_gaussian_007,interaction_gaussian,1,6,[],0.8752704415246548,1.0,False
interaction_gaussian_007,interaction_gaussian,3,6,[],0.00414346382683084,0.17402548072689528,False
interaction_gaussian_007,interaction_gaussian,5,6,[],0.003605055593833506,0.15501739053484076,False
interaction_gaussian_007,interaction_gaussian,7,6,[],0.5868414066642366,1.0,False
interaction_gaussian_007,interaction_gaussian,0,7,[],0.22343086372917254,1.0,False
interaction_gaussian_007,interaction_gaussian,1,7,[],0.8615739293976807,1.0,False
interaction_gaussian_007,interaction_gaussian,3,7,[],0.24565408878004735,1.0,False
interaction_gaussian_007,interaction_gaussian,5,7,[],0.46368069496872033,1.0,False
interaction_gaussian_007,interaction_gaussian,6,7,[],0.5868414066642366,1.0,False
interaction_gaussian_007,interaction_gaussian,0,8,"[1, 3, 6, 7]",0.00022966246754030362,0.010105148571773359,True
interaction_gaussian_007,interaction_gaussian,5,8,"[1, 3, 6, 7]",0.16968562595383396,1.0,False
interaction_gaussian_007,interaction_gaussian,0,9,"[1, 3, 8]",0.4429639806145762,1.0,False
interaction_gaussian_007,interaction_gaussian,2,9,"[1, 3, 8]",0.49860094751054673,1.0,False
interaction_gaussian_007,interaction_gaussian,5,9,"[1, 3, 8]",0.9743041143424324,1.0,False
interaction_gaussian_007,interaction_gaussian,6,9,"[1, 3, 8]",0.25853525981715664,1.0,False
interaction_gaussian_007,interaction_gaussian,7,9,"[1, 3, 8]",0.7278202143675867,1.0,False
interaction_gaussian_008,interaction_gaussian,2,0,[7],0.38781300843287914,1.0,False
interaction_gaussian_008,interaction_gaussian,3,0,[7],0.006205659983049672,0.24822639932198687,False
interaction_gaussian_008,interaction_gaussian,4,0,[7],0.27970295644247967,1.0,False
interaction_gaussian_008,interaction_gaussian,6,0,[7],0.1430315895882992,1.0,False
interaction_gaussian_008,interaction_gaussian,9,0,[7],0.7785892183911214,1.0,False
interaction_gaussian_008,interaction_gaussian,0,1,"[2, 5, 7, 9]",0.22405527744285758,1.0,False
interaction_gaussian_008,interaction_gaussian,3,1,"[2, 5, 7, 9]",1.0,1.0,False
interaction_gaussian_008,interaction_gaussian,4,1,"[2, 5, 7, 9]",0.4366674181929636,1.0,False
interaction_gaussian_008,interaction_gaussian,6,1,"[2, 5, 7, 9]",1.0,1.0,False
interaction_gaussian_008,interaction_gaussian,0,2,[],0.9045387284146217,1.0,False
interaction_gaussian_008,interaction_gaussian,7,2,[],0.5918941092820484,1.0,False
interaction_gaussian_008,interaction_gaussian,0,3,"[2, 4, 9]",0.12240392549555712,1.0,False
interaction_gaussian_008,interaction_gaussian,1,3,"[2, 4, 9]",0.04503403921320992,1.0,False
interaction_gaussian_008,interaction_gaussian,5,3,"[2, 4, 9]",0.20752547553203637,1.0,False
interaction_gaussian_008,interaction_gaussian,6,3,"[2, 4, 9]",0.5483381191976822,1.0,False
interaction_gaussian_008,interaction_gaussian,7,3,"[2, 4, 9]",0.2962806071389058,1.0,False
interaction_gaussian_008,interaction_gaussian,8,3,"[2, 4, 9]",0.43669241488930666,1.0,False
interaction_gaussian_008,interaction_gaussian,0,4,"[2, 6, 9]",0.010310193768395148,0.4020975569674108,False
interaction_gaussian_008,interaction_gaussian,1,4,"[2, 6, 9]",1.0,1.0,False
interaction_gaussian_008,interaction_gaussian,5,4,"[2, 6, 9]",0.4066754158922764,1.0,False
interaction_gaussian_008,interaction_gaussian,7,4,"[2, 6, 9]",0.659401064061773,1.0,False
interaction_gaussian_008,interaction_gaussian,8,4,"[2, 6, 9]",0.42642170448532724,1.0,False
interaction_gaussian_008,interaction_gaussian,3,5,"[0, 2, 7]",0.7704912643283602,1.0,False
interaction_gaussian_008,interaction_gaussian,4,5,"[0, 2, 7]",0.7536386607104114,1.0,False
interaction_gaussian_008,interaction_gaussian,6,5,"[0, 2, 7]",0.17382852227855317,1.0,False
interaction_gaussian_008,interaction_gaussian,9,5,"[0, 2, 7]",0.40560473876637304,1.0,False
interaction_gaussian_008,interaction_gaussian,0,6,"[2, 9]",0.2297730434790053,1.0,False
interaction_gaussian_008,interaction_gaussian,1,6,"[2, 9]",0.256013042078413,1.0,False
interaction_gaussian_008,interaction_gaussian,5,6,"[2, 9]",0.23734952614878557,1.0,False
interaction_gaussian_008,interaction_gaussian,7,6,"[2, 9]",0.9317505640842878,1.0,False
interaction_gaussian_008,interaction_gaussian,2,7,[],0.5918941092820484,1.0,False
interaction_gaussian_008,interaction_gaussian,3,7,[],0.7234298357539992,1.0,False
interaction_gaussian_008,interaction_gaussian,4,7,[],0.8891101450126131,1.0,False
interaction_gaussian_008,interaction_gaussian,6,7,[],0.8642577657298983,1.0,False
interaction_gaussian_008,interaction_gaussian,9,7,[],0.6067270191072393,1.0,False
interaction_gaussian_008,interaction_gaussian,3,8,"[0, 1, 2, 5, 6, 7, 9]",0.19609998884658597,1.0,False
interaction_gaussian_008,interaction_gaussian,4,8,"[0, 1, 2, 5, 6, 7, 9]",0.18325230091863165,1.0,False
interaction_gaussian_008,interaction_gaussian,0,9,[2],0.958872488846567,1.0,False
interaction_gaussian_008,interaction_gaussian,5,9,[2],0.6759473407293515,1.0,False
interaction_gaussian_008,interaction_gaussian,7,9,[2],0.8160338927360086,1.0,False
interaction_gaussian_009,interaction_gaussian,1,0,[],0.2817881590808631,1.0,False
interaction_gaussian_009,interaction_gaussian,2,0,[],0.26833956840051565,1.0,False
interaction_gaussian_009,interaction_gaussian,4,0,[],0.0026763667603043606,0.15790563885795728,False
interaction_gaussian_009,interaction_gaussian,5,0,[],0.016980399701951754,0.9509023833092982,False
interaction_gaussian_009,interaction_gaussian,6,0,[],0.28467418180965565,1.0,False
interaction_gaussian_009,interaction_gaussian,7,0,[],0.593630387186242,1.0,False
interaction_gaussian_009,interaction_gaussian,8,0,[],1.0,1.0,False
interaction_gaussian_009,interaction_gaussian,9,0,[],0.41766305244303803,1.0,False
interaction_gaussian_009,interaction_gaussian,0,1,[4],1.0,1.0,False
interaction_gaussian_009,interaction_gaussian,2,1,[4],0.6342744702580443,1.0,False
interaction_gaussian_009,interaction_gaussian,5,1,[4],0.6733515397275995,1.0,False
interaction_gaussian_009,interaction_gaussian,6,1,[4],0.03806955600678319,1.0,False
interaction_gaussian_009,interaction_gaussian,7,1,[4],0.3282815336348893,1.0,False
interaction_gaussian_009,interaction_gaussian,8,1,[4],0.04090556775981624,1.0,False
interaction_gaussian_009,interaction_gaussian,9,1,[4],0.41443381876565477,1.0,False
interaction_gaussian_009,interaction_gaussian,0,2,[8],0.14847926311750692,1.0,False
interaction_gaussian_009,interaction_gaussian,1,2,[8],0.03173743838347254,1.0,False
interaction_gaussian_009,interaction_gaussian,4,2,[8],0.36229222360840263,1.0,False
interaction_gaussian_009,interaction_gaussian,7,2,[8],0.09379404581635009,1.0,False
interaction_gaussian_009,interaction_gaussian,9,2,[8],0.15500937262574777,1.0,False
interaction_gaussian_009,interaction_gaussian,0,4,[],0.0026763667603043606,0.15790563885795728,False
interaction_gaussian_009,interaction_gaussian,2,4,[],0.15790232196750187,1.0,False
interaction_gaussian_009,interaction_gaussian,5,4,[],0.6388053353422966,1.0,False
interaction_gaussian_009,interaction_gaussian,6,4,[],0.2472295473779229,1.0,False
interaction_gaussian_009,interaction_gaussian,7,4,[],0.2818430223910686,1.0,False
interaction_gaussian_009,interaction_gaussian,8,4,[],0.9301760846349876,1.0,False
interaction_gaussian_009,interaction_gaussian,9,4,[],0.5219972312505194,1.0,False
interaction_gaussian_009,interaction_gaussian,0,5,"[6, 8]",0.26479681547037703,1.0,False
interaction_gaussian_009,interaction_gaussian,1,5,"[6, 8]",0.4149150778559192,1.0,False
interaction_gaussian_009,interaction_gaussian,2,5,"[6, 8]",0.5601468010507757,1.0,False
interaction_gaussian_009,interaction_gaussian,4,5,"[6, 8]",0.42691102103430667,1.0,False
interaction_gaussian_009,interaction_gaussian,7,5,"[6, 8]",0.14061595064236676,1.0,False
interaction_gaussian_009,interaction_gaussian,9,5,"[6, 8]",0.040432481062016246,1.0,False
interaction_gaussian_009,interaction_gaussian,0,6,"[2, 8]",0.8232568391855074,1.0,False
interaction_gaussian_009,interaction_gaussian,1,6,"[2, 8]",0.7031019416905557,1.0,False
interaction_gaussian_009,interaction_gaussian,4,6,"[2, 8]",1.0,1.0,False
interaction_gaussian_009,interaction_gaussian,7,6,"[2, 8]",0.2698309652499875,1.0,False
interaction_gaussian_009,interaction_gaussian,9,6,"[2, 8]",1.0,1.0,False
interaction_gaussian_009,interaction_gaussian,0,7,[],0.593630387186242,1.0,False
interaction_gaussian_009,interaction_gaussian,1,7,[],0.04261027050748545,1.0,False
interaction_gaussian_009,interaction_gaussian,2,7,[],0.0993747002389147,1.0,False
interaction_gaussian_009,interaction_gaussian,4,7,[],0.2818430223910686,1.0,False
interaction_gaussian_009,interaction_gaussian,5,7,[],0.011282557070731225,0.6431057530316798,False
interaction_gaussian_009,interaction_gaussian,6,7,[],0.24115329771920302,1.0,False
interaction_gaussian_009,interaction_gaussian,8,7,[],0.07233953738126697,1.0,False
interaction_gaussian_009,interaction_gaussian,9,7,[],0.5352671664192231,1.0,False
interaction_gaussian_009,interaction_gaussian,0,8,[],1.0,1.0,False
interaction_gaussian_009,interaction_gaussian,1,8,[],0.025959348950593264,1.0,False
interaction_gaussian_009,interaction_gaussian,4,8,[],0.9301760846349876,1.0,False
interaction_gaussian_009,interaction_gaussian,7,8,[],0.07233953738126697,1.0,False
interaction_gaussian_009,interaction_gaussian,9,8,[],0.2844336885523262,1.0,False
interaction_gaussian_009,interaction_gaussian,0,9,[],0.41766305244303803,1.0,False
interaction_gaussian_009,interaction_gaussian,1,9,[],0.9223351536699457,1.0,False
interaction_gaussian_009,interaction_gaussian,2,9,[],0.025687595154340936,1.0,False
interaction_gaussian_009,interaction_gaussian,4,9,[],0.5219972312505194,1.0,False
interaction_gaussian_009,interaction_gaussian,5,9,[],0.09549123953408589,1.0,False
interaction_gaussian_009,interaction_gaussian,6,9,[],0.6643337899353919,1.0,False
interaction_gaussian_009,interaction_gaussian,7,9,[],0.5352671664192231,1.0,False
interaction_gaussian_009,interaction_gaussian,8,9,[],0.2844336885523262,1.0,False
interaction_gaussian_010,interaction_gaussian,1,0,[],0.5928225256290791,1.0,False
interaction_gaussian_010,interaction_gaussian,2,0,[],0.8965652981211544,1.0,False
interaction_gaussian_010,interaction_gaussian,3,0,[],0.1928878934049888,1.0,False
interaction_gaussian_010,interaction_gaussian,5,0,[],0.4199449087405478,1.0,False
interaction_gaussian_010,interaction_gaussian,7,0,[],0.28155380936724217,1.0,False
interaction_gaussian_010,interaction_gaussian,8,0,[],0.7316920940881043,1.0,False
interaction_gaussian_010,interaction_gaussian,9,0,[],0.7522403220935356,1.0,False
interaction_gaussian_010,interaction_gaussian,0,1,[],0.5928225256290791,1.0,False
interaction_gaussian_010,interaction_gaussian,2,1,[],0.8781645224155061,1.0,False
interaction_gaussian_010,interaction_gaussian,3,1,[],0.9110985454805625,1.0,False
interaction_gaussian_010,interaction_gaussian,5,1,[],0.42694604370740363,1.0,False
interaction_gaussian_010,interaction_gaussian,6,1,[],0.47985366200761637,1.0,False
interaction_gaussian_010,interaction_gaussian,7,1,[],0.12993346374143533,1.0,False
interaction_gaussian_010,interaction_gaussian,8,1,[],0.1269408845163983,1.0,False
interaction_gaussian_010,interaction_gaussian,9,1,[],0.024576632798134934,1.0,False
interaction_gaussian_010,interaction_gaussian,0,2,[],0.8965652981211544,1.0,False
interaction_gaussian_010,interaction_gaussian,1,2,[],0.8781645224155061,1.0,False
interaction_gaussian_010,interaction_gaussian,3,2,[],0.5855228752643552,1.0,False
interaction_gaussian_010,interaction_gaussian,4,2,[],0.6063390544141494,1.0,False
interaction_gaussian_010,interaction_gaussian,5,2,[],0.3369548798336276,1.0,False
interaction_gaussian_010,interaction_gaussian,6,2,[],1.0,1.0,False
interaction_gaussian_010,interaction_gaussian,7,2,[],0.056871300682104886,1.0,False
interaction_gaussian_010,interaction_gaussian,8,2,[],0.6348622871278604,1.0,False
interaction_gaussian_010,interaction_gaussian,9,2,[],0.14534376681978933,1.0,False
interaction_gaussian_010,interaction_gaussian,0,3,"[7, 8, 9]",0.4355719091900325,1.0,False
interaction_gaussian_010,interaction_gaussian,1,3,"[7, 8, 9]",0.8541466679819123,1.0,False
interaction_gaussian_010,interaction_gaussian,2,3,"[7, 8, 9]",0.62892043982367,1.0,False
interaction_gaussian_010,interaction_gaussian,4,3,"[7, 8, 9]",0.13834553808666517,1.0,False
interaction_gaussian_010,interaction_gaussian,5,3,"[7, 8, 9]",0.21803602169215264,1.0,False
interaction_gaussian_010,interaction_gaussian,6,3,"[7, 8, 9]",0.28981004122243115,1.0,False
interaction_gaussian_010,interaction_gaussian,2,4,"[0, 1, 6, 9]",0.07475031844358071,1.0,False
interaction_gaussian_010,interaction_gaussian,3,4,"[0, 1, 6, 9]",0.18917995106173724,1.0,False
interaction_gaussian_010,interaction_gaussian,5,4,"[0, 1, 6, 9]",0.024409696277085224,1.0,False
interaction_gaussian_010,interaction_gaussian,7,4,"[0, 1, 6, 9]",0.42368604384345065,1.0,False
interaction_gaussian_010,interaction_gaussian,8,4,"[0, 1, 6, 9]",0.013890774688587126,0.9723542282010988,False
interaction_gaussian_010,interaction_gaussian,0,5,[],0.4199449087405478,1.0,False
interaction_gaussian_010,interaction_gaussian,1,5,[],0.42694604370740363,1.0,False
interaction_gaussian_010,interaction_gaussian,2,5,[],0.3369548798336276,1.0,False
interaction_gaussian_010,interaction_gaussian,3,5,[],0.29959378644542944,1.0,False
interaction_gaussian_010,interaction_gaussian,4,5,[],0.4547815744396877,1.0,False
interaction_gaussian_010,interaction_gaussian,6,5,[],0.2018215255052268,1.0,False
interaction_gaussian_010,interaction_gaussian,7,5,[],0.4233997263631518,1.0,False
interaction_gaussian_010,interaction_gaussian,8,5,[],0.30885072347904385,1.0,False
interaction_gaussian_010,interaction_gaussian,9,5,[],0.715553705409588,1.0,False
interaction_gaussian_010,interaction_gaussian,1,6,"[0, 9]",0.5685226633202884,1.0,False
interaction_gaussian_010,interaction_gaussian,2,6,"[0, 9]",0.9135635516662214,1.0,False
interaction_gaussian_010,interaction_gaussian,3,6,"[0, 9]",0.7492257642413751,1.0,False
interaction_gaussian_010,interaction_gaussian,5,6,"[0, 9]",0.7030604219480929,1.0,False
interaction_gaussian_010,interaction_gaussian,7,6,"[0, 9]",1.0,1.0,False
interaction_gaussian_010,interaction_gaussian,8,6,"[0, 9]",0.574261741947769,1.0,False
interaction_gaussian_010,interaction_gaussian,0,7,[],0.28155380936724217,1.0,False
interaction_gaussian_010,interaction_gaussian,1,7,[],0.12993346374143533,1.0,False
interaction_gaussian_010,interaction_gaussian,2,7,[],0.056871300682104886,1.0,False
interaction_gaussian_010,interaction_gaussian,4,7,[],0.0822780606413056,1.0,False
interaction_gaussian_010,interaction_gaussian,5,7,[],0.4233997263631518,1.0,False
interaction_gaussian_010,interaction_gaussian,6,7,[],0.05948294971789747,1.0,False
interaction_gaussian_010,interaction_gaussian,9,7,[],0.47213146409068585,1.0,False
interaction_gaussian_010,interaction_gaussian,0,8,[7],0.5321422243654532,1.0,False
interaction_gaussian_010,interaction_gaussian,1,8,[7],0.31589913491503174,1.0,False
interaction_gaussian_010,interaction_gaussian,2,8,[7],0.9157260802837761,1.0,False
interaction_gaussian_010,interaction_gaussian,4,8,[7],0.47486343568257805,1.0,False
interaction_gaussian_010,interaction_gaussian,5,8,[7],0.11950118398300669,1.0,False
interaction_gaussian_010,interaction_gaussian,6,8,[7],0.5240706387730627,1.0,False
interaction_gaussian_010,interaction_gaussian,9,8,[7],0.3861859721154155,1.0,False
interaction_gaussian_010,interaction_gaussian,0,9,[],0.7522403220935356,1.0,False
interaction_gaussian_010,interaction_gaussian,1,9,[],0.024576632798134934,1.0,False
interaction_gaussian_010,interaction_gaussian,2,9,[],0.14534376681978933,1.0,False
interaction_gaussian_010,interaction_gaussian,5,9,[],0.715553705409588,1.0,False
interaction_gaussian_010,interaction_gaussian,7,9,[],0.47213146409068585,1.0,False
interaction_gaussian_010,interaction_gaussian,8,9,[],0.822265117533038,1.0,False
interaction_gaussian_011,interaction_gaussian,4,0,[1],0.6252604735488777,1.0,False
interaction_gaussian_011,interaction_gaussian,5,0,[1],0.0642831452866841,1.0,False
interaction_gaussian_011,interaction_gaussian,6,0,[1],0.9543578126489921,1.0,False
interaction_gaussian_011,interaction_gaussian,7,0,[1],0.09197784970506495,1.0,False
interaction_gaussian_011,interaction_gaussian,8,0,[1],0.4971283825886058,1.0,False
interaction_gaussian_011,interaction_gaussian,9,0,[1],1.0,1.0,False
interaction_gaussian_011,interaction_gaussian,4,1,[],0.5178784029802475,1.0,False
interaction_gaussian_011,interaction_gaussian,5,1,[],0.25370444331111475,1.0,False
interaction_gaussian_011,interaction_gaussian,6,1,[],0.22883550814725773,1.0,False
interaction_gaussian_011,interaction_gaussian,8,1,[],0.35097362381309294,1.0,False
interaction_gaussian_011,interaction_gaussian,9,1,[],1.0,1.0,False
interaction_gaussian_011,interaction_gaussian,3,2,"[0, 1]",0.9733137979502311,1.0,False
interaction_gaussian_011,interaction_gaussian,4,2,"[0, 1]",0.8545549377434645,1.0,False
interaction_gaussian_011,interaction_gaussian,5,2,"[0, 1]",0.5758747677008409,1.0,False
interaction_gaussian_011,interaction_gaussian,6,2,"[0, 1]",0.3197986274736646,1.0,False
interaction_gaussian_011,interaction_gaussian,7,2,"[0, 1]",0.7395899687858422,1.0,False
interaction_gaussian_011,interaction_gaussian,8,2,"[0, 1]",0.32659676082066535,1.0,False
interaction_gaussian_011,interaction_gaussian,9,2,"[0, 1]",1.0,1.0,False
interaction_gaussian_011,interaction_gaussian,2,3,"[0, 1, 4, 7, 9]",0.6003079193464176,1.0,False
interaction_gaussian_011,interaction_gaussian,5,3,"[0, 1, 4, 7, 9]",0.5930852808846501,1.0,False
interaction_gaussian_011,interaction_gaussian,6,3,"[0, 1, 4, 7, 9]",0.17906287639627116,1.0,False
interaction_gaussian_011,interaction_gaussian,8,3,"[0, 1, 4, 7, 9]",0.5612015643500634,1.0,False
interaction_gaussian_011,interaction_gaussian,0,4,[9],0.5098535127124011,1.0,False
interaction_gaussian_011,interaction_gaussian,1,4,[9],0.33595053920369966,1.0,False
interaction_gaussian_011,interaction_gaussian,2,4,[9],0.5944928750528615,1.0,False
interaction_gaussian_011,interaction_gaussian,5,4,[9],0.4985915660706085,1.0,False
interaction_gaussian_011,interaction_gaussian,6,4,[9],0.7014914317522756,1.0,False
interaction_gaussian_011,interaction_gaussian,7,4,[9],0.7624506520443195,1.0,False
interaction_gaussian_011,interaction_gaussian,8,4,[9],0.07938296624695973,1.0,False
interaction_gaussian_011,interaction_gaussian,0,5,[],0.04157615060332642,1.0,False
interaction_gaussian_011,interaction_gaussian,1,5,[],0.25370444331111475,1.0,False
interaction_gaussian_011,interaction_gaussian,2,5,[],0.34380651746801216,1.0,False
interaction_gaussian_011,interaction_gaussian,3,5,[],0.43571511546930597,1.0,False
interaction_gaussian_011,interaction_gaussian,4,5,[],0.49641230959135385,1.0,False
interaction_gaussian_011,interaction_gaussian,6,5,[],0.13231207549462787,1.0,False
interaction_gaussian_011,interaction_gaussian,7,5,[],0.3145003919128547,1.0,False
interaction_gaussian_011,interaction_gaussian,8,5,[],0.968624293239814,1.0,False
interaction_gaussian_011,interaction_gaussian,9,5,[],0.24497931750181123,1.0,False
interaction_gaussian_011,interaction_gaussian,0,6,[],0.7415518108703556,1.0,False
interaction_gaussian_011,interaction_gaussian,1,6,[],0.22883550814725773,1.0,False
interaction_gaussian_011,interaction_gaussian,2,6,[],0.39459504838869575,1.0,False
interaction_gaussian_011,interaction_gaussian,3,6,[],1.0,1.0,False
interaction_gaussian_011,interaction_gaussian,4,6,[],0.8189558049831507,1.0,False
interaction_gaussian_011,interaction_gaussian,5,6,[],0.13231207549462787,1.0,False
interaction_gaussian_011,interaction_gaussian,7,6,[],0.8930886329371848,1.0,False
interaction_gaussian_011,interaction_gaussian,8,6,[],0.7736606601800868,1.0,False
interaction_gaussian_011,interaction_gaussian,9,6,[],0.4394433274543349,1.0,False
interaction_gaussian_011,interaction_gaussian,0,7,[1],0.09197784970506495,1.0,False
interaction_gaussian_011,interaction_gaussian,2,7,[1],0.5821735438026623,1.0,False
interaction_gaussian_011,interaction_gaussian,4,7,[1],0.3845427038824164,1.0,False
interaction_gaussian_011,interaction_gaussian,5,7,[1],0.29867855053590864,1.0,False
interaction_gaussian_011,interaction_gaussian,6,7,[1],0.19056904951912568,1.0,False
interaction_gaussian_011,interaction_gaussian,8,7,[1],0.13921559051552568,1.0,False
interaction_gaussian_011,interaction_gaussian,9,7,[1],0.8829939342257067,1.0,False
interaction_gaussian_011,interaction_gaussian,0,8,[],0.12857766156014683,1.0,False
interaction_gaussian_011,interaction_gaussian,1,8,[],0.35097362381309294,1.0,False
interaction_gaussian_011,interaction_gaussian,2,8,[],0.19595556444432227,1.0,False
interaction_gaussian_011,interaction_gaussian,3,8,[],0.12130159939531793,1.0,False
interaction_gaussian_011,interaction_gaussian,4,8,[],0.11416519409053294,1.0,False
interaction_gaussian_011,interaction_gaussian,5,8,[],0.968624293239814,1.0,False
interaction_gaussian_011,interaction_gaussian,6,8,[],0.7736606601800868,1.0,False
interaction_gaussian_011,interaction_gaussian,7,8,[],0.7374307127215916,1.0,False
interaction_gaussian_011,interaction_gaussian,9,8,[],0.8752746782569956,1.0,False
interaction_gaussian_011,interaction_gaussian,0,9,[],0.5625070037495372,1.0,False
interaction_gaussian_011,interaction_gaussian,1,9,[],1.0,1.0,False
interaction_gaussian_011,interaction_gaussian,2,9,[],0.9343074968558495,1.0,False
interaction_gaussian_011,interaction_gaussian,5,9,[],0.24497931750181123,1.0,False
interaction_gaussian_011,interaction_gaussian,6,9,[],0.4394433274543349,1.0,False
interaction_gaussian_011,interaction_gaussian,7,9,[],0.5960533135167002,1.0,False
interaction_gaussian_011,interaction_gaussian,8,9,[],0.8752746782569956,1.0,False
interaction_gaussian_012,interaction_gaussian,2,0,"[1, 4, 7, 9]",0.657001697418476,1.0,False
interaction_gaussian_012,interaction_gaussian,3,0,"[1, 4, 7, 9]",0.8922170415232258,1.0,False
interaction_gaussian_012,interaction_gaussian,5,0,"[1, 4, 7, 9]",0.37061871161835824,1.0,False
interaction_gaussian_012,interaction_gaussian,6,0,"[1, 4, 7, 9]",0.20785903193044875,1.0,False
interaction_gaussian_012,interaction_gaussian,8,0,"[1, 4, 7, 9]",0.017413976040897228,0.8706988020448614,False
interaction_gaussian_012,interaction_gaussian,2,1,"[4, 7, 9]",1.0,1.0,False
interaction_gaussian_012,interaction_gaussian,3,1,"[4, 7, 9]",0.5561379132902331,1.0,False
interaction_gaussian_012,interaction_gaussian,5,1,"[4, 7, 9]",0.3070029536760128,1.0,False
interaction_gaussian_012,interaction_gaussian,6,1,"[4, 7, 9]",0.3138262128299325,1.0,False
interaction_gaussian_012,interaction_gaussian,8,1,"[4, 7, 9]",0.03759110966270873,1.0,False
interaction_gaussian_012,interaction_gaussian,0,2,[],0.25063627196449534,1.0,False
interaction_gaussian_012,interaction_gaussian,1,2,[],0.6214276073234544,1.0,False
interaction_gaussian_012,interaction_gaussian,3,2,[],0.05473269466694741,1.0,False
interaction_gaussian_012,interaction_gaussian,4,2,[],1.0,1.0,False
interaction_gaussian_012,interaction_gaussian,5,2,[],0.0366462276249907,1.0,False
interaction_gaussian_012,interaction_gaussian,6,2,[],0.36114511994354315,1.0,False
interaction_gaussian_012,interaction_gaussian,7,2,[],1.0,1.0,False
interaction_gaussian_012,interaction_gaussian,8,2,[],0.9628898049387449,1.0,False
interaction_gaussian_012,interaction_gaussian,9,2,[],0.4262755827233605,1.0,False
interaction_gaussian_012,interaction_gaussian,0,3,[4],0.3886051611861525,1.0,False
interaction_gaussian_012,interaction_gaussian,1,3,[4],0.5175390647331517,1.0,False
interaction_gaussian_012,interaction_gaussian,2,3,[4],0.16228310340298524,1.0,False
interaction_gaussian_012,interaction_gaussian,7,3,[4],0.6985827932414582,1.0,False
interaction_gaussian_012,interaction_gaussian,9,3,[4],0.15456559774178857,1.0,False
interaction_gaussian_012,interaction_gaussian,2,4,[9],0.544362090563093,1.0,False
interaction_gaussian_012,interaction_gaussian,7,4,[9],0.6194600029987546,1.0,False
interaction_gaussian_012,interaction_gaussian,0,5,"[3, 7]",0.6331222327196413,1.0,False
interaction_gaussian_012,interaction_gaussian,1,5,"[3, 7]",0.985853603275586,1.0,False
interaction_gaussian_012,interaction_gaussian,2,5,"[3, 7]",0.4295198582825903,1.0,False
interaction_gaussian_012,interaction_gaussian,4,5,"[3, 7]",0.8618979784079105,1.0,False
interaction_gaussian_012,interaction_gaussian,9,5,"[3, 7]",0.19367169066209522,1.0,False
interaction_gaussian_012,interaction_gaussian,0,6,"[3, 5]",0.471122268294238,1.0,False
interaction_gaussian_012,interaction_gaussian,1,6,"[3, 5]",0.5591848494846205,1.0,False
interaction_gaussian_012,interaction_gaussian,2,6,"[3, 5]",0.3704135734516918,1.0,False
interaction_gaussian_012,interaction_gaussian,4,6,"[3, 5]",0.3125388191945695,1.0,False
interaction_gaussian_012,interaction_gaussian,7,6,"[3, 5]",0.14583922834857965,1.0,False
interaction_gaussian_012,interaction_gaussian,8,6,"[3, 5]",0.21496742066916907,1.0,False
interaction_gaussian_012,interaction_gaussian,9,6,"[3, 5]",0.14008928768112527,1.0,False
interaction_gaussian_012,interaction_gaussian,2,7,[],1.0,1.0,False
interaction_gaussian_012,interaction_gaussian,3,7,[],0.2907714656925241,1.0,False
interaction_gaussian_012,interaction_gaussian,4,7,[],0.8171708849239953,1.0,False
interaction_gaussian_012,interaction_gaussian,9,7,[],0.6937571057276681,1.0,False
interaction_gaussian_012,interaction_gaussian,0,8,"[5, 7]",0.03190699810621622,1.0,False
interaction_gaussian_012,interaction_gaussian,1,8,"[5, 7]",0.687555649965623,1.0,False
interaction_gaussian_012,interaction_gaussian,2,8,"[5, 7]",0.16156659364389325,1.0,False
interaction_gaussian_012,interaction_gaussian,3,8,"[5, 7]",0.07865642864321598,1.0,False
interaction_gaussian_012,interaction_gaussian,4,8,"[5, 7]",0.008041386605570078,0.41011071688407397,False
interaction_gaussian_012,interaction_gaussian,6,8,"[5, 7]",0.2519281900613055,1.0,False
interaction_gaussian_012,interaction_gaussian,9,8,"[5, 7]",0.37043199934394355,1.0,False
interaction_gaussian_012,interaction_gaussian,2,9,[],0.4262755827233605,1.0,False
interaction_gaussian_012,interaction_gaussian,7,9,[],0.6937571057276681,1.0,False
interaction_gaussian_013,interaction_gaussian,2,0,"[1, 9]",0.27374755827649977,1.0,False
interaction_gaussian_013,interaction_gaussian,3,0,"[1, 9]",1.0,1.0,False
interaction_gaussian_013,interaction_gaussian,4,0,"[1, 9]",0.7432005527979708,1.0,False
interaction_gaussian_013,interaction_gaussian,6,0,"[1, 9]",0.557245952063986,1.0,False
interaction_gaussian_013,interaction_gaussian,2,1,[],0.30607756829123645,1.0,False
interaction_gaussian_013,interaction_gaussian,3,1,[],0.023903836147532997,1.0,False
interaction_gaussian_013,interaction_gaussian,4,1,[],0.4803052321146216,1.0,False
interaction_gaussian_013,interaction_gaussian,6,1,[],0.5783324873966667,1.0,False
interaction_gaussian_013,interaction_gaussian,0,2,[],0.5781321123482879,1.0,False
interaction_gaussian_013,interaction_gaussian,1,2,[],0.30607756829123645,1.0,False
interaction_gaussian_013,interaction_gaussian,3,2,[],0.5700914308751639,1.0,False
interaction_gaussian_013,interaction_gaussian,4,2,[],0.05996009136324698,1.0,False
interaction_gaussian_013,interaction_gaussian,5,2,[],0.7861384264685305,1.0,False
interaction_gaussian_013,interaction_gaussian,6,2,[],0.46691751666840764,1.0,False
interaction_gaussian_013,interaction_gaussian,7,2,[],0.06636683903540985,1.0,False
interaction_gaussian_013,interaction_gaussian,8,2,[],0.06452781347181324,1.0,False
interaction_gaussian_013,interaction_gaussian,9,2,[],0.5338546775416624,1.0,False
interaction_gaussian_013,interaction_gaussian,0,3,[],0.5571690581250233,1.0,False
interaction_gaussian_013,interaction_gaussian,1,3,[],0.023903836147532997,1.0,False
interaction_gaussian_013,interaction_gaussian,2,3,[],0.5700914308751639,1.0,False
interaction_gaussian_013,interaction_gaussian,4,3,[],0.9035729919666027,1.0,False
interaction_gaussian_013,interaction_gaussian,5,3,[],0.3448110859908654,1.0,False
interaction_gaussian_013,interaction_gaussian,6,3,[],0.5778138011496194,1.0,False
interaction_gaussian_013,interaction_gaussian,7,3,[],0.5200401233727262,1.0,False
interaction_gaussian_013,interaction_gaussian,8,3,[],0.3131744302380186,1.0,False
interaction_gaussian_013,interaction_gaussian,9,3,[],0.7470562404137095,1.0,False
interaction_gaussian_013,interaction_gaussian,0,4,[6],0.24595668293350492,1.0,False
interaction_gaussian_013,interaction_gaussian,1,4,[6],0.4874988364915792,1.0,False
interaction_gaussian_013,interaction_gaussian,2,4,[6],0.301070096830638,1.0,False
interaction_gaussian_013,interaction_gaussian,3,4,[6],1.0,1.0,False
interaction_gaussian_013,interaction_gaussian,5,4,[6],0.15825286176798203,1.0,False
interaction_gaussian_013,interaction_gaussian,7,4,[6],1.0,1.0,False
interaction_gaussian_013,interaction_gaussian,8,4,[6],0.9251546469191789,1.0,False
interaction_gaussian_013,interaction_gaussian,9,4,[6],0.3092494941653322,1.0,False
interaction_gaussian_013,interaction_gaussian,0,5,"[1, 8]",0.10387260123263065,1.0,False
interaction_gaussian_013,interaction_gaussian,2,5,"[1, 8]",0.4004704518942823,1.0,False
interaction_gaussian_013,interaction_gaussian,3,5,"[1, 8]",0.3478722723335802,1.0,False
interaction_gaussian_013,interaction_gaussian,4,5,"[1, 8]",0.16612646404906717,1.0,False
interaction_gaussian_013,interaction_gaussian,6,5,"[1, 8]",0.759270878331538,1.0,False
interaction_gaussian_013,interaction_gaussian,7,5,"[1, 8]",0.39597742695242444,1.0,False
interaction_gaussian_013,interaction_gaussian,9,5,"[1, 8]",0.06648883501409686,1.0,False
interaction_gaussian_013,interaction_gaussian,0,6,[],0.5682608580258743,1.0,False
interaction_gaussian_013,interaction_gaussian,1,6,[],0.5783324873966667,1.0,False
interaction_gaussian_013,interaction_gaussian,2,6,[],0.46691751666840764,1.0,False
interaction_gaussian_013,interaction_gaussian,3,6,[],0.5778138011496194,1.0,False
interaction_gaussian_013,interaction_gaussian,5,6,[],0.48319525736795466,1.0,False
interaction_gaussian_013,interaction_gaussian,7,6,[],0.9832524427071809,1.0,False
interaction_gaussian_013,interaction_gaussian,8,6,[],0.434915520089031,1.0,False
interaction_gaussian_013,interaction_gaussian,9,6,[],0.6802107916665243,1.0,False
interaction_gaussian_013,interaction_gaussian,0,7,"[1, 8]",0.8265116892562838,1.0,False
interaction_gaussian_013,interaction_gaussian,2,7,"[1, 8]",1.0,1.0,False
interaction_gaussian_013,interaction_gaussian,3,7,"[1, 8]",0.6716258007829767,1.0,False
interaction_gaussian_013,interaction_gaussian,4,7,"[1, 8]",0.546262754267913,1.0,False
interaction_gaussian_013,interaction_gaussian,5,7,"[1, 8]",0.39597742695242444,1.0,False
interaction_gaussian_013,interaction_gaussian,6,7,"[1, 8]",0.8461905206994285,1.0,False
interaction_gaussian_013,interaction_gaussian,9,7,"[1, 8]",1.0,1.0,False
interaction_gaussian_013,interaction_gaussian,2,8,"[0, 1]",0.2256611930562158,1.0,False
interaction_gaussian_013,interaction_gaussian,3,8,"[0, 1]",0.6791478760295147,1.0,False
interaction_gaussian_013,interaction_gaussian,4,8,"[0, 1]",0.3781379862827391,1.0,False
interaction_gaussian_013,interaction_gaussian,6,8,"[0, 1]",0.2522534382708628,1.0,False
interaction_gaussian_013,interaction_gaussian,9,8,"[0, 1]",1.0,1.0,False
interaction_gaussian_013,interaction_gaussian,2,9,[1],0.13795462421253157,1.0,False
interaction_gaussian_013,interaction_gaussian,3,9,[1],0.24177669268732438,1.0,False
interaction_gaussian_013,interaction_gaussian,4,9,[1],0.374692129485674,1.0,False
interaction_gaussian_013,interaction_gaussian,6,9,[1],0.23313971966404856,1.0,False
interaction_gaussian_014,interaction_gaussian,1,0,"[6, 7, 9]",0.6230734034036152,1.0,False
interaction_gaussian_014,interaction_gaussian,2,0,"[6, 7, 9]",0.42200466560597527,1.0,False
interaction_gaussian_014,interaction_gaussian,3,0,"[6, 7, 9]",0.17904674864733405,1.0,False
interaction_gaussian_014,interaction_gaussian,4,0,"[6, 7, 9]",0.2958279114186837,1.0,False
interaction_gaussian_014,interaction_gaussian,5,0,"[6, 7, 9]",0.5946733965676444,1.0,False
interaction_gaussian_014,interaction_gaussian,8,0,"[6, 7, 9]",0.07276502555115039,1.0,False
interaction_gaussian_014,interaction_gaussian,0,1,"[2, 5, 6]",0.34142437405089854,1.0,False
interaction_gaussian_014,interaction_gaussian,7,1,"[2, 5, 6]",0.08125817104368283,1.0,False
interaction_gaussian_014,interaction_gaussian,8,1,"[2, 5, 6]",0.13108111829451596,1.0,False
interaction_gaussian_014,interaction_gaussian,9,1,"[2, 5, 6]",1.0,1.0,False
interaction_gaussian_014,interaction_gaussian,0,2,[6],1.0,1.0,False
interaction_gaussian_014,interaction_gaussian,5,2,[6],0.6379194773286415,1.0,False
interaction_gaussian_014,interaction_gaussian,7,2,[6],0.18876582600396707,1.0,False
interaction_gaussian_014,interaction_gaussian,8,2,[6],0.6313357061235987,1.0,False
interaction_gaussian_014,interaction_gaussian,9,2,[6],0.5743549444888028,1.0,False
interaction_gaussian_014,interaction_gaussian,0,3,"[1, 5, 6]",0.4427683332165525,1.0,False
interaction_gaussian_014,interaction_gaussian,2,3,"[1, 5, 6]",0.0010467941675085246,0.05443329671044328,False
interaction_gaussian_014,interaction_gaussian,7,3,"[1, 5, 6]",0.4941953759863924,1.0,False
interaction_gaussian_014,interaction_gaussian,8,3,"[1, 5, 6]",0.06260475540897537,1.0,False
interaction_gaussian_014,interaction_gaussian,9,3,"[1, 5, 6]",0.6847931671888762,1.0,False
interaction_gaussian_014,interaction_gaussian,0,4,"[3, 5, 6]",0.4097707429727363,1.0,False
interaction_gaussian_014,interaction_gaussian,1,4,"[3, 5, 6]",0.8694218718228557,1.0,False
interaction_gaussian_014,interaction_gaussian,2,4,"[3, 5, 6]",0.5958868407374687,1.0,False
interaction_gaussian_014,interaction_gaussian,7,4,"[3, 5, 6]",0.5352163353454398,1.0,False
interaction_gaussian_014,interaction_gaussian,8,4,"[3, 5, 6]",0.9141872238608552,1.0,False
interaction_gaussian_014,interaction_gaussian,9,4,"[3, 5, 6]",0.47458830201067825,1.0,False
interaction_gaussian_014,interaction_gaussian,2,5,[6],0.6379194773286415,1.0,False
interaction_gaussian_014,interaction_gaussian,8,5,[6],1.0,1.0,False
interaction_gaussian_014,interaction_gaussian,9,5,[6],0.5370988496477446,1.0,False
interaction_gaussian_014,interaction_gaussian,9,6,[],0.37616946017095676,1.0,False
interaction_gaussian_014,interaction_gaussian,1,7,"[5, 6]",0.46471612086255043,1.0,False
interaction_gaussian_014,interaction_gaussian,2,7,"[5, 6]",0.24346695664973872,1.0,False
interaction_gaussian_014,interaction_gaussian,3,7,"[5, 6]",0.44852019446163927,1.0,False
interaction_gaussian_014,interaction_gaussian,4,7,"[5, 6]",0.3308411424159653,1.0,False
interaction_gaussian_014,interaction_gaussian,8,7,"[5, 6]",0.97011917757211,1.0,False
interaction_gaussian_014,interaction_gaussian,9,7,"[5, 6]",0.795646675565002,1.0,False
interaction_gaussian_014,interaction_gaussian,0,8,[6],0.9953613306064232,1.0,False
interaction_gaussian_014,interaction_gaussian,1,8,[6],1.0,1.0,False
interaction_gaussian_014,interaction_gaussian,2,8,[6],0.6313357061235987,1.0,False
interaction_gaussian_014,interaction_gaussian,3,8,[6],0.23349785120118105,1.0,False
interaction_gaussian_014,interaction_gaussian,4,8,[6],0.3077102329303095,1.0,False
interaction_gaussian_014,interaction_gaussian,5,8,[6],1.0,1.0,False
interaction_gaussian_014,interaction_gaussian,7,8,[6],0.9728628555237809,1.0,False
interaction_gaussian_014,interaction_gaussian,9,8,[6],0.5062217404312963,1.0,False
interaction_gaussian_014,interaction_gaussian,1,9,[],1.0,1.0,False
interaction_gaussian_014,interaction_gaussian,2,9,[],0.5030814278953577,1.0,False
interaction_gaussian_014,interaction_gaussian,3,9,[],0.7018037173528864,1.0,False
interaction_gaussian_014,interaction_gaussian,4,9,[],0.5318284749741911,1.0,False
interaction_gaussian_014,interaction_gaussian,5,9,[],0.6757529543385125,1.0,False
interaction_gaussian_014,interaction_gaussian,6,9,[],0.37616946017095676,1.0,False
interaction_gaussian_014,interaction_gaussian,7,9,[],0.16466052075527815,1.0,False
interaction_gaussian_014,interaction_gaussian,8,9,[],0.865225333748302,1.0,False
interaction_gaussian_015,interaction_gaussian,7,1,[4],0.8796099104078876,1.0,False
interaction_gaussian_015,interaction_gaussian,3,2,"[0, 1, 4, 6, 7]",0.5545446377663112,1.0,False
interaction_gaussian_015,interaction_gaussian,5,2,"[0, 1, 4, 6, 7]",0.46853483722937894,1.0,False
interaction_gaussian_015,interaction_gaussian,8,2,"[0, 1, 4, 6, 7]",0.03277510346880186,0.7210522763136409,False
interaction_gaussian_015,interaction_gaussian,9,2,"[0, 1, 4, 6, 7]",0.05525932767013764,1.0,False
interaction_gaussian_015,interaction_gaussian,0,3,[6],1.0,1.0,False
interaction_gaussian_015,interaction_gaussian,1,3,[6],0.7099530524154551,1.0,False
interaction_gaussian_015,interaction_gaussian,2,3,[6],0.5015746771327578,1.0,False
interaction_gaussian_015,interaction_gaussian,4,3,[6],0.6741122012423824,1.0,False
interaction_gaussian_015,interaction_gaussian,7,3,[6],0.4581756510616214,1.0,False
interaction_gaussian_015,interaction_gaussian,8,3,[6],0.5063892358440164,1.0,False
interaction_gaussian_015,interaction_gaussian,2,5,"[0, 1, 3, 4, 7]",0.2591251303338018,1.0,False
interaction_gaussian_015,interaction_gaussian,6,5,"[0, 1, 3, 4, 7]",0.7348513276903814,1.0,False
interaction_gaussian_015,interaction_gaussian,8,5,"[0, 1, 3, 4, 7]",0.8352481739603372,1.0,False
interaction_gaussian_015,interaction_gaussian,0,8,[6],0.004774421415899233,0.10981169256568235,False
interaction_gaussian_015,interaction_gaussian,1,8,[6],0.5140202659303887,1.0,False
interaction_gaussian_015,interaction_gaussian,2,8,[6],1.0,1.0,False
interaction_gaussian_015,interaction_gaussian,3,8,[6],0.5063892358440164,1.0,False
interaction_gaussian_015,interaction_gaussian,4,8,[6],6.866728546883749e-07,1.6480148512520998e-05,True
interaction_gaussian_015,interaction_gaussian,5,8,[6],0.6977089713228118,1.0,False
interaction_gaussian_015,interaction_gaussian,7,8,[6],0.03399029114278762,0.7210522763136409,False
interaction_gaussian_015,interaction_gaussian,9,8,[6],0.5437259146084417,1.0,False
interaction_gaussian_015,interaction_gaussian,2,9,"[0, 1, 3, 4, 5, 6, 7]",0.07037436351232762,1.0,False
interaction_gaussian_015,interaction_gaussian,8,9,"[0, 1, 3, 4, 5, 6, 7]",0.8671793729667632,1.0,False
interaction_gaussian_016,interaction_gaussian,1,0,[6],0.22107576687853026,1.0,False
interaction_gaussian_016,interaction_gaussian,2,0,[6],0.829521409802662,1.0,False
interaction_gaussian_016,interaction_gaussian,3,0,[6],0.540027750428193,1.0,False
interaction_gaussian_016,interaction_gaussian,5,0,[6],0.10566706587702035,1.0,False
interaction_gaussian_016,interaction_gaussian,7,0,[6],0.5374932665087444,1.0,False
interaction_gaussian_016,interaction_gaussian,0,1,[5],0.2895624553227236,1.0,False
interaction_gaussian_016,interaction_gaussian,2,1,[5],0.40635967864273903,1.0,False
interaction_gaussian_016,interaction_gaussian,3,1,[5],0.7188170329032153,1.0,False
interaction_gaussian_016,interaction_gaussian,6,1,[5],0.4649872250746464,1.0,False
interaction_gaussian_016,interaction_gaussian,7,1,[5],0.731488673741371,1.0,False
interaction_gaussian_016,interaction_gaussian,0,2,[3],0.4869878488757332,1.0,False
interaction_gaussian_016,interaction_gaussian,1,2,[3],0.639068768262834,1.0,False
interaction_gaussian_016,interaction_gaussian,4,2,[3],0.3146031794862464,1.0,False
interaction_gaussian_016,interaction_gaussian,5,2,[3],0.09926088863378912,1.0,False
interaction_gaussian_016,interaction_gaussian,6,2,[3],0.7369342204779861,1.0,False
interaction_gaussian_016,interaction_gaussian,7,2,[3],1.0,1.0,False
interaction_gaussian_016,interaction_gaussian,8,2,[3],0.21170515817331548,1.0,False
interaction_gaussian_016,interaction_gaussian,0,3,[],0.4738491428056951,1.0,False
interaction_gaussian_016,interaction_gaussian,1,3,[],0.9010517331427754,1.0,False
interaction_gaussian_016,interaction_gaussian,5,3,[],0.6612419107312535,1.0,False
interaction_gaussian_016,interaction_gaussian,6,3,[],0.5408535645325112,1.0,False
interaction_gaussian_016,interaction_gaussian,7,3,[],0.3866389020059904,1.0,False
interaction_gaussian_016,interaction_gaussian,8,3,[],0.7993440904644139,1.0,False
interaction_gaussian_016,interaction_gaussian,0,4,"[3, 6, 8]",0.5087225784994951,1.0,False
interaction_gaussian_016,interaction_gaussian,1,4,"[3, 6, 8]",0.34064788735530427,1.0,False
interaction_gaussian_016,interaction_gaussian,2,4,"[3, 6, 8]",0.18403867514291217,1.0,False
interaction_gaussian_016,interaction_gaussian,5,4,"[3, 6, 8]",0.39641690552593656,1.0,False
interaction_gaussian_016,interaction_gaussian,7,4,"[3, 6, 8]",0.9362928642633762,1.0,False
interaction_gaussian_016,interaction_gaussian,9,4,"[3, 6, 8]",0.14509386832178128,1.0,False
interaction_gaussian_016,interaction_gaussian,0,5,[],0.762037775720986,1.0,False
interaction_gaussian_016,interaction_gaussian,2,5,[],0.04140751342023086,1.0,False
interaction_gaussian_016,interaction_gaussian,3,5,[],0.6612419107312535,1.0,False
interaction_gaussian_016,interaction_gaussian,6,5,[],0.4299743080950169,1.0,False
interaction_gaussian_016,interaction_gaussian,7,5,[],0.2547023379732478,1.0,False
interaction_gaussian_016,interaction_gaussian,1,6,[],0.8880336325953353,1.0,False
interaction_gaussian_016,interaction_gaussian,2,6,[],0.4055597747043789,1.0,False
interaction_gaussian_016,interaction_gaussian,3,6,[],0.5408535645325112,1.0,False
interaction_gaussian_016,interaction_gaussian,5,6,[],0.4299743080950169,1.0,False
interaction_gaussian_016,interaction_gaussian,7,6,[],0.8540868308451135,1.0,False
interaction_gaussian_016,interaction_gaussian,0,7,[],0.6519752192004542,1.0,False
interaction_gaussian_016,interaction_gaussian,1,7,[],0.7421139679978059,1.0,False
interaction_gaussian_016,interaction_gaussian,2,7,[],0.9820051222512076,1.0,False
interaction_gaussian_016,interaction_gaussian,3,7,[],0.3866389020059904,1.0,False
interaction_gaussian_016,interaction_gaussian,4,7,[],0.9078173598805339,1.0,False
interaction_gaussian_016,interaction_gaussian,5,7,[],0.2547023379732478,1.0,False
interaction_gaussian_016,interaction_gaussian,6,7,[],0.8540868308451135,1.0,False
interaction_gaussian_016,interaction_gaussian,8,7,[],0.2880239157645099,1.0,False
interaction_gaussian_016,interaction_gaussian,9,7,[],0.3381830246445495,1.0,False
interaction_gaussian_016,interaction_gaussian,2,8,"[0, 1, 6]",0.9799341938164738,1.0,False
interaction_gaussian_016,interaction_gaussian,3,8,"[0, 1, 6]",0.2573137609348062,1.0,False
interaction_gaussian_016,interaction_gaussian,5,8,"[0, 1, 6]",0.40484818870661354,1.0,False
interaction_gaussian_016,interaction_gaussian,7,8,"[0, 1, 6]",0.7529398152214548,1.0,False
interaction_gaussian_016,interaction_gaussian,0,9,"[1, 2, 3, 5, 8]",0.23837863154882644,1.0,False
interaction_gaussian_016,interaction_gaussian,4,9,"[1, 2, 3, 5, 8]",0.00011460123576534365,0.006417669202859244,True
interaction_gaussian_016,interaction_gaussian,6,9,"[1, 2, 3, 5, 8]",0.08356007095581364,1.0,False
interaction_gaussian_016,interaction_gaussian,7,9,"[1, 2, 3, 5, 8]",0.04862457896918981,1.0,False
interaction_gaussian_017,interaction_gaussian,2,0,[],0.47774601677353656,1.0,False
interaction_gaussian_017,interaction_gaussian,3,0,[],0.5047175266028201,1.0,False
interaction_gaussian_017,interaction_gaussian,4,0,[],0.21157222935545783,1.0,False
interaction_gaussian_017,interaction_gaussian,7,0,[],0.6636265988518761,1.0,False
interaction_gaussian_017,interaction_gaussian,8,0,[],0.11758164259893711,1.0,False
interaction_gaussian_017,interaction_gaussian,6,1,"[0, 2, 3, 4, 5, 7]",0.5286673571741889,1.0,False
interaction_gaussian_017,interaction_gaussian,8,1,"[0, 2, 3, 4, 5, 7]",0.05846241923434248,1.0,False
interaction_gaussian_017,interaction_gaussian,9,1,"[0, 2, 3, 4, 5, 7]",0.3244851346497388,1.0,False
interaction_gaussian_017,interaction_gaussian,0,2,[],0.47774601677353656,1.0,False
interaction_gaussian_017,interaction_gaussian,3,2,[],0.781993213267023,1.0,False
interaction_gaussian_017,interaction_gaussian,4,2,[],0.7946093954639011,1.0,False
interaction_gaussian_017,interaction_gaussian,5,2,[],0.6352008497351017,1.0,False
interaction_gaussian_017,interaction_gaussian,6,2,[],0.8213831891446597,1.0,False
interaction_gaussian_017,interaction_gaussian,7,2,[],0.7618108767060312,1.0,False
interaction_gaussian_017,interaction_gaussian,8,2,[],0.14712512721005955,1.0,False
interaction_gaussian_017,interaction_gaussian,9,2,[],0.08764033762167611,1.0,False
interaction_gaussian_017,interaction_gaussian,0,3,[],0.5047175266028201,1.0,False
interaction_gaussian_017,interaction_gaussian,2,3,[],0.781993213267023,1.0,False
interaction_gaussian_017,interaction_gaussian,0,4,"[3, 7]",0.7683188708848046,1.0,False
interaction_gaussian_017,interaction_gaussian,2,4,"[3, 7]",0.9240131656344825,1.0,False
interaction_gaussian_017,interaction_gaussian,5,4,"[3, 7]",0.5306445184695701,1.0,False
interaction_gaussian_017,interaction_gaussian,8,4,"[3, 7]",0.6008984794671183,1.0,False
interaction_gaussian_017,interaction_gaussian,2,5,"[0, 3]",0.2951565506447764,1.0,False
interaction_gaussian_017,interaction_gaussian,4,5,"[0, 3]",0.5579657927877095,1.0,False
interaction_gaussian_017,interaction_gaussian,6,5,"[0, 3]",0.25039274264838673,1.0,False
interaction_gaussian_017,interaction_gaussian,7,5,"[0, 3]",0.6956627922588967,1.0,False
interaction_gaussian_017,interaction_gaussian,8,5,"[0, 3]",0.14638494846691774,1.0,False
interaction_gaussian_017,interaction_gaussian,9,5,"[0, 3]",0.006767579024602455,0.297773477082508,False
interaction_gaussian_017,interaction_gaussian,1,6,"[0, 3, 4, 7, 8]",0.4363754168519819,1.0,False
interaction_gaussian_017,interaction_gaussian,2,6,"[0, 3, 4, 7, 8]",0.620380550223018,1.0,False
interaction_gaussian_017,interaction_gaussian,5,6,"[0, 3, 4, 7, 8]",1.0,1.0,False
interaction_gaussian_017,interaction_gaussian,0,7,[3],0.3238501038722281,1.0,False
interaction_gaussian_017,interaction_gaussian,2,7,[3],0.40681331789975617,1.0,False
interaction_gaussian_017,interaction_gaussian,5,7,[3],0.7531428604357214,1.0,False
interaction_gaussian_017,interaction_gaussian,0,8,"[3, 7]",0.38138479408673476,1.0,False
interaction_gaussian_017,interaction_gaussian,1,8,"[3, 7]",0.6893811164915351,1.0,False
interaction_gaussian_017,interaction_gaussian,2,8,"[3, 7]",0.23362013314990226,1.0,False
interaction_gaussian_017,interaction_gaussian,4,8,"[3, 7]",0.6008984794671183,1.0,False
interaction_gaussian_017,interaction_gaussian,5,8,"[3, 7]",0.644452027045644,1.0,False
interaction_gaussian_017,interaction_gaussian,1,9,"[0, 6, 7, 8]",0.5318356737233974,1.0,False
interaction_gaussian_017,interaction_gaussian,2,9,"[0, 6, 7, 8]",0.4188199420719012,1.0,False
interaction_gaussian_017,interaction_gaussian,3,9,"[0, 6, 7, 8]",0.5317219443689707,1.0,False
interaction_gaussian_017,interaction_gaussian,4,9,"[0, 6, 7, 8]",0.4129987168839455,1.0,False
interaction_gaussian_017,interaction_gaussian,5,9,"[0, 6, 7, 8]",0.0136263076671993,0.5859312296895699,False
interaction_gaussian_018,interaction_gaussian,1,0,[],0.11360358247462676,1.0,False
interaction_gaussian_018,interaction_gaussian,5,0,[],0.0009537289580778818,0.04577898998773833,True
interaction_gaussian_018,interaction_gaussian,6,0,[],0.27974892789696104,1.0,False
interaction_gaussian_018,interaction_gaussian,8,0,[],1.0,1.0,False
interaction_gaussian_018,interaction_gaussian,9,0,[],0.4978233048727688,1.0,False
interaction_gaussian_018,interaction_gaussian,0,1,"[5, 8]",0.07803964149291442,1.0,False
interaction_gaussian_018,interaction_gaussian,6,1,"[5, 8]",0.23705589419442596,1.0,False
interaction_gaussian_018,interaction_gaussian,9,1,"[5, 8]",0.657282538049007,1.0,False
interaction_gaussian_018,interaction_gaussian,1,2,"[0, 4]",0.5056929513725834,1.0,False
interaction_gaussian_018,interaction_gaussian,3,2,"[0, 4]",0.29550637709947436,1.0,False
interaction_gaussian_018,interaction_gaussian,5,2,"[0, 4]",0.14260737288589698,1.0,False
interaction_gaussian_018,interaction_gaussian,6,2,"[0, 4]",0.38310104495566655,1.0,False
interaction_gaussian_018,interaction_gaussian,8,2,"[0, 4]",1.0,1.0,False
interaction_gaussian_018,interaction_gaussian,9,2,"[0, 4]",0.9028071374616364,1.0,False
interaction_gaussian_018,interaction_gaussian,0,3,"[1, 4, 5, 8]",0.18694027807030478,1.0,False
interaction_gaussian_018,interaction_gaussian,2,3,"[1, 4, 5, 8]",0.46228614170095583,1.0,False
interaction_gaussian_018,interaction_gaussian,6,3,"[1, 4, 5, 8]",0.02634684562949996,1.0,False
interaction_gaussian_018,interaction_gaussian,7,3,"[1, 4, 5, 8]",0.29789079999795254,1.0,False
interaction_gaussian_018,interaction_gaussian,9,3,"[1, 4, 5, 8]",0.6481913997619793,1.0,False
interaction_gaussian_018,interaction_gaussian,6,4,"[0, 1, 5]",0.17276855226989407,1.0,False
interaction_gaussian_018,interaction_gaussian,8,4,"[0, 1, 5]",0.041267581251617225,1.0,False
interaction_gaussian_018,interaction_gaussian,9,4,"[0, 1, 5]",0.07564527339722105,1.0,False
interaction_gaussian_018,interaction_gaussian,0,5,[],0.0009537289580778818,0.04577898998773833,True
interaction_gaussian_018,interaction_gaussian,6,5,[],0.5247083385208057,1.0,False
interaction_gaussian_018,interaction_gaussian,9,5,[],0.798605689605402,1.0,False
interaction_gaussian_018,interaction_gaussian,0,6,[9],0.29206268610350505,1.0,False
interaction_gaussian_018,interaction_gaussian,1,6,[9],0.9063706263356021,1.0,False
interaction_gaussian_018,interaction_gaussian,2,6,[9],0.3982280456180838,1.0,False
interaction_gaussian_018,interaction_gaussian,3,6,[9],0.6587358698761375,1.0,False
interaction_gaussian_018,interaction_gaussian,4,6,[9],0.6046174221486595,1.0,False
interaction_gaussian_018,interaction_gaussian,5,6,[9],0.6702246002649304,1.0,False
interaction_gaussian_018,interaction_gaussian,7,6,[9],0.4647461047742987,1.0,False
interaction_gaussian_018,interaction_gaussian,8,6,[9],0.43838663301482994,1.0,False
interaction_gaussian_018,interaction_gaussian,3,7,"[0, 1, 2, 4]",0.2865611285394467,1.0,False
interaction_gaussian_018,interaction_gaussian,5,7,"[0, 1, 2, 4]",2.400720800821432e-05,0.0011763531924025017,True
interaction_gaussian_018,interaction_gaussian,6,7,"[0, 1, 2, 4]",0.8652185117747577,1.0,False
interaction_gaussian_018,interaction_gaussian,8,7,"[0, 1, 2, 4]",0.655653304116998,1.0,False
interaction_gaussian_018,interaction_gaussian,9,7,"[0, 1, 2, 4]",0.0402439011228084,1.0,False
interaction_gaussian_018,interaction_gaussian,0,8,[5],0.1331011533016141,1.0,False
interaction_gaussian_018,interaction_gaussian,6,8,[5],0.7227065376715653,1.0,False
interaction_gaussian_018,interaction_gaussian,9,8,[5],0.8954430615734761,1.0,False
interaction_gaussian_018,interaction_gaussian,0,9,[],0.4978233048727688,1.0,False
interaction_gaussian_018,interaction_gaussian,1,9,[],0.4902839582911077,1.0,False
interaction_gaussian_018,interaction_gaussian,2,9,[],0.8163255882791369,1.0,False
interaction_gaussian_018,interaction_gaussian,3,9,[],0.8439463382854585,1.0,False
interaction_gaussian_018,interaction_gaussian,4,9,[],0.8596588032489014,1.0,False
interaction_gaussian_018,interaction_gaussian,5,9,[],0.798605689605402,1.0,False
interaction_gaussian_018,interaction_gaussian,7,9,[],0.9026022704498434,1.0,False
interaction_gaussian_018,interaction_gaussian,8,9,[],0.4498193101479192,1.0,False
interaction_gaussian_019,interaction_gaussian,1,0,"[3, 7, 8]",0.0016274344617325243,0.0602150750841034,False
interaction_gaussian_019,interaction_gaussian,2,0,"[3, 7, 8]",0.0004491505759686154,0.01841517361471323,True
interaction_gaussian_019,interaction_gaussian,4,0,"[3, 7, 8]",0.6138771353020396,1.0,False
interaction_gaussian_019,interaction_gaussian,5,0,"[3, 7, 8]",0.001148541339948017,0.045941653597920684,True
interaction_gaussian_019,interaction_gaussian,6,0,"[3, 7, 8]",0.24299518071212844,1.0,False
interaction_gaussian_019,interaction_gaussian,9,0,"[3, 7, 8]",0.00585312196791421,0.21071239084491156,False
interaction_gaussian_019,interaction_gaussian,0,1,"[3, 5]",0.028870860585466174,0.9527383993203837,False
interaction_gaussian_019,interaction_gaussian,7,1,"[3, 5]",0.030670292922548303,0.9814493735215457,False
interaction_gaussian_019,interaction_gaussian,8,1,"[3, 5]",0.011626048136751277,0.4069116847862947,False
interaction_gaussian_019,interaction_gaussian,0,2,"[1, 3]",0.761783119268298,1.0,False
interaction_gaussian_019,interaction_gaussian,4,2,"[1, 3]",0.41694393339793345,1.0,False
interaction_gaussian_019,interaction_gaussian,5,2,"[1, 3]",0.26009684565636426,1.0,False
interaction_gaussian_019,interaction_gaussian,6,2,"[1, 3]",0.07918555530914051,1.0,False
interaction_gaussian_019,interaction_gaussian,7,2,"[1, 3]",0.08965397656974683,1.0,False
interaction_gaussian_019,interaction_gaussian,8,2,"[1, 3]",0.10792072949940634,1.0,False
interaction_gaussian_019,interaction_gaussian,9,2,"[1, 3]",0.001361220479385139,0.05308759869602042,False
interaction_gaussian_019,interaction_gaussian,0,4,"[1, 3, 5]",0.07257380075684894,1.0,False
interaction_gaussian_019,interaction_gaussian,2,4,"[1, 3, 5]",0.5217481025735894,1.0,False
interaction_gaussian_019,interaction_gaussian,6,4,"[1, 3, 5]",0.409014174653512,1.0,False
interaction_gaussian_019,interaction_gaussian,7,4,"[1, 3, 5]",0.21149026054864972,1.0,False
interaction_gaussian_019,interaction_gaussian,8,4,"[1, 3, 5]",0.17095368443336456,1.0,False
interaction_gaussian_019,interaction_gaussian,9,4,"[1, 3, 5]",0.5067037679399804,1.0,False
interaction_gaussian_019,interaction_gaussian,7,5,[3],0.0,0.0,True
interaction_gaussian_019,interaction_gaussian,0,6,"[1, 5]",0.7939666485698075,1.0,False
interaction_gaussian_019,interaction_gaussian,2,6,"[1, 5]",0.48522385031788806,1.0,False
interaction_gaussian_019,interaction_gaussian,3,6,"[1, 5]",0.4198594140348747,1.0,False
interaction_gaussian_019,interaction_gaussian,4,6,"[1, 5]",0.6124829410277866,1.0,False
interaction_gaussian_019,interaction_gaussian,7,6,"[1, 5]",0.19300709680238437,1.0,False
interaction_gaussian_019,interaction_gaussian,8,6,"[1, 5]",0.6541144612006808,1.0,False
interaction_gaussian_019,interaction_gaussian,9,6,"[1, 5]",1.0,1.0,False
interaction_gaussian_019,interaction_gaussian,1,7,[3],2.3406485250010434e-07,1.029885351000459e-05,True
interaction_gaussian_019,interaction_gaussian,2,7,[3],2.8753302849793272e-08,1.2938986282406972e-06,True
interaction_gaussian_019,interaction_gaussian,4,7,[3],5.973822547744589e-10,2.747958371962511e-08,True
interaction_gaussian_019,interaction_gaussian,5,7,[3],0.0,0.0,True
interaction_gaussian_019,interaction_gaussian,6,7,[3],7.923890885663809e-07,3.407273080835438e-05,True
interaction_gaussian_019,interaction_gaussian,9,7,[3],0.00013853384698936377,0.0058184215735532785,True
interaction_gaussian_019,interaction_gaussian,1,8,"[3, 5, 7]",0.020001648220910884,0.68005603951097,False
interaction_gaussian_019,interaction_gaussian,2,8,"[3, 5, 7]",0.07226525097157765,1.0,False
interaction_gaussian_019,interaction_gaussian,4,8,"[3, 5, 7]",0.10835735934129909,1.0,False
interaction_gaussian_019,interaction_gaussian,6,8,"[3, 5, 7]",0.197688344801923,1.0,False
interaction_gaussian_019,interaction_gaussian,9,8,"[3, 5, 7]",0.09024906171353453,1.0,False
interaction_gaussian_019,interaction_gaussian,0,9,"[1, 3]",0.09869813309878372,1.0,False
interaction_gaussian_019,interaction_gaussian,2,9,"[1, 3]",0.001361220479385139,0.05308759869602042,False
interaction_gaussian_019,interaction_gaussian,4,9,"[1, 3]",0.0668542372317118,1.0,False
interaction_gaussian_019,interaction_gaussian,5,9,"[1, 3]",0.9306941663797151,1.0,False
interaction_gaussian_019,interaction_gaussian,6,9,"[1, 3]",0.5258354754947909,1.0,False
interaction_gaussian_019,interaction_gaussian,7,9,"[1, 3]",0.6370989798529996,1.0,False
interaction_gaussian_019,interaction_gaussian,8,9,"[1, 3]",0.07450610775929323,1.0,False
sine_exponential_000,sine_exponential,1,0,[],0.3251754884621072,1.0,False
sine_exponential_000,sine_exponential,2,0,[],0.2409766416237249,1.0,False
sine_exponential_000,sine_exponential,3,0,[],0.35674951017900325,1.0,False
sine_exponential_000,sine_exponential,4,0,[],0.1670903694745709,1.0,False
sine_exponential_000,sine_exponential,5,0,[],0.6851710635012174,1.0,False
sine_exponential_000,sine_exponential,6,0,[],0.5261419776214353,1.0,False
sine_exponential_000,sine_exponential,7,0,[],0.4411369701477291,1.0,False
sine_exponential_000,sine_exponential,8,0,[],0.3074485034598089,1.0,False
sine_exponential_000,sine_exponential,9,0,[],0.2568202717960092,1.0,False
sine_exponential_000,sine_exponential,0,1,[],0.3251754884621072,1.0,False
sine_exponential_000,sine_exponential,3,1,[],0.5241167148934375,1.0,False
sine_exponential_000,sine_exponential,7,1,[],0.003209017638020839,0.19895909355729202,False
sine_exponential_000,sine_exponential,0,2,"[7, 8]",0.8632044059981188,1.0,False
sine_exponential_000,sine_exponential,1,2,"[7, 8]",0.3591651186544106,1.0,False
sine_exponential_000,sine_exponential,3,2,"[7, 8]",0.8507092886891777,1.0,False
sine_exponential_000,sine_exponential,4,2,"[7, 8]",0.054967681018853964,1.0,False
sine_exponential_000,sine_exponential,5,2,"[7, 8]",0.9236639218016387,1.0,False
sine_exponential_000,sine_exponential,6,2,"[7, 8]",0.09912109579964823,1.0,False
sine_exponential_000,sine_exponential,9,2,"[7, 8]",0.6711441694803463,1.0,False
sine_exponential_000,sine_exponential,0,3,[],0.35674951017900325,1.0,False
sine_exponential_000,sine_exponential,1,3,[],0.5241167148934375,1.0,False
sine_exponential_000,sine_exponential,4,3,[],0.32626517267858257,1.0,False
sine_exponential_000,sine_exponential,5,3,[],0.1032540869817038,1.0,False
sine_exponential_000,sine_exponential,6,3,[],0.03679821682619133,1.0,False
sine_exponential_000,sine_exponential,8,3,[],0.046259766994941276,1.0,False
sine_exponential_000,sine_exponential,9,3,[],0.45938303083983667,1.0,False
sine_exponential_000,sine_exponential,0,4,[1],0.4439860562253314,1.0,False
sine_exponential_000,sine_exponential,2,4,[1],0.0036466787218573105,0.21880072331143863,False
sine_exponential_000,sine_exponential,3,4,[1],0.1065171205279214,1.0,False
sine_exponential_000,sine_exponential,5,4,[1],0.010330376632996185,0.5991618447137788,False
sine_exponential_000,sine_exponential,6,4,[1],0.016511186580019488,0.9246264484810913,False
sine_exponential_000,sine_exponential,7,4,[1],0.11482634490533683,1.0,False
sine_exponential_000,sine_exponential,8,4,[1],6.4671198396482055e-09,4.3329702925642977e-07,True
sine_exponential_000,sine_exponential,0,5,[1],0.3772325611347408,1.0,False
sine_exponential_000,sine_exponential,2,5,[1],0.026112029087071442,1.0,False
sine_exponential_000,sine_exponential,3,5,[1],0.08575302663297213,1.0,False
sine_exponential_000,sine_exponential,4,5,[1],0.010330376632996185,0.5991618447137788,False
sine_exponential_000,sine_exponential,6,5,[1],0.6631099422825594,1.0,False
sine_exponential_000,sine_exponential,7,5,[1],3.847847792726178e-05,0.002424144109417492,True
sine_exponential_000,sine_exponential,8,5,[1],0.3521086144681198,1.0,False
sine_exponential_000,sine_exponential,9,5,[1],0.0173247325519984,0.952860290359912,False
sine_exponential_000,sine_exponential,0,6,"[1, 8]",0.2084511154522085,1.0,False
sine_exponential_000,sine_exponential,2,6,"[1, 8]",0.045026513657340006,1.0,False
sine_exponential_000,sine_exponential,3,6,"[1, 8]",0.5142171147168721,1.0,False
sine_exponential_000,sine_exponential,4,6,"[1, 8]",0.11322579770873431,1.0,False
sine_exponential_000,sine_exponential,5,6,"[1, 8]",0.6427218316866491,1.0,False
sine_exponential_000,sine_exponential,7,6,"[1, 8]",0.44939804209565715,1.0,False
sine_exponential_000,sine_exponential,9,6,"[1, 8]",2.8532731732866523e-13,1.9402257578349236e-11,True
sine_exponential_000,sine_exponential,0,7,[3],0.5671252965270626,1.0,False
sine_exponential_000,sine_exponential,1,7,[3],2.710291728924563e-05,0.0017345867065117204,True
sine_exponential_000,sine_exponential,4,7,[3],0.0035518121800454105,0.21666054298277004,False
sine_exponential_000,sine_exponential,5,7,[3],2.7531376876055447e-06,0.0001789539496943604,True
sine_exponential_000,sine_exponential,6,7,[3],0.4460731896286678,1.0,False
sine_exponential_000,sine_exponential,8,7,[3],0.009442082888816095,0.5570828904401496,False
sine_exponential_000,sine_exponential,9,7,[3],0.12958769091097533,1.0,False
sine_exponential_000,sine_exponential,0,8,[1],0.9628607521311309,1.0,False
sine_exponential_000,sine_exponential,3,8,[1],0.21171924714120216,1.0,False
sine_exponential_000,sine_exponential,4,8,[1],6.4671198396482055e-09,4.3329702925642977e-07,True
sine_exponential_000,sine_exponential,5,8,[1],0.3521086144681198,1.0,False
sine_exponential_000,sine_exponential,7,8,[1],0.9525365770579951,1.0,False
sine_exponential_000,sine_exponential,9,8,[1],0.05573324901050436,1.0,False
sine_exponential_000,sine_exponential,0,9,[4],0.19908463125502185,1.0,False
sine_exponential_000,sine_exponential,1,9,[4],0.07618124461571274,1.0,False
sine_exponential_000,sine_exponential,2,9,[4],0.45346074365452194,1.0,False
sine_exponential_000,sine_exponential,3,9,[4],0.2240025995139312,1.0,False
sine_exponential_000,sine_exponential,5,9,[4],0.5359465499310807,1.0,False
sine_exponential_000,sine_exponential,6,9,[4],1.574296248918472e-13,1.0862644117537457e-11,True
sine_exponential_000,sine_exponential,7,9,[4],0.3772844079252984,1.0,False
sine_exponential_000,sine_exponential,8,9,[4],0.04088424025929349,1.0,False
sine_exponential_001,sine_exponential,2,0,"[1, 8]",0.5376371493333809,1.0,False
sine_exponential_001,sine_exponential,3,0,"[1, 8]",0.6149768963113182,1.0,False
sine_exponential_001,sine_exponential,4,0,"[1, 8]",1.0,1.0,False
sine_exponential_001,sine_exponential,5,0,"[1, 8]",0.0930745972089817,1.0,False
sine_exponential_001,sine_exponential,6,0,"[1, 8]",0.33650663812544446,1.0,False
sine_exponential_001,sine_exponential,7,0,"[1, 8]",0.6233304371521953,1.0,False
sine_exponential_001,sine_exponential,9,0,"[1, 8]",0.5665928300235071,1.0,False
sine_exponential_001,sine_exponential,2,1,[],0.15223448593423172,1.0,False
sine_exponential_001,sine_exponential,3,1,[],0.29410487594218004,1.0,False
sine_exponential_001,sine_exponential,4,1,[],0.3398299551064642,1.0,False
sine_exponential_001,sine_exponential,5,1,[],0.6179916196560851,1.0,False
sine_exponential_001,sine_exponential,6,1,[],0.914354935197409,1.0,False
sine_exponential_001,sine_exponential,7,1,[],0.28898624403962614,1.0,False
sine_exponential_001,sine_exponential,9,1,[],0.24539996949385978,1.0,False
sine_exponential_001,sine_exponential,0,2,[9],1.0,1.0,False
sine_exponential_001,sine_exponential,1,2,[9],0.18757389674375702,1.0,False
sine_exponential_001,sine_exponential,3,2,[9],1.0,1.0,False
sine_exponential_001,sine_exponential,5,2,[9],0.26007731585070015,1.0,False
sine_exponential_001,sine_exponential,6,2,[9],0.24855710761746241,1.0,False
sine_exponential_001,sine_exponential,7,2,[9],0.08460012883393742,1.0,False
sine_exponential_001,sine_exponential,8,2,[9],0.13824096173637512,1.0,False
sine_exponential_001,sine_exponential,0,3,[],0.38877069454100244,1.0,False
sine_exponential_001,sine_exponential,1,3,[],0.29410487594218004,1.0,False
sine_exponential_001,sine_exponential,2,3,[],0.7327237283315269,1.0,False
sine_exponential_001,sine_exponential,4,3,[],0.8837206631752702,1.0,False
sine_exponential_001,sine_exponential,5,3,[],0.240597586356477,1.0,False
sine_exponential_001,sine_exponential,6,3,[],0.888208309375012,1.0,False
sine_exponential_001,sine_exponential,7,3,[],0.6233395254246074,1.0,False
sine_exponential_001,sine_exponential,8,3,[],0.30492491373837094,1.0,False
sine_exponential_001,sine_exponential,9,3,[],0.6767136377580861,1.0,False
sine_exponential_001,sine_exponential,0,4,"[2, 9]",0.5750574886989079,1.0,False
sine_exponential_001,sine_exponential,1,4,"[2, 9]",0.17552387256284074,1.0,False
sine_exponential_001,sine_exponential,3,4,"[2, 9]",1.0,1.0,False
sine_exponential_001,sine_exponential,5,4,"[2, 9]",0.5429830461219174,1.0,False
sine_exponential_001,sine_exponential,6,4,"[2, 9]",0.08381693949305824,1.0,False
sine_exponential_001,sine_exponential,7,4,"[2, 9]",0.3485281742529762,1.0,False
sine_exponential_001,sine_exponential,8,4,"[2, 9]",0.47772339462819713,1.0,False
sine_exponential_001,sine_exponential,0,5,[],0.2248099418784859,1.0,False
sine_exponential_001,sine_exponential,1,5,[],0.6179916196560851,1.0,False
sine_exponential_001,sine_exponential,2,5,[],0.5280487001685255,1.0,False
sine_exponential_001,sine_exponential,3,5,[],0.240597586356477,1.0,False
sine_exponential_001,sine_exponential,4,5,[],0.20659454972130797,1.0,False
sine_exponential_001,sine_exponential,7,5,[],0.9046644085177985,1.0,False
sine_exponential_001,sine_exponential,8,5,[],1.0,1.0,False
sine_exponential_001,sine_exponential,9,5,[],0.3506641648408202,1.0,False
sine_exponential_001,sine_exponential,0,6,[5],0.3551306373559955,1.0,False
sine_exponential_001,sine_exponential,1,6,[5],0.6649908710735166,1.0,False
sine_exponential_001,sine_exponential,2,6,[5],0.47638906288399396,1.0,False
sine_exponential_001,sine_exponential,3,6,[5],0.5871733155510267,1.0,False
sine_exponential_001,sine_exponential,4,6,[5],0.09494710596179767,1.0,False
sine_exponential_001,sine_exponential,7,6,[5],0.1646320243850714,1.0,False
sine_exponential_001,sine_exponential,8,6,[5],1.0,1.0,False
sine_exponential_001,sine_exponential,9,6,[5],0.6362006697251057,1.0,False
sine_exponential_001,sine_exponential,0,7,[],0.4935670820878676,1.0,False
sine_exponential_001,sine_exponential,1,7,[],0.28898624403962614,1.0,False
sine_exponential_001,sine_exponential,2,7,[],0.2853110504394838,1.0,False
sine_exponential_001,sine_exponential,3,7,[],0.6233395254246074,1.0,False
sine_exponential_001,sine_exponential,4,7,[],0.6691145203972835,1.0,False
sine_exponential_001,sine_exponential,5,7,[],0.9046644085177985,1.0,False
sine_exponential_001,sine_exponential,6,7,[],0.5155268055177278,1.0,False
sine_exponential_001,sine_exponential,8,7,[],0.23056369284685851,1.0,False
sine_exponential_001,sine_exponential,9,7,[],0.356256988691922,1.0,False
sine_exponential_001,sine_exponential,2,8,"[1, 9]",0.23466470067113143,1.0,False
sine_exponential_001,sine_exponential,3,8,"[1, 9]",0.7244277169844966,1.0,False
sine_exponential_001,sine_exponential,4,8,"[1, 9]",0.3798550736600649,1.0,False
sine_exponential_001,sine_exponential,5,8,"[1, 9]",0.32305109294466483,1.0,False
sine_exponential_001,sine_exponential,6,8,"[1, 9]",0.7912304179398202,1.0,False
sine_exponential_001,sine_exponential,7,8,"[1, 9]",0.9394406660402258,1.0,False
sine_exponential_001,sine_exponential,1,9,[],0.24539996949385978,1.0,False
sine_exponential_001,sine_exponential,3,9,[],0.6767136377580861,1.0,False
sine_exponential_001,sine_exponential,5,9,[],0.3506641648408202,1.0,False
sine_exponential_001,sine_exponential,6,9,[],0.26658273000763155,1.0,False
sine_exponential_001,sine_exponential,7,9,[],0.356256988691922,1.0,False
sine_exponential_002,sine_exponential,3,0,[5],0.928918516908024,1.0,False
sine_exponential_002,sine_exponential,4,0,[5],0.3881091090359029,1.0,False
sine_exponential_002,sine_exponential,6,0,[5],0.7566545020675016,1.0,False
sine_exponential_002,sine_exponential,9,0,[5],0.2975401350156075,1.0,False
sine_exponential_002,sine_exponential,3,1,"[0, 5]",0.3055289589619218,1.0,False
sine_exponential_002,sine_exponential,4,1,"[0, 5]",0.48553649787569897,1.0,False
sine_exponential_002,sine_exponential,6,1,"[0, 5]",1.0,1.0,False
sine_exponential_002,sine_exponential,9,1,"[0, 5]",0.46287794298807705,1.0,False
sine_exponential_002,sine_exponential,4,2,"[0, 1, 3, 5, 6]",0.5033765390610441,1.0,False
sine_exponential_002,sine_exponential,8,2,"[0, 1, 3, 5, 6]",0.4345803723720453,1.0,False
sine_exponential_002,sine_exponential,9,2,"[0, 1, 3, 5, 6]",0.39983486985641237,1.0,False
sine_exponential_002,sine_exponential,0,3,[6],0.4769073524494316,1.0,False
sine_exponential_002,sine_exponential,1,3,[6],0.2146014977763313,1.0,False
sine_exponential_002,sine_exponential,4,3,[6],0.2440929615928481,1.0,False
sine_exponential_002,sine_exponential,5,3,[6],0.5606711368973514,1.0,False
sine_exponential_002,sine_exponential,8,3,[6],0.3054640861610357,1.0,False
sine_exponential_002,sine_exponential,9,3,[6],0.05933660203036362,1.0,False
sine_exponential_002,sine_exponential,0,4,[],1.0,1.0,False
sine_exponential_002,sine_exponential,1,4,[],0.3736400246845426,1.0,False
sine_exponential_002,sine_exponential,2,4,[],0.19191500439700027,1.0,False
sine_exponential_002,sine_exponential,3,4,[],0.4318073816845379,1.0,False
sine_exponential_002,sine_exponential,5,4,[],0.7435983395992336,1.0,False
sine_exponential_002,sine_exponential,6,4,[],0.1370027484137839,1.0,False
sine_exponential_002,sine_exponential,7,4,[],0.38353123760871355,1.0,False
sine_exponential_002,sine_exponential,8,4,[],0.35721437232748965,1.0,False
sine_exponential_002,sine_exponential,9,4,[],0.35358186459786545,1.0,False
sine_exponential_002,sine_exponential,3,5,[],0.7007862838091456,1.0,False
sine_exponential_002,sine_exponential,4,5,[],0.7435983395992336,1.0,False
sine_exponential_002,sine_exponential,6,5,[],0.8825017438953167,1.0,False
sine_exponential_002,sine_exponential,9,5,[],0.29214679347441386,1.0,False
sine_exponential_002,sine_exponential,0,6,[],0.8148198268832315,1.0,False
sine_exponential_002,sine_exponential,1,6,[],0.741751115902701,1.0,False
sine_exponential_002,sine_exponential,4,6,[],0.1370027484137839,1.0,False
sine_exponential_002,sine_exponential,5,6,[],0.8825017438953167,1.0,False
sine_exponential_002,sine_exponential,8,6,[],0.2545886798382866,1.0,False
sine_exponential_002,sine_exponential,9,6,[],0.11081788236495282,1.0,False
sine_exponential_002,sine_exponential,4,7,"[0, 1, 2, 3, 5, 6, 8, 9]",0.029120732873937794,1.0,False
sine_exponential_002,sine_exponential,2,8,"[0, 1, 5]",0.7498217592809575,1.0,False
sine_exponential_002,sine_exponential,3,8,"[0, 1, 5]",0.19749364172911754,1.0,False
sine_exponential_002,sine_exponential,4,8,"[0, 1, 5]",0.23999269241857502,1.0,False
sine_exponential_002,sine_exponential,6,8,"[0, 1, 5]",0.36225389722107326,1.0,False
sine_exponential_002,sine_exponential,9,8,"[0, 1, 5]",0.6637573710987621,1.0,False
sine_exponential_002,sine_exponential,0,9,[],0.32804043398520943,1.0,False
sine_exponential_002,sine_exponential,1,9,[],0.1953116379596389,1.0,False
sine_exponential_002,sine_exponential,2,9,[],0.376238080438941,1.0,False
sine_exponential_002,sine_exponential,3,9,[],0.050330796358588725,1.0,False
sine_exponential_002,sine_exponential,4,9,[],0.35358186459786545,1.0,False
sine_exponential_002,sine_exponential,5,9,[],0.29214679347441386,1.0,False
sine_exponential_002,sine_exponential,6,9,[],0.11081788236495282,1.0,False
sine_exponential_002,sine_exponential,8,9,[],0.4113310655143144,1.0,False
sine_exponential_003,sine_exponential,1,0,"[2, 7]",0.6599765354346363,1.0,False
sine_exponential_003,sine_exponential,4,0,"[2, 7]",0.26936632238295644,1.0,False
sine_exponential_003,sine_exponential,6,0,"[2, 7]",0.1259190700972711,1.0,False
sine_exponential_003,sine_exponential,0,1,[],0.4240587547154463,1.0,False
sine_exponential_003,sine_exponential,2,1,[],0.461735638579028,1.0,False
sine_exponential_003,sine_exponential,3,1,[],0.8214003351360365,1.0,False
sine_exponential_003,sine_exponential,4,1,[],0.8312027239141644,1.0,False
sine_exponential_003,sine_exponential,5,1,[],0.006779062789525336,0.3592903278448428,False
sine_exponential_003,sine_exponential,6,1,[],0.40816686794610213,1.0,False
sine_exponential_003,sine_exponential,7,1,[],0.14850279439348757,1.0,False
sine_exponential_003,sine_exponential,8,1,[],0.018547142980654074,0.9644514349940119,False
sine_exponential_003,sine_exponential,1,2,[],0.461735638579028,1.0,False
sine_exponential_003,sine_exponential,4,2,[],0.6305752904279505,1.0,False
sine_exponential_003,sine_exponential,6,2,[],0.6891204372689059,1.0,False
sine_exponential_003,sine_exponential,7,2,[],0.18878813486866353,1.0,False
sine_exponential_003,sine_exponential,1,3,"[0, 2, 7, 8]",0.7488119044873882,1.0,False
sine_exponential_003,sine_exponential,4,3,"[0, 2, 7, 8]",0.16560481442696084,1.0,False
sine_exponential_003,sine_exponential,5,3,"[0, 2, 7, 8]",0.22914070616413995,1.0,False
sine_exponential_003,sine_exponential,6,3,"[0, 2, 7, 8]",0.33500511725889437,1.0,False
sine_exponential_003,sine_exponential,9,3,"[0, 2, 7, 8]",0.07978642648648937,1.0,False
sine_exponential_003,sine_exponential,0,4,[],0.22284555604179002,1.0,False
sine_exponential_003,sine_exponential,1,4,[],0.8312027239141644,1.0,False
sine_exponential_003,sine_exponential,2,4,[],0.6305752904279505,1.0,False
sine_exponential_003,sine_exponential,3,4,[],0.12839949970148712,1.0,False
sine_exponential_003,sine_exponential,5,4,[],0.6929575320928467,1.0,False
sine_exponential_003,sine_exponential,6,4,[],0.663713767481886,1.0,False
sine_exponential_003,sine_exponential,7,4,[],0.2718803872501123,1.0,False
sine_exponential_003,sine_exponential,8,4,[],0.8115925636157297,1.0,False
sine_exponential_003,sine_exponential,9,4,[],0.3621633818017671,1.0,False
sine_exponential_003,sine_exponential,1,5,"[0, 2, 7]",0.0005332349083962962,0.028794685053399993,True
sine_exponential_003,sine_exponential,4,5,"[0, 2, 7]",0.4352857648698404,1.0,False
sine_exponential_003,sine_exponential,6,5,"[0, 2, 7]",0.19263126102209882,1.0,False
sine_exponential_003,sine_exponential,0,6,[],0.11010496947122816,1.0,False
sine_exponential_003,sine_exponential,1,6,[],0.40816686794610213,1.0,False
sine_exponential_003,sine_exponential,2,6,[],0.6891204372689059,1.0,False
sine_exponential_003,sine_exponential,3,6,[],0.6305716574576201,1.0,False
sine_exponential_003,sine_exponential,4,6,[],0.663713767481886,1.0,False
sine_exponential_003,sine_exponential,5,6,[],0.30981205378417953,1.0,False
sine_exponential_003,sine_exponential,7,6,[],0.21161270209718397,1.0,False
sine_exponential_003,sine_exponential,8,6,[],0.7567580870060143,1.0,False
sine_exponential_003,sine_exponential,9,6,[],0.4405451484982883,1.0,False
sine_exponential_003,sine_exponential,1,7,[],0.14850279439348757,1.0,False
sine_exponential_003,sine_exponential,2,7,[],0.18878813486866353,1.0,False
sine_exponential_003,sine_exponential,4,7,[],0.2718803872501123,1.0,False
sine_exponential_003,sine_exponential,6,7,[],0.21161270209718397,1.0,False
sine_exponential_003,sine_exponential,1,8,"[0, 2, 5, 7]",0.23229925356560588,1.0,False
sine_exponential_003,sine_exponential,4,8,"[0, 2, 5, 7]",0.22772630132366434,1.0,False
sine_exponential_003,sine_exponential,6,8,"[0, 2, 5, 7]",0.17171221129940029,1.0,False
sine_exponential_003,sine_exponential,0,9,"[1, 7, 8]",0.3768604572639611,1.0,False
sine_exponential_003,sine_exponential,2,9,"[1, 7, 8]",0.23678648702820004,1.0,False
sine_exponential_003,sine_exponential,3,9,"[1, 7, 8]",0.5347507128473541,1.0,False
sine_exponential_003,sine_exponential,4,9,"[1, 7, 8]",0.027681483037025778,1.0,False
sine_exponential_003,sine_exponential,5,9,"[1, 7, 8]",0.9913356666645526,1.0,False
sine_exponential_003,sine_exponential,6,9,"[1, 7, 8]",0.2804932675092159,1.0,False
sine_exponential_004,sine_exponential,1,0,[],1.0,1.0,False
sine_exponential_004,sine_exponential,2,0,[],0.10207046887792415,1.0,False
sine_exponential_004,sine_exponential,3,0,[],0.823779429609732,1.0,False
sine_exponential_004,sine_exponential,4,0,[],0.7528706971794384,1.0,False
sine_exponential_004,sine_exponential,5,0,[],0.6186660792337675,1.0,False
sine_exponential_004,sine_exponential,6,0,[],0.9688524073258956,1.0,False
sine_exponential_004,sine_exponential,7,0,[],1.0,1.0,False
sine_exponential_004,sine_exponential,8,0,[],0.678940728964172,1.0,False
sine_exponential_004,sine_exponential,9,0,[],0.9849056333226094,1.0,False
sine_exponential_004,sine_exponential,0,1,[9],0.30354292318671816,1.0,False
sine_exponential_004,sine_exponential,2,1,[9],0.01650832442968797,0.8749411947734624,False
sine_exponential_004,sine_exponential,3,1,[9],0.12921241475195822,1.0,False
sine_exponential_004,sine_exponential,4,1,[9],0.6953976569324269,1.0,False
sine_exponential_004,sine_exponential,5,1,[9],1.8107789490073856e-07,1.0683595799143575e-05,True
sine_exponential_004,sine_exponential,6,1,[9],9.549854651513812e-08,5.729912790908287e-06,True
sine_exponential_004,sine_exponential,7,1,[9],0.0008892748713518195,0.04979939279570189,True
sine_exponential_004,sine_exponential,8,1,[9],4.4684355648971774e-07,2.591692627640363e-05,True
sine_exponential_004,sine_exponential,0,2,[],0.10207046887792415,1.0,False
sine_exponential_004,sine_exponential,1,2,[],0.012227050053030153,0.6602607028636283,False
sine_exponential_004,sine_exponential,3,2,[],0.45120218024683045,1.0,False
sine_exponential_004,sine_exponential,4,2,[],0.8895578294144859,1.0,False
sine_exponential_004,sine_exponential,5,2,[],0.8051916218188602,1.0,False
sine_exponential_004,sine_exponential,6,2,[],0.3155945272884866,1.0,False
sine_exponential_004,sine_exponential,7,2,[],0.3372902038755029,1.0,False
sine_exponential_004,sine_exponential,8,2,[],0.4383484851028632,1.0,False
sine_exponential_004,sine_exponential,9,2,[],0.21444426524273674,1.0,False
sine_exponential_004,sine_exponential,0,3,"[5, 7]",0.6757985351831552,1.0,False
sine_exponential_004,sine_exponential,1,3,"[5, 7]",0.0374303613432585,1.0,False
sine_exponential_004,sine_exponential,2,3,"[5, 7]",0.24590123034790423,1.0,False
sine_exponential_004,sine_exponential,4,3,"[5, 7]",0.4260123896833675,1.0,False
sine_exponential_004,sine_exponential,6,3,"[5, 7]",1.0,1.0,False
sine_exponential_004,sine_exponential,8,3,"[5, 7]",0.8325256491049844,1.0,False
sine_exponential_004,sine_exponential,9,3,"[5, 7]",1.0,1.0,False
sine_exponential_004,sine_exponential,0,4,"[7, 9]",0.2945321390468725,1.0,False
sine_exponential_004,sine_exponential,1,4,"[7, 9]",0.8601540307299167,1.0,False
sine_exponential_004,sine_exponential,2,4,"[7, 9]",0.7766161126242237,1.0,False
sine_exponential_004,sine_exponential,3,4,"[7, 9]",0.13075599650446745,1.0,False
sine_exponential_004,sine_exponential,5,4,"[7, 9]",0.6870887607882032,1.0,False
sine_exponential_004,sine_exponential,6,4,"[7, 9]",0.035978420627367225,1.0,False
sine_exponential_004,sine_exponential,8,4,"[7, 9]",0.3716976442038732,1.0,False
sine_exponential_004,sine_exponential,0,5,"[7, 9]",0.9185553967517861,1.0,False
sine_exponential_004,sine_exponential,1,5,"[7, 9]",0.05855010596572974,1.0,False
sine_exponential_004,sine_exponential,2,5,"[7, 9]",1.0,1.0,False
sine_exponential_004,sine_exponential,4,5,"[7, 9]",0.6870887607882032,1.0,False
sine_exponential_004,sine_exponential,0,6,"[8, 9]",0.42306527524590154,1.0,False
sine_exponential_004,sine_exponential,1,6,"[8, 9]",0.06888480069856406,1.0,False
sine_exponential_004,sine_exponential,2,6,"[8, 9]",0.6614012741406268,1.0,False
sine_exponential_004,sine_exponential,3,6,"[8, 9]",0.821372233231547,1.0,False
sine_exponential_004,sine_exponential,4,6,"[8, 9]",0.00040403189449733645,0.023029817986348178,True
sine_exponential_004,sine_exponential,5,6,"[8, 9]",0.0017532586038889741,0.09642922321389358,False
sine_exponential_004,sine_exponential,7,6,"[8, 9]",0.34548524161784133,1.0,False
sine_exponential_004,sine_exponential,0,7,[],1.0,1.0,False
sine_exponential_004,sine_exponential,2,7,[],0.3372902038755029,1.0,False
sine_exponential_004,sine_exponential,0,8,"[5, 7, 9]",0.03234837580749583,1.0,False
sine_exponential_004,sine_exponential,1,8,"[5, 7, 9]",0.05551255758252549,1.0,False
sine_exponential_004,sine_exponential,2,8,"[5, 7, 9]",0.08806678666085532,1.0,False
sine_exponential_004,sine_exponential,3,8,"[5, 7, 9]",0.48475563797574284,1.0,False
sine_exponential_004,sine_exponential,4,8,"[5, 7, 9]",0.6735141231647936,1.0,False
sine_exponential_004,sine_exponential,0,9,[7],0.46306356150492056,1.0,False
sine_exponential_004,sine_exponential,2,9,[7],0.9140127604334017,1.0,False
sine_exponential_005,sine_exponential,1,0,[],0.3498925452994619,1.0,False
sine_exponential_005,sine_exponential,2,0,[],0.44085481723024333,1.0,False
sine_exponential_005,sine_exponential,3,0,[],0.0023837621413503873,0.15732830132912556,False
sine_exponential_005,sine_exponential,4,0,[],0.7433994300258009,1.0,False
sine_exponential_005,sine_exponential,6,0,[],0.6296817903880296,1.0,False
sine_exponential_005,sine_exponential,8,0,[],0.00013967589026908644,0.009497960538297878,True
sine_exponential_005,sine_exponential,9,0,[],0.5689650794272725,1.0,False
sine_exponential_005,sine_exponential,0,1,[8],1.0,1.0,False
sine_exponential_005,sine_exponential,2,1,[8],1.4193247577232171e-08,1.0077205779834841e-06,True
sine_exponential_005,sine_exponential,3,1,[8],0.247061677086986,1.0,False
sine_exponential_005,sine_exponential,4,1,[8],0.1161852816782335,1.0,False
sine_exponential_005,sine_exponential,5,1,[8],0.054699202888025655,1.0,False
sine_exponential_005,sine_exponential,6,1,[8],0.7709913803525184,1.0,False
sine_exponential_005,sine_exponential,7,1,[8],0.4201867696025001,1.0,False
sine_exponential_005,sine_exponential,9,1,[8],0.08361527469181662,1.0,False
sine_exponential_005,sine_exponential,0,2,[8],0.0537408431774391,1.0,False
sine_exponential_005,sine_exponential,1,2,[8],1.4193247577232171e-08,1.0077205779834841e-06,True
sine_exponential_005,sine_exponential,3,2,[8],0.5330428185140283,1.0,False
sine_exponential_005,sine_exponential,4,2,[8],0.19868400410075937,1.0,False
sine_exponential_005,sine_exponential,5,2,[8],0.5326172901339459,1.0,False
sine_exponential_005,sine_exponential,6,2,[8],0.31327560682422495,1.0,False
sine_exponential_005,sine_exponential,7,2,[8],0.49600475715931225,1.0,False
sine_exponential_005,sine_exponential,9,2,[8],0.29425147746364577,1.0,False
sine_exponential_005,sine_exponential,0,3,[8],1.0,1.0,False
sine_exponential_005,sine_exponential,1,3,[8],0.247061677086986,1.0,False
sine_exponential_005,sine_exponential,2,3,[8],0.5330428185140283,1.0,False
sine_exponential_005,sine_exponential,4,3,[8],0.740560978053876,1.0,False
sine_exponential_005,sine_exponential,5,3,[8],1.0,1.0,False
sine_exponential_005,sine_exponential,6,3,[8],0.28093334435966266,1.0,False
sine_exponential_005,sine_exponential,7,3,[8],0.8381275922465503,1.0,False
sine_exponential_005,sine_exponential,9,3,[8],0.033563474420402195,1.0,False
sine_exponential_005,sine_exponential,0,4,"[6, 9]",0.42882812469963205,1.0,False
sine_exponential_005,sine_exponential,1,4,"[6, 9]",0.3124166866236514,1.0,False
sine_exponential_005,sine_exponential,2,4,"[6, 9]",0.08461067942050915,1.0,False
sine_exponential_005,sine_exponential,3,4,"[6, 9]",0.2630443031328821,1.0,False
sine_exponential_005,sine_exponential,5,4,"[6, 9]",0.19981042835189278,1.0,False
sine_exponential_005,sine_exponential,7,4,"[6, 9]",0.20369114067910155,1.0,False
sine_exponential_005,sine_exponential,8,4,"[6, 9]",1.417754802446325e-13,1.0349610057858172e-11,True
sine_exponential_005,sine_exponential,1,5,[0],1.0,1.0,False
sine_exponential_005,sine_exponential,2,5,[0],0.39586939762546636,1.0,False
sine_exponential_005,sine_exponential,3,5,[0],0.012997040563353046,0.8188135554912419,False
sine_exponential_005,sine_exponential,4,5,[0],0.6532802627248284,1.0,False
sine_exponential_005,sine_exponential,6,5,[0],0.2233734201238643,1.0,False
sine_exponential_005,sine_exponential,8,5,[0],0.003383415950214963,0.2199220367639726,False
sine_exponential_005,sine_exponential,9,5,[0],0.4390954373984889,1.0,False
sine_exponential_005,sine_exponential,0,6,[],0.6296817903880296,1.0,False
sine_exponential_005,sine_exponential,1,6,[],0.2571514445372074,1.0,False
sine_exponential_005,sine_exponential,2,6,[],0.9269510304115022,1.0,False
sine_exponential_005,sine_exponential,3,6,[],0.4361756613304354,1.0,False
sine_exponential_005,sine_exponential,5,6,[],0.40909001039615733,1.0,False
sine_exponential_005,sine_exponential,7,6,[],0.45774642330658843,1.0,False
sine_exponential_005,sine_exponential,8,6,[],0.040294428860983,1.0,False
sine_exponential_005,sine_exponential,9,6,[],0.3917444901260384,1.0,False
sine_exponential_005,sine_exponential,1,7,"[0, 5]",0.3007422882779849,1.0,False
sine_exponential_005,sine_exponential,2,7,"[0, 5]",0.2253306167194824,1.0,False
sine_exponential_005,sine_exponential,3,7,"[0, 5]",0.13930528683914334,1.0,False
sine_exponential_005,sine_exponential,4,7,"[0, 5]",0.19110220957133883,1.0,False
sine_exponential_005,sine_exponential,6,7,"[0, 5]",0.0055880610682236265,0.3576359083663121,False
sine_exponential_005,sine_exponential,8,7,"[0, 5]",0.10931825534181427,1.0,False
sine_exponential_005,sine_exponential,9,7,"[0, 5]",0.9337127307598122,1.0,False
sine_exponential_005,sine_exponential,0,8,[],0.00013967589026908644,0.009497960538297878,True
sine_exponential_005,sine_exponential,4,8,[],0.0,0.0,True
sine_exponential_005,sine_exponential,5,8,[],1.89024491614731e-08,1.304268992141644e-06,True
sine_exponential_005,sine_exponential,6,8,[],0.040294428860983,1.0,False
sine_exponential_005,sine_exponential,7,8,[],8.091183389957735e-09,5.825652040769569e-07,True
sine_exponential_005,sine_exponential,9,8,[],0.5568777777658894,1.0,False
sine_exponential_005,sine_exponential,0,9,[],0.5689650794272725,1.0,False
sine_exponential_005,sine_exponential,1,9,[],0.1965192689126719,1.0,False
sine_exponential_005,sine_exponential,2,9,[],0.28045386440164155,1.0,False
sine_exponential_005,sine_exponential,3,9,[],0.37407150925802546,1.0,False
sine_exponential_005,sine_exponential,5,9,[],1.0,1.0,False
sine_exponential_005,sine_exponential,6,9,[],0.3917444901260384,1.0,False
sine_exponential_005,sine_exponential,7,9,[],0.6594763064187192,1.0,False
sine_exponential_005,sine_exponential,8,9,[],0.5568777777658894,1.0,False
sine_exponential_006,sine_exponential,4,0,[2],0.03223193357899312,1.0,False
sine_exponential_006,sine_exponential,5,0,[2],0.6537036467281476,1.0,False
sine_exponential_006,sine_exponential,6,0,[2],0.4579668948266271,1.0,False
sine_exponential_006,sine_exponential,7,0,[2],0.5364200343450372,1.0,False
sine_exponential_006,sine_exponential,8,0,[2],0.6461837085954837,1.0,False
sine_exponential_006,sine_exponential,9,0,[2],0.6659708116818271,1.0,False
sine_exponential_006,sine_exponential,2,1,[0],0.48329451333952,1.0,False
sine_exponential_006,sine_exponential,3,1,[0],0.35163232640088427,1.0,False
sine_exponential_006,sine_exponential,4,1,[0],0.44041361288168723,1.0,False
sine_exponential_006,sine_exponential,5,1,[0],0.38860024252308656,1.0,False
sine_exponential_006,sine_exponential,6,1,[0],0.5633758705981775,1.0,False
sine_exponential_006,sine_exponential,7,1,[0],0.22850838696119902,1.0,False
sine_exponential_006,sine_exponential,8,1,[0],0.1202945497546819,1.0,False
sine_exponential_006,sine_exponential,9,1,[0],0.5307222617218602,1.0,False
sine_exponential_006,sine_exponential,5,2,[],0.5249912462435917,1.0,False
sine_exponential_006,sine_exponential,8,2,[],0.7477571494739484,1.0,False
sine_exponential_006,sine_exponential,9,2,[],0.6971458580149965,1.0,False
sine_exponential_006,sine_exponential,1,3,"[0, 8]",0.1916962126776619,1.0,False
sine_exponential_006,sine_exponential,2,3,"[0, 8]",0.031682791028277424,1.0,False
sine_exponential_006,sine_exponential,4,3,"[0, 8]",0.0,0.0,True
sine_exponential_006,sine_exponential,5,3,"[0, 8]",0.06692981850585,1.0,False
sine_exponential_006,sine_exponential,6,3,"[0, 8]",0.833257596603953,1.0,False
sine_exponential_006,sine_exponential,7,3,"[0, 8]",0.5199794375266666,1.0,False
sine_exponential_006,sine_exponential,9,3,"[0, 8]",0.8153006262073266,1.0,False
sine_exponential_006,sine_exponential,0,4,"[6, 8, 9]",0.0433875896428757,1.0,False
sine_exponential_006,sine_exponential,1,4,"[6, 8, 9]",0.3337551586465093,1.0,False
sine_exponential_006,sine_exponential,2,4,"[6, 8, 9]",0.0006993167266294842,0.04335763705102802,True
sine_exponential_006,sine_exponential,3,4,"[6, 8, 9]",1.4796345826351143e-07,9.765588245391754e-06,True
sine_exponential_006,sine_exponential,5,4,"[6, 8, 9]",0.8662548599451374,1.0,False
sine_exponential_006,sine_exponential,7,4,"[6, 8, 9]",1.7417321479862302e-05,0.001097291253231325,True
sine_exponential_006,sine_exponential,0,5,[8],1.0,1.0,False
sine_exponential_006,sine_exponential,1,5,[8],0.8237377632052671,1.0,False
sine_exponential_006,sine_exponential,2,5,[8],0.09117573217872454,1.0,False
sine_exponential_006,sine_exponential,3,5,[8],0.19263383039559012,1.0,False
sine_exponential_006,sine_exponential,4,5,[8],0.4975086198481138,1.0,False
sine_exponential_006,sine_exponential,6,5,[8],0.4891955889298164,1.0,False
sine_exponential_006,sine_exponential,7,5,[8],0.4197881211559593,1.0,False
sine_exponential_006,sine_exponential,9,5,[8],0.5536338042394657,1.0,False
sine_exponential_006,sine_exponential,0,6,[2],0.4579668948266271,1.0,False
sine_exponential_006,sine_exponential,1,6,[2],0.39207262954304456,1.0,False
sine_exponential_006,sine_exponential,3,6,[2],3.8634301380291447e-07,2.511229589718944e-05,True
sine_exponential_006,sine_exponential,5,6,[2],1.0,1.0,False
sine_exponential_006,sine_exponential,7,6,[2],0.3154096116870455,1.0,False
sine_exponential_006,sine_exponential,8,6,[2],0.3372774006416732,1.0,False
sine_exponential_006,sine_exponential,9,6,[2],0.20858938099685742,1.0,False
sine_exponential_006,sine_exponential,0,7,[2],0.5364200343450372,1.0,False
sine_exponential_006,sine_exponential,1,7,[2],0.5609394685713165,1.0,False
sine_exponential_006,sine_exponential,3,7,[2],0.06367356269090796,1.0,False
sine_exponential_006,sine_exponential,4,7,[2],2.200941789487487e-06,0.00014086027452719918,True
sine_exponential_006,sine_exponential,5,7,[2],0.4285728595864857,1.0,False
sine_exponential_006,sine_exponential,6,7,[2],0.3154096116870455,1.0,False
sine_exponential_006,sine_exponential,8,7,[2],0.22319260388590834,1.0,False
sine_exponential_006,sine_exponential,9,7,[2],0.260147175660737,1.0,False
sine_exponential_006,sine_exponential,0,8,[],0.8508149350678085,1.0,False
sine_exponential_006,sine_exponential,1,8,[],0.002170215179129964,0.1323831259269278,False
sine_exponential_006,sine_exponential,2,8,[],0.7477571494739484,1.0,False
sine_exponential_006,sine_exponential,6,8,[],0.5287903706995828,1.0,False
sine_exponential_006,sine_exponential,7,8,[],0.7945115776496676,1.0,False
sine_exponential_006,sine_exponential,9,8,[],0.7570645770862985,1.0,False
sine_exponential_006,sine_exponential,0,9,[],0.15580000501356384,1.0,False
sine_exponential_006,sine_exponential,1,9,[],0.2906694350006195,1.0,False
sine_exponential_006,sine_exponential,2,9,[],0.6971458580149965,1.0,False
sine_exponential_006,sine_exponential,3,9,[],0.31145440424550475,1.0,False
sine_exponential_006,sine_exponential,5,9,[],0.6842398150614069,1.0,False
sine_exponential_006,sine_exponential,6,9,[],0.5786138991035616,1.0,False
sine_exponential_006,sine_exponential,7,9,[],0.0907268091484369,1.0,False
sine_exponential_006,sine_exponential,8,9,[],0.7570645770862985,1.0,False
sine_exponential_007,sine_exponential,1,0,[],0.5223673318574564,1.0,False
sine_exponential_007,sine_exponential,2,0,[],0.9373886720284968,1.0,False
sine_exponential_007,sine_exponential,4,0,[],0.7427392329616602,1.0,False
sine_exponential_007,sine_exponential,5,0,[],0.7529665659392368,1.0,False
sine_exponential_007,sine_exponential,6,0,[],0.7948614635127238,1.0,False
sine_exponential_007,sine_exponential,7,0,[],0.2720110397336992,1.0,False
sine_exponential_007,sine_exponential,8,0,[],0.7835142802031797,1.0,False
sine_exponential_007,sine_exponential,9,0,[],0.922688882063103,1.0,False
sine_exponential_007,sine_exponential,0,1,[9],0.7552455768493688,1.0,False
sine_exponential_007,sine_exponential,2,1,[9],0.03828878852263129,1.0,False
sine_exponential_007,sine_exponential,3,1,[9],0.0020335964413749075,0.14845254022036825,False
sine_exponential_007,sine_exponential,4,1,[9],0.42415354419508444,1.0,False
sine_exponential_007,sine_exponential,5,1,[9],0.5134589707755133,1.0,False
sine_exponential_007,sine_exponential,6,1,[9],0.21334629624973622,1.0,False
sine_exponential_007,sine_exponential,7,1,[9],0.3565467438353832,1.0,False
sine_exponential_007,sine_exponential,8,1,[9],1.0,1.0,False
sine_exponential_007,sine_exponential,0,2,[],0.9373886720284968,1.0,False
sine_exponential_007,sine_exponential,1,2,[],0.073721870847128,1.0,False
sine_exponential_007,sine_exponential,3,2,[],0.17014035307374964,1.0,False
sine_exponential_007,sine_exponential,4,2,[],0.2750723069959815,1.0,False
sine_exponential_007,sine_exponential,5,2,[],0.5746670763395663,1.0,False
sine_exponential_007,sine_exponential,6,2,[],0.49949849730363294,1.0,False
sine_exponential_007,sine_exponential,7,2,[],0.04673097856283481,1.0,False
sine_exponential_007,sine_exponential,9,2,[],0.4664993526285711,1.0,False
sine_exponential_007,sine_exponential,1,3,"[0, 7, 9]",0.0010534621362543461,0.07900966021907596,False
sine_exponential_007,sine_exponential,2,3,"[0, 7, 9]",0.00699757418720115,0.5038253414784828,False
sine_exponential_007,sine_exponential,4,3,"[0, 7, 9]",0.35095034764004207,1.0,False
sine_exponential_007,sine_exponential,5,3,"[0, 7, 9]",0.0005772681675153546,0.04387238073116695,True
sine_exponential_007,sine_exponential,6,3,"[0, 7, 9]",0.2590436023053099,1.0,False
sine_exponential_007,sine_exponential,8,3,"[0, 7, 9]",0.5653508027827907,1.0,False
sine_exponential_007,sine_exponential,0,4,[6],0.6339663652281036,1.0,False
sine_exponential_007,sine_exponential,1,4,[6],0.7689102656660751,1.0,False
sine_exponential_007,sine_exponential,2,4,[6],0.3210908611506538,1.0,False
sine_exponential_007,sine_exponential,3,4,[6],0.5429702238011003,1.0,False
sine_exponential_007,sine_exponential,5,4,[6],1.0,1.0,False
sine_exponential_007,sine_exponential,7,4,[6],0.5912529512497583,1.0,False
sine_exponential_007,sine_exponential,8,4,[6],0.8456341118712387,1.0,False
sine_exponential_007,sine_exponential,9,4,[6],0.03347597682151404,1.0,False
sine_exponential_007,sine_exponential,0,5,[],0.7529665659392368,1.0,False
sine_exponential_007,sine_exponential,1,5,[],0.15247592282736866,1.0,False
sine_exponential_007,sine_exponential,2,5,[],0.5746670763395663,1.0,False
sine_exponential_007,sine_exponential,3,5,[],0.001780322498923459,0.13174386492033596,False
sine_exponential_007,sine_exponential,4,5,[],0.48053808636563344,1.0,False
sine_exponential_007,sine_exponential,6,5,[],0.17278363393667506,1.0,False
sine_exponential_007,sine_exponential,7,5,[],0.6376094942502923,1.0,False
sine_exponential_007,sine_exponential,9,5,[],0.44750579883699826,1.0,False
sine_exponential_007,sine_exponential,0,6,[],0.7948614635127238,1.0,False
sine_exponential_007,sine_exponential,1,6,[],0.03887400275071751,1.0,False
sine_exponential_007,sine_exponential,2,6,[],0.49949849730363294,1.0,False
sine_exponential_007,sine_exponential,3,6,[],0.8289154577375218,1.0,False
sine_exponential_007,sine_exponential,5,6,[],0.17278363393667506,1.0,False
sine_exponential_007,sine_exponential,7,6,[],0.7398421909055986,1.0,False
sine_exponential_007,sine_exponential,8,6,[],0.06105725131660833,1.0,False
sine_exponential_007,sine_exponential,9,6,[],0.3174322866368271,1.0,False
sine_exponential_007,sine_exponential,0,7,[],0.2720110397336992,1.0,False
sine_exponential_007,sine_exponential,1,7,[],0.07188920052941028,1.0,False
sine_exponential_007,sine_exponential,2,7,[],0.04673097856283481,1.0,False
sine_exponential_007,sine_exponential,4,7,[],0.8532090896197785,1.0,False
sine_exponential_007,sine_exponential,5,7,[],0.6376094942502923,1.0,False
sine_exponential_007,sine_exponential,6,7,[],0.7398421909055986,1.0,False
sine_exponential_007,sine_exponential,8,7,[],0.1999312551178014,1.0,False
sine_exponential_007,sine_exponential,9,7,[],0.40999355173145824,1.0,False
sine_exponential_007,sine_exponential,0,8,"[2, 5]",0.5169703418500315,1.0,False
sine_exponential_007,sine_exponential,1,8,"[2, 5]",1.0,1.0,False
sine_exponential_007,sine_exponential,3,8,"[2, 5]",0.5399181456749717,1.0,False
sine_exponential_007,sine_exponential,4,8,"[2, 5]",0.3500628045515325,1.0,False
sine_exponential_007,sine_exponential,6,8,"[2, 5]",0.9218815580436269,1.0,False
sine_exponential_007,sine_exponential,7,8,"[2, 5]",0.29035837813684673,1.0,False
sine_exponential_007,sine_exponential,9,8,"[2, 5]",0.9954669815539458,1.0,False
sine_exponential_007,sine_exponential,0,9,[],0.922688882063103,1.0,False
sine_exponential_007,sine_exponential,2,9,[],0.4664993526285711,1.0,False
sine_exponential_007,sine_exponential,4,9,[],0.19015392805193154,1.0,False
sine_exponential_007,sine_exponential,5,9,[],0.44750579883699826,1.0,False
sine_exponential_007,sine_exponential,6,9,[],0.3174322866368271,1.0,False
sine_exponential_007,sine_exponential,7,9,[],0.40999355173145824,1.0,False
sine_exponential_007,sine_exponential,8,9,[],0.8814763760635013,1.0,False
sine_exponential_008,sine_exponential,2,0,[],0.11832624206386555,1.0,False
sine_exponential_008,sine_exponential,3,0,[],0.02180943133253166,1.0,False
sine_exponential_008,sine_exponential,4,0,[],0.06748156439729436,1.0,False
sine_exponential_008,sine_exponential,5,0,[],0.3062340443095115,1.0,False
sine_exponential_008,sine_exponential,6,0,[],0.061412137653935384,1.0,False
sine_exponential_008,sine_exponential,7,0,[],0.6738247189554407,1.0,False
sine_exponential_008,sine_exponential,8,0,[],0.8123472659626874,1.0,False
sine_exponential_008,sine_exponential,9,0,[],0.028903568889393494,1.0,False
sine_exponential_008,sine_exponential,2,1,"[0, 5, 6, 8]",0.2069976611682961,1.0,False
sine_exponential_008,sine_exponential,3,1,"[0, 5, 6, 8]",0.19257756946526572,1.0,False
sine_exponential_008,sine_exponential,4,1,"[0, 5, 6, 8]",0.19543661613132735,1.0,False
sine_exponential_008,sine_exponential,7,1,"[0, 5, 6, 8]",0.6975046912748418,1.0,False
sine_exponential_008,sine_exponential,9,1,"[0, 5, 6, 8]",0.17502294152549747,1.0,False
sine_exponential_008,sine_exponential,0,2,[],0.11832624206386555,1.0,False
sine_exponential_008,sine_exponential,1,2,[],0.11526772720930034,1.0,False
sine_exponential_008,sine_exponential,3,2,[],0.604381143365889,1.0,False
sine_exponential_008,sine_exponential,4,2,[],0.4038603104345815,1.0,False
sine_exponential_008,sine_exponential,5,2,[],0.126262010815698,1.0,False
sine_exponential_008,sine_exponential,6,2,[],0.6342258924746271,1.0,False
sine_exponential_008,sine_exponential,7,2,[],0.058874675560531164,1.0,False
sine_exponential_008,sine_exponential,8,2,[],0.6321783976730321,1.0,False
sine_exponential_008,sine_exponential,9,2,[],0.6242613221688288,1.0,False
sine_exponential_008,sine_exponential,0,3,[4],0.32419507041034046,1.0,False
sine_exponential_008,sine_exponential,1,3,[4],0.4364510556082566,1.0,False
sine_exponential_008,sine_exponential,2,3,[4],0.15904990777010974,1.0,False
sine_exponential_008,sine_exponential,5,3,[4],0.12189225687091476,1.0,False
sine_exponential_008,sine_exponential,6,3,[4],0.16639336093716217,1.0,False
sine_exponential_008,sine_exponential,7,3,[4],0.2502595416903173,1.0,False
sine_exponential_008,sine_exponential,8,3,[4],0.8783104211599411,1.0,False
sine_exponential_008,sine_exponential,0,4,[],0.06748156439729436,1.0,False
sine_exponential_008,sine_exponential,1,4,[],0.8298431916362702,1.0,False
sine_exponential_008,sine_exponential,2,4,[],0.4038603104345815,1.0,False
sine_exponential_008,sine_exponential,5,4,[],0.4104352553915165,1.0,False
sine_exponential_008,sine_exponential,6,4,[],0.34097725780211907,1.0,False
sine_exponential_008,sine_exponential,7,4,[],0.6749792334833106,1.0,False
sine_exponential_008,sine_exponential,8,4,[],0.2564414876921639,1.0,False
sine_exponential_008,sine_exponential,0,5,[],0.3062340443095115,1.0,False
sine_exponential_008,sine_exponential,2,5,[],0.126262010815698,1.0,False
sine_exponential_008,sine_exponential,3,5,[],0.37025078578451487,1.0,False
sine_exponential_008,sine_exponential,4,5,[],0.4104352553915165,1.0,False
sine_exponential_008,sine_exponential,6,5,[],0.04559237614791134,1.0,False
sine_exponential_008,sine_exponential,7,5,[],0.6439815107557647,1.0,False
sine_exponential_008,sine_exponential,8,5,[],0.3295876943441557,1.0,False
sine_exponential_008,sine_exponential,9,5,[],0.3473012417919358,1.0,False
sine_exponential_008,sine_exponential,0,6,[],0.061412137653935384,1.0,False
sine_exponential_008,sine_exponential,2,6,[],0.6342258924746271,1.0,False
sine_exponential_008,sine_exponential,3,6,[],0.5163611465547568,1.0,False
sine_exponential_008,sine_exponential,4,6,[],0.34097725780211907,1.0,False
sine_exponential_008,sine_exponential,5,6,[],0.04559237614791134,1.0,False
sine_exponential_008,sine_exponential,7,6,[],0.5673194511702011,1.0,False
sine_exponential_008,sine_exponential,8,6,[],0.08152788928680654,1.0,False
sine_exponential_008,sine_exponential,0,7,[],0.6738247189554407,1.0,False
sine_exponential_008,sine_exponential,1,7,[],0.4285778039589734,1.0,False
sine_exponential_008,sine_exponential,2,7,[],0.058874675560531164,1.0,False
sine_exponential_008,sine_exponential,3,7,[],0.5373536282786349,1.0,False
sine_exponential_008,sine_exponential,4,7,[],0.6749792334833106,1.0,False
sine_exponential_008,sine_exponential,5,7,[],0.6439815107557647,1.0,False
sine_exponential_008,sine_exponential,6,7,[],0.5673194511702011,1.0,False
sine_exponential_008,sine_exponential,8,7,[],0.938276978734388,1.0,False
sine_exponential_008,sine_exponential,9,7,[],0.9047080105213237,1.0,False
sine_exponential_008,sine_exponential,0,8,[],0.8123472659626874,1.0,False
sine_exponential_008,sine_exponential,2,8,[],0.6321783976730321,1.0,False
sine_exponential_008,sine_exponential,3,8,[],1.0,1.0,False
sine_exponential_008,sine_exponential,4,8,[],0.2564414876921639,1.0,False
sine_exponential_008,sine_exponential,5,8,[],0.3295876943441557,1.0,False
sine_exponential_008,sine_exponential,6,8,[],0.08152788928680654,1.0,False
sine_exponential_008,sine_exponential,7,8,[],0.938276978734388,1.0,False
sine_exponential_008,sine_exponential,9,8,[],0.6386506840357848,1.0,False
sine_exponential_008,sine_exponential,0,9,"[3, 4, 6]",0.5696072457427435,1.0,False
sine_exponential_008,sine_exponential,1,9,"[3, 4, 6]",0.36853054698324905,1.0,False
sine_exponential_008,sine_exponential,2,9,"[3, 4, 6]",0.47216098969403497,1.0,False
sine_exponential_008,sine_exponential,5,9,"[3, 4, 6]",0.57842474798393,1.0,False
sine_exponential_008,sine_exponential,7,9,"[3, 4, 6]",0.4277161287794836,1.0,False
sine_exponential_008,sine_exponential,8,9,"[3, 4, 6]",0.22790301749223185,1.0,False
sine_exponential_009,sine_exponential,1,0,[4],0.41099976523836,1.0,False
sine_exponential_009,sine_exponential,2,0,[4],0.9393030223459625,1.0,False
sine_exponential_009,sine_exponential,3,0,[4],0.21035084011224636,1.0,False
sine_exponential_009,sine_exponential,5,0,[4],0.8191801751974017,1.0,False
sine_exponential_009,sine_exponential,8,0,[4],0.229785568394282,1.0,False
sine_exponential_009,sine_exponential,0,1,[2],0.5561133312167438,1.0,False
sine_exponential_009,sine_exponential,3,1,[2],0.17815158130016662,1.0,False
sine_exponential_009,sine_exponential,4,1,[2],0.4815572314385568,1.0,False
sine_exponential_009,sine_exponential,5,1,[2],0.21515238645913037,1.0,False
sine_exponential_009,sine_exponential,6,1,[2],0.01830904247627918,1.0,False
sine_exponential_009,sine_exponential,7,1,[2],0.8020461346669804,1.0,False
sine_exponential_009,sine_exponential,8,1,[2],0.5400138482057365,1.0,False
sine_exponential_009,sine_exponential,9,1,[2],0.7576614821298846,1.0,False
sine_exponential_009,sine_exponential,0,2,[],0.2887158418155866,1.0,False
sine_exponential_009,sine_exponential,3,2,[],0.3133888883913548,1.0,False
sine_exponential_009,sine_exponential,4,2,[],0.04275685340412494,1.0,False
sine_exponential_009,sine_exponential,5,2,[],0.23474125577046356,1.0,False
sine_exponential_009,sine_exponential,6,2,[],0.4631450399470798,1.0,False
sine_exponential_009,sine_exponential,7,2,[],0.14397329639725687,1.0,False
sine_exponential_009,sine_exponential,8,2,[],0.710997390793912,1.0,False
sine_exponential_009,sine_exponential,9,2,[],0.6328947550320132,1.0,False
sine_exponential_009,sine_exponential,0,3,[],0.04063138042334424,1.0,False
sine_exponential_009,sine_exponential,1,3,[],0.5442050407107343,1.0,False
sine_exponential_009,sine_exponential,2,3,[],0.3133888883913548,1.0,False
sine_exponential_009,sine_exponential,4,3,[],0.30049432282564625,1.0,False
sine_exponential_009,sine_exponential,5,3,[],0.7284502497022654,1.0,False
sine_exponential_009,sine_exponential,6,3,[],0.587321744186496,1.0,False
sine_exponential_009,sine_exponential,9,3,[],0.2254170231468572,1.0,False
sine_exponential_009,sine_exponential,1,4,[],0.05365263286649535,1.0,False
sine_exponential_009,sine_exponential,2,4,[],0.04275685340412494,1.0,False
sine_exponential_009,sine_exponential,3,4,[],0.30049432282564625,1.0,False
sine_exponential_009,sine_exponential,5,4,[],0.07564807551975439,1.0,False
sine_exponential_009,sine_exponential,8,4,[],0.9055229930218026,1.0,False
sine_exponential_009,sine_exponential,0,5,[],0.6306247278345878,1.0,False
sine_exponential_009,sine_exponential,1,5,[],0.22759674863708867,1.0,False
sine_exponential_009,sine_exponential,2,5,[],0.23474125577046356,1.0,False
sine_exponential_009,sine_exponential,3,5,[],0.7284502497022654,1.0,False
sine_exponential_009,sine_exponential,4,5,[],0.07564807551975439,1.0,False
sine_exponential_009,sine_exponential,6,5,[],0.34613476741571925,1.0,False
sine_exponential_009,sine_exponential,7,5,[],0.6018341855702147,1.0,False
sine_exponential_009,sine_exponential,8,5,[],0.42074860172262185,1.0,False
sine_exponential_009,sine_exponential,9,5,[],0.4925157703219305,1.0,False
sine_exponential_009,sine_exponential,1,6,"[0, 4, 9]",0.7880722583643432,1.0,False
sine_exponential_009,sine_exponential,2,6,"[0, 4, 9]",0.8748583856710581,1.0,False
sine_exponential_009,sine_exponential,3,6,"[0, 4, 9]",0.6528693660754392,1.0,False
sine_exponential_009,sine_exponential,5,6,"[0, 4, 9]",0.9364931355715654,1.0,False
sine_exponential_009,sine_exponential,7,6,"[0, 4, 9]",0.5852013645138041,1.0,False
sine_exponential_009,sine_exponential,8,6,"[0, 4, 9]",0.808372675364444,1.0,False
sine_exponential_009,sine_exponential,1,7,"[0, 3, 8]",0.9248869957157244,1.0,False
sine_exponential_009,sine_exponential,2,7,"[0, 3, 8]",0.658929448042262,1.0,False
sine_exponential_009,sine_exponential,4,7,"[0, 3, 8]",0.1163962144413293,1.0,False
sine_exponential_009,sine_exponential,5,7,"[0, 3, 8]",0.1564410887726122,1.0,False
sine_exponential_009,sine_exponential,6,7,"[0, 3, 8]",0.040201664615650445,1.0,False
sine_exponential_009,sine_exponential,9,7,"[0, 3, 8]",0.579628292930863,1.0,False
sine_exponential_009,sine_exponential,0,8,[3],0.3589046215204773,1.0,False
sine_exponential_009,sine_exponential,1,8,[3],0.08286809676160978,1.0,False
sine_exponential_009,sine_exponential,2,8,[3],0.7598850061495264,1.0,False
sine_exponential_009,sine_exponential,4,8,[3],0.13656924673267012,1.0,False
sine_exponential_009,sine_exponential,5,8,[3],0.40555786368224944,1.0,False
sine_exponential_009,sine_exponential,6,8,[3],0.025345101944246884,1.0,False
sine_exponential_009,sine_exponential,9,8,[3],0.13201402689781072,1.0,False
sine_exponential_009,sine_exponential,1,9,"[0, 4]",0.9565046697426196,1.0,False
sine_exponential_009,sine_exponential,2,9,"[0, 4]",0.48902553184260344,1.0,False
sine_exponential_009,sine_exponential,3,9,"[0, 4]",0.981528966676125,1.0,False
sine_exponential_009,sine_exponential,5,9,"[0, 4]",0.3517916673600966,1.0,False
sine_exponential_009,sine_exponential,7,9,"[0, 4]",0.5386187134593291,1.0,False
sine_exponential_009,sine_exponential,8,9,"[0, 4]",0.08917144475171901,1.0,False
sine_exponential_010,sine_exponential,1,0,"[2, 5, 7, 9]",0.6166431960463128,1.0,False
sine_exponential_010,sine_exponential,3,0,"[2, 5, 7, 9]",0.3684293095856288,1.0,False
sine_exponential_010,sine_exponential,4,0,"[2, 5, 7, 9]",8.452994358032484e-05,0.004649146896917866,True
sine_exponential_010,sine_exponential,6,0,"[2, 5, 7, 9]",0.6969134193403739,1.0,False
sine_exponential_010,sine_exponential,8,0,"[2, 5, 7, 9]",6.590954124008341e-05,0.0037568438506847546,True
sine_exponential_010,sine_exponential,0,1,"[5, 6, 7]",0.8553043319010896,1.0,False
sine_exponential_010,sine_exponential,2,1,"[5, 6, 7]",0.5871975341592248,1.0,False
sine_exponential_010,sine_exponential,3,1,"[5, 6, 7]",7.435066492311737e-05,0.004163637235694573,True
sine_exponential_010,sine_exponential,4,1,"[5, 6, 7]",0.13794568244260774,1.0,False
sine_exponential_010,sine_exponential,8,1,"[5, 6, 7]",0.6577583695340896,1.0,False
sine_exponential_010,sine_exponential,9,1,"[5, 6, 7]",0.18414439392279458,1.0,False
sine_exponential_010,sine_exponential,1,2,[],0.7478160688835407,1.0,False
sine_exponential_010,sine_exponential,3,2,[],0.05671663074130662,1.0,False
sine_exponential_010,sine_exponential,4,2,[],0.39333565498376266,1.0,False
sine_exponential_010,sine_exponential,5,2,[],0.3810998849185038,1.0,False
sine_exponential_010,sine_exponential,6,2,[],0.602979974643491,1.0,False
sine_exponential_010,sine_exponential,7,2,[],0.6459133443698195,1.0,False
sine_exponential_010,sine_exponential,8,2,[],0.39752786433426257,1.0,False
sine_exponential_010,sine_exponential,9,2,[],0.3767208054377589,1.0,False
sine_exponential_010,sine_exponential,0,3,"[6, 8, 9]",0.12360902213332703,1.0,False
sine_exponential_010,sine_exponential,1,3,"[6, 8, 9]",0.2121235540597517,1.0,False
sine_exponential_010,sine_exponential,2,3,"[6, 8, 9]",0.2767096629937179,1.0,False
sine_exponential_010,sine_exponential,4,3,"[6, 8, 9]",0.5574395518396563,1.0,False
sine_exponential_010,sine_exponential,5,3,"[6, 8, 9]",0.6322148999613773,1.0,False
sine_exponential_010,sine_exponential,7,3,"[6, 8, 9]",0.34119177804208156,1.0,False
sine_exponential_010,sine_exponential,0,4,[],7.185199568660039e-08,4.239267745509423e-06,True
sine_exponential_010,sine_exponential,1,4,[],0.17650254912269936,1.0,False
sine_exponential_010,sine_exponential,2,4,[],0.39333565498376266,1.0,False
sine_exponential_010,sine_exponential,5,4,[],0.009545360010627224,0.5154494405738701,False
sine_exponential_010,sine_exponential,6,4,[],1.0,1.0,False
sine_exponential_010,sine_exponential,7,4,[],0.1826801039954833,1.0,False
sine_exponential_010,sine_exponential,9,4,[],0.7298824394258063,1.0,False
sine_exponential_010,sine_exponential,2,5,[9],0.241853585425845,1.0,False
sine_exponential_010,sine_exponential,3,5,[9],7.071207315800798e-06,0.0004101300243164463,True
sine_exponential_010,sine_exponential,4,5,[9],0.418393522808986,1.0,False
sine_exponential_010,sine_exponential,6,5,[9],0.718455382911555,1.0,False
sine_exponential_010,sine_exponential,8,5,[9],0.021444288110062826,1.0,False
sine_exponential_010,sine_exponential,0,6,[],0.7909801918972666,1.0,False
sine_exponential_010,sine_exponential,2,6,[],0.602979974643491,1.0,False
sine_exponential_010,sine_exponential,4,6,[],1.0,1.0,False
sine_exponential_010,sine_exponential,5,6,[],0.40241804027029326,1.0,False
sine_exponential_010,sine_exponential,7,6,[],1.0,1.0,False
sine_exponential_010,sine_exponential,9,6,[],0.2304210908930331,1.0,False
sine_exponential_010,sine_exponential,2,7,[5],0.4036569388539475,1.0,False
sine_exponential_010,sine_exponential,3,7,[5],0.6645710874007484,1.0,False
sine_exponential_010,sine_exponential,4,7,[5],0.20689597361640222,1.0,False
sine_exponential_010,sine_exponential,6,7,[5],0.2889502366454586,1.0,False
sine_exponential_010,sine_exponential,8,7,[5],0.16185431868247513,1.0,False
sine_exponential_010,sine_exponential,9,7,[5],0.7542147324768637,1.0,False
sine_exponential_010,sine_exponential,0,8,"[4, 6]",0.22899819502895147,1.0,False
sine_exponential_010,sine_exponential,1,8,"[4, 6]",0.16150580237796985,1.0,False
sine_exponential_010,sine_exponential,2,8,"[4, 6]",0.41725271797018515,1.0,False
sine_exponential_010,sine_exponential,5,8,"[4, 6]",0.45843287799387344,1.0,False
sine_exponential_010,sine_exponential,7,8,"[4, 6]",0.18259293908024565,1.0,False
sine_exponential_010,sine_exponential,9,8,"[4, 6]",0.6780150350469369,1.0,False
sine_exponential_010,sine_exponential,2,9,[],0.3767208054377589,1.0,False
sine_exponential_010,sine_exponential,4,9,[],0.7298824394258063,1.0,False
sine_exponential_010,sine_exponential,6,9,[],0.2304210908930331,1.0,False
sine_exponential_010,sine_exponential,8,9,[],0.6043512712732027,1.0,False
sine_exponential_011,sine_exponential,1,0,[7],0.8318776447089733,1.0,False
sine_exponential_011,sine_exponential,2,0,[7],0.27418866841712164,1.0,False
sine_exponential_011,sine_exponential,4,0,[7],0.44981491378165195,1.0,False
sine_exponential_011,sine_exponential,5,0,[7],0.5022142462603834,1.0,False
sine_exponential_011,sine_exponential,8,0,[7],0.7788348411027219,1.0,False
sine_exponential_011,sine_exponential,9,0,[7],0.6532203205273204,1.0,False
sine_exponential_011,sine_exponential,0,1,[],0.0382020830477281,1.0,False
sine_exponential_011,sine_exponential,2,1,[],0.39756346395350306,1.0,False
sine_exponential_011,sine_exponential,3,1,[],1.0,1.0,False
sine_exponential_011,sine_exponential,4,1,[],0.0010576608801756704,0.07086327897176992,False
sine_exponential_011,sine_exponential,6,1,[],0.026963291921584864,1.0,False
sine_exponential_011,sine_exponential,7,1,[],0.0921499263641673,1.0,False
sine_exponential_011,sine_exponential,8,1,[],0.07618151671892803,1.0,False
sine_exponential_011,sine_exponential,9,1,[],0.629810404836309,1.0,False
sine_exponential_011,sine_exponential,0,2,[],0.9427524935510679,1.0,False
sine_exponential_011,sine_exponential,1,2,[],0.39756346395350306,1.0,False
sine_exponential_011,sine_exponential,3,2,[],0.0714580521305137,1.0,False
sine_exponential_011,sine_exponential,4,2,[],0.4836734511135985,1.0,False
sine_exponential_011,sine_exponential,5,2,[],0.0377748195785218,1.0,False
sine_exponential_011,sine_exponential,6,2,[],0.9778920046614256,1.0,False
sine_exponential_011,sine_exponential,7,2,[],0.6863212607526108,1.0,False
sine_exponential_011,sine_exponential,8,2,[],1.0,1.0,False
sine_exponential_011,sine_exponential,9,2,[],0.12439740712871761,1.0,False
sine_exponential_011,sine_exponential,1,3,"[0, 7]",0.11009352543091933,1.0,False
sine_exponential_011,sine_exponential,2,3,"[0, 7]",0.03173313115118215,1.0,False
sine_exponential_011,sine_exponential,4,3,"[0, 7]",0.16335009992845462,1.0,False
sine_exponential_011,sine_exponential,5,3,"[0, 7]",0.31043228289761393,1.0,False
sine_exponential_011,sine_exponential,6,3,"[0, 7]",0.24876051013602007,1.0,False
sine_exponential_011,sine_exponential,8,3,"[0, 7]",0.6582973045083225,1.0,False
sine_exponential_011,sine_exponential,9,3,"[0, 7]",0.273975621053129,1.0,False
sine_exponential_011,sine_exponential,0,4,[7],0.44981491378165195,1.0,False
sine_exponential_011,sine_exponential,1,4,[7],0.6781642827032696,1.0,False
sine_exponential_011,sine_exponential,2,4,[7],0.12459784517260952,1.0,False
sine_exponential_011,sine_exponential,3,4,[7],0.3301920953679559,1.0,False
sine_exponential_011,sine_exponential,9,4,[7],0.33542129076603533,1.0,False
sine_exponential_011,sine_exponential,0,5,"[1, 8]",0.6600029211395243,1.0,False
sine_exponential_011,sine_exponential,2,5,"[1, 8]",0.1857612423727506,1.0,False
sine_exponential_011,sine_exponential,3,5,"[1, 8]",0.12073741568948371,1.0,False
sine_exponential_011,sine_exponential,4,5,"[1, 8]",0.2966709177101684,1.0,False
sine_exponential_011,sine_exponential,6,5,"[1, 8]",0.20974440987789456,1.0,False
sine_exponential_011,sine_exponential,7,5,"[1, 8]",0.8674593293074132,1.0,False
sine_exponential_011,sine_exponential,9,5,"[1, 8]",0.5673158246968588,1.0,False
sine_exponential_011,sine_exponential,1,6,"[0, 4, 7]",0.15955407056094817,1.0,False
sine_exponential_011,sine_exponential,2,6,"[0, 4, 7]",0.17548669764795988,1.0,False
sine_exponential_011,sine_exponential,3,6,"[0, 4, 7]",0.10761996109805116,1.0,False
sine_exponential_011,sine_exponential,5,6,"[0, 4, 7]",0.7476678463864015,1.0,False
sine_exponential_011,sine_exponential,8,6,"[0, 4, 7]",0.14525189413309592,1.0,False
sine_exponential_011,sine_exponential,9,6,"[0, 4, 7]",0.45602578976452757,1.0,False
sine_exponential_011,sine_exponential,1,7,[],0.0921499263641673,1.0,False
sine_exponential_011,sine_exponential,2,7,[],0.6863212607526108,1.0,False
sine_exponential_011,sine_exponential,9,7,[],0.9497901031062387,1.0,False
sine_exponential_011,sine_exponential,0,8,[4],0.16069889695817174,1.0,False
sine_exponential_011,sine_exponential,1,8,[4],0.8090447755360334,1.0,False
sine_exponential_011,sine_exponential,2,8,[4],0.21139956396100645,1.0,False
sine_exponential_011,sine_exponential,3,8,[4],0.512970692789176,1.0,False
sine_exponential_011,sine_exponential,6,8,[4],0.7991230384283373,1.0,False
sine_exponential_011,sine_exponential,7,8,[4],0.11274449016141097,1.0,False
sine_exponential_011,sine_exponential,9,8,[4],0.5485248308278697,1.0,False
sine_exponential_011,sine_exponential,0,9,[],1.0,1.0,False
sine_exponential_011,sine_exponential,1,9,[],0.629810404836309,1.0,False
sine_exponential_011,sine_exponential,2,9,[],0.12439740712871761,1.0,False
sine_exponential_011,sine_exponential,3,9,[],0.32463813984444445,1.0,False
sine_exponential_011,sine_exponential,4,9,[],0.5511419490384384,1.0,False
sine_exponential_011,sine_exponential,5,9,[],0.31034532902661827,1.0,False
sine_exponential_011,sine_exponential,6,9,[],0.7282753184961203,1.0,False
sine_exponential_011,sine_exponential,7,9,[],0.9497901031062387,1.0,False
sine_exponential_011,sine_exponential,8,9,[],0.6611746502150724,1.0,False
sine_exponential_012,sine_exponential,1,0,[],0.5956843048546707,1.0,False
sine_exponential_012,sine_exponential,2,0,[],0.5546338452689696,1.0,False
sine_exponential_012,sine_exponential,4,0,[],0.235954209591677,1.0,False
sine_exponential_012,sine_exponential,5,0,[],0.7497099037258401,1.0,False
sine_exponential_012,sine_exponential,7,0,[],0.7441802269179787,1.0,False
sine_exponential_012,sine_exponential,9,0,[],0.37692433520060287,1.0,False
sine_exponential_012,sine_exponential,0,1,[2],0.3171332370825296,1.0,False
sine_exponential_012,sine_exponential,3,1,[2],0.6319493319500342,1.0,False
sine_exponential_012,sine_exponential,4,1,[2],0.8821263705442983,1.0,False
sine_exponential_012,sine_exponential,5,1,[2],0.7267492738841599,1.0,False
sine_exponential_012,sine_exponential,6,1,[2],0.007208107813871045,0.4180702532045206,False
sine_exponential_012,sine_exponential,7,1,[2],0.19137217772676507,1.0,False
sine_exponential_012,sine_exponential,8,1,[2],0.04269036301757556,1.0,False
sine_exponential_012,sine_exponential,9,1,[2],0.49877117603350507,1.0,False
sine_exponential_012,sine_exponential,0,2,[],0.5546338452689696,1.0,False
sine_exponential_012,sine_exponential,4,2,[],0.12796428337583077,1.0,False
sine_exponential_012,sine_exponential,6,2,[],0.020918030732084425,1.0,False
sine_exponential_012,sine_exponential,7,2,[],0.2211660773298656,1.0,False
sine_exponential_012,sine_exponential,8,2,[],0.8950525991828631,1.0,False
sine_exponential_012,sine_exponential,9,2,[],0.15478415494757736,1.0,False
sine_exponential_012,sine_exponential,1,3,"[0, 2, 6]",0.155352802730241,1.0,False
sine_exponential_012,sine_exponential,4,3,"[0, 2, 6]",1.147267683188069e-06,6.768879330809607e-05,True
sine_exponential_012,sine_exponential,5,3,"[0, 2, 6]",0.8539299533435929,1.0,False
sine_exponential_012,sine_exponential,7,3,"[0, 2, 6]",1.5587531265737198e-13,9.352518759442319e-12,True
sine_exponential_012,sine_exponential,8,3,"[0, 2, 6]",0.14256694156554695,1.0,False
sine_exponential_012,sine_exponential,9,3,"[0, 2, 6]",0.025862572471975542,1.0,False
sine_exponential_012,sine_exponential,0,4,[],0.235954209591677,1.0,False
sine_exponential_012,sine_exponential,1,4,[],0.5163894532691184,1.0,False
sine_exponential_012,sine_exponential,2,4,[],0.12796428337583077,1.0,False
sine_exponential_012,sine_exponential,5,4,[],0.4047353850418989,1.0,False
sine_exponential_012,sine_exponential,0,5,[2],0.1064729147057426,1.0,False
sine_exponential_012,sine_exponential,1,5,[2],0.7267492738841599,1.0,False
sine_exponential_012,sine_exponential,3,5,[2],0.2475961977554898,1.0,False
sine_exponential_012,sine_exponential,4,5,[2],0.39581622111537207,1.0,False
sine_exponential_012,sine_exponential,6,5,[2],0.9213479484328686,1.0,False
sine_exponential_012,sine_exponential,7,5,[2],0.328753415672427,1.0,False
sine_exponential_012,sine_exponential,8,5,[2],0.4976249494049243,1.0,False
sine_exponential_012,sine_exponential,9,5,[2],0.9762795437364967,1.0,False
sine_exponential_012,sine_exponential,1,6,"[0, 4, 7]",0.13536320396142854,1.0,False
sine_exponential_012,sine_exponential,2,6,"[0, 4, 7]",0.7143092609604397,1.0,False
sine_exponential_012,sine_exponential,5,6,"[0, 4, 7]",0.9949692460609848,1.0,False
sine_exponential_012,sine_exponential,9,6,"[0, 4, 7]",0.12609031438108453,1.0,False
sine_exponential_012,sine_exponential,0,7,[4],0.6785471804199078,1.0,False
sine_exponential_012,sine_exponential,1,7,[4],0.6600208224403902,1.0,False
sine_exponential_012,sine_exponential,2,7,[4],0.14923333407910322,1.0,False
sine_exponential_012,sine_exponential,5,7,[4],0.32467933713046304,1.0,False
sine_exponential_012,sine_exponential,9,7,[4],0.17313736996378393,1.0,False
sine_exponential_012,sine_exponential,1,8,"[0, 4, 6, 7]",1.0,1.0,False
sine_exponential_012,sine_exponential,2,8,"[0, 4, 6, 7]",0.15704943524788662,1.0,False
sine_exponential_012,sine_exponential,3,8,"[0, 4, 6, 7]",0.14216016321712188,1.0,False
sine_exponential_012,sine_exponential,5,8,"[0, 4, 6, 7]",0.10026663916044709,1.0,False
sine_exponential_012,sine_exponential,9,8,"[0, 4, 6, 7]",0.01285116629556382,0.7325164788471378,False
sine_exponential_012,sine_exponential,0,9,[4],0.5001741636286479,1.0,False
sine_exponential_012,sine_exponential,1,9,[4],0.38980512593030436,1.0,False
sine_exponential_012,sine_exponential,2,9,[4],0.2902865360857627,1.0,False
sine_exponential_012,sine_exponential,3,9,[4],0.7230902943540466,1.0,False
sine_exponential_012,sine_exponential,5,9,[4],0.7141432400296999,1.0,False
sine_exponential_012,sine_exponential,6,9,[4],0.08772610605561859,1.0,False
sine_exponential_012,sine_exponential,7,9,[4],0.17313736996378393,1.0,False
sine_exponential_012,sine_exponential,8,9,[4],0.16278141583028638,1.0,False
sine_exponential_013,sine_exponential,1,0,[5],0.1094424316392475,1.0,False
sine_exponential_013,sine_exponential,2,0,[5],0.37544481275354746,1.0,False
sine_exponential_013,sine_exponential,3,0,[5],0.32371560109336883,1.0,False
sine_exponential_013,sine_exponential,6,0,[5],0.6087815479626668,1.0,False
sine_exponential_013,sine_exponential,7,0,[5],0.17797437631298174,1.0,False
sine_exponential_013,sine_exponential,8,0,[5],0.2932463449832454,1.0,False
sine_exponential_013,sine_exponential,0,1,[],0.6300348104706348,1.0,False
sine_exponential_013,sine_exponential,2,1,[],0.14542272832138525,1.0,False
sine_exponential_013,sine_exponential,3,1,[],0.19687826980058198,1.0,False
sine_exponential_013,sine_exponential,5,1,[],0.041633966209088547,1.0,False
sine_exponential_013,sine_exponential,6,1,[],0.031660490238471506,1.0,False
sine_exponential_013,sine_exponential,7,1,[],0.18270292728712545,1.0,False
sine_exponential_013,sine_exponential,8,1,[],0.17051123301401117,1.0,False
sine_exponential_013,sine_exponential,9,1,[],0.08296531005048735,1.0,False
sine_exponential_013,sine_exponential,1,2,[],0.14542272832138525,1.0,False
sine_exponential_013,sine_exponential,8,2,[],0.37660504618111434,1.0,False
sine_exponential_013,sine_exponential,0,3,[7],0.73958777375009,1.0,False
sine_exponential_013,sine_exponential,1,3,[7],0.5612296804797677,1.0,False
sine_exponential_013,sine_exponential,2,3,[7],0.6007808193296893,1.0,False
sine_exponential_013,sine_exponential,4,3,[7],0.22014837938770704,1.0,False
sine_exponential_013,sine_exponential,5,3,[7],0.11599400008057448,1.0,False
sine_exponential_013,sine_exponential,6,3,[7],0.3939112685350633,1.0,False
sine_exponential_013,sine_exponential,8,3,[7],0.5437152176266072,1.0,False
sine_exponential_013,sine_exponential,9,3,[7],0.5895829073881922,1.0,False
sine_exponential_013,sine_exponential,3,4,"[0, 1, 2, 5, 8]",0.5943054298007009,1.0,False
sine_exponential_013,sine_exponential,6,4,"[0, 1, 2, 5, 8]",0.3001803290592322,1.0,False
sine_exponential_013,sine_exponential,7,4,"[0, 1, 2, 5, 8]",0.38940484891577043,1.0,False
sine_exponential_013,sine_exponential,9,4,"[0, 1, 2, 5, 8]",0.1154315427355651,1.0,False
sine_exponential_013,sine_exponential,1,5,[2],0.10731391449853367,1.0,False
sine_exponential_013,sine_exponential,3,5,[2],5.5912530827484375e-08,3.410664380476547e-06,True
sine_exponential_013,sine_exponential,6,5,[2],0.1265983244065889,1.0,False
sine_exponential_013,sine_exponential,7,5,[2],2.6090463608463565e-06,0.0001565427816507814,True
sine_exponential_013,sine_exponential,8,5,[2],1.0,1.0,False
sine_exponential_013,sine_exponential,0,6,[2],0.1899365109829796,1.0,False
sine_exponential_013,sine_exponential,1,6,[2],0.08351568637591678,1.0,False
sine_exponential_013,sine_exponential,3,6,[2],0.33061994750336277,1.0,False
sine_exponential_013,sine_exponential,4,6,[2],0.6084048887339708,1.0,False
sine_exponential_013,sine_exponential,5,6,[2],0.1265983244065889,1.0,False
sine_exponential_013,sine_exponential,7,6,[2],0.1567788634924856,1.0,False
sine_exponential_013,sine_exponential,8,6,[2],0.609270504720071,1.0,False
sine_exponential_013,sine_exponential,9,6,[2],0.6066305387777716,1.0,False
sine_exponential_013,sine_exponential,0,7,[2],3.4297792780746406e-05,0.0019892719812832915,True
sine_exponential_013,sine_exponential,1,7,[2],0.28316023723750594,1.0,False
sine_exponential_013,sine_exponential,4,7,[2],0.7830279479280513,1.0,False
sine_exponential_013,sine_exponential,5,7,[2],2.6090463608463565e-06,0.0001565427816507814,True
sine_exponential_013,sine_exponential,6,7,[2],0.1567788634924856,1.0,False
sine_exponential_013,sine_exponential,8,7,[2],0.6612497061426651,1.0,False
sine_exponential_013,sine_exponential,9,7,[2],0.9872874467784819,1.0,False
sine_exponential_013,sine_exponential,0,8,[],0.02830434790221703,1.0,False
sine_exponential_013,sine_exponential,1,8,[],0.17051123301401117,1.0,False
sine_exponential_013,sine_exponential,2,8,[],0.37660504618111434,1.0,False
sine_exponential_013,sine_exponential,3,8,[],0.5012037914417764,1.0,False
sine_exponential_013,sine_exponential,5,8,[],0.3394785355944848,1.0,False
sine_exponential_013,sine_exponential,6,8,[],0.139240338927749,1.0,False
sine_exponential_013,sine_exponential,7,8,[],0.36003327197740553,1.0,False
sine_exponential_013,sine_exponential,1,9,"[0, 5, 8]",0.10590326251431015,1.0,False
sine_exponential_013,sine_exponential,2,9,"[0, 5, 8]",0.3631209235079519,1.0,False
sine_exponential_013,sine_exponential,3,9,"[0, 5, 8]",0.8022242072768371,1.0,False
sine_exponential_013,sine_exponential,4,9,"[0, 5, 8]",0.058288216121966,1.0,False
sine_exponential_013,sine_exponential,6,9,"[0, 5, 8]",0.7343278069840822,1.0,False
sine_exponential_013,sine_exponential,7,9,"[0, 5, 8]",0.5713260123619566,1.0,False
sine_exponential_014,sine_exponential,1,0,"[2, 4]",0.4383404897058769,1.0,False
sine_exponential_014,sine_exponential,3,0,"[2, 4]",0.04078534036221848,1.0,False
sine_exponential_014,sine_exponential,5,0,"[2, 4]",0.0869717737210991,1.0,False
sine_exponential_014,sine_exponential,6,0,"[2, 4]",0.6284853051769964,1.0,False
sine_exponential_014,sine_exponential,7,0,"[2, 4]",0.010405203670535657,0.623884676383768,False
sine_exponential_014,sine_exponential,8,0,"[2, 4]",0.24936053840974237,1.0,False
sine_exponential_014,sine_exponential,9,0,"[2, 4]",0.020496577156805196,1.0,False
sine_exponential_014,sine_exponential,0,1,[],0.5286437449064243,1.0,False
sine_exponential_014,sine_exponential,2,1,[],0.42071879640011867,1.0,False
sine_exponential_014,sine_exponential,3,1,[],0.049842123508072045,1.0,False
sine_exponential_014,sine_exponential,4,1,[],0.21981050411329994,1.0,False
sine_exponential_014,sine_exponential,6,1,[],1.0,1.0,False
sine_exponential_014,sine_exponential,7,1,[],0.49184134364609255,1.0,False
sine_exponential_014,sine_exponential,1,2,[],0.42071879640011867,1.0,False
sine_exponential_014,sine_exponential,3,2,[],0.3243991158205175,1.0,False
sine_exponential_014,sine_exponential,5,2,[],7.39500021574857e-05,0.0046588501359215995,True
sine_exponential_014,sine_exponential,7,2,[],0.5019756604766635,1.0,False
sine_exponential_014,sine_exponential,8,2,[],0.25847196563217,1.0,False
sine_exponential_014,sine_exponential,9,2,[],0.5436444386309207,1.0,False
sine_exponential_014,sine_exponential,0,3,[],0.2854345637327458,1.0,False
sine_exponential_014,sine_exponential,1,3,[],0.049842123508072045,1.0,False
sine_exponential_014,sine_exponential,2,3,[],0.3243991158205175,1.0,False
sine_exponential_014,sine_exponential,4,3,[],0.7753630625848563,1.0,False
sine_exponential_014,sine_exponential,5,3,[],0.0,0.0,True
sine_exponential_014,sine_exponential,6,3,[],0.29996503008569164,1.0,False
sine_exponential_014,sine_exponential,8,3,[],0.0843741199982625,1.0,False
sine_exponential_014,sine_exponential,9,3,[],0.008314020695159963,0.5071552624047577,False
sine_exponential_014,sine_exponential,1,4,[2],0.4467351298717315,1.0,False
sine_exponential_014,sine_exponential,3,4,[2],0.5099719997762823,1.0,False
sine_exponential_014,sine_exponential,5,4,[2],0.3588280344685142,1.0,False
sine_exponential_014,sine_exponential,7,4,[2],0.16439874696939483,1.0,False
sine_exponential_014,sine_exponential,8,4,[2],0.06842802324189978,1.0,False
sine_exponential_014,sine_exponential,9,4,[2],0.49787513157493823,1.0,False
sine_exponential_014,sine_exponential,0,5,[1],0.03327196031012203,1.0,False
sine_exponential_014,sine_exponential,2,5,[1],0.0022094176780587116,0.13698389603964012,False
sine_exponential_014,sine_exponential,3,5,[1],7.486048447802318e-10,4.94079197554953e-08,True
sine_exponential_014,sine_exponential,4,5,[1],0.08735166389818627,1.0,False
sine_exponential_014,sine_exponential,6,5,[1],0.21380726717414966,1.0,False
sine_exponential_014,sine_exponential,7,5,[1],1.5680989839950144e-10,1.0506263192766596e-08,True
sine_exponential_014,sine_exponential,8,5,[1],1.7995240286561298e-05,0.001151695378339923,True
sine_exponential_014,sine_exponential,9,5,[1],0.0,0.0,True
sine_exponential_014,sine_exponential,0,6,"[2, 4]",0.6284853051769964,1.0,False
sine_exponential_014,sine_exponential,1,6,"[2, 4]",0.6722627135404029,1.0,False
sine_exponential_014,sine_exponential,3,6,"[2, 4]",0.0509971898107886,1.0,False
sine_exponential_014,sine_exponential,5,6,"[2, 4]",0.228166119617482,1.0,False
sine_exponential_014,sine_exponential,7,6,"[2, 4]",0.7233879317452692,1.0,False
sine_exponential_014,sine_exponential,8,6,"[2, 4]",0.5183042769161912,1.0,False
sine_exponential_014,sine_exponential,9,6,"[2, 4]",0.6873527712275151,1.0,False
sine_exponential_014,sine_exponential,0,7,[3],0.01600319345620671,0.9281852204599892,False
sine_exponential_014,sine_exponential,1,7,[3],0.5527765726493985,1.0,False
sine_exponential_014,sine_exponential,2,7,[3],0.9249948601715827,1.0,False
sine_exponential_014,sine_exponential,4,7,[3],0.4109378910648813,1.0,False
sine_exponential_014,sine_exponential,5,7,[3],0.03226077384449988,1.0,False
sine_exponential_014,sine_exponential,6,7,[3],0.7360954224210787,1.0,False
sine_exponential_014,sine_exponential,8,7,[3],0.5610405630325539,1.0,False
sine_exponential_014,sine_exponential,9,7,[3],0.010398077939729466,0.623884676383768,False
sine_exponential_014,sine_exponential,0,8,"[1, 9]",0.5147613381448103,1.0,False
sine_exponential_014,sine_exponential,2,8,"[1, 9]",0.24673659391922986,1.0,False
sine_exponential_014,sine_exponential,3,8,"[1, 9]",0.0535368060824839,1.0,False
sine_exponential_014,sine_exponential,4,8,"[1, 9]",0.1103997089232005,1.0,False
sine_exponential_014,sine_exponential,5,8,"[1, 9]",0.0846068428840977,1.0,False
sine_exponential_014,sine_exponential,6,8,"[1, 9]",0.09393934242818436,1.0,False
sine_exponential_014,sine_exponential,7,8,"[1, 9]",0.19356442606515023,1.0,False
sine_exponential_014,sine_exponential,0,9,[1],0.815229418279878,1.0,False
sine_exponential_014,sine_exponential,2,9,[1],0.30649727708483643,1.0,False
sine_exponential_014,sine_exponential,3,9,[1],0.0350411445358616,1.0,False
sine_exponential_014,sine_exponential,4,9,[1],0.3336574949374158,1.0,False
sine_exponential_014,sine_exponential,5,9,[1],0.0,0.0,True
sine_exponential_014,sine_exponential,6,9,[1],1.0,1.0,False
sine_exponential_014,sine_exponential,7,9,[1],1.2844134496758919e-05,0.0008348687422893297,True
sine_exponential_015,sine_exponential,2,0,[9],0.5363161880379919,1.0,False
sine_exponential_015,sine_exponential,3,0,[9],0.6188908731294389,1.0,False
sine_exponential_015,sine_exponential,6,0,[9],0.5437760635721831,1.0,False
sine_exponential_015,sine_exponential,7,0,[9],0.2434913559810622,1.0,False
sine_exponential_015,sine_exponential,2,1,"[0, 7, 9]",0.3641428100640953,1.0,False
sine_exponential_015,sine_exponential,3,1,"[0, 7, 9]",0.5209909009118163,1.0,False
sine_exponential_015,sine_exponential,5,1,"[0, 7, 9]",0.6929144466854671,1.0,False
sine_exponential_015,sine_exponential,6,1,"[0, 7, 9]",0.4002336482192881,1.0,False
sine_exponential_015,sine_exponential,0,2,[],0.5001819549033419,1.0,False
sine_exponential_015,sine_exponential,1,2,[],0.18655039337254697,1.0,False
sine_exponential_015,sine_exponential,3,2,[],0.19975085352041866,1.0,False
sine_exponential_015,sine_exponential,5,2,[],3.587793408965645e-05,0.0021885539794690434,True
sine_exponential_015,sine_exponential,7,2,[],0.36350032686403555,1.0,False
sine_exponential_015,sine_exponential,8,2,[],0.781239841766315,1.0,False
sine_exponential_015,sine_exponential,9,2,[],0.11953261376989288,1.0,False
sine_exponential_015,sine_exponential,0,3,[],1.0,1.0,False
sine_exponential_015,sine_exponential,1,3,[],0.32386204490459214,1.0,False
sine_exponential_015,sine_exponential,2,3,[],0.19975085352041866,1.0,False
sine_exponential_015,sine_exponential,4,3,[],0.17285808614517417,1.0,False
sine_exponential_015,sine_exponential,5,3,[],0.41858367185087964,1.0,False
sine_exponential_015,sine_exponential,6,3,[],0.3867166539116482,1.0,False
sine_exponential_015,sine_exponential,7,3,[],0.4436011108814498,1.0,False
sine_exponential_015,sine_exponential,8,3,[],0.9149560159851007,1.0,False
sine_exponential_015,sine_exponential,9,3,[],0.14047398083624985,1.0,False
sine_exponential_015,sine_exponential,0,4,"[1, 6, 7]",0.16300042007181403,1.0,False
sine_exponential_015,sine_exponential,2,4,"[1, 6, 7]",0.3060932063730232,1.0,False
sine_exponential_015,sine_exponential,3,4,"[1, 6, 7]",0.33721825627643176,1.0,False
sine_exponential_015,sine_exponential,5,4,"[1, 6, 7]",0.4763186842098741,1.0,False
sine_exponential_015,sine_exponential,8,4,"[1, 6, 7]",0.5572415719249787,1.0,False
sine_exponential_015,sine_exponential,9,4,"[1, 6, 7]",0.006225963741839147,0.36733186076850965,False
sine_exponential_015,sine_exponential,1,5,"[0, 9]",0.35482951702419907,1.0,False
sine_exponential_015,sine_exponential,2,5,"[0, 9]",0.0026928127337219054,0.16156876402331433,False
sine_exponential_015,sine_exponential,3,5,"[0, 9]",0.17748008355230382,1.0,False
sine_exponential_015,sine_exponential,4,5,"[0, 9]",0.006256567963671689,0.36733186076850965,False
sine_exponential_015,sine_exponential,6,5,"[0, 9]",0.04134158619005657,1.0,False
sine_exponential_015,sine_exponential,7,5,"[0, 9]",0.025403548606321324,1.0,False
sine_exponential_015,sine_exponential,8,5,"[0, 9]",0.4444345507556873,1.0,False
sine_exponential_015,sine_exponential,0,6,[2],0.15288034440594023,1.0,False
sine_exponential_015,sine_exponential,1,6,[2],0.6457905183651129,1.0,False
sine_exponential_015,sine_exponential,3,6,[2],0.23709487443756827,1.0,False
sine_exponential_015,sine_exponential,5,6,[2],0.01268712223165891,0.7231659672045578,False
sine_exponential_015,sine_exponential,7,6,[2],0.37591654552744014,1.0,False
sine_exponential_015,sine_exponential,8,6,[2],0.21156830483612588,1.0,False
sine_exponential_015,sine_exponential,9,6,[2],0.23090378669479084,1.0,False
sine_exponential_015,sine_exponential,0,7,[],0.2751648479630532,1.0,False
sine_exponential_015,sine_exponential,2,7,[],0.36350032686403555,1.0,False
sine_exponential_015,sine_exponential,3,7,[],0.4436011108814498,1.0,False
sine_exponential_015,sine_exponential,5,7,[],0.041084380828714795,1.0,False
sine_exponential_015,sine_exponential,6,7,[],0.7658644537433529,1.0,False
sine_exponential_015,sine_exponential,9,7,[],0.6066831699730774,1.0,False
sine_exponential_015,sine_exponential,0,8,"[1, 7]",0.2458888695995486,1.0,False
sine_exponential_015,sine_exponential,2,8,"[1, 7]",0.8970855984509966,1.0,False
sine_exponential_015,sine_exponential,3,8,"[1, 7]",0.38830692821213564,1.0,False
sine_exponential_015,sine_exponential,4,8,"[1, 7]",0.4193945135643059,1.0,False
sine_exponential_015,sine_exponential,5,8,"[1, 7]",0.1769093930776937,1.0,False
sine_exponential_015,sine_exponential,6,8,"[1, 7]",0.7835216686516222,1.0,False
sine_exponential_015,sine_exponential,9,8,"[1, 7]",0.23489807447766642,1.0,False
sine_exponential_015,sine_exponential,2,9,[],0.11953261376989288,1.0,False
sine_exponential_015,sine_exponential,3,9,[],0.14047398083624985,1.0,False
sine_exponential_015,sine_exponential,6,9,[],0.2873484263965904,1.0,False
sine_exponential_015,sine_exponential,7,9,[],0.6066831699730774,1.0,False
sine_exponential_016,sine_exponential,2,0,[6],0.4564787153889913,1.0,False
sine_exponential_016,sine_exponential,3,0,[6],0.5669785584444507,1.0,False
sine_exponential_016,sine_exponential,4,0,[6],4.3025418017261785e-06,0.0002581525081035707,True
sine_exponential_016,sine_exponential,7,0,[6],0.27553262511410537,1.0,False
sine_exponential_016,sine_exponential,2,1,"[0, 6, 9]",0.07677786474723347,1.0,False
sine_exponential_016,sine_exponential,3,1,"[0, 6, 9]",4.999082232504115e-06,0.0002949458517177428,True
sine_exponential_016,sine_exponential,4,1,"[0, 6, 9]",0.03898318700476078,1.0,False
sine_exponential_016,sine_exponential,5,1,"[0, 6, 9]",0.6324713789759289,1.0,False
sine_exponential_016,sine_exponential,7,1,"[0, 6, 9]",0.9259893664536202,1.0,False
sine_exponential_016,sine_exponential,8,1,"[0, 6, 9]",0.7033824521566411,1.0,False
sine_exponential_016,sine_exponential,0,2,[6],0.4564787153889913,1.0,False
sine_exponential_016,sine_exponential,1,2,[6],0.47646647377435714,1.0,False
sine_exponential_016,sine_exponential,3,2,[6],0.4377289152157352,1.0,False
sine_exponential_016,sine_exponential,4,2,[6],0.6652077356976172,1.0,False
sine_exponential_016,sine_exponential,5,2,[6],0.20091278994327955,1.0,False
sine_exponential_016,sine_exponential,7,2,[6],0.05218637961482031,1.0,False
sine_exponential_016,sine_exponential,8,2,[6],0.3202006981326193,1.0,False
sine_exponential_016,sine_exponential,9,2,[6],0.44883589924720657,1.0,False
sine_exponential_016,sine_exponential,0,3,[7],0.06925255669425978,1.0,False
sine_exponential_016,sine_exponential,1,3,[7],1.1249623455000801e-10,7.199759011200513e-09,True
sine_exponential_016,sine_exponential,2,3,[7],0.30528198122861194,1.0,False
sine_exponential_016,sine_exponential,4,3,[7],0.0035805950473630777,0.18619094246288004,False
sine_exponential_016,sine_exponential,5,3,[7],0.5823351275002482,1.0,False
sine_exponential_016,sine_exponential,6,3,[7],0.6555089047022368,1.0,False
sine_exponential_016,sine_exponential,8,3,[7],0.5031464763795688,1.0,False
sine_exponential_016,sine_exponential,9,3,[7],0.0019271243906686664,0.10599184148677665,False
sine_exponential_016,sine_exponential,0,4,[7],6.232931907490524e-06,0.0003615100506344504,True
sine_exponential_016,sine_exponential,1,4,[7],0.00022669968233668403,0.01292188189319099,True
sine_exponential_016,sine_exponential,2,4,[7],0.0983266861625528,1.0,False
sine_exponential_016,sine_exponential,3,4,[7],0.0035805950473630777,0.18619094246288004,False
sine_exponential_016,sine_exponential,5,4,[7],1.850882447307356e-09,1.1660559418036343e-07,True
sine_exponential_016,sine_exponential,6,4,[7],0.0015985670688419829,0.08951975585515104,False
sine_exponential_016,sine_exponential,8,4,[7],2.0356279439859293e-07,1.2620893252712762e-05,True
sine_exponential_016,sine_exponential,9,4,[7],8.173801545607873e-07,4.9860189428208024e-05,True
sine_exponential_016,sine_exponential,1,5,"[0, 7]",0.8598792195018625,1.0,False
sine_exponential_016,sine_exponential,2,5,"[0, 7]",0.6947468308187569,1.0,False
sine_exponential_016,sine_exponential,3,5,"[0, 7]",0.34551050803801764,1.0,False
sine_exponential_016,sine_exponential,4,5,"[0, 7]",0.4216941991708488,1.0,False
sine_exponential_016,sine_exponential,6,5,"[0, 7]",0.25960310397868036,1.0,False
sine_exponential_016,sine_exponential,8,5,"[0, 7]",0.677863540877754,1.0,False
sine_exponential_016,sine_exponential,9,5,"[0, 7]",0.4485334986649062,1.0,False
sine_exponential_016,sine_exponential,3,6,[],0.37152620312797,1.0,False
sine_exponential_016,sine_exponential,4,6,[],0.00948048313243044,0.474024156621522,False
sine_exponential_016,sine_exponential,7,6,[],0.2574814025995368,1.0,False
sine_exponential_016,sine_exponential,0,7,[],0.3064766235516956,1.0,False
sine_exponential_016,sine_exponential,1,7,[],0.46064171142171473,1.0,False
sine_exponential_016,sine_exponential,2,7,[],0.06322391241416869,1.0,False
sine_exponential_016,sine_exponential,6,7,[],0.2574814025995368,1.0,False
sine_exponential_016,sine_exponential,8,7,[],0.0958199962433689,1.0,False
sine_exponential_016,sine_exponential,9,7,[],0.41339637378369776,1.0,False
sine_exponential_016,sine_exponential,1,8,[0],0.4310522542888383,1.0,False
sine_exponential_016,sine_exponential,2,8,[0],0.678701486403315,1.0,False
sine_exponential_016,sine_exponential,3,8,[0],0.5040369591216798,1.0,False
sine_exponential_016,sine_exponential,4,8,[0],0.3244067983995059,1.0,False
sine_exponential_016,sine_exponential,5,8,[0],0.7068537073760408,1.0,False
sine_exponential_016,sine_exponential,6,8,[0],0.225557212510739,1.0,False
sine_exponential_016,sine_exponential,7,8,[0],0.6880166157425014,1.0,False
sine_exponential_016,sine_exponential,9,8,[0],0.5026406034725683,1.0,False
sine_exponential_016,sine_exponential,2,9,"[0, 6]",0.39994917929699747,1.0,False
sine_exponential_016,sine_exponential,3,9,"[0, 6]",0.0033723354654924265,0.1787337796710986,False
sine_exponential_016,sine_exponential,4,9,"[0, 6]",0.0031666136740431394,0.17099713839832953,False
sine_exponential_016,sine_exponential,5,9,"[0, 6]",0.827755874035224,1.0,False
sine_exponential_016,sine_exponential,7,9,"[0, 6]",0.7169932879685045,1.0,False
sine_exponential_016,sine_exponential,8,9,"[0, 6]",0.3876509448918719,1.0,False
sine_exponential_017,sine_exponential,1,0,[],0.04711426991584311,1.0,False
sine_exponential_017,sine_exponential,2,0,[],0.2960359326613011,1.0,False
sine_exponential_017,sine_exponential,3,0,[],0.0,0.0,True
sine_exponential_017,sine_exponential,4,0,[],0.4383960357050426,1.0,False
sine_exponential_017,sine_exponential,6,0,[],1.1235866419490037e-06,7.303313172668524e-05,True
sine_exponential_017,sine_exponential,7,0,[],1.1595324700408582e-10,8.000774043281922e-09,True
sine_exponential_017,sine_exponential,8,0,[],0.062097007877503385,1.0,False
sine_exponential_017,sine_exponential,9,0,[],0.5999443742017944,1.0,False
sine_exponential_017,sine_exponential,0,1,[7],0.5710799308896288,1.0,False
sine_exponential_017,sine_exponential,2,1,[7],0.21691035651422585,1.0,False
sine_exponential_017,sine_exponential,3,1,[7],0.9936994025229416,1.0,False
sine_exponential_017,sine_exponential,4,1,[7],0.052247365238151544,1.0,False
sine_exponential_017,sine_exponential,5,1,[7],0.6405148689672104,1.0,False
sine_exponential_017,sine_exponential,6,1,[7],0.22033456742151614,1.0,False
sine_exponential_017,sine_exponential,8,1,[7],3.6637359812630166e-15,2.601252546696742e-13,True
sine_exponential_017,sine_exponential,9,1,[7],0.5871347421335338,1.0,False
sine_exponential_017,sine_exponential,0,2,"[7, 9]",0.469394972000858,1.0,False
sine_exponential_017,sine_exponential,1,2,"[7, 9]",0.2433544889063941,1.0,False
sine_exponential_017,sine_exponential,3,2,"[7, 9]",0.1987799748562077,1.0,False
sine_exponential_017,sine_exponential,4,2,"[7, 9]",0.5877832338808207,1.0,False
sine_exponential_017,sine_exponential,5,2,"[7, 9]",0.06688696894103796,1.0,False
sine_exponential_017,sine_exponential,6,2,"[7, 9]",0.4391714649674491,1.0,False
sine_exponential_017,sine_exponential,8,2,"[7, 9]",0.5223222371437934,1.0,False
sine_exponential_017,sine_exponential,0,3,[7],1.8389634259818877e-10,1.2321054954078647e-08,True
sine_exponential_017,sine_exponential,1,3,[7],0.9936994025229416,1.0,False
sine_exponential_017,sine_exponential,2,3,[7],0.5916240831782837,1.0,False
sine_exponential_017,sine_exponential,4,3,[7],0.5106968664721476,1.0,False
sine_exponential_017,sine_exponential,5,3,[7],0.0,0.0,True
sine_exponential_017,sine_exponential,6,3,[7],0.28825446101408425,1.0,False
sine_exponential_017,sine_exponential,9,3,[7],0.5717234598423196,1.0,False
sine_exponential_017,sine_exponential,0,4,[],0.4383960357050426,1.0,False
sine_exponential_017,sine_exponential,1,4,[],0.25829757806441866,1.0,False
sine_exponential_017,sine_exponential,2,4,[],0.8733286348366838,1.0,False
sine_exponential_017,sine_exponential,3,4,[],0.8258892083632555,1.0,False
sine_exponential_017,sine_exponential,5,4,[],0.40026930065200605,1.0,False
sine_exponential_017,sine_exponential,6,4,[],0.9661698716637844,1.0,False
sine_exponential_017,sine_exponential,7,4,[],0.4893822764480801,1.0,False
sine_exponential_017,sine_exponential,8,4,[],0.1866437700845749,1.0,False
sine_exponential_017,sine_exponential,9,4,[],1.0,1.0,False
sine_exponential_017,sine_exponential,1,5,[0],0.2517107078972982,1.0,False
sine_exponential_017,sine_exponential,2,5,[0],0.032851492849549135,1.0,False
sine_exponential_017,sine_exponential,3,5,[0],2.336730808849552e-11,1.6357115661946864e-09,True
sine_exponential_017,sine_exponential,4,5,[0],0.7666550643486478,1.0,False
sine_exponential_017,sine_exponential,6,5,[0],0.011370711417184376,0.7049841078654313,False
sine_exponential_017,sine_exponential,7,5,[0],5.0702761766885374e-08,3.3463822766144347e-06,True
sine_exponential_017,sine_exponential,8,5,[0],0.8686497627348673,1.0,False
sine_exponential_017,sine_exponential,9,5,[0],0.8900285101874931,1.0,False
sine_exponential_017,sine_exponential,0,6,[7],0.34752048660719437,1.0,False
sine_exponential_017,sine_exponential,1,6,[7],0.22033456742151614,1.0,False
sine_exponential_017,sine_exponential,2,6,[7],0.17191312623306843,1.0,False
sine_exponential_017,sine_exponential,3,6,[7],0.28825446101408425,1.0,False
sine_exponential_017,sine_exponential,4,6,[7],0.22056095759651828,1.0,False
sine_exponential_017,sine_exponential,5,6,[7],0.9804500078185364,1.0,False
sine_exponential_017,sine_exponential,8,6,[7],0.011728748492812802,0.7154536580615809,False
sine_exponential_017,sine_exponential,9,6,[7],0.34430827037957346,1.0,False
sine_exponential_017,sine_exponential,0,7,[],1.1595324700408582e-10,8.000774043281922e-09,True
sine_exponential_017,sine_exponential,4,7,[],0.4893822764480801,1.0,False
sine_exponential_017,sine_exponential,5,7,[],0.0,0.0,True
sine_exponential_017,sine_exponential,9,7,[],0.17815505261860043,1.0,False
sine_exponential_017,sine_exponential,0,8,"[3, 7]",0.06818216562972002,1.0,False
sine_exponential_017,sine_exponential,1,8,"[3, 7]",6.826025138739755e-05,0.004300395837406046,True
sine_exponential_017,sine_exponential,2,8,"[3, 7]",0.1813986858958042,1.0,False
sine_exponential_017,sine_exponential,4,8,"[3, 7]",0.7016241171962285,1.0,False
sine_exponential_017,sine_exponential,5,8,"[3, 7]",0.3517506016698463,1.0,False
sine_exponential_017,sine_exponential,6,8,"[3, 7]",2.9887280449725218e-05,0.001912785948782414,True
sine_exponential_017,sine_exponential,9,8,"[3, 7]",0.3579535871451166,1.0,False
sine_exponential_017,sine_exponential,0,9,[],0.5999443742017944,1.0,False
sine_exponential_017,sine_exponential,1,9,[],0.027192745600900792,1.0,False
sine_exponential_017,sine_exponential,3,9,[],0.2601183323159073,1.0,False
sine_exponential_017,sine_exponential,4,9,[],1.0,1.0,False
sine_exponential_017,sine_exponential,5,9,[],0.24909143420322,1.0,False
sine_exponential_017,sine_exponential,6,9,[],0.6432748610643139,1.0,False
sine_exponential_017,sine_exponential,7,9,[],0.17815505261860043,1.0,False
sine_exponential_017,sine_exponential,8,9,[],0.0656145546053094,1.0,False
sine_exponential_018,sine_exponential,1,0,[],0.2049310124841347,1.0,False
sine_exponential_018,sine_exponential,2,0,[],0.6278569898698768,1.0,False
sine_exponential_018,sine_exponential,3,0,[],0.11154346234099677,1.0,False
sine_exponential_018,sine_exponential,4,0,[],0.4175033731003489,1.0,False
sine_exponential_018,sine_exponential,5,0,[],0.29729082378413363,1.0,False
sine_exponential_018,sine_exponential,6,0,[],0.12316878784137453,1.0,False
sine_exponential_018,sine_exponential,7,0,[],0.408784976558371,1.0,False
sine_exponential_018,sine_exponential,8,0,[],0.8157704756204374,1.0,False
sine_exponential_018,sine_exponential,9,0,[],0.4187299382469607,1.0,False
sine_exponential_018,sine_exponential,0,1,[],0.2049310124841347,1.0,False
sine_exponential_018,sine_exponential,3,1,[],0.9674732955242543,1.0,False
sine_exponential_018,sine_exponential,5,1,[],0.3282787418811737,1.0,False
sine_exponential_018,sine_exponential,7,1,[],0.7337759150397498,1.0,False
sine_exponential_018,sine_exponential,9,1,[],0.35115406288820006,1.0,False
sine_exponential_018,sine_exponential,0,2,"[1, 4]",0.42557339782846404,1.0,False
sine_exponential_018,sine_exponential,3,2,"[1, 4]",1.0,1.0,False
sine_exponential_018,sine_exponential,5,2,"[1, 4]",0.4360161946552401,1.0,False
sine_exponential_018,sine_exponential,6,2,"[1, 4]",0.4330445923914007,1.0,False
sine_exponential_018,sine_exponential,7,2,"[1, 4]",0.08423154160041091,1.0,False
sine_exponential_018,sine_exponential,8,2,"[1, 4]",0.473511749655105,1.0,False
sine_exponential_018,sine_exponential,9,2,"[1, 4]",0.18327268892685855,1.0,False
sine_exponential_018,sine_exponential,0,3,[],0.11154346234099677,1.0,False
sine_exponential_018,sine_exponential,1,3,[],0.9674732955242543,1.0,False
sine_exponential_018,sine_exponential,2,3,[],0.6297616560234085,1.0,False
sine_exponential_018,sine_exponential,4,3,[],0.27448602912863695,1.0,False
sine_exponential_018,sine_exponential,7,3,[],0.29049971203515124,1.0,False
sine_exponential_018,sine_exponential,9,3,[],0.016937568903808153,1.0,False
sine_exponential_018,sine_exponential,0,4,[1],0.5491746743134229,1.0,False
sine_exponential_018,sine_exponential,3,4,[1],0.08861401104789379,1.0,False
sine_exponential_018,sine_exponential,5,4,[1],0.35716607598230155,1.0,False
sine_exponential_018,sine_exponential,6,4,[1],0.008746238996963362,0.6297292077813621,False
sine_exponential_018,sine_exponential,7,4,[1],0.11347951718631388,1.0,False
sine_exponential_018,sine_exponential,8,4,[1],0.11676555506004471,1.0,False
sine_exponential_018,sine_exponential,9,4,[1],0.18394776370635268,1.0,False
sine_exponential_018,sine_exponential,0,5,[3],0.0765441113477956,1.0,False
sine_exponential_018,sine_exponential,1,5,[3],0.24622073679309886,1.0,False
sine_exponential_018,sine_exponential,2,5,[3],0.17051975061469127,1.0,False
sine_exponential_018,sine_exponential,4,5,[3],0.7764531398404974,1.0,False
sine_exponential_018,sine_exponential,6,5,[3],0.15333550097002957,1.0,False
sine_exponential_018,sine_exponential,7,5,[3],1.0,1.0,False
sine_exponential_018,sine_exponential,8,5,[3],0.2906514087469957,1.0,False
sine_exponential_018,sine_exponential,9,5,[3],0.8065597066449597,1.0,False
sine_exponential_018,sine_exponential,0,6,"[8, 9]",0.18764338248172874,1.0,False
sine_exponential_018,sine_exponential,1,6,"[8, 9]",0.5532800590090114,1.0,False
sine_exponential_018,sine_exponential,2,6,"[8, 9]",0.6747035369396657,1.0,False
sine_exponential_018,sine_exponential,3,6,"[8, 9]",0.304501303634631,1.0,False
sine_exponential_018,sine_exponential,4,6,"[8, 9]",0.2804570245186806,1.0,False
sine_exponential_018,sine_exponential,5,6,"[8, 9]",0.2227286926135974,1.0,False
sine_exponential_018,sine_exponential,7,6,"[8, 9]",0.12161743509478362,1.0,False
sine_exponential_018,sine_exponential,0,7,[],0.408784976558371,1.0,False
sine_exponential_018,sine_exponential,1,7,[],0.7337759150397498,1.0,False
sine_exponential_018,sine_exponential,2,7,[],0.42517286079126104,1.0,False
sine_exponential_018,sine_exponential,3,7,[],0.29049971203515124,1.0,False
sine_exponential_018,sine_exponential,4,7,[],0.10791132136807968,1.0,False
sine_exponential_018,sine_exponential,5,7,[],0.6971415960264875,1.0,False
sine_exponential_018,sine_exponential,6,7,[],0.24234589676557305,1.0,False
sine_exponential_018,sine_exponential,8,7,[],0.2920702691795082,1.0,False
sine_exponential_018,sine_exponential,9,7,[],0.6437679874618643,1.0,False
sine_exponential_018,sine_exponential,0,8,"[1, 3]",0.32465055110100927,1.0,False
sine_exponential_018,sine_exponential,2,8,"[1, 3]",0.3022664232486504,1.0,False
sine_exponential_018,sine_exponential,4,8,"[1, 3]",0.7114683515743387,1.0,False
sine_exponential_018,sine_exponential,5,8,"[1, 3]",0.4359915122221787,1.0,False
sine_exponential_018,sine_exponential,7,8,"[1, 3]",0.5430590808664475,1.0,False
sine_exponential_018,sine_exponential,9,8,"[1, 3]",0.04916444256458852,1.0,False
sine_exponential_018,sine_exponential,0,9,[],0.4187299382469607,1.0,False
sine_exponential_018,sine_exponential,1,9,[],0.35115406288820006,1.0,False
sine_exponential_018,sine_exponential,2,9,[],0.502034261181278,1.0,False
sine_exponential_018,sine_exponential,3,9,[],0.016937568903808153,1.0,False
sine_exponential_018,sine_exponential,4,9,[],0.6344512065418718,1.0,False
sine_exponential_018,sine_exponential,5,9,[],0.12259822982487967,1.0,False
sine_exponential_018,sine_exponential,7,9,[],0.6437679874618643,1.0,False
sine_exponential_018,sine_exponential,8,9,[],0.7250081715886028,1.0,False
sine_exponential_019,sine_exponential,2,0,"[1, 7]",0.2513891380134734,1.0,False
sine_exponential_019,sine_exponential,3,0,"[1, 7]",0.9304340719277017,1.0,False
sine_exponential_019,sine_exponential,4,0,"[1, 7]",1.0,1.0,False
sine_exponential_019,sine_exponential,5,0,"[1, 7]",0.8668022130302995,1.0,False
sine_exponential_019,sine_exponential,6,0,"[1, 7]",0.9034330698240862,1.0,False
sine_exponential_019,sine_exponential,8,0,"[1, 7]",0.4495113047624877,1.0,False
sine_exponential_019,sine_exponential,9,0,"[1, 7]",0.36264542113173726,1.0,False
sine_exponential_019,sine_exponential,3,1,[],0.9743086480087069,1.0,False
sine_exponential_019,sine_exponential,4,1,[],0.7095506509641833,1.0,False
sine_exponential_019,sine_exponential,5,1,[],0.7175609970803571,1.0,False
sine_exponential_019,sine_exponential,6,1,[],0.33024710842930305,1.0,False
sine_exponential_019,sine_exponential,0,2,"[5, 6, 7]",0.6323434706005813,1.0,False
sine_exponential_019,sine_exponential,1,2,"[5, 6, 7]",0.1771479336884605,1.0,False
sine_exponential_019,sine_exponential,3,2,"[5, 6, 7]",0.5840395386313404,1.0,False
sine_exponential_019,sine_exponential,4,2,"[5, 6, 7]",0.7880725327422078,1.0,False
sine_exponential_019,sine_exponential,8,2,"[5, 6, 7]",0.12195814934279792,1.0,False
sine_exponential_019,sine_exponential,9,2,"[5, 6, 7]",7.477806152067501e-10,3.8884591990751005e-08,True
sine_exponential_019,sine_exponential,0,3,[5],1.0,1.0,False
sine_exponential_019,sine_exponential,1,3,[5],1.0,1.0,False
sine_exponential_019,sine_exponential,2,3,[5],0.5587040059634885,1.0,False
sine_exponential_019,sine_exponential,6,3,[5],0.6653359661638859,1.0,False
sine_exponential_019,sine_exponential,7,3,[5],1.0,1.0,False
sine_exponential_019,sine_exponential,8,3,[5],0.8969905364772988,1.0,False
sine_exponential_019,sine_exponential,9,3,[5],0.6132408769606527,1.0,False
sine_exponential_019,sine_exponential,0,4,"[3, 5]",0.19446527247830536,1.0,False
sine_exponential_019,sine_exponential,1,4,"[3, 5]",0.4195428813155807,1.0,False
sine_exponential_019,sine_exponential,2,4,"[3, 5]",0.15490105330034387,1.0,False
sine_exponential_019,sine_exponential,6,4,"[3, 5]",0.17059720623454722,1.0,False
sine_exponential_019,sine_exponential,7,4,"[3, 5]",0.9561605820545725,1.0,False
sine_exponential_019,sine_exponential,8,4,"[3, 5]",0.052759147310644794,1.0,False
sine_exponential_019,sine_exponential,9,4,"[3, 5]",0.0113851427595969,0.5464868524606512,False
sine_exponential_019,sine_exponential,1,5,[],0.7175609970803571,1.0,False
sine_exponential_019,sine_exponential,1,6,[5],0.1339242687370441,1.0,False
sine_exponential_019,sine_exponential,3,6,[5],0.6653359661638859,1.0,False
sine_exponential_019,sine_exponential,4,6,[5],0.24373501015230237,1.0,False
sine_exponential_019,sine_exponential,3,7,"[1, 6]",0.04351859057940177,1.0,False
sine_exponential_019,sine_exponential,4,7,"[1, 6]",0.5434296737153077,1.0,False
sine_exponential_019,sine_exponential,5,7,"[1, 6]",0.21199962049097254,1.0,False
sine_exponential_019,sine_exponential,0,8,[7],0.19706873041837414,1.0,False
sine_exponential_019,sine_exponential,1,8,[7],0.438627522012093,1.0,False
sine_exponential_019,sine_exponential,2,8,[7],0.020067397470363013,0.9231002836366986,False
sine_exponential_019,sine_exponential,3,8,[7],0.9402760151637259,1.0,False
sine_exponential_019,sine_exponential,4,8,[7],0.01406147977180594,0.6608895492748792,False
sine_exponential_019,sine_exponential,5,8,[7],0.7343004417833037,1.0,False
sine_exponential_019,sine_exponential,6,8,[7],0.9149813310845072,1.0,False
sine_exponential_019,sine_exponential,0,9,"[6, 8]",0.010616084819673133,0.5201881561639835,False
sine_exponential_019,sine_exponential,1,9,"[6, 8]",0.2592046215253824,1.0,False
sine_exponential_019,sine_exponential,2,9,"[6, 8]",3.230137587362236e-05,0.0016473701695547405,True
sine_exponential_019,sine_exponential,3,9,"[6, 8]",0.5699245801926094,1.0,False
sine_exponential_019,sine_exponential,4,9,"[6, 8]",0.039678185074696004,1.0,False
sine_exponential_019,sine_exponential,5,9,"[6, 8]",0.39573990508186674,1.0,False
sine_exponential_019,sine_exponential,7,9,"[6, 8]",9.35658815384155e-05,0.004678294076920775,True
