task_id,mean_abs_skewness,mean_abs_excess_kurtosis,mean_abs_pearson_correlation,mean_abs_spearman_correlation,nonlinearity_gain_median,nonlinearity_gain_mean,nonlinearity_gain_max,cdfm_edge_density,cdfm_max_degree,cdfm_mean_entropy,cdfm_auto_threshold,cdfm_threshold_margin_mean,cdfm_threshold_margin_p10,cdfm_threshold_margin_p25,cdfm_threshold_near_frac_002,cdfm_threshold_near_frac_005,cdfm_mean_edge_probability,cdfm_mean_confidence,cdfm_mean_margin,blpc_weighted_contradiction,blpc_confident_contradiction_rate,blpc_direction_flip_rate,blpc_worst_delete_inconsistency,self_compatibility,lovo_error,lovo_pair_coverage,lovo_gain_vs_baseline
dev_sine_gaussian_000,0.10275246614893743,0.21216137601466878,0.13004335704695616,0.1423952410619077,0.009189118032424235,0.08230361606004431,0.4494942057752882,0.12,6.0,0.4669190313027306,0.6992818745421079,0.41301172072282644,0.1766749586892606,0.2913528086098692,0.011111111111111112,0.022222222222222223,0.33513506375005775,0.7783536178722659,0.27835361787226603,0.032175732746371824,0.07120173441901764,0.07777777777777777,0.1875,0.062499999999999986,0.7954597169503704,0.7777777777777778,0.012215903598213229
dev_sine_gaussian_001,0.07962755965614968,0.20339079358384163,0.07601168744459444,0.08351094511094512,-0.0035266087183007814,0.056436969427368325,0.4561438731059703,0.09,3.0,0.4662701647033613,0.7116069292826346,0.44507801473464537,0.2339692432507985,0.31274947769642875,0.022222222222222223,0.022222222222222223,0.30401081189072265,0.7856224329681021,0.285622432968102,0.015479432693196564,0.03851398244539702,0.04861111111111111,0.0763888888888889,0.03125,0.8011668487658836,0.7555555555555555,-0.00014959070289832788
dev_sine_gaussian_002,0.05897248556175831,0.2025231844870631,0.11140066934206136,0.1235187560520894,0.02704410251144356,0.0907922531331489,0.4003480910005457,0.17,6.0,0.470524692085727,0.6554594183418676,0.35579222568839547,0.09829406190706856,0.22726536388222845,0.011111111111111112,0.022222222222222223,0.37635797114302416,0.7716839376150727,0.2716839376150727,0.028834503817276792,0.06464848922267173,0.08333333333333334,0.2916666666666667,0.07291666666666667,0.800771864954463,0.9555555555555556,0.004678677432742195
dev_sine_gaussian_003,0.08810189484323369,0.20642418960595094,0.17966604438590317,0.2013976581976582,0.019703866362655743,0.10626754139589985,0.4625962838605898,0.25,7.0,0.4121754969824538,0.6461421095955583,0.36622215046912404,0.10951733904607867,0.19245463270376922,0.011111111111111112,0.05555555555555555,0.3784764098784149,0.8071028176343993,0.30710281763439917,0.04541206431705881,0.10244549993910608,0.11527777777777778,0.3194444444444444,0.1229166666666667,0.7882791933584155,0.9777777777777777,0.01872160175481108
dev_sine_gaussian_004,0.07840736168473907,0.20238515893935785,0.12266099059140015,0.13448741235407902,0.019038734877096213,0.06699049205725179,0.2777764570258457,0.21,8.0,0.4705858470508471,0.6519803992649453,0.3448359264646682,0.08821672127174998,0.2004474249630842,0.044444444444444446,0.05555555555555555,0.400250734062709,0.7801100554441819,0.28011005544418194,0.03959375605218683,0.08318414322250639,0.09861111111111112,0.2222222222222222,0.09791666666666667,0.7966800500135554,0.9333333333333333,0.008052388519406373
dev_sine_gaussian_005,0.09292367042965957,0.19548799713951054,0.07558924187402692,0.08584648957982292,0.004991382344428004,0.06452505633052305,0.39292172421778265,0.12,4.0,0.5495099823269141,0.6305804452154904,0.2902416601650203,0.050909806244288314,0.13461546384043982,0.03333333333333333,0.1,0.39615843432160097,0.7224267383330188,0.22242673833301865,0.04145923084074809,0.10080507301734923,0.11805555555555555,0.13194444444444445,0.07013888888888889,0.8029199496918107,0.8,0.003167132815758422
dev_sine_gaussian_006,0.09438480167213897,0.20554785410953072,0.12556071265485227,0.13757232219002122,0.006469672470638665,0.06837541102894351,0.39589608787758424,0.2,7.0,0.4731123214965494,0.6428054717014612,0.3438003960934467,0.09280198814787476,0.21576319940514255,0.022222222222222223,0.05555555555555555,0.38472790628059006,0.7760656613122656,0.2760656613122657,0.05482133524456545,0.0973253105590062,0.09861111111111111,0.25,0.08402777777777778,0.7980712748531431,0.9333333333333333,0.006345544159388927
dev_sine_gaussian_007,0.059349162004722386,0.1684619302574799,0.09482668371806782,0.10247894407894406,0.0034321116909582982,0.044771279289609715,0.3602066880227266,0.15,8.0,0.5128893843612313,0.6588308870824815,0.334871945916599,0.0680848253877583,0.2304096193633455,0.022222222222222223,0.06666666666666667,0.3959415993652021,0.7540438865624869,0.25404388656248683,0.029734450905703938,0.07722367519846748,0.09861111111111111,0.1388888888888889,0.0625,0.8004425792275717,0.9111111111111111,0.0031557130672260625
dev_sine_gaussian_008,0.07997019062572339,0.22098121887330185,0.14212446568769724,0.16173039746373083,0.005135084133322713,0.08004726534838905,0.4360366476050718,0.35,9.0,0.5155194852872779,0.546404743721348,0.24631759630414177,0.03471549984570488,0.11252473860927605,0.06666666666666667,0.13333333333333333,0.4633450647358762,0.7408483679681533,0.2408483679681532,0.07457444263309229,0.14530381949381002,0.18055555555555552,0.4791666666666667,0.19930555555555554,0.7941064523236999,0.9777777777777777,0.013971104740736817
dev_sine_gaussian_009,0.09790772403839569,0.27876165938710634,0.2150431728929885,0.23571098984432315,0.005391477211470489,0.06068203310629254,0.35288053100679123,0.16,7.0,0.4344949908400142,0.6726094261959205,0.39592958488683294,0.15358915484387786,0.24075135426410052,0.011111111111111112,0.022222222222222223,0.34873959636043506,0.793363064117281,0.29336306411728097,0.02034600520675615,0.058379504077605726,0.06666666666666668,0.3958333333333333,0.0736111111111111,0.7822378937997403,0.8222222222222222,0.027814185319169793
dev_sine_laplace_000,0.14058836587442078,1.8311192759324804,0.07579244668760121,0.09985147585147587,0.016482177059812895,0.1099873071267369,0.4987464145425131,0.13,6.0,0.40392369457661975,0.7365963837933879,0.4945702075427261,0.19548883891945174,0.3781579137826481,0.0,0.0,0.29500082438165415,0.8349763893878923,0.3349763893878925,0.012429034300620109,0.02777777777777778,0.02777777777777778,0.04861111111111111,0.02222222222222222,0.7468726411421032,0.9111111111111111,0.0014116275083810859
dev_sine_laplace_001,0.20981720667472023,1.3765302257556127,0.07699519040538015,0.0986539861206528,0.017064405914316228,0.11879630665075132,0.48228423463357556,0.09,3.0,0.38617885929626766,0.7280029093966401,0.4903525856214958,0.11628799553961619,0.3666365130123237,0.011111111111111112,0.044444444444444446,0.2776986345760956,0.8365131610735724,0.3365131610735724,0.02240407790303847,0.06592460778079683,0.07500000000000001,0.08333333333333333,0.04166666666666667,0.7576564016234648,0.8444444444444444,0.002597133163096066
dev_sine_laplace_002,0.15985518957238692,1.6095998647958432,0.09785272085098937,0.12795290848624186,0.012857391396163275,0.08825268642370122,0.3992856832281506,0.18,6.0,0.47390416192851187,0.6667084100018358,0.3675651643868424,0.09040307307037511,0.25045622253931454,0.011111111111111112,0.05555555555555555,0.3792338872902585,0.7809918894936959,0.280991889493696,0.019105898959877514,0.05598232803828864,0.07083333333333333,0.1736111111111111,0.06388888888888888,0.7438114302281397,0.9111111111111111,0.00571057788967988
dev_sine_laplace_003,0.21628488203125143,2.443639913224329,0.06985813349099405,0.08760699267365935,0.008503738379889783,0.08399000906588093,0.46745715711008784,0.1,5.0,0.3910438371296601,0.7280297957569231,0.5071942843535727,0.16480457619136474,0.45220264796783366,0.03333333333333333,0.05555555555555555,0.2523193395001562,0.8457404840381301,0.34574048403812996,0.0105178764786602,0.026196539852928313,0.04722222222222222,0.0763888888888889,0.03333333333333334,0.7394542945110885,0.6222222222222222,0.001875436366106542
dev_sine_laplace_004,0.08156693486921272,1.2215249254590086,0.1066436804527731,0.13839337226003895,0.01109239991500162,0.10081716609805606,0.37909872898706615,0.17,5.0,0.4757113976786184,0.6695403206543108,0.36227676787018626,0.05722348609157624,0.2212398222241572,0.022222222222222223,0.08888888888888889,0.36089695533868665,0.7733750018637271,0.27337500186372726,0.026592294766807426,0.07059195753409693,0.10416666666666667,0.18055555555555555,0.07499999999999998,0.7551235009259111,0.9111111111111111,0.0042322549576044866
dev_sine_laplace_005,0.16079103624299307,1.1697605329234408,0.16153083683754912,0.21038888318888316,0.014853374963587594,0.08705590466343653,0.41094386577142916,0.24,7.0,0.5069860061191578,0.5904431540131557,0.27820551671536936,0.050045898543480294,0.12084037409884049,0.044444444444444446,0.1,0.41032895392115276,0.7461956652280738,0.2461956652280738,0.03905081333071041,0.07987539229684046,0.09861111111111112,0.20833333333333334,0.09861111111111112,0.7515358885976847,1.0,0.016874416128463854
dev_sine_laplace_006,0.20598263889125873,1.7763229292502487,0.09621342139902364,0.12782860432667975,0.010180200046021312,0.11554549932017595,0.4662353146755054,0.11,5.0,0.3728763270431569,0.7619881210061965,0.5103824622739439,0.1552596974386479,0.2793676475548679,0.03333333333333333,0.03333333333333333,0.2902174361625847,0.8412947821301995,0.34129478213019976,0.011183573317274048,0.03731452961768013,0.05,0.0763888888888889,0.034722222222222224,0.7537026520595377,0.7777777777777778,0.0036663422630545117
dev_sine_laplace_007,0.20117359170561278,2.29734030705142,0.06246253295556584,0.07682226668893335,0.005505972555590372,0.05239621700240894,0.40425235249112124,0.12,9.0,0.5113759029466652,0.6941763985702321,0.38789245229341207,0.1962431200711827,0.2896291848261786,0.0,0.022222222222222223,0.36678010006504425,0.7615111877724409,0.26151118777244087,0.008707227371422073,0.02286064211355087,0.026388888888888885,0.05555555555555555,0.017361111111111112,0.7334949489279624,0.5555555555555556,0.0008154006891635257
dev_sine_laplace_008,0.13940265742057809,1.0957587593024491,0.12829392673167198,0.1658715685382352,0.02286555163698806,0.14594924341656157,0.5035147484072025,0.11,4.0,0.3979142325169321,0.7707823655670151,0.507285611846532,0.20317707143960728,0.2769986012350837,0.0,0.011111111111111112,0.3037286970766426,0.8152100224568811,0.315210022456881,0.021199294681208757,0.06205509127513019,0.06666666666666668,0.13194444444444445,0.04166666666666667,0.7572403636528512,0.9333333333333333,0.009644503617767142
dev_sine_laplace_009,0.16759239643655552,1.4207379539573108,0.10741045892236412,0.14465251558584896,0.024335686453087584,0.10760874441432584,0.43394177043185334,0.17,7.0,0.47471241769116057,0.680000234426813,0.38374621972423334,0.08290280872771313,0.2492449224419285,0.011111111111111112,0.05555555555555555,0.354734609260876,0.7861702130929168,0.2861702130929168,0.01807548194411136,0.05440049657797147,0.06944444444444445,0.1111111111111111,0.05486111111111112,0.7608472968143397,0.9111111111111111,0.006492242314478092
dev_sine_student_t3_000,0.4906195437866089,8.147216266174109,0.11038443615327662,0.15055083790594065,0.036491383379787766,0.06067834352689996,0.19198277042841289,0.23,7.0,0.491004638037059,0.6309709332924831,0.3199578738493478,0.06396334573429989,0.19194971223904853,0.011111111111111112,0.05555555555555555,0.40747483503953136,0.7689145452990298,0.26891454529902975,0.04354798089605189,0.09681593828727988,0.10277777777777777,0.2569444444444444,0.09444444444444444,0.7101240823358029,1.0,0.004234533575947164
dev_sine_student_t3_001,0.5927276016729823,6.630429353718462,0.12072254045699365,0.15926622299955634,0.023055453802655973,0.09112914293978093,0.4316360015866721,0.2,7.0,0.50212601826387,0.6251999216867705,0.31703837639772725,0.11130709703458574,0.19418028579511715,0.022222222222222223,0.044444444444444446,0.4071783997594478,0.7555113980253009,0.2555113980253011,0.04409833181619674,0.09552530882170955,0.10555555555555556,0.2152777777777778,0.08472222222222223,0.7148296802245944,0.8666666666666667,0.011495506557587243
dev_sine_student_t3_002,0.8221054573636561,13.420994426065457,0.12865319621522917,0.17898768912102245,0.038497543960618816,0.12311570180455052,0.4169936079074303,0.11,4.0,0.36209123049123676,0.7085034792672594,0.4766074849386977,0.10207570378157851,0.28151322933817646,0.022222222222222223,0.07777777777777778,0.2698262189224931,0.8439318938113587,0.34393189381135875,0.014785556792301506,0.05208290430796825,0.075,0.08333333333333333,0.04583333333333332,0.7126723278177384,0.8222222222222222,0.0064473411574274
dev_sine_student_t3_003,0.6651805623252394,9.020886994181712,0.08163891668472925,0.12261626794960133,0.011127878489860271,0.09025142956285387,0.4856014528949777,0.12,6.0,0.4274088300484377,0.7264822504291161,0.4530286856714129,0.15233757516643004,0.2534977345271219,0.0,0.022222222222222223,0.3215619047953522,0.8084336270230221,0.308433627023022,0.0242989066481313,0.054578582606751615,0.05972222222222223,0.1527777777777778,0.043055555555555555,0.714950152485046,0.9555555555555556,0.0015087757264722335
dev_sine_student_t3_004,1.2922004714731041,20.918950398210193,0.09387241509560883,0.12947588280921618,0.015728155096276085,0.0859951006722873,0.47781222856844796,0.12,4.0,0.3978846304869974,0.7336868412067338,0.47382201656872996,0.1395980097706572,0.26128607733848497,0.022222222222222223,0.044444444444444446,0.30340363008397875,0.8283015907938629,0.3283015907938628,0.010842481289212788,0.03323897809116792,0.049999999999999996,0.08333333333333333,0.03611111111111111,0.6845224294175049,0.9333333333333333,0.003962482510559084
dev_sine_student_t3_005,1.576397285774119,32.46969993649336,0.09933992166333007,0.14766063406063407,0.03227133828188058,0.09476435291322918,0.4051317796119787,0.13,5.0,0.509268786982117,0.6851936297381189,0.37798530994930224,0.1387165133432759,0.2677184408482526,0.03333333333333333,0.06666666666666667,0.35652143917048934,0.758803161532339,0.2588031615323392,0.012376816073265354,0.028579547761133438,0.041666666666666664,0.125,0.036805555555555564,0.6880214209066323,0.8,0.013277200447448068
dev_sine_student_t3_006,0.602686957779555,8.211393625881989,0.07055062843853223,0.094136274669608,0.006528362945310963,0.09600775947885107,0.503274911268067,0.08,3.0,0.2776002314616076,0.7642369913283157,0.6044497066494507,0.23190315495881828,0.5817083250883216,0.044444444444444446,0.05555555555555555,0.18495051655190045,0.8984684293675014,0.39846842936750126,0.007633345430751997,0.030335474054900592,0.04583333333333332,0.09722222222222222,0.02847222222222222,0.716333693503954,0.8666666666666667,0.002775409020869146
dev_sine_student_t3_007,1.1225405552690257,17.361796076340365,0.12944027205368158,0.18607464207464214,0.017106351403863854,0.10131442642049396,0.42247582871740996,0.15,6.0,0.4574567111711513,0.6847149971715395,0.39888399698457394,0.11467630032765778,0.2677837506412936,0.0,0.03333333333333333,0.34769794508156,0.7895889351975237,0.289588935197524,0.024360442537668777,0.07219327966629158,0.08472222222222223,0.19444444444444445,0.062499999999999986,0.7076800627580171,0.8222222222222222,0.010409718979744853
dev_sine_student_t3_008,0.8495312474603933,9.610757468498495,0.09906233070982111,0.1428069393402727,0.04108486952700408,0.05469177409750754,0.2020009487793925,0.09,3.0,0.4152753376641057,0.7586157845434173,0.5167007795526604,0.20585920173673483,0.4343387047777819,0.022222222222222223,0.022222222222222223,0.2744460821055144,0.8251100015728137,0.32511000157281383,0.01718196705140982,0.04547575306913948,0.0611111111111111,0.08333333333333333,0.03749999999999999,0.7083124823224946,0.8444444444444444,0.006018971089284841
dev_sine_student_t3_009,1.4306963676031015,23.240013252939033,0.10355656946846345,0.1461871485871486,-0.0027886637534061437,-0.015733709794764756,0.16337300188052764,0.11,6.0,0.47445899127179714,0.726455075820767,0.4477101073132867,0.23930553913392594,0.36188950292985617,0.011111111111111112,0.03333333333333333,0.3264967892949256,0.7839891332293081,0.2839891332293081,0.011701399358531312,0.026643192488262912,0.03194444444444445,0.13194444444444445,0.025694444444444443,0.6777890966222397,0.7777777777777778,0.006354183929220825
dev_sine_student_t8_000,0.17322622980684138,0.7917667197622661,0.11253466766834078,0.1337019481019481,0.014300752999541397,0.08363650708943586,0.3698930092098883,0.15,5.0,0.4490530718124485,0.6826657070705251,0.391881155881319,0.13400253165144885,0.21586805549970056,0.022222222222222223,0.05555555555555555,0.3481081468983644,0.7870880736817961,0.28708807368179623,0.02622850275300598,0.07066927874329486,0.0875,0.125,0.06319444444444444,0.7765432805631763,0.9333333333333333,0.006920697796385156
dev_sine_student_t8_001,0.12159564111151491,1.4603206984572716,0.062176719665453316,0.07141996288662958,-0.0017082681422701037,0.05082443105581881,0.41386975224487443,0.16,11.0,0.4831852766741577,0.6682191430860082,0.3920809245649459,0.14136809857331872,0.32166781815293477,0.011111111111111112,0.044444444444444446,0.3373659422006797,0.7909148205144683,0.29091482051446815,0.03333108025909227,0.06530134694862191,0.07499999999999998,0.1388888888888889,0.05347222222222222,0.7719115932993657,0.7555555555555555,0.0007595618106497337
dev_sine_student_t8_002,0.14575953967603103,0.7391151764033875,0.09936743220326821,0.11639983719983722,0.01899556650301326,0.08112565704371555,0.34631350963995977,0.19,7.0,0.521319624144268,0.6299880211277896,0.3131165539710539,0.10502765985880387,0.17658521648794323,0.011111111111111112,0.03333333333333333,0.3984784410855226,0.7468808929153511,0.24688089291535098,0.015943549766392236,0.03980404450002087,0.043055555555555555,0.1388888888888889,0.04930555555555556,0.7811747368189547,0.8444444444444444,0.003058398762428416
dev_sine_student_t8_003,0.22343977138928556,1.7729257301933736,0.11561108757018543,0.1362639594639595,0.007161043437721495,0.07408599024184997,0.34365937680339514,0.19,7.0,0.46203871845787714,0.6513013324916599,0.37156733213891935,0.13146842198921482,0.24737322731207118,0.0,0.022222222222222223,0.3653760854468879,0.7887220375417067,0.2887220375417068,0.03354678400790812,0.05962339252908757,0.06944444444444445,0.2361111111111111,0.06319444444444446,0.776807846069315,0.8222222222222222,0.005723794388500014
dev_sine_student_t8_004,0.2820926534597517,1.0658916592058543,0.1213693889086561,0.14813378200044866,0.018645480756310957,0.1297059460237445,0.41069338707939074,0.14,4.0,0.39543586231582795,0.7261174791651168,0.4598257505103898,0.1680421057892478,0.24679077880968242,0.0,0.011111111111111112,0.319348051772194,0.8193221990323359,0.319322199032336,0.011399937748090623,0.03401085255494318,0.04027777777777778,0.1111111111111111,0.03958333333333333,0.7774440534920161,0.8666666666666667,0.010306127049502956
dev_sine_student_t8_005,0.11709924800717633,1.420211437138122,0.07330847914338608,0.08480223946890615,-0.0018980577343025644,0.036598859855822105,0.21002014746306016,0.18,9.0,0.5578330204807238,0.612269119890808,0.2756924524030689,0.058783089652363965,0.18285640404022319,0.022222222222222223,0.07777777777777778,0.4209886647247585,0.7201823638186197,0.2201823638186196,0.012715209089839783,0.030448797543962725,0.043055555555555555,0.09722222222222222,0.03888888888888888,0.7720235097061395,0.8222222222222222,0.001874772243754541
dev_sine_student_t8_006,0.1681556424356853,0.9095634779119182,0.1339051925988217,0.16461643234976572,0.017321309034884512,0.1257976320095025,0.45618842082174493,0.2,10.0,0.49484383183021646,0.6378393555137983,0.32414012403036874,0.05989826923070303,0.20586957638412495,0.03333333333333333,0.07777777777777778,0.40175619292731113,0.7672784763756796,0.26727847637567975,0.052148943678469395,0.10758087181360838,0.10694444444444444,0.2569444444444444,0.0923611111111111,0.7779351631590242,0.9777777777777777,0.01240274025275756
dev_sine_student_t8_007,0.1740948398868783,0.8935388322708171,0.0722019200557402,0.08436513129846464,0.007921256433890215,0.09002346176106361,0.4212444639959558,0.1,5.0,0.46455496055767936,0.7334631189097618,0.4626675314977018,0.24164391267878416,0.34449798649950436,0.022222222222222223,0.022222222222222223,0.31207433147171754,0.7917047837300272,0.2917047837300271,0.014307161068097663,0.03703015192604905,0.04861111111111112,0.06944444444444445,0.029166666666666667,0.7781864378332022,0.8222222222222222,-0.00013437431083962448
dev_sine_student_t8_008,0.06694985029460768,0.4621844089473724,0.1754741271293654,0.2024932382265716,0.009657006601094021,0.07606297846016281,0.42295765468636914,0.14,6.0,0.4303128597829079,0.7187161327867841,0.43388032939527527,0.13657221669130126,0.22864611680643238,0.011111111111111112,0.03333333333333333,0.34134660105929265,0.8056881346539353,0.30568813465393535,0.025493814474022297,0.057541532228323054,0.06805555555555556,0.3472222222222222,0.07430555555555556,0.7753641604529852,0.7333333333333333,0.01836988015358587
dev_sine_student_t8_009,0.17626043496097277,0.5754520996448387,0.12638249486204167,0.14719307439307439,0.011124007851015489,0.11044529505949449,0.4807681536704789,0.15,7.0,0.42478191361890516,0.7011847337054073,0.4187656942687396,0.11503747067217794,0.247083780861857,0.011111111111111112,0.044444444444444446,0.33732053642216264,0.8020130658830196,0.30201306588301957,0.032016100287965116,0.07312010782871063,0.08888888888888889,0.25,0.07152777777777777,0.7811981776273654,0.8444444444444444,0.012843210270217953
dev_softsign_gaussian_000,0.12662600149013142,0.2178361523473673,0.25168182540582634,0.2543398255398256,0.013317950839497645,0.030625527042121424,0.10354083564532944,0.2,7.0,0.5415598473603845,0.630556693769473,0.28342436488803774,0.07437086486408097,0.15950668674134663,0.05555555555555555,0.08888888888888889,0.4309243991772641,0.7282110146033136,0.22821101460331367,0.05289704295020504,0.09380854281315211,0.1125,0.1597222222222222,0.0875,0.7653546173274848,0.9777777777777777,0.04085595986983981
dev_softsign_gaussian_001,0.19144446862410133,0.1865445860059761,0.2563891777808079,0.25884555244555246,0.02030945165931275,0.03715139997417766,0.12400607892161021,0.11,4.0,0.4802286731124872,0.7002580780664991,0.3993120574846769,0.11523741769531887,0.2621828937948254,0.0,0.044444444444444446,0.3487140188969139,0.7692435837048373,0.2692435837048374,0.016172951526734446,0.04689730057509107,0.05972222222222222,0.1388888888888889,0.04722222222222222,0.7519306558000026,0.7777777777777778,0.05366216649410227
dev_softsign_gaussian_002,0.1219105057947167,0.2536094535653202,0.1839336811074049,0.1888690128690129,0.03854116338762073,0.03860984692640071,0.12118174013615461,0.18,7.0,0.5512597398437216,0.5929969057100214,0.2734684111447731,0.10275044111843072,0.16068264261763232,0.03333333333333333,0.06666666666666667,0.4006004423976658,0.7259267988156681,0.225926798815668,0.04088008794339628,0.07086337715472354,0.07777777777777778,0.13194444444444445,0.06458333333333334,0.7761334201962458,0.9333333333333333,0.033092857414608545
dev_softsign_gaussian_003,0.12558583117075564,0.20721794071212152,0.2428489163561213,0.24870413430413435,0.0198303697698222,0.03344097732626512,0.14957200671786677,0.17,11.0,0.4833845905100685,0.6436928353628354,0.3307849745066235,0.07200877204418958,0.1969487800760636,0.03333333333333333,0.06666666666666667,0.37940748943717567,0.7544126853180021,0.2544126853180021,0.027999592287583537,0.0570748705811881,0.06666666666666668,0.5069444444444444,0.09444444444444444,0.7500153771851382,0.7777777777777778,0.055233543550737174
dev_softsign_gaussian_004,0.11838493066688557,0.2388008611754251,0.2778141052665131,0.28336230656230654,0.018289614824000783,0.026211291420473275,0.12016560046860882,0.2,9.0,0.5315743661240586,0.6179625768497873,0.2845383605377273,0.05463522987433193,0.15860854902027577,0.03333333333333333,0.1,0.4162102053986196,0.7343102102248514,0.23431021022485152,0.053601005252075194,0.1041566399774295,0.1125,0.4027777777777778,0.09722222222222222,0.7594587095609094,0.9111111111111111,0.046044850961301176
dev_softsign_gaussian_005,0.104916474696561,0.1498760409713876,0.09265546095607297,0.09251849617623016,0.0005262312186396149,0.015180057491132723,0.09603557097690352,0.09,5.0,0.4617154171582327,0.7264287774980249,0.45908042553828643,0.16619232152281646,0.34389152864616157,0.0,0.011111111111111112,0.3016556030564648,0.7908863740912961,0.2908863740912962,0.005516131054368428,0.015356025039123634,0.019444444444444445,0.05555555555555555,0.015972222222222224,0.7989024283364695,0.7333333333333333,0.00718386463027032
dev_softsign_gaussian_006,0.1382386502567628,0.22991762986730313,0.1949166137973444,0.19713635153635153,0.011906011906885717,0.0222245447561987,0.11075619398134842,0.21,7.0,0.5621181169417875,0.5876520477704941,0.2455395542407823,0.04951940792421169,0.11754235180185034,0.011111111111111112,0.1,0.43037757626643314,0.7077172576244346,0.20771725762443458,0.03371368517978264,0.06266026715050603,0.08472222222222223,0.2013888888888889,0.0763888888888889,0.7848939075386513,0.9333333333333333,0.023155023670332064
dev_softsign_gaussian_007,0.1826077530092956,0.17100375426801,0.3502048158458804,0.3489018694352028,0.01906872905327142,0.03125429330128224,0.0912332199102098,0.2,6.0,0.551280569056857,0.6054816189543487,0.2715609618328848,0.038740128767279516,0.15955642849237078,0.05555555555555555,0.1111111111111111,0.4076154144625738,0.7277958620997257,0.22779586209972552,0.025320268732152613,0.05064042230839294,0.07916666666666668,0.1597222222222222,0.06527777777777778,0.735807161703763,0.9777777777777777,0.07148288851139006
dev_softsign_gaussian_008,0.10809563015466095,0.2812179065388424,0.438139193641178,0.4618407767741102,0.02618530833418127,0.03725886637204401,0.11214316288278349,0.14,8.0,0.4811094633783292,0.6827312494749838,0.3978627595673537,0.1363767401589261,0.25639994969509694,0.011111111111111112,0.022222222222222223,0.33499777949330367,0.784125219664683,0.2841252196646829,0.01904774460223046,0.0550095946864486,0.06944444444444445,0.3958333333333333,0.08402777777777777,0.7174706489837117,0.7555555555555555,0.09333938692307031
dev_softsign_gaussian_009,0.07709799496042184,0.19827871907955513,0.24315388813594052,0.2488839040839041,0.024690789763767616,0.026426314952108353,0.10047579199955035,0.31,12.0,0.5906569771562695,0.5255384156366114,0.19470838500266446,0.04318126850420293,0.085290308334294,0.05555555555555555,0.12222222222222222,0.4529696289759212,0.6877573750835879,0.18775737508358786,0.10052494411490773,0.15249564055950782,0.1527777777777778,0.5416666666666666,0.18055555555555552,0.7699423444295735,0.9777777777777777,0.0384756928101766
dev_softsign_laplace_000,0.21885450220573452,1.3996393356688714,0.21981940357029503,0.2372382039048706,0.017141430655126976,0.03876654916957215,0.15568188633665506,0.11,6.0,0.5043538769124116,0.6969317109291819,0.39460833115846583,0.17283070939611858,0.26575111625106074,0.0,0.03333333333333333,0.34818569123435095,0.7582525941433114,0.25825259414331136,0.023879161741013625,0.06880114017437962,0.07638888888888888,0.2013888888888889,0.059027777777777776,0.7302395949170993,0.8444444444444444,0.029180534113747436
dev_softsign_laplace_001,0.17158494342850267,1.434909116106202,0.17922329395471373,0.19161266014599349,0.02741594523063104,0.033237803266665,0.10582781998067001,0.23,9.0,0.5449458813686494,0.602765568304815,0.26722002132228895,0.07676578623524036,0.14796603820436396,0.022222222222222223,0.05555555555555555,0.43616002681869026,0.7245610740284074,0.22456107402840741,0.0494251212738001,0.09883173720576047,0.09444444444444444,0.18055555555555555,0.09513888888888888,0.7365922782789074,0.9555555555555556,0.01551842693558192
dev_softsign_laplace_002,0.20686169102459967,1.6893014659055567,0.21565943444458438,0.23147086640419978,0.046214333062152294,0.0591990961964445,0.13329445093507022,0.26,9.0,0.4900925556673803,0.5979185472948265,0.3141269285666406,0.09140831971294865,0.19886724821494836,0.011111111111111112,0.044444444444444446,0.39487319925061154,0.778319621931582,0.278319621931582,0.02662871194068294,0.06086182359839648,0.08888888888888888,0.18055555555555555,0.08680555555555555,0.74195287075783,0.8888888888888888,0.02187287706809571
dev_softsign_laplace_003,0.18683676343851666,2.434047140649645,0.10321199753132061,0.10900840740840739,0.021283953766161382,0.03417615087705274,0.1574150693211493,0.07,2.0,0.38288592410344346,0.7704925809890034,0.5804045648405765,0.3506936691818124,0.554099503117145,0.011111111111111112,0.011111111111111112,0.2168020585423394,0.8554813934727961,0.3554813934727961,0.0020792895469860877,0.004225352112676056,0.0125,0.034722222222222224,0.009027777777777779,0.7281395815622043,0.7111111111111111,0.001925627173308908
dev_softsign_laplace_004,0.1599173561463661,2.1484533677420616,0.1270936815308047,0.1288046005379339,0.025977747560645276,0.02384700623943898,0.08478248178802744,0.14,6.0,0.5261293152447704,0.6702690818029547,0.34154604311787856,0.1187651687578436,0.23720364197281066,0.0,0.05555555555555555,0.38710363879703974,0.738256101638798,0.238256101638798,0.02004915465487787,0.04568350580125662,0.054166666666666675,0.1388888888888889,0.04861111111111111,0.7249518045260375,0.8,0.01015608000997903
dev_softsign_laplace_005,0.24371764802551202,1.7824258406325921,0.11464580562735305,0.12169644196310865,0.01790446597513872,0.023630534227630225,0.09913712257621611,0.07,4.0,0.3346299612384119,0.7878392264668224,0.6204623110169717,0.40448410186395534,0.6001828664055721,0.0,0.0,0.1929104718381821,0.8792377126638876,0.37923771266388756,0.0052043692024851245,0.01388888888888889,0.018055555555555557,0.06944444444444445,0.014583333333333334,0.725380437314929,0.5111111111111111,0.009297634233447871
dev_softsign_laplace_006,0.24641963636635453,1.881083233474103,0.21588761191962472,0.22836653091677903,0.025352609509514047,0.04123473304827129,0.11202469618153577,0.1,5.0,0.28316572679940766,0.7943743203623459,0.5920657173690806,0.17373459940328073,0.46757770495886264,0.0,0.05555555555555555,0.23248097781869456,0.8820920449957558,0.38209204499575566,0.011438427598223276,0.0442251219736721,0.05,0.20833333333333334,0.04722222222222222,0.71728595376853,0.6888888888888889,0.026574292977081027
dev_softsign_laplace_007,0.24943675002746385,1.4818617725283172,0.22762652817782797,0.2483227723227724,0.03416497846334107,0.04984443957681005,0.151382725106312,0.11,4.0,0.3501307751443675,0.7731296561060217,0.5498741898480703,0.19913744143763662,0.43750300192049574,0.0,0.022222222222222223,0.2622532621502852,0.8528016900941231,0.352801690094123,0.015690540102461077,0.04184328191370445,0.04722222222222222,0.1736111111111111,0.03680555555555556,0.7294138479487993,0.9111111111111111,0.022933095605381926
dev_softsign_laplace_008,0.09681349621524174,1.3591235195187557,0.1534178550436391,0.16625917985917987,0.03301208555932614,0.04990423146125035,0.1347517629834104,0.14,8.0,0.46316358237484767,0.6912860333368799,0.4173121461113737,0.15180958444876322,0.2855655150690726,0.022222222222222223,0.03333333333333333,0.32529574274728573,0.7929086144718198,0.29290861447182004,0.016925818798013317,0.0413510045781938,0.05694444444444444,0.2638888888888889,0.05972222222222223,0.7301292338055076,0.7555555555555555,0.03166507119410178
dev_softsign_laplace_009,0.24898220939097918,1.5398570548953874,0.22640309614781068,0.2448089277422611,0.05740372414661769,0.06820133838649768,0.18100694746706356,0.14,6.0,0.5082084197671324,0.687682295094533,0.3785642298389869,0.1170115175722707,0.26773664530363933,0.0,0.044444444444444446,0.36106370189968684,0.7623879350140075,0.2623879350140076,0.016015068251117856,0.04646548372359762,0.0625,0.19444444444444445,0.05277777777777778,0.7251157067810399,0.8,0.035019578292448617
dev_softsign_student_t3_000,0.9475755699153522,10.619402343574492,0.21381909079126094,0.26141914221914225,0.0747867421690939,0.08766437621899807,0.23713337380330912,0.11,5.0,0.3540668067695079,0.773965441446916,0.542005458444674,0.18587039500677274,0.40787126518884953,0.011111111111111112,0.022222222222222223,0.2690550594624338,0.8498725572305564,0.34987255723055644,0.0069276145777675165,0.018172926447574334,0.018055555555555554,0.09027777777777778,0.027083333333333338,0.6721707833197533,0.7333333333333333,0.047575358556364855
dev_softsign_student_t3_001,0.8340846308443723,13.05621145680758,0.19584228562449602,0.23157662224328893,0.06902948058009127,0.0913732957394289,0.2766272663599738,0.11,4.0,0.3805840271646777,0.7676455034594837,0.5234859528794245,0.19550330180986952,0.35992636733150907,0.0,0.0,0.29147920686257783,0.8354434884923697,0.3354434884923699,0.012866620125159565,0.03485971383858708,0.03749999999999999,0.1388888888888889,0.029166666666666664,0.6923947770222675,0.7777777777777778,0.025515888110809737
dev_softsign_student_t3_002,2.498771368983733,44.50002616070269,0.10470520372839155,0.1225457220123887,0.01102233557776164,0.044501733545233915,0.3517674927126732,0.11,5.0,0.4014944582154131,0.7508924570717669,0.4934998905137787,0.15943494112211629,0.3129144121372321,0.0,0.011111111111111112,0.30163283345445374,0.8244023850601088,0.3244023850601088,0.015343589542650336,0.048826291079812206,0.05277777777777778,0.1388888888888889,0.0375,0.6612466637566189,0.8666666666666667,0.0030482188353085915
dev_softsign_student_t3_003,0.56366249575137,7.832674048383504,0.08164841127881384,0.08894314520981188,0.007053229519897238,0.029125591181353078,0.14475389993251753,0.06,4.0,0.4037996176802952,0.5333964463923679,0.35599885918168095,0.1748084943087258,0.27635296549590016,0.011111111111111112,0.011111111111111112,0.22741125788062783,0.8270552723082955,0.3270552723082954,0.005769406024058299,0.0200264631265856,0.02638888888888889,0.0625,0.01597222222222222,0.7104873602301675,0.6,0.0045417143325307
dev_softsign_student_t3_004,0.6597096931520701,7.09813897222907,0.3249899116574589,0.3685727819061152,0.11343527691446159,0.10081712537482321,0.17074044513595138,0.16,7.0,0.3686122074155832,0.7297477616963486,0.4619955067486667,0.09624746101036784,0.24580331398458652,0.044444444444444446,0.08888888888888889,0.31999650214201775,0.8357671880406126,0.3357671880406124,0.01782715288712767,0.04664313946922643,0.06388888888888888,0.375,0.07500000000000001,0.6807379326248822,0.9111111111111111,0.07144829811057818
dev_softsign_student_t3_005,1.4254958144625989,24.01266185598673,0.10428592299274478,0.12333662131933318,0.04361559505558261,0.05443704085608527,0.26516709664965404,0.07,3.0,0.41382399021594457,0.756645656784087,0.5290140440389007,0.23582367642162366,0.4830168221349647,0.0,0.011111111111111112,0.2594719459744679,0.8263778739368095,0.32637787393680956,0.0017473620643054218,0.005575117370892019,0.008333333333333335,0.020833333333333332,0.008333333333333333,0.6704940298836493,0.6444444444444445,0.006095699112745212
dev_softsign_student_t3_006,0.562596445079977,8.486215880947295,0.2792080520944365,0.3343762543762544,0.08572315145749493,0.09588621369348417,0.21910996547750355,0.13,6.0,0.3636590202116746,0.7384734919018348,0.5009115870163863,0.17595394567297953,0.34662614466712843,0.0,0.03333333333333333,0.2875165833027296,0.8479033141149899,0.3479033141149898,0.008746074857860194,0.02791471048513302,0.02777777777777778,0.16666666666666666,0.03680555555555556,0.7011181734300577,0.9333333333333333,0.044424066513571
dev_softsign_student_t3_007,2.2671131428207447,47.06295767864811,0.17375613811076834,0.1974421590421591,0.08238404994752642,0.08289177896006786,0.20493345490748274,0.11,4.0,0.39164180511217245,0.7637349262371018,0.5265142565305264,0.20931985032084738,0.45970982656226345,0.011111111111111112,0.03333333333333333,0.2790619091074464,0.8386335577948811,0.338633557794881,0.001862439800114272,0.007082494969818914,0.02222222222222222,0.020833333333333332,0.014583333333333334,0.6775682866681056,0.8666666666666667,0.01845096677816882
dev_softsign_student_t3_008,1.4344408237540067,23.907421712389535,0.18168288860987833,0.2173247599914267,0.055965479542940955,0.09352551804516948,0.4085423236199178,0.11,3.0,0.3875981218083855,0.7532378803850028,0.5005131360609015,0.17889750064585896,0.3397416145383592,0.0,0.022222222222222223,0.2971339028014394,0.8290574104635279,0.3290574104635278,0.009261792495312116,0.03249888218198077,0.0375,0.09722222222222222,0.028472222222222215,0.6921482307568211,0.8444444444444444,0.01975051617632062
dev_softsign_student_t3_009,0.7841245157969933,8.940960802884641,0.27039831656397734,0.32538627151960486,0.10975877977270021,0.11061683553074371,0.3264241842124878,0.16,7.0,0.31902815368247117,0.7345519258054738,0.5096711171959941,0.20030187963084173,0.32437212098797913,0.011111111111111112,0.03333333333333333,0.29088266092189724,0.8712347242061323,0.37123472420613235,0.024073933846362108,0.06837605342198116,0.08472222222222223,0.3402777777777778,0.08055555555555556,0.7029688317319593,0.9333333333333333,0.048077441174414925
dev_softsign_student_t8_000,0.14312518047750053,0.44514749366485146,0.22903205620862235,0.24031777445110777,0.021801957145606718,0.028468724264818723,0.12858253249347296,0.3,9.0,0.6102866436180612,0.5439329479396949,0.18405897734029125,0.05843317955727627,0.10225762211408082,0.03333333333333333,0.08888888888888889,0.4634596497286798,0.6703460181948734,0.17034601819487344,0.07972497909983813,0.11976857313860627,0.14305555555555555,0.3194444444444444,0.15694444444444444,0.7570807653128309,0.9777777777777777,0.03156368829183265
dev_softsign_student_t8_001,0.15122143849283273,0.7108919244392372,0.1817791955547311,0.19248706795373463,0.04470308549678723,0.05165984650736668,0.13107809007736493,0.13,4.0,0.4942172496387878,0.6651782492165751,0.3737966245376497,0.12527902580825137,0.24561822137387843,0.011111111111111112,0.044444444444444446,0.34268725528426286,0.7692912003991249,0.26929120039912496,0.024673922275846104,0.058507507105720426,0.06805555555555555,0.1597222222222222,0.049305555555555554,0.7539510100043593,0.9555555555555556,0.032730661277964535
dev_softsign_student_t8_002,0.17648054008107752,0.698687611330179,0.2374615810826366,0.25091793108507054,0.033593075202053874,0.03972780190564493,0.1373313022121389,0.19,7.0,0.49292947006846227,0.6639364026580163,0.3607352900727011,0.0754073343683467,0.24553898191969348,0.044444444444444446,0.05555555555555555,0.3628246564033153,0.7730029015062846,0.2730029015062845,0.03029391193475132,0.07105860663115779,0.0763888888888889,0.2152777777777778,0.08402777777777778,0.7565698918662964,0.8666666666666667,0.030779865481046276
dev_softsign_student_t8_003,0.2002907029801277,0.6954997885540236,0.19662739775602545,0.2050522095855429,0.02089865994970696,0.037788776730459675,0.1201774987581592,0.16,7.0,0.5432223304420604,0.6471092924301725,0.3148719667627383,0.10192796885972938,0.23412019751233154,0.022222222222222223,0.05555555555555555,0.40236428441695926,0.7348501675205635,0.23485016752056348,0.017329555131761033,0.038525020540978186,0.0625,0.16666666666666666,0.05486111111111112,0.7531943977674386,0.8444444444444444,0.03271894734322678
dev_softsign_student_t8_004,0.19614967787363322,1.1052341028342632,0.17675340205682538,0.18366015646015646,0.015570911436517638,0.027183756312564245,0.09612951237626755,0.14,7.0,0.44966091837155236,0.6804400129485709,0.40436116570854014,0.11800463501578938,0.21591354707211102,0.011111111111111112,0.03333333333333333,0.325308270220889,0.7943120955166273,0.2943120955166273,0.009879570937681707,0.03990586314133737,0.051388888888888894,0.04861111111111111,0.03333333333333333,0.7626674927797417,0.9333333333333333,0.01977127855098315
dev_softsign_student_t8_005,0.13790572071345825,0.4240583614460595,0.3719741404163772,0.399647839690314,0.055864384717078025,0.06580492312249622,0.14414387354601532,0.17,8.0,0.3983198851805142,0.7051370767967198,0.43452678545367723,0.12679716723402057,0.2339125693428601,0.022222222222222223,0.05555555555555555,0.3318692831601178,0.8237623739900798,0.3237623739900799,0.03689297633488537,0.08514397149454545,0.09305555555555556,0.2638888888888889,0.08333333333333334,0.7268712141966522,0.9777777777777777,0.07381209741356953
dev_softsign_student_t8_006,0.17005429780256986,0.8179885483257934,0.2691358701920237,0.28213623680290345,0.023159622757409612,0.028484031826124818,0.12319517745917377,0.2,7.0,0.5496544781051372,0.6113510131541446,0.28057309988787943,0.08210217890373615,0.17004910347675659,0.011111111111111112,0.03333333333333333,0.40717283281864636,0.7243193668759546,0.22431936687595463,0.06761450170179058,0.12509874477491992,0.1305555555555556,0.2152777777777778,0.09375,0.751327873414316,1.0,0.04048315151965687
dev_softsign_student_t8_007,0.15142996206512455,0.603267982750987,0.17595428655444129,0.18548930815597484,0.03652091319323593,0.03614856532621287,0.10926384935898373,0.29,10.0,0.5436711060541182,0.5528907381119733,0.24978174626368485,0.05778047302443838,0.17515922398281503,0.03333333333333333,0.07777777777777778,0.43542916378065244,0.7324706720013291,0.2324706720013291,0.08975200833665824,0.1397218722696965,0.14583333333333334,0.2638888888888889,0.1423611111111111,0.759676783216004,0.9333333333333333,0.024725169594983942
dev_softsign_student_t8_008,0.17228136913955697,1.368611054110357,0.15890351906534672,0.16447072180405517,0.013007689204260754,0.02088134394848612,0.08848021690668167,0.1,3.0,0.42101734545883474,0.764985453263436,0.5178439942954022,0.20114464537393395,0.42438314045711256,0.022222222222222223,0.022222222222222223,0.2847299158118643,0.8186605268264722,0.31866052682647206,0.007958151751381783,0.015614241001564947,0.02222222222222222,0.09027777777777778,0.02013888888888889,0.765291410291625,0.8666666666666667,0.011026447834783015
dev_softsign_student_t8_009,0.20227654763546368,0.714025648871673,0.21430877979068655,0.22423058716392047,0.04405588774033575,0.04630416453760415,0.10985889786993402,0.2,7.0,0.5016401777449631,0.6296985941163745,0.32400614808553524,0.09572170513040963,0.21307409078536035,0.0,0.011111111111111112,0.395151613597337,0.7610534233358128,0.2610534233358127,0.048745764738314205,0.1032535022582211,0.10277777777777777,0.2013888888888889,0.08472222222222223,0.7477388724562204,1.0,0.03986041460018219
final_arctan_centered_lognormal_000,2.68609462261424,24.152684563939847,0.1345153903616964,0.18899533459533455,0.1458337876409874,0.1501199411688295,0.373128853932508,0.09,4.0,0.32978669434748675,0.8007105034227202,0.6091462495305863,0.19619763326876807,0.5580318222960243,0.0,0.011111111111111112,0.220316563088469,0.871242915536391,0.3712429155363911,0.006440266447063893,0.016744913928012518,0.019444444444444448,0.09027777777777778,0.022916666666666665,0.6517434215796915,0.7777777777777778,0.015411849135781641
final_arctan_centered_lognormal_001,1.7409388220945814,8.815319416300223,0.2774730481084414,0.3490083103416437,0.20305315287502052,0.13689762971235309,0.5257067511207971,0.11,6.0,0.19131507516074414,0.7981495841606434,0.6406408716579056,0.16771650384098544,0.6490535027053326,0.0,0.022222222222222223,0.19211964752817934,0.9309844375883579,0.4309844375883579,0.005926162664828426,0.02795665296124573,0.03194444444444444,0.18055555555555555,0.04027777777777778,0.6611588463803161,0.7555555555555555,0.0437157721411765
final_arctan_centered_lognormal_002,2.6349515465466053,14.618981482646703,0.13064708875834588,0.15394240754240754,0.08632747258130097,0.10934099109179837,0.5019863260362419,0.06,3.0,0.2856356870907132,0.7880866938332929,0.6339933849202364,0.35453618951796084,0.5788962140011453,0.0,0.0,0.17746499920082578,0.8894544903036015,0.38945449030360135,0.0034625322199123188,0.00976134585289515,0.0125,0.0625,0.011805555555555555,0.67493678499452,0.6222222222222222,0.015133135932727693
final_arctan_centered_lognormal_003,4.345205483348055,57.15104468764741,0.12606429190498747,0.169061421328088,0.07681670238303229,0.13625906619694989,0.5101039480972064,0.1,4.0,0.3194446889514246,0.7839044533670624,0.5705237088421738,0.17091033110814036,0.4504260943888324,0.011111111111111112,0.011111111111111112,0.2517967581122213,0.8734678714593729,0.3734678714593727,0.0056589057396857585,0.01981891348088531,0.03611111111111111,0.034722222222222224,0.02013888888888889,0.6482785245767804,0.8888888888888888,0.006558316410690157
final_arctan_centered_lognormal_004,2.982691442068824,20.553298017127304,0.17715966615504627,0.21278362291695624,0.11263788245105197,0.13542713142517865,0.3706313499673002,0.22,8.0,0.4246391843827139,0.662021370123894,0.38606409753660215,0.1185768877435854,0.2241030191912454,0.022222222222222223,0.05555555555555555,0.35763662612661545,0.8072139820193327,0.30721398201933253,0.037558866715261055,0.0813532971717115,0.09305555555555554,0.13194444444444445,0.08125,0.6632922918878787,0.8444444444444444,0.0201831869697372
final_arctan_centered_lognormal_005,2.1928122013024463,15.878526047395098,0.27093218304693734,0.3496499079103886,0.1449678530543238,0.18676387161384328,0.46881613985466897,0.2,8.0,0.4901878944419226,0.6461741414397241,0.33930415807016046,0.07091243704021763,0.18572730018843775,0.022222222222222223,0.08888888888888889,0.37043393871847313,0.7677542036322121,0.26775420363221214,0.04429650526960028,0.10713657414992592,0.11805555555555555,0.2916666666666667,0.10972222222222223,0.6608680788033793,0.9333333333333333,0.06311702377050554
final_arctan_centered_lognormal_006,2.575595665566901,22.11046794330951,0.20178169538844687,0.240376345976346,0.1395666448467286,0.18249456156693725,0.6496483502176865,0.14,5.0,0.33418388890476663,0.7397477617396582,0.5068858442001709,0.12698867939001035,0.2713165520864838,0.011111111111111112,0.011111111111111112,0.2795522499108384,0.859950342502583,0.35995034250258284,0.022632797396697418,0.07049539064452073,0.08194444444444444,0.1527777777777778,0.057638888888888885,0.6462179843599032,0.9111111111111111,0.027681944967595906
final_arctan_centered_lognormal_007,3.640985673738398,32.92699629307178,0.1141417397829403,0.1361737188403855,0.04119365622605415,0.0430858270902951,0.6764031749864307,0.06,3.0,0.2709281221154232,0.7529702404519332,0.6136681629770954,0.2833062813563814,0.591946366470822,0.0,0.011111111111111112,0.16504552361647934,0.8989255973454439,0.3989255973454439,0.0026072786651596814,0.008372456964006259,0.01666666666666667,0.05555555555555555,0.0125,0.627847705989692,0.6444444444444445,0.02428217294588142
final_arctan_centered_lognormal_008,2.662336283379731,27.401072812379272,0.275554949358551,0.3706940941607609,0.19241781101237726,0.22896540494377363,0.5087259988830952,0.12,4.0,0.41353516709701604,0.7238005047565225,0.4455196653145486,0.13562816480675471,0.25515109266756686,0.011111111111111112,0.044444444444444446,0.32254176401927376,0.8035974864774501,0.30359748647745,0.020216893880739162,0.062463185119889165,0.07361111111111111,0.14583333333333334,0.05208333333333333,0.6533809950970855,0.8888888888888888,0.04959688602900891
final_arctan_centered_lognormal_009,3.5983593843139703,27.46929764079051,0.1212777645750665,0.14942934676268013,0.07595315466540338,0.11651496490400468,0.3155386197397166,0.1,5.0,0.40199501481261696,0.7126906847999744,0.46400991932446833,0.12840209617283194,0.2893028135971716,0.03333333333333333,0.05555555555555555,0.28597290168738004,0.8246828190601595,0.32468281906015956,0.015031723920284035,0.04170203088379667,0.06388888888888887,0.0625,0.03888888888888889,0.6359045269759576,0.8444444444444444,0.013320407633219289
final_arctan_centered_lognormal_010,2.2375909874766307,15.784383845874776,0.401508870685891,0.5444172028172028,0.18489181254973855,0.23209814397431355,0.755443369545143,0.09,4.0,0.2184645592906165,0.7712146903775075,0.6001883781679286,0.1408085843721805,0.5640418009062231,0.011111111111111112,0.022222222222222223,0.20521889025754902,0.9153535908724683,0.41535359087246815,0.009907204349064678,0.03958480350703253,0.05694444444444444,0.1111111111111111,0.035416666666666666,0.6229626872378404,0.8888888888888888,0.10034124637526987
final_arctan_centered_lognormal_011,3.4159363714070907,31.118056678280887,0.2208825179595932,0.31083531590198255,0.1584353197575774,0.1681955184077068,0.554929064005903,0.16,7.0,0.3446137119224922,0.7125776902063673,0.4882842731313339,0.1685929694981683,0.2987218311268187,0.0,0.011111111111111112,0.28798623751206676,0.8584662628762333,0.35846626287623323,0.008921877133869134,0.027993516655488486,0.03194444444444444,0.1597222222222222,0.039583333333333325,0.640378017525363,0.8,0.030150327104702668
final_arctan_centered_lognormal_012,3.5227681781548013,30.774422858512242,0.13155755349659784,0.17983413130079798,0.10438487804759725,0.07950363806517774,0.31196226025736923,0.08,3.0,0.2567815495144366,0.8208758554051673,0.6555584372621538,0.2009923549372444,0.6104882573581292,0.0,0.0,0.19048819984781287,0.9000208408656688,0.40002084086566886,0.0020963126203282635,0.005555555555555555,0.008333333333333335,0.05555555555555555,0.008333333333333335,0.6459825658524281,0.7555555555555555,0.013836769833545648
final_arctan_centered_lognormal_013,3.9911622132389746,49.432777536512894,0.13853801587773473,0.18121638082455885,0.099884039880729,0.11134632399986462,0.48569971172939114,0.13,6.0,0.4522359018847143,0.6732362245073168,0.3940397647014204,0.09828151135461785,0.23643213242738226,0.011111111111111112,0.06666666666666667,0.3281545669883015,0.7896098685898105,0.2896098685898105,0.031565124233455845,0.07697879519229614,0.09583333333333334,0.1111111111111111,0.06527777777777778,0.6454200189106801,0.7555555555555555,0.020512389900145034
final_arctan_centered_lognormal_014,3.443792077178613,40.20305606198973,0.14880326714315226,0.19293145879812548,0.19677501717494553,0.26243951369697066,0.9002756078105366,0.08,3.0,0.3143223044575206,0.7677062287445454,0.573122333259698,0.20730897669459383,0.5232434007636481,0.011111111111111112,0.022222222222222223,0.2248357815511768,0.8737013406990113,0.37370134069901106,0.004845264586985681,0.01977923094120277,0.03194444444444445,0.04861111111111111,0.018055555555555554,0.6296139524837862,0.7777777777777778,0.012098592871829572
final_arctan_centered_lognormal_015,2.8123168227670834,18.706945435911354,0.1283176417769435,0.1674286023619357,0.1688162440745401,0.17669676845394483,0.47925362460083426,0.09,4.0,0.4264965174686994,0.7373924581535792,0.4985753889795555,0.22459936594138888,0.43612176899622135,0.0,0.022222222222222223,0.268462500693919,0.8172454405055702,0.31724544050557035,0.012052468534356936,0.03363186364564197,0.04027777777777778,0.09722222222222222,0.029166666666666664,0.6479964953412216,0.7777777777777778,0.03058823088743301
final_arctan_centered_lognormal_016,2.6532126308782837,24.936615302549658,0.24779920726586116,0.3195308963308963,0.23155114229500057,0.22540585572604227,0.5629017508232943,0.15,7.0,0.31897926547904704,0.7469277501203733,0.5195724556033265,0.16748443138102592,0.30237664162812394,0.011111111111111112,0.011111111111111112,0.2806694743155761,0.8652806388496166,0.3652806388496166,0.022037131042682016,0.0594785864948143,0.06805555555555555,0.3055555555555556,0.07222222222222223,0.646913423199023,0.9111111111111111,0.034160010138145847
final_arctan_centered_lognormal_017,4.14179672589969,43.9951514699162,0.10585977355702221,0.13832136498803166,0.06054572910955204,0.07552989686740934,0.27675340933068915,0.07,3.0,0.3482415325180553,0.8001030503620201,0.6073219882648712,0.244837169691212,0.5827728863379795,0.0,0.0,0.22007007195216383,0.8602462916874488,0.36024629168744865,0.003870377526263627,0.00972222222222222,0.01111111111111111,0.034722222222222224,0.009027777777777777,0.6445630536900342,0.6222222222222222,0.004651309878693777
final_arctan_centered_lognormal_018,2.4771793607433117,16.1253294916527,0.2119150825483571,0.27339785713119047,0.13712034908112372,0.12950259533253888,0.2842585917286576,0.24,8.0,0.4529183519926574,0.6220468525015648,0.3267812193000385,0.06820160907340814,0.15335960079737343,0.03333333333333333,0.05555555555555555,0.3974677987331225,0.7822421994895592,0.28224219948955925,0.039288546153117346,0.09006736343599822,0.10416666666666666,0.2569444444444444,0.10138888888888889,0.6673943697227571,0.9555555555555556,0.038178087070461
final_arctan_centered_lognormal_019,3.2484254377798045,27.940404164798885,0.14750010437159528,0.18989721549721553,0.12948373653786874,0.19213432113928428,0.6254675506949643,0.14,6.0,0.3984995850829595,0.6974761137710256,0.45709764370709893,0.10846217774434395,0.3112348076267106,0.022222222222222223,0.044444444444444446,0.285216713532911,0.8333056552582235,0.33330565525822337,0.020342543954832728,0.05432438378281549,0.07222222222222223,0.1388888888888889,0.057638888888888885,0.6364786686804823,0.7555555555555555,0.02875407729852697
final_arctan_centered_lognormal_020,2.4299169043240676,17.923580894864962,0.23625539675417206,0.3189378504045171,0.1628780482073494,0.18488998208991994,0.48476017743987526,0.11,4.0,0.34634644766157135,0.7383821890099687,0.49307634479889617,0.12660478345095105,0.24203812479897888,0.044444444444444446,0.05555555555555555,0.2841170985574543,0.8481558044847547,0.3481558044847548,0.012082532671263253,0.038056790647354455,0.0763888888888889,0.0625,0.043055555555555555,0.6589060815216311,0.8666666666666667,0.03584333430628672
final_arctan_centered_lognormal_021,2.12297256081331,11.876105016298322,0.2589305374368358,0.3462852558852558,0.16004291343738863,0.20077913833503663,0.4692866887142981,0.17,6.0,0.40992764235317125,0.7003621192385604,0.4206937184965472,0.09511536954239455,0.21445677035310165,0.022222222222222223,0.044444444444444446,0.3328338097508251,0.810241253249334,0.31024125324933416,0.04385330747267593,0.10721749508131481,0.10138888888888889,0.16666666666666666,0.08055555555555555,0.6628992668364307,0.9111111111111111,0.046513879702649974
final_arctan_centered_lognormal_022,2.101340709147468,9.825046417681806,0.26114966254122435,0.3081251074104739,0.1325981202007807,0.13061455143577588,0.38359019144927664,0.19,7.0,0.48678714797014944,0.6484208990401489,0.3457779205488115,0.06947024508248872,0.19193055186131847,0.011111111111111112,0.05555555555555555,0.37174653936275764,0.7766182488126944,0.27661824881269426,0.03455879306598269,0.07982610326523751,0.09444444444444446,0.22916666666666666,0.07986111111111112,0.6680035552364366,0.9111111111111111,0.052240212785289564
final_arctan_centered_lognormal_023,2.5858033241220166,15.60270479460307,0.22380999496967158,0.26549052282385616,0.11868365703295278,0.14131515236903108,0.5363009563741634,0.18,6.0,0.4302446372935145,0.6765632032916268,0.4001589689685227,0.11376533062124286,0.2269816538725095,0.0,0.03333333333333333,0.343320880277012,0.8068599925945399,0.30685999259453994,0.014451213548189743,0.0459194958950011,0.0611111111111111,0.10416666666666667,0.050694444444444445,0.6378359027133718,0.8888888888888888,0.03933275273494796
final_arctan_centered_lognormal_024,3.019933906446619,20.548228569415233,0.11659349041637893,0.14523179723179722,0.10950143899628952,0.07335612999786273,0.5103941837513204,0.06,2.0,0.2145993362462105,0.7772480614737676,0.65546259854407,0.37264153650080245,0.6385107860845679,0.0,0.0,0.14964403205307522,0.9205202990877699,0.42052029908777,0.0022753579590434336,0.008352895148669796,0.012499999999999999,0.027777777777777776,0.006944444444444445,0.6616268420078422,0.7555555555555555,0.00735459103525582
final_arctan_centered_lognormal_025,2.7213683049998907,20.84165616788408,0.31047581316897266,0.39611394520607185,0.22022645673518326,0.23778110625938265,0.5332282044917563,0.12,5.0,0.39863227252315886,0.7197397625049904,0.47241696604070277,0.16151077124661897,0.3247005895402553,0.011111111111111112,0.044444444444444446,0.283381551569973,0.8213500187723037,0.32135001877230374,0.011664070023464203,0.03847726598293941,0.05277777777777778,0.16666666666666666,0.047222222222222214,0.6176750254372515,0.8,0.06272825727325804
final_arctan_centered_lognormal_026,2.263908844800649,11.781263983626115,0.23060279443986387,0.2785861297861298,0.0978204833206828,0.1211368765468335,0.47737740300395437,0.19,6.0,0.3541647561973651,0.6980327698389813,0.45234188748659204,0.18010004345984734,0.2609013058567482,0.0,0.022222222222222223,0.32271051287061514,0.8414379801642485,0.3414379801642487,0.013283730118616529,0.03830232746293047,0.04861111111111111,0.10416666666666667,0.04722222222222222,0.6662899498401466,0.9555555555555556,0.028981155359261157
final_arctan_centered_lognormal_027,3.2469510878185965,24.452525772057083,0.14294843777596836,0.1831088311088311,0.05755076890783245,0.11057844681616624,0.35733022451879987,0.2,7.0,0.3767504827699215,0.6875488905830189,0.4261207257611835,0.10628108768280815,0.22480812267924866,0.011111111111111112,0.044444444444444446,0.33700559647780365,0.8347338946347431,0.3347338946347433,0.01733664942176937,0.054422191003366024,0.0611111111111111,0.1736111111111111,0.06041666666666666,0.6427090617549176,0.8888888888888888,0.011387343776797065
final_arctan_centered_lognormal_028,2.608779481043068,15.958312062851022,0.16677460136286534,0.20421326954660293,0.09037518490912676,0.12703724393299476,0.37149969515049736,0.19,7.0,0.3847403964758029,0.68285599816373,0.41932881426249874,0.13186175170498737,0.22299815274373874,0.011111111111111112,0.05555555555555555,0.34618028865246003,0.8293693483159329,0.329369348315933,0.008639992587432562,0.033952217139152044,0.037500000000000006,0.1111111111111111,0.04930555555555555,0.6729334125014225,0.8444444444444444,0.01388008409248176
final_arctan_centered_lognormal_029,4.247237326254899,61.174745458956274,0.12192383959045715,0.17313457473457475,0.16120352863713783,0.1396306378595465,0.6730521906046383,0.08,3.0,0.1795083515995799,0.8354990266505243,0.6957957077710203,0.15565584833769644,0.7439822857388931,0.011111111111111112,0.011111111111111112,0.16330733749762336,0.9354698500134547,0.43546985001345495,0.0015152761610082366,0.0056343617259110215,0.0125,0.05555555555555555,0.011111111111111112,0.6455119707106988,0.8444444444444444,0.006740106478518637
final_arctan_gaussian_000,0.08542914157463452,0.13957853254625702,0.10464138691514518,0.10743952557285891,-0.002157693810639757,0.003311621496673874,0.056440403150082814,0.1,5.0,0.5339282009254898,0.6619058107591215,0.35575832199303276,0.11065846001888455,0.29062864406882827,0.0,0.03333333333333333,0.35260290968171887,0.7438608100983769,0.24386081009837707,0.03008102731471782,0.07011511095558859,0.08055555555555555,0.0763888888888889,0.043055555555555555,0.7949382156919322,0.8666666666666667,0.006071183636059185
final_arctan_gaussian_001,0.07182542555115037,0.2070078639631991,0.14774749793015396,0.14847645620978955,0.011372841231016681,0.023614605574153177,0.09330382969184756,0.15,6.0,0.5205631444071743,0.657916421441827,0.33912989770425894,0.07820143595484792,0.2583894654748764,0.022222222222222223,0.05555555555555555,0.37872908682367146,0.751322298509173,0.2513222985091729,0.02198297645595609,0.03911189104487767,0.06527777777777777,0.1388888888888889,0.05347222222222222,0.7890386133106662,0.8222222222222222,0.017648160525119416
final_arctan_gaussian_002,0.12454512044138515,0.2836537911760686,0.25077276148944944,0.26033826247159575,0.026611438752930552,0.039857280580201535,0.12859073762629586,0.15,5.0,0.4539237957296426,0.6986739733260192,0.4155704478115112,0.15603956988143472,0.2721712974759277,0.022222222222222223,0.05555555555555555,0.3427916146489238,0.7989749528546548,0.2989749528546547,0.024678748814729475,0.05844385294432123,0.07777777777777777,0.08333333333333333,0.049305555555555554,0.7677280175719272,0.8666666666666667,0.043749575752952796
final_arctan_gaussian_003,0.08080501673681682,0.24406861090486923,0.3250511412470708,0.3348911927578594,0.021243726314468383,0.03310364382446056,0.09487422707076744,0.35,11.0,0.5781561954194816,0.534582789609936,0.20834797622992182,0.057071515922515685,0.11651846193241228,0.022222222222222223,0.08888888888888889,0.46328278982278226,0.7014265468132783,0.20142654681327837,0.0939392952144907,0.15442774899913358,0.15555555555555556,0.5277777777777778,0.21041666666666664,0.7476634964390682,0.8666666666666667,0.06165904207514683
final_arctan_gaussian_004,0.08030124382424339,0.24910957261684058,0.252292375860116,0.2577718423051757,0.016659220451212764,0.027272632186731573,0.08351639678910984,0.18,6.0,0.5409970977279858,0.6173438734333364,0.29281196336549664,0.10132024857221744,0.1760275071115473,0.03333333333333333,0.06666666666666667,0.3944241791894266,0.7309843931037538,0.23098439310375407,0.02631853124386206,0.05137226727160689,0.06805555555555556,0.10416666666666667,0.05555555555555556,0.7715398576245002,0.9111111111111111,0.03688096288263909
final_arctan_gaussian_005,0.06751373583720147,0.1383177508695274,0.12454886605112112,0.12496740150073483,-0.004416858535278553,0.00388902344647234,0.06785257521402416,0.31,9.0,0.6016273752414992,0.5240350985162988,0.1706782920727362,0.02097894645740146,0.05563221352945112,0.1,0.23333333333333334,0.4804294647754845,0.66457876129302,0.16457876129301996,0.08356396508753838,0.14025939547941274,0.16805555555555557,0.2708333333333333,0.16180555555555554,0.801980087634658,0.9777777777777777,0.0003448541142321293
final_arctan_gaussian_006,0.1291444667739474,0.21223356974309948,0.2181471326741082,0.21995068608401944,0.013298138265652138,0.022021304256750463,0.10170667315780367,0.11,5.0,0.45015262009191936,0.7198874748737595,0.4552682010370906,0.1854836999745723,0.35326878141524526,0.022222222222222223,0.05555555555555555,0.30365511608964546,0.8045742712528388,0.3045742712528389,0.01401819962388062,0.034598736314772505,0.05694444444444444,0.09027777777777778,0.03611111111111111,0.7671185617179401,0.8666666666666667,0.042459727108862366
final_arctan_gaussian_007,0.13116349523161341,0.175695515229299,0.22385000555874462,0.22926239086239086,0.019400893460606486,0.025912616626595286,0.08233286709095662,0.11,5.0,0.37228065232464325,0.7582037834316018,0.49433313817079255,0.08701249474151893,0.2343706024942761,0.011111111111111112,0.06666666666666667,0.2987620410908414,0.8429465606453731,0.3429465606453731,0.022525702945876008,0.07883385278994226,0.08472222222222221,0.1597222222222222,0.06041666666666666,0.7615674296685345,0.9111111111111111,0.043405041643850284
final_arctan_gaussian_008,0.13876201634409577,0.13977111888958618,0.08860323546591843,0.0870401733655368,-3.962763314723308e-05,0.01879514603088242,0.12070405711369474,0.11,5.0,0.4842839848769019,0.7175252405255749,0.44468554235556035,0.17506956233913032,0.3602496835595781,0.011111111111111112,0.011111111111111112,0.3105672592649435,0.7916164984763336,0.29161649847633364,0.010162002509730362,0.01837136344637876,0.026388888888888885,0.04861111111111111,0.020833333333333336,0.8015520725163849,0.9111111111111111,0.0006306604984256392
final_arctan_gaussian_009,0.08562174695424246,0.22754918410553798,0.2958799147370201,0.30296457736457744,0.01987116189951023,0.027056225188650168,0.12750960233865885,0.31,9.0,0.560589736351433,0.548037634045488,0.2294689969065999,0.07132203518838258,0.12729388496008076,0.022222222222222223,0.06666666666666667,0.4532068754709811,0.7147221565670858,0.21472215656708582,0.09236016810968524,0.15430886050629125,0.14583333333333334,0.2638888888888889,0.15,0.7558602981249084,0.9777777777777777,0.052673210160772754
final_arctan_gaussian_010,0.09957160727095596,0.19114453457176667,0.2673338656578055,0.27245743432410097,0.02108111930327941,0.029510054110012174,0.10649149354898182,0.41,11.0,0.6029278666965432,0.5092185171049006,0.16707007735192678,0.031860170412256784,0.07023114674389923,0.044444444444444446,0.18888888888888888,0.5134662481770843,0.6662506536092688,0.16625065360926888,0.08662775186216896,0.14287256198720324,0.17638888888888887,0.3125,0.19791666666666669,0.7610147910285111,0.9777777777777777,0.04255699296216586
final_arctan_gaussian_011,0.17420822232219374,0.24672305352131074,0.3444283029474471,0.3523001323001323,0.037980738519479716,0.03842858123735506,0.10611147088950332,0.28,12.0,0.5480569401352242,0.5699410130606556,0.25410949124340015,0.0936021408649112,0.16649659490765378,0.022222222222222223,0.06666666666666667,0.4480193721013355,0.7330049480517353,0.2330049480517354,0.06171258795916584,0.09710188553033153,0.10416666666666667,0.3472222222222222,0.12083333333333332,0.734530399055846,0.9555555555555556,0.07449983412025829
final_arctan_gaussian_012,0.08342287327431896,0.1514626840709974,0.18846712233973548,0.1906342821009488,0.007304940255272146,0.013421668453202668,0.07479812276737156,0.25,9.0,0.5916040357619294,0.549633478313252,0.20121306818712578,0.055387294488441936,0.092360307402953,0.044444444444444446,0.1,0.4597517738163384,0.6828371350182436,0.18283713501824359,0.04543443943428283,0.07765164195824195,0.10138888888888889,0.375,0.12013888888888888,0.7728522525586994,0.9111111111111111,0.028561562290254527
final_arctan_gaussian_013,0.05292227667561957,0.2403548326537907,0.1786952865664799,0.1818379421046088,0.02437471507940752,0.0312139580675656,0.09657569134482326,0.14,5.0,0.4939004418465846,0.6909128585566666,0.40294424123101613,0.19133337733614256,0.28452799556269043,0.0,0.011111111111111112,0.3447247077139013,0.7771457654780695,0.2771457654780695,0.022782377842718766,0.05180527610105075,0.0625,0.09722222222222222,0.044444444444444446,0.7860796105552206,0.8222222222222222,0.024194062540940697
final_arctan_gaussian_014,0.16062857774160283,0.16714117457567354,0.15681203937748453,0.15717374917374916,0.0060522323523588065,0.019539379084049534,0.1449717850565052,0.16,6.0,0.5465301932700749,0.6377140699867796,0.3068362293530713,0.10886736070410952,0.1983451505033565,0.03333333333333333,0.03333333333333333,0.4006679304850461,0.7302286872574957,0.23022868725749585,0.030871939306120998,0.0560527787354991,0.0611111111111111,0.1736111111111111,0.05138888888888889,0.7818545365816485,0.8888888888888888,0.018879293225714355
final_arctan_gaussian_015,0.11748238704197193,0.1721353457755595,0.19708441934427287,0.19653560506893844,0.0013467806170136165,0.00942911533529969,0.10140239973824179,0.25,7.0,0.5453295077800661,0.5711884739426298,0.25080092173540347,0.053603271287475183,0.1480256562084452,0.022222222222222223,0.08888888888888889,0.4379233609997206,0.7260882986021381,0.22608829860213817,0.05893426953359619,0.0990854883875508,0.11527777777777777,0.2152777777777778,0.10347222222222222,0.7795295255029496,0.9777777777777777,0.02546731281356429
final_arctan_gaussian_016,0.12254931292487017,0.23328974315925505,0.2241171106937538,0.2284855932855933,0.01674106650210932,0.025250177600767244,0.12376559389761986,0.35,10.0,0.5716365346870614,0.5313990312590662,0.21585651693789099,0.0770356880613049,0.13377169811804498,0.022222222222222223,0.05555555555555555,0.4866563579369166,0.7090323768911535,0.2090323768911535,0.09011049913648185,0.13134286302568932,0.12083333333333332,0.2986111111111111,0.14513888888888887,0.7754979728733175,0.9555555555555556,0.03205680774452391
final_arctan_gaussian_017,0.045829111280933955,0.1256723676631335,0.056458818004538495,0.0592667699334366,-0.0072212893637130715,-0.002254215218314465,0.08839560708325596,0.07,4.0,0.48272994550226195,0.6326108023522353,0.3935962316123897,0.17789247981875014,0.3621579287299103,0.022222222222222223,0.03333333333333333,0.27576093751755326,0.7895183245643697,0.28951832456436954,0.00788807645094719,0.014206981016533986,0.03333333333333334,0.041666666666666664,0.018055555555555557,0.8019287098476123,0.8444444444444444,-0.0003050182119000988
final_arctan_gaussian_018,0.10976167472872922,0.1632181932744746,0.15306349255109966,0.15369568996235664,0.002579176483287845,0.010801522402661901,0.07622643335902803,0.1,5.0,0.4920147209638047,0.7005718102929436,0.4016237990536738,0.12281108809407112,0.2548935843524426,0.022222222222222223,0.044444444444444446,0.3423618667095128,0.7770086429599314,0.2770086429599314,0.011799829815246694,0.03461397373682244,0.05555555555555556,0.0763888888888889,0.035416666666666666,0.7845543852159576,0.8222222222222222,0.021308233264252907
final_arctan_gaussian_019,0.1069657179712307,0.1732788743632947,0.13544753144266636,0.13739254165920833,0.0037218051899514304,0.016022173297989526,0.10211665595448967,0.15,5.0,0.4173141861542601,0.7168962573570619,0.46886062405407697,0.1618767724639145,0.31680947965365996,0.0,0.0,0.3054288061928551,0.8330139248531642,0.33301392485316433,0.013653908370240424,0.040632126089872565,0.03888888888888888,0.0763888888888889,0.034027777777777775,0.7977062693991953,0.8888888888888888,0.00823185501493573
final_arctan_gaussian_020,0.11173819363082076,0.13222033541137446,0.1906998040554651,0.19383095569762238,0.010162422331587661,0.014054851346323735,0.07333616445483677,0.2,7.0,0.5025819397877583,0.6550505370642271,0.3373590396886433,0.07009481843451258,0.2109910222667688,0.03333333333333333,0.07777777777777778,0.38753892332938455,0.7636300114256135,0.2636300114256136,0.015695853758110168,0.03876722770571541,0.08055555555555555,0.09722222222222222,0.058333333333333334,0.7741432582915427,0.8666666666666667,0.02876325368048538
final_arctan_gaussian_021,0.1083802843429627,0.15429392050563404,0.11653261502935192,0.11735564535564537,-0.0015738815982977911,0.00436699929921683,0.07646911450207715,0.12,5.0,0.4128652749512766,0.7318747625823311,0.47259570388426014,0.168114840215272,0.33680819065424217,0.022222222222222223,0.03333333333333333,0.3075813919746478,0.8215745897660209,0.32157458976602105,0.00930066351754335,0.03164112002114095,0.0375,0.1111111111111111,0.02708333333333333,0.7949681982529335,0.8222222222222222,0.0030594770453513664
final_arctan_gaussian_022,0.06793577231815595,0.18774912938509397,0.10864516207003014,0.11267283640616975,0.00073845237354062,0.01141633844712897,0.08760768974862432,0.12,5.0,0.4881711801654483,0.6967397433979723,0.4165540870823287,0.19187979363668106,0.2937253802818911,0.0,0.0,0.33569277034748163,0.7800092846530493,0.28000928465304914,0.013085392382522643,0.027916411512553578,0.02777777777777778,0.034722222222222224,0.020833333333333332,0.7960587231384726,0.8444444444444444,0.0068523238202422565
final_arctan_gaussian_023,0.10175206603364799,0.2504408096078044,0.17660514450380752,0.180335573668907,0.002694747783304833,0.01499925302267773,0.10761664643640266,0.22,9.0,0.47123382040238615,0.6125151231993968,0.3417877467054217,0.15954514656334462,0.23317261188197577,0.0,0.044444444444444446,0.3840219974173607,0.7894195572544518,0.2894195572544519,0.03789805475102215,0.0777670169925492,0.07638888888888888,0.2847222222222222,0.08472222222222223,0.7814565394669184,0.9555555555555556,0.02369618876089752
final_arctan_gaussian_024,0.09854741880459189,0.19953012563689504,0.19425701562600928,0.19604695578028913,0.014276342676696979,0.022880088239144038,0.09993157991595532,0.13,5.0,0.5094343520402939,0.6738224225471016,0.3750770418054891,0.08301482713216073,0.26014956344788315,0.0,0.03333333333333333,0.344604510563966,0.7660562072391158,0.266056207239116,0.02482491268298285,0.055721944625982664,0.0625,0.18055555555555555,0.050694444444444445,0.7807642266826297,0.8666666666666667,0.02655411635420224
final_arctan_gaussian_025,0.09887804791335557,0.1415117764698759,0.09914801439297699,0.10526087806087807,0.004290898613634282,0.019276518911474996,0.09661691192980379,0.19,8.0,0.5439550604024104,0.6215395648063784,0.29512580926449805,0.06926141779207913,0.18769207743906335,0.08888888888888889,0.1,0.39052490388643507,0.7364895192758314,0.23648951927583145,0.04704116202600195,0.0830228736178364,0.10277777777777779,0.1527777777777778,0.07916666666666668,0.7989484988892334,0.8666666666666667,0.006202861525731462
final_arctan_gaussian_026,0.0925793641967401,0.24031200962469348,0.17173943808971756,0.17469288855955523,0.00894429277902353,0.02039622111487533,0.10306122129945079,0.18,8.0,0.5502326308068463,0.5992806386276195,0.2729034595451405,0.08875311800491845,0.1756530471242015,0.03333333333333333,0.03333333333333333,0.4023551997839783,0.7229337218944175,0.22293372189441749,0.04613781560144964,0.08397117105484961,0.10555555555555556,0.2013888888888889,0.08333333333333334,0.7727004175555479,0.9111111111111111,0.029882676235341576
final_arctan_gaussian_027,0.12339388564684947,0.157256782837735,0.1839511180400728,0.18739413726080395,0.011008601579471453,0.022236940799826105,0.15457111555291744,0.21,8.0,0.5486215499380482,0.5931907872425718,0.2779156980594055,0.08659466197019297,0.18349493422758473,0.022222222222222223,0.03333333333333333,0.4105674469223136,0.7332371626301817,0.23323716263018182,0.028474568181202965,0.06781738169854593,0.07777777777777777,0.2222222222222222,0.08611111111111111,0.7708841189736602,0.8444444444444444,0.029032092812442678
final_arctan_gaussian_028,0.11691126725754304,0.2010126243393675,0.24145873087021236,0.24235903409236745,0.020473948817196278,0.022195645901269795,0.08289729531544027,0.22,7.0,0.5246574755156149,0.6203864920715148,0.30645043424578006,0.06762348505825586,0.21607803992585156,0.03333333333333333,0.06666666666666667,0.3988012820250917,0.7520288179527663,0.2520288179527662,0.04955096874903331,0.08876470770008198,0.09166666666666666,0.1597222222222222,0.08472222222222223,0.7673201688144389,0.9777777777777777,0.037999573663125785
final_arctan_gaussian_029,0.1546982455023692,0.2652039809113426,0.3517658896944386,0.36491293957960624,0.03834522458788406,0.045148613590370895,0.10749220585519638,0.21,8.0,0.5334433665215225,0.648482964748335,0.3142714165023616,0.05698375687042521,0.22782127191631238,0.03333333333333333,0.07777777777777778,0.40006347945143894,0.7443829477280081,0.24438294772800798,0.04695078420873099,0.08757532748581341,0.11111111111111112,0.2986111111111111,0.0951388888888889,0.7343934236707299,0.9777777777777777,0.07395022963144016
final_arctan_student_t3_000,0.5607663527886544,6.832605866788194,0.19961423679132742,0.23253327093327095,0.07233123192981605,0.07654787002625142,0.24903126794085786,0.14,5.0,0.37827402713934094,0.7379882251479867,0.4865291782801387,0.14744148972626794,0.28069287921155534,0.03333333333333333,0.03333333333333333,0.297752721337912,0.8356979788992149,0.335697978899215,0.013110045718161484,0.04411447228411675,0.05,0.1527777777777778,0.051388888888888894,0.7047585979066606,0.8,0.03832999655137126
final_arctan_student_t3_001,0.9204498158550048,16.389710219981286,0.126372418514917,0.14706678840012175,0.05774136458580397,0.07351623607198574,0.24808699219173103,0.07,3.0,0.22315285599343365,0.7983156760001898,0.6770773339462726,0.45452993546757664,0.6979546721795061,0.011111111111111112,0.011111111111111112,0.14454487176176284,0.9251663186572233,0.42516631865722343,0.0012717237186560502,0.002797339593114241,0.006944444444444445,0.04861111111111111,0.0076388888888888895,0.688957650230512,0.7333333333333333,0.010373859082601466
final_arctan_student_t3_002,0.5657282932396959,5.729211016840248,0.2410296193329827,0.28038552598552596,0.09713691826074983,0.08593098943322441,0.23035980759722194,0.1,4.0,0.3775866759081557,0.7572476292153435,0.49756646862949494,0.18357086513138982,0.23402849509405393,0.011111111111111112,0.03333333333333333,0.30316045209626713,0.8298962469587585,0.32989624695875847,0.009010288574837015,0.03548461434885775,0.05555555555555556,0.0763888888888889,0.03194444444444444,0.7111457017106252,0.8444444444444444,0.02629660136353873
final_arctan_student_t3_003,0.354149277996372,4.894781293391974,0.3428583091060111,0.4048585491252158,0.11088213886051115,0.11264679622032883,0.20359613729206866,0.09,6.0,0.38689967175229206,0.724803343556967,0.47725680400679327,0.16000574664112174,0.282442299540292,0.022222222222222223,0.044444444444444446,0.28882623351777753,0.8292710243839927,0.3292710243839927,0.013474888765571388,0.04411089726766396,0.05416666666666666,0.18055555555555555,0.043055555555555555,0.6840361325472867,0.7555555555555555,0.0716494718833044
final_arctan_student_t3_004,0.7301913278021284,11.578156098997168,0.22378143136796216,0.26881103547770213,0.05825247158336222,0.06734184083043418,0.19231773470411268,0.11,4.0,0.3627342813132492,0.7850387071574421,0.5581937329810903,0.19139350057667684,0.4551444939604602,0.011111111111111112,0.011111111111111112,0.2643853692819192,0.847723274414135,0.3477232744141349,0.0023117312587105365,0.0069835680751173706,0.008333333333333335,0.09027777777777778,0.015972222222222224,0.6907670705289007,0.8888888888888888,0.02157472974995467
final_arctan_student_t3_005,0.8027466306860959,11.763874626730203,0.09620308384806038,0.11036608929942261,0.01799214100724021,0.04160019721287459,0.15806233753734222,0.06,2.0,0.3100097340536087,0.7966116358421829,0.6386110839002869,0.39948697604521227,0.6149105946671618,0.011111111111111112,0.011111111111111112,0.18325269682512346,0.8878301103019934,0.38783011030199355,0.0031730322018737756,0.007003688799463446,0.009722222222222224,0.020833333333333332,0.007638888888888888,0.6955168469258827,0.7111111111111111,0.003830542354881006
final_arctan_student_t3_006,2.103774055504871,41.90272223955389,0.16189673136909463,0.18969073038715897,0.021288147400567635,0.045864432746167,0.40931238367979905,0.12,5.0,0.3542257494786121,0.7607245316753322,0.5294877378061111,0.17970575303730968,0.36917208048053807,0.011111111111111112,0.03333333333333333,0.2770990761992878,0.8575661004074612,0.3575661004074611,0.00612807521921489,0.02125030375489653,0.030555555555555558,0.14583333333333334,0.032638888888888884,0.6848538464839479,0.8444444444444444,0.00864767438953018
final_arctan_student_t3_007,0.8898901097164889,10.699338625086106,0.2185725552927728,0.24658146524813193,0.08451844139522074,0.08965511517438784,0.17995070232722166,0.15,6.0,0.3623956906830017,0.7235409896553089,0.4915834797921248,0.20325244955060012,0.313872596593972,0.0,0.0,0.292382215269479,0.8452028842986544,0.34520288429865453,0.013727014960971751,0.04462161860049184,0.04166666666666667,0.10416666666666667,0.04166666666666667,0.7019302331333709,0.8888888888888888,0.017755134549537144
final_arctan_student_t3_008,3.1506209374252334,81.10175514693829,0.2692836194928483,0.3367458874125541,0.08649011869368553,0.0985336886140794,0.2642011729992289,0.2,8.0,0.5168440340956364,0.6087021360846498,0.2988941476259339,0.08166684263628815,0.16597068774848228,0.03333333333333333,0.06666666666666667,0.39876670229795863,0.7515502472810608,0.25155024728106096,0.02048944128906756,0.04748432911008778,0.06666666666666668,0.4166666666666667,0.0875,0.6488897733458193,0.9555555555555556,0.057530005087327196
final_arctan_student_t3_009,0.9939937205702764,14.251095866998048,0.1738543046182627,0.20077340290673626,0.05574314426876915,0.08872335893781566,0.37989840384060924,0.11,3.0,0.2927891742079259,0.8052917306772785,0.5907788586945395,0.17811426990419374,0.399480847113033,0.011111111111111112,0.011111111111111112,0.2530524189498472,0.8772472113362756,0.3772472113362755,0.006591279654462602,0.02638888888888889,0.02777777777777778,0.0763888888888889,0.025,0.692771843011576,0.8222222222222222,0.013580588225573842
final_arctan_student_t3_010,0.7898419142785332,10.812525120528306,0.11805942468031942,0.1312719950053283,0.022025982511401677,0.022609555050480724,0.2258791593768608,0.15,9.0,0.4571013223256197,0.7133073913757882,0.43624978332419256,0.20695812439913572,0.29484112623071523,0.011111111111111112,0.011111111111111112,0.3408126698194554,0.7980929940135602,0.2980929940135601,0.008279247040799489,0.026823161189358374,0.03611111111111111,0.0763888888888889,0.02847222222222222,0.6833932221237882,0.6444444444444445,0.00406149739749484
final_arctan_student_t3_011,4.053730338600255,84.84525829355627,0.14355116904188137,0.19057353190686527,0.036760301894031976,0.06695674518133558,0.27538532357434126,0.17,6.0,0.48946014000156934,0.6559444790097515,0.35089400096571566,0.09378731574000869,0.23512130615292648,0.022222222222222223,0.03333333333333333,0.3794519883856401,0.7648615472024259,0.2648615472024259,0.011889617184911822,0.03496989298419363,0.05277777777777778,0.1597222222222222,0.05625,0.639202886434525,0.8666666666666667,0.01621957714847755
final_arctan_student_t3_012,0.7177698432112853,10.928369860242126,0.31229685342417096,0.3927203185869852,0.12270286588019452,0.1437733889714533,0.4110842603027462,0.14,6.0,0.37514189504809503,0.7314370484856244,0.4811765573144802,0.12439419420723771,0.27486661080040753,0.022222222222222223,0.03333333333333333,0.2975355779114385,0.8388747012501213,0.3388747012501214,0.009630616192038307,0.03015083681972483,0.04027777777777778,0.22916666666666666,0.04513888888888889,0.7076548708041491,0.9111111111111111,0.04046793689574435
final_arctan_student_t3_013,1.8436308453876387,39.31157174471657,0.1356820389285254,0.16427790614457283,0.04443916792167379,0.10392379753125602,0.5659404791532041,0.09,4.0,0.30239951521815883,0.8006621977192527,0.6012870032598918,0.19295671297665598,0.4910865989365805,0.0,0.011111111111111112,0.23164124713264808,0.8747188040724054,0.3747188040724055,0.003935210213672316,0.013928012519561814,0.01944444444444444,0.05555555555555555,0.01875,0.6680775834838933,0.6888888888888889,0.014644098361399904
final_arctan_student_t3_014,2.732917460869911,62.607822209356435,0.17963745684758933,0.20108953095619767,0.03618841058379514,0.0574959605710003,0.26404650636847055,0.08,4.0,0.3393353691491716,0.7531464339899366,0.5311589041420117,0.15744560429855045,0.4243490308616806,0.05555555555555555,0.07777777777777778,0.2538745426055036,0.8573981373065046,0.35739813730650444,0.0074976241669475144,0.023029398541367173,0.036111111111111115,0.08333333333333333,0.025694444444444443,0.6762598835073214,0.7777777777777778,0.02077933066814075
final_arctan_student_t3_015,1.159459136550005,23.005858667565448,0.07349567856145914,0.08109616429616431,-0.0026368075744082663,0.018830698014959714,0.17231435219988203,0.05,4.0,0.24877007458545547,0.5528150062075673,0.45456886453528467,0.31396652715844725,0.400842338324613,0.011111111111111112,0.011111111111111112,0.13683172049069003,0.9076221923507806,0.40762219235078045,0.005469130814170677,0.01111111111111111,0.01666666666666667,0.09722222222222222,0.016666666666666666,0.6813678599313552,0.4,0.007245985795008014
final_arctan_student_t3_016,0.7253931894873784,6.797655940164091,0.25412870215938804,0.2836689367356034,0.06010905080390064,0.06959109936384703,0.2387427795660858,0.14,5.0,0.35567322822917136,0.7454687246388216,0.500304477771281,0.131910036914413,0.24300714878048096,0.011111111111111112,0.022222222222222223,0.2943596071199402,0.8543715384530175,0.35437153845301733,0.023122916529292957,0.07059769243480206,0.07638888888888888,0.2361111111111111,0.059027777777777776,0.7030107426183771,0.9111111111111111,0.038598347508776665
final_arctan_student_t3_017,2.509152464091063,59.35525933066013,0.19525853021661607,0.22804546164546163,0.07899202384066245,0.07450527655061875,0.1520844855397864,0.14,6.0,0.42145758168966774,0.714967295537574,0.4273588207998744,0.1457524366861679,0.24843414655719825,0.011111111111111112,0.022222222222222223,0.3478310919927369,0.7999467742379613,0.29994677423796134,0.010033484002894829,0.029799375965940574,0.04166666666666667,0.22916666666666666,0.04791666666666666,0.6625510228995533,0.7555555555555555,0.016118717797216298
final_arctan_student_t3_018,1.923800120386386,34.40377123099404,0.09385745745586463,0.10907174587174585,0.007585167318858195,0.022340933395087272,0.1502110324579031,0.1,6.0,0.4625286578262421,0.7242531586497196,0.4274911771377239,0.16038803101213614,0.2552022269684464,0.022222222222222223,0.03333333333333333,0.3422999143359304,0.7811651830942618,0.2811651830942617,0.0062196041730494265,0.017356041940590115,0.04027777777777778,0.041666666666666664,0.021527777777777778,0.6680738281525122,0.7333333333333333,0.0015285950466346065
final_arctan_student_t3_019,1.6569581585550306,29.171667393583686,0.24058329024813135,0.28377780591113927,0.07269391399275407,0.0960103329699698,0.4275847057716087,0.11,5.0,0.32282819598621276,0.768840258381565,0.5446210672877672,0.18761523268569819,0.39517121253858484,0.022222222222222223,0.022222222222222223,0.2712704168693815,0.868371909359331,0.368371909359331,0.008743378233179791,0.02690481050554535,0.029166666666666667,0.1388888888888889,0.031944444444444435,0.6660649571849514,0.9111111111111111,0.03631372047091119
final_arctan_student_t3_020,0.9309410743093564,15.051229020954096,0.2348060358832167,0.2760585517918851,0.0900101217208369,0.09413767874810341,0.2805881853496914,0.08,4.0,0.38025110892685615,0.770497390543406,0.5277805597538985,0.19086475301584319,0.3542876009514574,0.011111111111111112,0.022222222222222223,0.2751409148856049,0.8266960194162423,0.3266960194162423,0.007391709270011928,0.022760014191428767,0.03333333333333333,0.04861111111111111,0.02013888888888889,0.6668791745264315,0.6888888888888889,0.04541782006815387
final_arctan_student_t3_021,1.1875099951373937,17.53345152310638,0.22958932175056887,0.2754958061624728,0.04631984409709085,0.07039859748894514,0.36788558093828083,0.15,5.0,0.4037521231122767,0.7247054743945128,0.45894419655121865,0.17697194667069674,0.25495055058295923,0.011111111111111112,0.011111111111111112,0.32586795502110355,0.8187074744865415,0.3187074744865416,0.007904148591494901,0.02421345063847135,0.024999999999999998,0.1597222222222222,0.04097222222222222,0.6825170231018556,0.8666666666666667,0.023441055539738187
final_arctan_student_t3_022,0.521460933483847,5.342300672919692,0.290407590395966,0.33634074700741373,0.07804303936646276,0.08952312677932037,0.21060038102632642,0.14,4.0,0.4334146799284468,0.694145401075776,0.40452137320136566,0.10542593586217001,0.25080661238832624,0.0,0.044444444444444446,0.35686097370211334,0.7969823938610293,0.2969823938610295,0.01645227671541393,0.04539519727058,0.05972222222222222,0.11805555555555555,0.04375,0.7078882971688258,0.8888888888888888,0.03497998783051215
final_arctan_student_t3_023,0.7230506072392643,8.568141809045162,0.1831544941771819,0.20907813094479763,0.04852955620869831,0.07640639730973953,0.2189341259552207,0.09,4.0,0.37150680000502606,0.7645687100757982,0.5240624164025544,0.18602515201468645,0.3737319199969221,0.011111111111111112,0.022222222222222223,0.27651391800400615,0.8351863193989334,0.33518631939893345,0.007614187494285873,0.02116811983009166,0.02222222222222222,0.09722222222222222,0.02430555555555556,0.6916265384158077,0.7555555555555555,0.03152037071325109
final_arctan_student_t3_024,1.3178827949902856,14.513037079136964,0.17321609236041743,0.20402428375761714,0.05693102375377067,0.08046330608097914,0.24705971337594768,0.15,6.0,0.3214045438070602,0.7436837713044994,0.526491609786842,0.17485162057988665,0.3938464194981351,0.0,0.011111111111111112,0.27275822006597283,0.8705108834693613,0.3705108834693613,0.030692351277911145,0.07737548479281485,0.07916666666666665,0.2222222222222222,0.061111111111111116,0.703043033513023,0.9111111111111111,0.017888690737241753
final_arctan_student_t3_025,0.7881794368846051,7.479234898601414,0.2774217251424316,0.3154945306945307,0.08116317799808806,0.08566296693525212,0.19745260370650886,0.12,6.0,0.430439733441418,0.729983364536116,0.45958699730422914,0.18236553654784451,0.2570497463251649,0.011111111111111112,0.044444444444444446,0.3122294271979015,0.8031151850688081,0.3031151850688081,0.013572640670805667,0.03899641976504342,0.0625,0.11805555555555555,0.04583333333333333,0.6773664168404869,0.8,0.05962409944989777
final_arctan_student_t3_026,0.341402354202731,4.479631600999536,0.20626807322217186,0.2336981784981785,0.06633345983722017,0.0835092668167344,0.21105476343333374,0.09,5.0,0.3111618584200148,0.7752944002475882,0.5650889359489777,0.16357246094860448,0.45758691119619044,0.011111111111111112,0.03333333333333333,0.24445773385588893,0.8777852334548618,0.37778523345486187,0.006095716379997604,0.019925302025280412,0.03333333333333334,0.0763888888888889,0.02222222222222222,0.7105483014352183,0.7777777777777778,0.026763380023640537
final_arctan_student_t3_027,0.30687498934363144,7.192300178002666,0.20413046869329443,0.22646652886652888,0.04428520614452086,0.05753550576994236,0.1501431406461321,0.17,7.0,0.4234046262995573,0.6998040667695796,0.4220148698344873,0.12311361995433842,0.2592418837034344,0.022222222222222223,0.044444444444444446,0.34264544864303603,0.8145371896447041,0.314537189644704,0.019052005560114042,0.055077215859307346,0.07916666666666668,0.2638888888888889,0.07777777777777778,0.7043216056919828,0.8666666666666667,0.027789642974141104
final_arctan_student_t3_028,0.7979727505219208,10.62165304133621,0.17057544740816688,0.19621787861787862,0.056126334807068134,0.06185558102303675,0.19188325893870545,0.09,3.0,0.35630080820507104,0.7716003133818367,0.5506876267700014,0.20794473962346438,0.47188251498552936,0.03333333333333333,0.03333333333333333,0.26003000067856363,0.8534072864158876,0.3534072864158875,0.0038650560188973663,0.01132855101624238,0.02777777777777778,0.06944444444444445,0.020138888888888894,0.7134078747780441,0.8666666666666667,0.012784060261117891
final_arctan_student_t3_029,1.234935964334187,21.92218030956156,0.11443959640114648,0.1292530127196794,0.013360117899898544,0.037389414066074475,0.2062197375731111,0.07,3.0,0.349866279703626,0.6676136891301522,0.503222430913402,0.3087542463172882,0.4759598308109202,0.022222222222222223,0.03333333333333333,0.19957576320041268,0.8661045994991462,0.3661045994991462,0.005403855058745719,0.014205814597731315,0.03194444444444445,0.0625,0.020138888888888887,0.6711736520956796,0.7111111111111111,0.011239960044947761
final_cubic_centered_lognormal_000,6.102335209276631,90.62329251050005,0.14710392929980948,0.035261279794613125,0.10228323180737234,-0.02501973593743704,0.2971815605011658,0.2,7.0,0.5098663069879381,0.6075443659530315,0.3065405906914226,0.10067405195934895,0.22207460505258464,0.022222222222222223,0.03333333333333333,0.4039349703886898,0.7536663672609561,0.2536663672609561,0.01308070038603413,0.027313284473288818,0.03888888888888888,0.22916666666666666,0.06250000000000001,0.5497133447192122,0.8,-0.0030004178865707942
final_cubic_centered_lognormal_001,5.494156822057134,83.101510526487,0.15233737663186936,0.05767050113716779,0.10135253151975465,0.10656277876504741,0.47180562884589006,0.18,5.0,0.4166915752107695,0.6845883800910118,0.4265562419559613,0.15834514585776635,0.26181464066631727,0.0,0.022222222222222223,0.3245923992437504,0.821403828926813,0.3214038289268131,0.009099084022508357,0.022681816960301162,0.03194444444444444,0.1111111111111111,0.04583333333333333,0.5223060248200725,0.8888888888888888,-0.003778270560847341
final_cubic_centered_lognormal_002,7.504615799542914,113.66955112408857,0.14770454865549992,0.05856704496704498,0.012935289273661525,-1.1061092351400323,0.310549065003462,0.2,6.0,0.4087638773491696,0.6759096031017138,0.40390671335229467,0.11527230323692154,0.2291738387875402,0.011111111111111112,0.044444444444444446,0.35410113603674187,0.8186111993363128,0.3186111993363129,0.01489816678549701,0.04496646456335959,0.06388888888888887,0.1111111111111111,0.05902777777777777,0.5232852755592033,0.9777777777777777,-0.0034236689428102096
final_cubic_centered_lognormal_003,8.891243153449642,208.44844628697984,0.14659393131366238,0.03615485577911702,0.08653158865495031,0.05879214797307003,0.4090192036188556,0.22,8.0,0.49530175534018844,0.6243843099162951,0.3165245607073362,0.059283335617493965,0.15958826471213505,0.03333333333333333,0.1,0.38629323832313833,0.7672926481650745,0.2672926481650745,0.048861265171943266,0.11635298086394248,0.12638888888888888,0.18055555555555555,0.09861111111111111,0.47407515951951246,0.9555555555555556,-0.007681546370811754
final_cubic_centered_lognormal_004,8.574464758619445,167.23745863891847,0.26645439597875653,0.03271004515354209,0.08101414948752983,0.079040051508163,0.15279098128490842,0.22,9.0,0.5466473000486521,0.5967009949115847,0.27125791848069997,0.04913134064619075,0.1733567751178935,0.044444444444444446,0.1111111111111111,0.4011204324980521,0.7282664307836656,0.2282664307836658,0.052102864977912416,0.10185514670068005,0.10138888888888889,0.25,0.09861111111111112,0.5325913362156014,0.9333333333333333,-0.020195680956896167
final_cubic_centered_lognormal_005,8.079227158633497,162.84457563749524,0.21970089097066287,0.032596341129674467,0.046915837515320725,0.057899497730888205,0.40180035724634394,0.22,8.0,0.4859711043303601,0.6327550713004328,0.3361175949497087,0.1236666593064329,0.21530300862006743,0.011111111111111112,0.05555555555555555,0.3946281693412971,0.776644150724836,0.27664415072483584,0.03458896726811694,0.08101090370271957,0.09166666666666667,0.18055555555555555,0.08333333333333334,0.4942744867704927,0.9111111111111111,-0.014221820195076229
final_cubic_centered_lognormal_006,7.969599263631966,131.09458114349016,0.10349751842950107,0.04107102107102108,0.06332090204058385,-0.10117867370127387,0.21472812370710687,0.12,5.0,0.483096243649631,0.7139682388152324,0.40395667649091305,0.12396746335199957,0.2545580816089659,0.011111111111111112,0.011111111111111112,0.362165996245311,0.7701786988581224,0.27017869885812235,0.009137342835895982,0.02769085098828264,0.04027777777777778,0.1388888888888889,0.028472222222222225,0.515249118967237,0.8,-0.00046590582664929325
final_cubic_centered_lognormal_007,5.250506845224551,72.64567579865691,0.13268140251182065,0.0564548807215474,-0.020310517987591876,-0.30179336991676964,0.3186824804770431,0.14,5.0,0.45570464035042346,0.6862439610156803,0.3856745000446342,0.10637452446227766,0.24975363996668837,0.022222222222222223,0.07777777777777778,0.3638147662698161,0.7838830365616335,0.2838830365616334,0.009567798463066974,0.02934417812964276,0.04861111111111112,0.08333333333333333,0.03888888888888888,0.5497686850962562,0.8222222222222222,-0.0017085889926043984
final_cubic_centered_lognormal_008,4.9402331772588415,69.53098169836399,0.08705846167235942,0.06119683559683561,-0.0020656939868546574,-0.1824905594145482,0.20691762132876232,0.1,4.0,0.3509182109944191,0.7791333206501913,0.5768240127388928,0.18895925936997926,0.5661852986519799,0.011111111111111112,0.03333333333333333,0.2326650223884043,0.8702837927974656,0.3702837927974656,0.0017948270297707598,0.011368768164542811,0.02222222222222222,0.05555555555555555,0.017361111111111112,0.5703638438102734,0.8,-0.00017287980168778638
final_cubic_centered_lognormal_009,5.164599948276013,89.57175264421379,0.16455555024538593,0.07358450611783945,0.08304951479652854,-0.006375334790098573,0.3676858327729358,0.12,4.0,0.39582742636689433,0.7382659063774644,0.4703568387930178,0.1755059875053003,0.2595543719206303,0.022222222222222223,0.03333333333333333,0.31488863534629974,0.8156837924149625,0.3156837924149626,0.006033448872920229,0.020086366451050722,0.043055555555555555,0.10416666666666667,0.035416666666666666,0.5367013961116565,0.8,-0.002315914723683754
final_cubic_centered_lognormal_010,5.7879597722126155,74.7760363341118,0.274591980843133,0.07934063553460456,0.01668807586703161,0.08889782521655706,0.4847759888934217,0.28,9.0,0.4742510106121025,0.6073491128516988,0.313488137490523,0.08180742166675656,0.19753643395782794,0.05555555555555555,0.07777777777777778,0.41420962037786085,0.7765746980380649,0.27657469803806495,0.04160156967373162,0.0783316517274127,0.09722222222222224,0.4305555555555556,0.13194444444444445,0.5469064404717772,0.9111111111111111,-0.0035382026234846986
final_cubic_centered_lognormal_011,6.6956439669368395,140.23981264833068,0.22873013815052312,0.04287965167965169,0.11025779147148676,0.10350149973798542,0.3067643781712934,0.3,9.0,0.47367701802846474,0.5928663486692625,0.30365671091907837,0.07273249780935438,0.19622224514496292,0.03333333333333333,0.06666666666666667,0.41522803223827287,0.7758657829660077,0.2758657829660077,0.029271187496659117,0.06560713548135773,0.08194444444444444,0.2847222222222222,0.10416666666666666,0.5179793362290174,0.8444444444444444,-0.01444890595445758
final_cubic_centered_lognormal_012,6.605519405108732,123.38334558202703,0.1257195997628511,0.05284518297851632,0.0880593811234662,0.06560895576122044,0.2301951327670275,0.13,4.0,0.47160235412207646,0.6901675819636712,0.38762647846485165,0.130835001986025,0.2395979951060911,0.022222222222222223,0.044444444444444446,0.3566211563455154,0.7694956831258712,0.26949568312587113,0.030992485618933682,0.0772619877990722,0.09166666666666667,0.11805555555555555,0.05763888888888889,0.5358801070086229,0.9333333333333333,-0.0026945005975699265
final_cubic_centered_lognormal_013,4.73400003531834,64.77897533840783,0.10036408217792202,0.06662362849029516,0.0845039142416697,-0.15144035560089247,0.5199137953494977,0.11,4.0,0.39159940051725184,0.7907287881954808,0.5598792522967854,0.18658860804672875,0.46944153451753506,0.011111111111111112,0.011111111111111112,0.266840584036976,0.8402175012157553,0.3402175012157554,0.0019708732103705987,0.008333333333333333,0.0125,0.027777777777777776,0.013194444444444444,0.5474456871641264,0.8,0.0021149265855069377
final_cubic_centered_lognormal_014,4.867857740273477,76.46371507138063,0.1929241183389713,0.05531917958584625,0.13758282184516069,-0.1429099949937416,0.5007359371678097,0.11,4.0,0.44719776732182187,0.7063549179442602,0.4266511872143459,0.10944848378821502,0.2834963601513645,0.0,0.044444444444444446,0.3329911009406811,0.8007068290110504,0.30070682901105017,0.024675626216936336,0.06690674363477586,0.08194444444444444,0.18055555555555555,0.050694444444444445,0.5236327047126162,0.9111111111111111,-0.004544279093434467
final_cubic_centered_lognormal_015,5.571413638225996,74.80615129062437,0.15388172220753185,0.06889484409484412,0.013658254963766239,0.03522267204945577,0.3829319756162359,0.15,6.0,0.46711865758679827,0.6658052089314791,0.38174210627074,0.13727209596468934,0.23992170869230206,0.011111111111111112,0.03333333333333333,0.3505898443208289,0.7852422910807563,0.28524229108075627,0.033600835560489095,0.07593656568567415,0.08055555555555556,0.13194444444444445,0.06041666666666666,0.5551707478640902,0.8444444444444444,-0.0007102927912790991
final_cubic_centered_lognormal_016,8.992307261144466,186.8998081741769,0.2999610371719815,0.03505221666906628,0.07108086213421903,0.08211925797476415,0.3224156114334448,0.09,5.0,0.481880693556373,0.6706742983089696,0.4029519899127511,0.12357310365330103,0.29830544458518665,0.011111111111111112,0.03333333333333333,0.3030343111663109,0.7831016255060822,0.2831016255060822,0.024966011699114974,0.06842164667459145,0.07222222222222222,0.09027777777777778,0.04583333333333333,0.5070035311287728,0.7333333333333333,-0.02644822016731535
final_cubic_centered_lognormal_017,5.150476945879495,74.43998886214149,0.1249146221797479,0.07412273678940344,0.05882244528895405,0.03629029804721997,0.33405206096286066,0.09,3.0,0.39299676567375835,0.7493047564851243,0.5101250969457047,0.21614057803412748,0.40268001758146377,0.0,0.022222222222222223,0.2774290093654115,0.8306816920110062,0.330681692011006,0.005115073709804656,0.02363067292644757,0.03055555555555555,0.06944444444444445,0.021527777777777778,0.5603244863674836,0.8,-0.0006450805775656265
final_cubic_centered_lognormal_018,8.317303229989955,163.64980967425828,0.3039271774218746,0.04828077761411094,0.10871646053275269,0.05505155487655753,0.3097246900437181,0.18,7.0,0.4899781159217331,0.6502120888715793,0.33319992424626954,0.09478166069318061,0.18803028457883614,0.011111111111111112,0.044444444444444446,0.39255001848648036,0.7557515170897541,0.2557515170897541,0.0331386177775875,0.07763476960979955,0.07777777777777777,0.19444444444444445,0.07847222222222221,0.5138175377279348,0.9333333333333333,-0.01694034192154631
final_cubic_centered_lognormal_019,7.056538011422274,115.42906427194194,0.13518695916283388,0.04637238237238238,0.06560609768831345,0.04449493598557055,0.5168903882909516,0.18,5.0,0.5014473096779336,0.6066676483463245,0.31496634861431605,0.1098704120736833,0.20239525194795194,0.022222222222222223,0.044444444444444446,0.3824483115730163,0.758404466047352,0.2584044660473521,0.02130046785728852,0.05406001595966096,0.05972222222222221,0.1527777777777778,0.05416666666666666,0.5062112522655245,0.8444444444444444,-0.0013628322133283355
final_cubic_centered_lognormal_020,9.480404752484421,205.63571268274214,0.22172052657959287,0.052577733111066456,0.08971333000318671,0.08960987590275388,0.23259387864382453,0.22,8.0,0.39794750328848083,0.6667237468437113,0.41032162455895926,0.1201308199633738,0.25339574842784773,0.0,0.022222222222222223,0.3488415089243902,0.8279817610221795,0.32798176102217924,0.03889511428903644,0.08720706592496154,0.09305555555555556,0.4861111111111111,0.10833333333333332,0.49448157569877826,0.8888888888888888,-0.00968790887541321
final_cubic_centered_lognormal_021,8.248331411534648,153.8528600010498,0.20565044969721058,0.035037242503909174,0.06956377222637296,0.010970276434470435,0.18787591770157153,0.24,8.0,0.5139372542500905,0.5851499063133943,0.2666049272248,0.043384190363624855,0.13156451813794112,0.03333333333333333,0.12222222222222222,0.4305172000043497,0.7384503416885936,0.23845034168859358,0.02505058339785588,0.0697581297099364,0.09722222222222222,0.4375,0.1125,0.5084373991445025,0.9333333333333333,-0.009791883836424764
final_cubic_centered_lognormal_022,5.289978408155369,81.93746475642816,0.0803140497197272,0.05363906457239791,-0.023839068244671413,-0.10947033937075859,0.24377162299161523,0.07,3.0,0.4256098766028103,0.7340320965785592,0.4995850690898278,0.2392288432482521,0.3785776680759117,0.0,0.011111111111111112,0.26588851865067276,0.8072043124838053,0.30720431248380525,0.009688337064500717,0.0279560697518444,0.030555555555555558,0.0625,0.021527777777777778,0.5648969398749087,0.6,-0.0012671936305360676
final_cubic_centered_lognormal_023,9.609950681426135,192.94379039901312,0.3100690321885013,0.033137083270416604,0.06552559843052339,0.022773891285622815,0.17174393326791657,0.2,8.0,0.5255489107616875,0.6086176124496907,0.2876205531219027,0.07040581009334722,0.1542370548352362,0.03333333333333333,0.06666666666666667,0.4000808813761041,0.7344990614392275,0.23449906143922739,0.05892070212956103,0.11959991535992605,0.13472222222222224,0.2916666666666667,0.11319444444444444,0.4952682539004523,0.9333333333333333,-0.016041533712744638
final_cubic_centered_lognormal_024,5.531310353117265,62.51025514330961,0.1603661429022326,0.07561677668344335,0.037652904216749924,0.051998061094210256,0.5041135658555314,0.12,4.0,0.3867507370963728,0.7350275747737338,0.4800908083964061,0.09209104257803438,0.28517116929998076,0.011111111111111112,0.044444444444444446,0.30108042968319026,0.8364467027959823,0.3364467027959823,0.013954264470764978,0.05001638561119488,0.05277777777777778,0.09027777777777778,0.04236111111111111,0.5448399166401436,0.8888888888888888,0.00041863951181264625
final_cubic_centered_lognormal_025,5.522785129918617,80.33812525112478,0.07942418411154424,0.03920963467630134,-0.0008757835682233697,-0.04755849055514986,0.2753554608290166,0.15,10.0,0.44855217510592815,0.6947838533355439,0.40962559525529946,0.11425048884549778,0.26284015046918735,0.0,0.011111111111111112,0.3420614018781789,0.7947794924952791,0.29477949249527924,0.01276229892941549,0.03854298732041829,0.04444444444444444,0.05555555555555555,0.032638888888888884,0.5523596035026573,0.8888888888888888,-7.440876676056973e-05
final_cubic_centered_lognormal_026,6.652987663132085,134.77340642176628,0.13436646985178458,0.047215051481718145,0.07585442067128445,0.058522425621657895,0.3325569878598818,0.1,3.0,0.41531761393356065,0.7365753758298323,0.47605801933485936,0.13951031093997276,0.36988782406721266,0.022222222222222223,0.07777777777777778,0.29703342374149017,0.820905116842736,0.320905116842736,0.008821194454246926,0.032284136724125084,0.06805555555555555,0.0625,0.03611111111111111,0.4985725431635512,0.8,-0.0010447901789850111
final_cubic_centered_lognormal_027,5.416054000986103,85.09133344112931,0.13339854470162255,0.0643191384524718,0.14996725424501775,-0.4543150762441218,0.5672229412043281,0.15,4.0,0.3998421360166145,0.7091773236036789,0.4628164550792726,0.20841274686357994,0.3070802507612942,0.0,0.0,0.320657841015858,0.831714925178034,0.33171492517803414,0.006297968187779271,0.01956181533646322,0.02361111111111111,0.05555555555555555,0.02847222222222222,0.536622230316574,0.7555555555555555,-0.002828883456532094
final_cubic_centered_lognormal_028,4.946417951119851,71.6086566680048,0.12039442288781596,0.059192440525773854,0.06837933102444618,0.10747857155182076,0.524708465470265,0.16,7.0,0.3860223262255061,0.7184534179705808,0.4746486552183756,0.1457290007901434,0.3260608829344092,0.022222222222222223,0.03333333333333333,0.2999961309582305,0.8431731425732292,0.3431731425732291,0.016928630502971855,0.04559711208427033,0.05972222222222222,0.11805555555555555,0.05,0.5438304803110009,0.8666666666666667,-0.0018370706560056904
final_cubic_centered_lognormal_029,6.47687576099008,103.24720580856629,0.21959922377839003,0.04541910648577316,-0.03565267881639155,-1.0092071234365405,0.20503429801314937,0.1,4.0,0.44077602870563876,0.7212841562447847,0.44816352504644114,0.17755613219301122,0.2743597283927106,0.0,0.03333333333333333,0.317100909397439,0.7962637122324351,0.2962637122324352,0.022561651697511866,0.06073119878692444,0.07361111111111111,0.06944444444444445,0.044444444444444446,0.5490166472905361,0.8444444444444444,-0.00831629102846021
final_cubic_gaussian_000,0.11268041796843542,0.7732539532284629,0.177224858275176,0.1620991174857603,0.008896784938858319,0.0127342038126114,0.07857278287572143,0.2,9.0,0.4665063518441689,0.6707739909610779,0.3669968877550177,0.09595916005039043,0.24318711439101853,0.03333333333333333,0.06666666666666667,0.38497959241555413,0.7881212889416209,0.28812128894162076,0.02048442899611298,0.04432169540578901,0.07777777777777778,0.18055555555555555,0.06875,0.7654108651385684,0.9555555555555556,0.021780351876019233
final_cubic_gaussian_001,0.6160064546342217,6.519766915314494,0.2417531053166295,0.21074288487621826,0.003609210503900684,0.013906669094164398,0.17546838720159713,0.21,7.0,0.529038438036517,0.6227649123530327,0.2961684359699958,0.09096939915964514,0.18247746937325715,0.022222222222222223,0.08888888888888889,0.4170552882709886,0.7430224330511318,0.24302243305113175,0.03619637792920713,0.06831304375918264,0.07361111111111111,0.2847222222222222,0.0826388888888889,0.7530568532124852,0.9333333333333333,0.024332598723471377
final_cubic_gaussian_002,2.8712198119760557,54.68266368828942,0.18972627357042254,0.11149191815858482,0.044202076722649,0.059501919973624987,0.19007088478120304,0.18,10.0,0.4660874342936371,0.6536180380027854,0.34914719029358393,0.04046986659628906,0.15404680998249723,0.044444444444444446,0.1111111111111111,0.36568710579013647,0.7860733395047329,0.2860733395047329,0.021175201685012347,0.06626184949330252,0.1,0.4652777777777778,0.11041666666666665,0.70182260698495,0.7777777777777778,0.01919837874745811
final_cubic_gaussian_003,3.179212149445108,68.00785001887513,0.19913505936236245,0.12719329465996132,0.011742707329933703,0.02416131059336692,0.1278018223790494,0.3,9.0,0.5614804663609543,0.5426035847860812,0.2194483930577852,0.03717703746504254,0.08800440344503518,0.06666666666666667,0.13333333333333333,0.4360804346951938,0.7073585265611588,0.20735852656115894,0.05370765482124141,0.11182183661565255,0.1625,0.2986111111111111,0.1423611111111111,0.72327637350084,0.8666666666666667,0.001626108178061969
final_cubic_gaussian_004,0.383826680337294,1.7632500809139764,0.23313575297017378,0.20649120729120732,0.026870845643713753,0.047512988973990145,0.14896583630753607,0.26,12.0,0.5003407271971394,0.6256732376275811,0.30382064626251454,0.0720745810135257,0.16154698970626397,0.011111111111111112,0.06666666666666667,0.41813831259234135,0.7566577944177909,0.25665779441779085,0.03778689756095677,0.08121071915723437,0.07777777777777778,0.5138888888888888,0.13055555555555556,0.7329236743055244,0.8222222222222222,0.03900639426897634
final_cubic_gaussian_005,0.989614896650988,11.641010979287463,0.14832268142198837,0.11281310909462279,0.017408718347286814,0.051714742850885606,0.3590960574892966,0.18,7.0,0.4839843782038191,0.6582716187046904,0.36173462715430277,0.10187393817371325,0.21819685052754823,0.022222222222222223,0.03333333333333333,0.3638120539463842,0.7790393847467367,0.2790393847467367,0.014502856457374503,0.03122054149277592,0.04722222222222222,0.10416666666666667,0.04375,0.7534527372779197,0.9333333333333333,0.008646825869136787
final_cubic_gaussian_006,0.5683890033138869,8.755571976185937,0.19411796813253165,0.15624548691215356,0.03256118469135786,0.036490730119531065,0.2093249999172458,0.29,11.0,0.5235319045980599,0.5668662208076591,0.25587124653623783,0.059743933430788654,0.13189814943569902,0.03333333333333333,0.06666666666666667,0.446900923911272,0.7358827982010693,0.23588279820106936,0.025266404150949356,0.048184611700854016,0.07083333333333333,0.125,0.08680555555555555,0.7435543701824264,0.9111111111111111,0.013487095386692571
final_cubic_gaussian_007,0.8158764508747363,9.043934955354414,0.1941166831061717,0.13338058422431673,0.07958538234736354,0.1036444115891022,0.36399085631784645,0.23,9.0,0.4997531350193187,0.6295488295707042,0.3223582459216961,0.06490420145489775,0.17900095315831727,0.044444444444444446,0.07777777777777778,0.378503410616142,0.7709233910972898,0.27092339109728986,0.04891876898762071,0.09862057165058224,0.1,0.20833333333333334,0.09722222222222222,0.7375572446841108,0.9555555555555556,0.012883117876642203
final_cubic_gaussian_008,0.29808286636480885,2.005928173887109,0.16952384842641832,0.14159871066537735,-0.0036198350038180145,-0.007621145156872565,0.09746663652657445,0.18,7.0,0.5105618234796996,0.6436582231481262,0.3273450624869706,0.0845911621787596,0.20668681394191335,0.0,0.05555555555555555,0.39681851517986344,0.7617323441198247,0.2617323441198247,0.024919774318817322,0.07031127116462658,0.07777777777777777,0.14583333333333334,0.06736111111111112,0.7592473433630559,0.9555555555555556,0.017934210227846692
final_cubic_gaussian_009,1.0925411522246153,21.097044234099833,0.15521455051715233,0.12772026985360319,0.006607694424982401,0.015180675964912165,0.11615007326382622,0.2,7.0,0.5161760259547447,0.6339353864126673,0.3197786268134439,0.07270921073878182,0.2319935363362738,0.011111111111111112,0.044444444444444446,0.3990899948087078,0.7570136024353208,0.2570136024353208,0.025294872338288442,0.05168406860600946,0.06666666666666668,0.1388888888888889,0.06666666666666668,0.7487298492539027,0.9333333333333333,0.015874843058877763
final_cubic_gaussian_010,0.6361831894249762,4.915446823149656,0.2041948700937632,0.16849819130845767,0.01995058681832303,0.04886028182752285,0.19681131467907553,0.08,5.0,0.3279120897074151,0.7944627745981404,0.5843860382584664,0.2024850003100777,0.4558024965235074,0.0,0.011111111111111112,0.23929146043342014,0.8534484366283572,0.3534484366283572,0.008058759565097837,0.02799295774647887,0.037500000000000006,0.125,0.02708333333333333,0.7518629930045365,0.7111111111111111,0.014561174681616884
final_cubic_gaussian_011,0.5336577921050756,4.6031821424088895,0.1784223789848141,0.15384216664216663,0.018239738451258012,0.04780484725058989,0.26790137706231626,0.14,6.0,0.38815483614505725,0.7264076023400746,0.45625872068957785,0.10672104484290432,0.20624314694804585,0.022222222222222223,0.05555555555555555,0.32166886742230943,0.8356761723769177,0.3356761723769177,0.005931228588870549,0.01883098389100985,0.05138888888888889,0.06944444444444445,0.032638888888888884,0.7575354452392347,0.8888888888888888,0.013573282690797939
final_cubic_gaussian_012,0.26640773418209074,1.6662176496911638,0.1491460712146964,0.12986806400139733,0.017581400513953706,0.043574604328932294,0.1764779120243262,0.14,6.0,0.4843210330562192,0.7213490818105821,0.42570400416782495,0.17302744111597065,0.25826284106038594,0.022222222222222223,0.03333333333333333,0.34387321153010775,0.7820565133679046,0.28205651336790455,0.013249930977530576,0.03684563905170152,0.04583333333333334,0.125,0.04652777777777778,0.7748382282583436,0.7333333333333333,0.010448927109232176
final_cubic_gaussian_013,0.9346742873349191,13.537195060402249,0.23297265485799287,0.1889215587882255,0.004875799964381498,0.020050952121602437,0.10527479245375829,0.24,9.0,0.46596351983662365,0.6435374159960291,0.34791390592040483,0.07077048549896842,0.21315676306147963,0.022222222222222223,0.08888888888888889,0.383294575651202,0.7952465437502955,0.29524654375029535,0.03278203340996899,0.061055893430360456,0.07777777777777779,0.1597222222222222,0.07777777777777778,0.732568693843301,0.9333333333333333,0.03225309967362666
final_cubic_gaussian_014,5.192846148266816,97.95378307153211,0.2829555147147822,0.09767053233719904,0.1987211794003566,0.15679752726766638,0.28720293439271294,0.19,10.0,0.42024164840134504,0.704287157628898,0.4268506401415981,0.07688459452226343,0.2526227298749473,0.011111111111111112,0.05555555555555555,0.340841511778453,0.8274321890115138,0.3274321890115139,0.013412309575936133,0.0457283899475283,0.06805555555555556,0.5486111111111112,0.10902777777777779,0.6766176116857633,0.5555555555555556,0.011533195914331329
final_cubic_gaussian_015,0.29514884543683184,2.253093334400039,0.1183873168858453,0.10986673680007013,-0.006575401131168713,0.007706225078157505,0.14681565542690345,0.18,7.0,0.46768708357215344,0.6666330198679893,0.381354284259995,0.11472998212878013,0.2319360120803952,0.044444444444444446,0.044444444444444446,0.3538648619987498,0.7962190498457116,0.2962190498457116,0.01871014466010655,0.042308599329059685,0.062499999999999986,0.14583333333333334,0.06458333333333334,0.7819414690433476,0.8888888888888888,0.0026181001569555162
final_cubic_gaussian_016,0.259981146720657,1.605264541059841,0.14400637672888356,0.1260125249458583,0.01088597839955207,0.03506207227401638,0.2524441622497598,0.12,5.0,0.3688658880161017,0.741079128414782,0.5186622425078923,0.12178205304481897,0.4457247171787879,0.011111111111111112,0.022222222222222223,0.25918768497541245,0.8573801053001865,0.3573801053001864,0.009953250645554761,0.03381017992010031,0.04722222222222222,0.0763888888888889,0.03194444444444444,0.7617457642617086,0.8666666666666667,0.013449159106489916
final_cubic_gaussian_017,0.45185428191696264,3.883173445056427,0.06918799432093924,0.06073185273185273,-0.005822371297343747,0.014011055372590026,0.19857362302203438,0.08,4.0,0.3912333713131124,0.7873347508270783,0.5775354790835772,0.2036829487239619,0.570701801808867,0.0,0.0,0.2375387965693461,0.8498932588807885,0.3498932588807884,0.0018058848431742407,0.006983568075117371,0.01111111111111111,0.020833333333333332,0.0076388888888888895,0.7814077159830658,0.7111111111111111,-0.0004196621964688285
final_cubic_gaussian_018,0.3765320010632474,2.8946233293309644,0.19146072656886642,0.17580357900357904,0.005694427724110547,0.014768417234476718,0.08623593733721029,0.31,10.0,0.47691581144549877,0.5755196521001831,0.2960735651289687,0.0647775909107054,0.19158007074208533,0.011111111111111112,0.08888888888888889,0.4312049888935703,0.7757499412755275,0.27574994127552743,0.05319464075108649,0.09801042120582525,0.10138888888888889,0.1736111111111111,0.11180555555555553,0.7658512815732854,0.9555555555555556,0.01588317711527154
final_cubic_gaussian_019,0.5124377327612075,3.178528678868738,0.13958901000227006,0.12231244497911167,0.030474247873604712,0.04819919282246625,0.1573194879870988,0.12,5.0,0.4485719571467438,0.7176819158280922,0.4326945710330609,0.13641604497606,0.2597890671294576,0.011111111111111112,0.022222222222222223,0.3357716477259927,0.7995498420398767,0.2995498420398767,0.005737453467314462,0.015395148669796554,0.015277777777777779,0.05555555555555555,0.018055555555555554,0.7680539211326706,0.8222222222222222,0.004785700515892111
final_cubic_gaussian_020,0.0938593846292011,0.3875172450734349,0.07535072543373912,0.07071462111462111,-0.004942584431146314,0.0011611293690444529,0.0857419953831725,0.08,3.0,0.4004694329412524,0.764225128295842,0.5396120947595185,0.20535589509839444,0.4653954152180328,0.0,0.0,0.25320395829817083,0.8320072151493095,0.33200721514930953,0.012194638809244105,0.037695618153364634,0.0375,0.041666666666666664,0.021527777777777778,0.7914710846453705,0.8222222222222222,-0.0005139278781003398
final_cubic_gaussian_021,0.4695480476715813,3.386842467256404,0.19104359064634907,0.15675237701904368,0.034613661464860904,0.051222963565120114,0.21887867404427833,0.1,4.0,0.4515470143037055,0.7342453815915262,0.4540396013339293,0.20303353909981098,0.2871648834058112,0.011111111111111112,0.022222222222222223,0.3231756444306131,0.7923200053732071,0.29232000537320707,0.008110210754726371,0.02146997929606625,0.02777777777777778,0.13194444444444445,0.025,0.7464770770518022,0.8444444444444444,0.019349196259506596
final_cubic_gaussian_022,2.020641462954937,40.260800992463146,0.12000912987533945,0.07795001928335261,0.04143963664042174,0.055268561944024255,0.1694491194271992,0.14,6.0,0.4670273723033616,0.6915527024642634,0.39609549597704685,0.11336055395066592,0.22197315287096814,0.011111111111111112,0.03333333333333333,0.34123975479302415,0.7838101414743283,0.28381014147432815,0.02374381196407442,0.0651150895140665,0.06805555555555556,0.13194444444444445,0.05416666666666666,0.744311458190004,0.8444444444444444,0.005457636201774307
final_cubic_gaussian_023,1.155557305516274,15.918989478830863,0.15921024125676916,0.1227488238154905,0.030230124252221095,0.057776957805929265,0.2247222281416349,0.15,10.0,0.4525782965133024,0.6658825508282337,0.3991757688441313,0.1103005961911656,0.3037178061256857,0.022222222222222223,0.044444444444444446,0.32021471173626476,0.8010569500008742,0.3010569500008742,0.011009430007274789,0.03626498655624128,0.05,0.5277777777777778,0.08402777777777777,0.726144281192266,0.5777777777777777,0.02994842896848926
final_cubic_gaussian_024,0.12718880665088722,0.35651463399639216,0.1159919290592611,0.10873211806545141,-0.003847768270765907,-0.0018335303975195924,0.042297585007340245,0.11,4.0,0.4072464231326218,0.7501601943553723,0.5124703839937026,0.17682021817092491,0.4345145115089262,0.0,0.022222222222222223,0.27589200193726127,0.8362232789802857,0.33622327898028576,0.002240442078588245,0.007083078179220249,0.0125,0.0625,0.015277777777777779,0.7900487416375641,0.7555555555555555,0.005420025003986306
final_cubic_gaussian_025,0.2935384042802398,1.6305313427958918,0.14853406041449033,0.1332486630003513,0.02236432830767951,0.025823523354491486,0.13729413370009672,0.18,7.0,0.45954762186163045,0.6715086907322942,0.39949750738587303,0.12123741341601091,0.256534255313028,0.022222222222222223,0.044444444444444446,0.3354877926899254,0.803891397777723,0.30389139777772295,0.011548767976667925,0.0346887850965608,0.05138888888888889,0.11805555555555555,0.05069444444444445,0.7706325306689085,0.7777777777777778,0.014320247435266387
final_cubic_gaussian_026,1.1763540255975944,13.514227498638226,0.2864084911701147,0.22591561258227924,0.013117322759099097,0.03270627163849556,0.2421641831360049,0.23,8.0,0.5084406692408863,0.6274249446058352,0.3135423212087027,0.08298956647442267,0.2083544250961657,0.022222222222222223,0.044444444444444446,0.41430605082493444,0.7612570473834102,0.26125704738341027,0.03971193694963237,0.09187473515065321,0.10555555555555556,0.2708333333333333,0.10486111111111111,0.7221019871784733,0.9333333333333333,0.02601479070162782
final_cubic_gaussian_027,3.7924230076797762,76.37981212483774,0.2061915341134514,0.10456176109509442,0.05758365030474741,0.058356032587353744,0.2221303599512986,0.26,10.0,0.5451997001160878,0.5899388314444091,0.26388019422258246,0.05106896603428828,0.1866165351325697,0.022222222222222223,0.1,0.44292447710724736,0.7332065136464444,0.23320651364644435,0.028414858716239597,0.053058408374558594,0.07222222222222222,0.3819444444444444,0.11944444444444444,0.7223258184469962,0.8222222222222222,0.004243397064450316
final_cubic_gaussian_028,1.05665320480592,17.24800010609253,0.13885830341495364,0.11067877014543683,0.015695698485459986,0.03394171072723611,0.20379069421956167,0.14,7.0,0.39064583297335304,0.7220191538634679,0.48002567658063106,0.15690132052258396,0.23825834181309807,0.011111111111111112,0.022222222222222223,0.29913523265437736,0.8445750723051509,0.344575072305151,0.010486992014691119,0.02557577348146852,0.044444444444444446,0.09722222222222222,0.03888888888888889,0.7585352958060188,0.8222222222222222,0.0022600264157152106
final_cubic_gaussian_029,0.36496446535531046,2.1906096764179463,0.09299376973832246,0.08378168618168619,0.004390858208792166,0.01857256385155321,0.11879876841499605,0.11,5.0,0.37075888160153014,0.7741301702389528,0.5631607286226525,0.1857645573977567,0.5899956762462022,0.0,0.0,0.24744161979928556,0.8643427383777582,0.36434273837775827,0.0026945819944509835,0.01263805052537447,0.018055555555555554,0.04861111111111111,0.017361111111111112,0.7837762154175889,0.7555555555555555,0.00013845511819809975
final_cubic_student_t3_000,8.758487663245779,192.74762464127258,0.23612684371646245,0.032497062897062896,0.07555386768696992,0.05278622092157398,0.14603104530457048,0.09,6.0,0.3600831351467632,0.7467854423006327,0.5348673853457061,0.1596459453771376,0.43738896147984835,0.022222222222222223,0.03333333333333333,0.23786572138251813,0.8552003648629807,0.3552003648629805,0.00699816093893605,0.020124806811885807,0.03194444444444445,0.1597222222222222,0.03125,0.5458136779958269,0.6666666666666666,-0.008142281468245471
final_cubic_student_t3_001,3.922240044673129,72.92312963093687,0.15112358391681868,0.07207225927225927,0.012159679263433566,-0.0179431390534486,0.39891750396840175,0.16,6.0,0.3456764009030219,0.7067636384200845,0.45103035276227205,0.06895750786441932,0.22326711090432974,0.03333333333333333,0.07777777777777778,0.30636166777773527,0.8505080647822247,0.3505080647822249,0.02313786496480679,0.07680546845603914,0.09583333333333334,0.1736111111111111,0.08263888888888889,0.5927316287785743,0.8222222222222222,-0.001112592730957429
final_cubic_student_t3_002,10.067637084466748,221.4804454175956,0.3950318757119082,0.030025852159185497,0.08281430851753986,0.08114503716467023,0.37195228819029785,0.0,0.0,0.45656691786749276,0.6700175685031858,0.456723780618606,0.2445825130263165,0.3776304912213863,0.0,0.011111111111111112,0.21329378788457987,0.7931224173819752,0.2931224173819752,0.011701818135554964,0.029305276101050753,0.031944444444444456,0.0763888888888889,0.015972222222222228,0.5125577409072141,0.24444444444444444,-0.02945245109793604
final_cubic_student_t3_003,3.8483341386342667,82.88410224757959,0.11395970329610515,0.040730229263562595,0.07060471617612876,0.01009121551030213,0.22777715365222914,0.07,3.0,0.3911481160757565,0.6998141693147876,0.4923226536255336,0.16048829531474018,0.42724168997425865,0.011111111111111112,0.03333333333333333,0.23172052846664082,0.8375951699170556,0.33759516991705574,0.011082972248607945,0.04258836776645503,0.05277777777777778,0.05555555555555555,0.03125,0.6008582278586923,0.7333333333333333,-0.004370001113581212
final_cubic_student_t3_004,2.2632361786019035,68.54706983650324,0.15248135727332382,0.06931584478251146,-0.03419444451079343,-0.10413894563976986,0.16147917136370638,0.08,3.0,0.3264375363328523,0.7750605301062548,0.5728884813823034,0.2155159987553813,0.4822874041375869,0.011111111111111112,0.011111111111111112,0.23193589408083307,0.8619610929000795,0.36196109290007933,0.005534928662241055,0.021187681645428124,0.02222222222222222,0.0625,0.018055555555555557,0.5959206149896296,0.8444444444444444,-6.53273350457173e-05
final_cubic_student_t3_005,5.591231671665122,108.38087296267383,0.15370310532935472,0.05799971373304707,0.047931649807990584,0.03741778673239033,0.22967342093912682,0.06,2.0,0.19368094597008603,0.7475401342297773,0.6357485283122037,0.34297599751619584,0.6340859967073724,0.0,0.011111111111111112,0.13979561762637954,0.925000679735988,0.42500067973598804,0.004001400824821684,0.015434272300469485,0.018055555555555557,0.027777777777777776,0.011805555555555555,0.5842627434990694,0.6888888888888889,0.002591545825280206
final_cubic_student_t3_006,7.223019918336041,152.79303401131452,0.11268639536954268,0.0322716437383104,0.06675017604869556,0.054654801624820115,0.20939612958444923,0.06,3.0,0.41644466907209443,0.6843549943995488,0.4673161635947739,0.16419164127020805,0.38501218242295826,0.011111111111111112,0.022222222222222223,0.2330077537201761,0.8164884625100962,0.316488462510096,0.016311480974241444,0.05101814067125114,0.062499999999999986,0.08333333333333333,0.03680555555555555,0.559584771376945,0.6222222222222222,-0.0031537686787246333
final_cubic_student_t3_007,3.9476927410164158,109.14491807387438,0.10135154089157007,0.051697185030518365,0.011846193123724532,0.024694331921518636,0.2591302043471775,0.12,7.0,0.3382005557965085,0.7208526550284688,0.4960800241247798,0.08038125381860667,0.29714117012942676,0.05555555555555555,0.07777777777777778,0.2585938339677925,0.860339779789262,0.36033977978926196,0.011334113251599129,0.047693998307427335,0.07777777777777778,0.3263888888888889,0.07430555555555557,0.5757273747183057,0.6666666666666666,-0.003458250139159902
final_cubic_student_t3_008,5.304810974932182,103.69870676288447,0.25395485946136886,0.08272183872183873,0.06917197180386042,0.06991773151157285,0.21543738608414875,0.14,6.0,0.4219158969061996,0.6719157956957026,0.38830016872939815,0.08511447930876408,0.19823264014092268,0.011111111111111112,0.06666666666666667,0.34563515103197656,0.7971863036757639,0.297186303675764,0.015202086685837012,0.049174264722407164,0.06944444444444445,0.2638888888888889,0.06458333333333333,0.6006174564359773,0.8888888888888888,-0.005402713106762991
final_cubic_student_t3_009,7.937956784341243,170.63074989595216,0.14311710610884257,0.03288618008618009,0.09188425851388657,0.07892511799142335,0.1758155502038016,0.06,5.0,0.3874901895543912,0.6742371499460449,0.474771873726362,0.219325141328022,0.3985030814933467,0.0,0.011111111111111112,0.22907215861887265,0.8303080299097183,0.3303080299097183,0.013458036963222746,0.0393640344482353,0.041666666666666664,0.11805555555555555,0.03125,0.5500306918589829,0.6,-0.01047936350398826
final_cubic_student_t3_010,2.2601049935195805,40.28324756966573,0.11245435285975586,0.07575108428441762,0.053534468341589966,0.05961383903996562,0.3356600338183081,0.09,3.0,0.26421011639676056,0.7736317847257286,0.6113982623682568,0.22487034829881988,0.5707383300980219,0.0,0.03333333333333333,0.19045611328925982,0.897739051134101,0.39773905113410113,0.0034184244437481743,0.017003154190845558,0.024999999999999998,0.0625,0.019444444444444445,0.6317983171847047,0.6444444444444445,0.0024894058552038523
final_cubic_student_t3_011,5.393363365990067,107.70414506738162,0.13026961988721059,0.05621716981716982,0.003135637528559387,-0.020048552884418574,0.158127845930425,0.08,3.0,0.304990499218572,0.7747132683240006,0.5900301021899922,0.2135603769616017,0.5075315523011388,0.0,0.0,0.21420105001894443,0.8737958247082472,0.37379582470824735,0.012144295937761587,0.041805276101050746,0.043055555555555555,0.09722222222222222,0.02777777777777778,0.5833755150706229,0.7777777777777778,-0.0009781752930071441
final_cubic_student_t3_012,2.967120730530212,60.77907424201692,0.12229803336608933,0.0662763025429692,0.007393772002432058,0.02600619199584615,0.2248912675926635,0.08,3.0,0.42539162842631856,0.7436350861815011,0.48435967971749666,0.18949213417849767,0.356636178066281,0.011111111111111112,0.03333333333333333,0.2982635064613289,0.8158933577139701,0.31589335771397015,0.006772655206365557,0.030255016887342813,0.044444444444444446,0.0625,0.025,0.5989818145726055,0.8666666666666667,-0.0005035693815178544
final_cubic_student_t3_013,5.557444852847707,102.72502024840712,0.17755427967286708,0.05568455675122342,0.11068343726456778,0.12927632655837262,0.3785296666246612,0.14,7.0,0.3077987203812319,0.7597791402799859,0.5440301577148261,0.16940217543326785,0.39178808262505305,0.011111111111111112,0.05555555555555555,0.2583685814439074,0.8760644436418534,0.3760644436418533,0.007897397939764354,0.021848157822506032,0.03888888888888889,0.3125,0.05277777777777778,0.5641010591559885,0.8222222222222222,-0.001205662230916782
final_cubic_student_t3_014,5.030306074626122,110.95401793233877,0.12115158764050563,0.06436295636295636,0.13676333508247643,0.11764149793463455,0.42390256891473516,0.06,3.0,0.28488478580777105,0.7143310593743841,0.5647920374435325,0.2789410099593212,0.5289883926540205,0.011111111111111112,0.022222222222222223,0.1764334751080529,0.8848637340039933,0.38486373400399343,0.006546698274694203,0.021188240554437736,0.029166666666666664,0.06944444444444445,0.020833333333333336,0.5575368468404355,0.6,-0.00027000797511123054
final_cubic_student_t3_015,3.576025843815665,79.67936800354022,0.17434778136872828,0.08196721937302642,-0.04991589989717064,-0.1877750878144879,0.11485685421757916,0.13,8.0,0.26343242843125736,0.7742899195540732,0.5813021451467125,0.19055667090079678,0.5066681047763564,0.0,0.022222222222222223,0.23435394087131722,0.8969072337359236,0.3969072337359234,0.012036904245096174,0.04638385870780237,0.05416666666666666,0.3125,0.07777777777777777,0.6114691473914826,0.5555555555555556,0.0012857025793818755
final_cubic_student_t3_016,5.782959088734736,124.93942224330195,0.2271639417313581,0.058847232479097636,0.009401220690646792,-0.004698275108737201,0.34623666151736127,0.07,4.0,0.23892455982980537,0.7888938767365213,0.6276426553268182,0.2058819676884375,0.5547498011191747,0.0,0.011111111111111112,0.18321433227415607,0.8988834387283063,0.3988834387283064,0.005763728384799634,0.019640621506818688,0.025,0.09722222222222222,0.02222222222222222,0.5532438281420282,0.6,-0.0018406070608146807
final_cubic_student_t3_017,8.01627221629227,189.90701539843832,0.18099411450887107,0.04416839590172924,-0.0049710421137564974,-0.0033634362037571084,0.17914093048828755,0.06,4.0,0.27572892250167436,0.7571423666203786,0.5920333291566833,0.21994928065584593,0.5177257156807331,0.0,0.022222222222222223,0.18545674331727266,0.890322297076319,0.39032229707631894,0.011590128059283276,0.03261975233040757,0.04166666666666667,0.18055555555555555,0.02986111111111111,0.5512235656657385,0.5555555555555556,-0.0046418440228213065
final_cubic_student_t3_018,1.7576010298734566,30.064131844291023,0.2348958388538007,0.12459858006524677,0.00644123461700465,0.03690236519888661,0.34129109369895,0.13,5.0,0.33483171532752515,0.7391854189765472,0.4858244600358745,0.09249391835399202,0.2527340632379101,0.022222222222222223,0.05555555555555555,0.30345509514492225,0.8524944641583818,0.3524944641583817,0.014631874180138083,0.04911939975924563,0.05972222222222222,0.16666666666666666,0.058333333333333334,0.608671603493666,0.8666666666666667,0.007136493787230691
final_cubic_student_t3_019,7.34178473845765,178.71945499436657,0.23020516683266085,0.041146459013125684,0.09331431697703951,0.07269907211573864,0.20585913161562083,0.11,6.0,0.44151072915868356,0.7143574548931277,0.4412866747351791,0.17453132754055983,0.2598005716316041,0.011111111111111112,0.03333333333333333,0.3147075709727434,0.7952710542144735,0.2952710542144735,0.021378586016019517,0.06357305240936954,0.08194444444444444,0.2222222222222222,0.06736111111111112,0.5405166766004447,0.7555555555555555,-0.005611948314108384
final_cubic_student_t3_020,3.2115284216101743,58.779522014179726,0.07676864417647704,0.05273636633636636,-0.00436989386121139,-0.12607392104147577,0.1414038987989249,0.07,3.0,0.22638845690186235,0.8162842184822292,0.6866594707714017,0.49630270361664236,0.6823464118082823,0.0,0.0,0.1471856935676584,0.9229380339130049,0.4229380339130049,0.0030961345380433763,0.015317460317460318,0.019444444444444448,0.027777777777777776,0.01388888888888889,0.6184808041481695,0.7111111111111111,-0.0011261008060864386
final_cubic_student_t3_021,5.430486850348504,121.77926699352483,0.16518492471364893,0.060598362998363,0.06231818964844387,0.051845274072686555,0.2075187038159358,0.07,5.0,0.29704734701756375,0.7693735009767307,0.6001209380819287,0.2338621617179314,0.5439255237961532,0.011111111111111112,0.022222222222222223,0.18948411417992292,0.8790115989481082,0.3790115989481082,0.005577388666612556,0.01841162919546263,0.027777777777777773,0.18055555555555555,0.029166666666666664,0.588250324390017,0.6,0.003949782784805955
final_cubic_student_t3_022,7.657477367490036,171.02785396167104,0.23824061899440566,0.03653352906686241,0.08327962889489568,0.08013488696325569,0.1760169748260985,0.07,5.0,0.458792024058008,0.6264046785913405,0.3868192564643991,0.12526828718770436,0.29994603266492603,0.022222222222222223,0.044444444444444446,0.26418611929091557,0.786723698834792,0.286723698834792,0.012375396454270436,0.03166803606521196,0.04444444444444444,0.1111111111111111,0.03263888888888889,0.566794356237216,0.7333333333333333,-0.011027164891069696
final_cubic_student_t3_023,7.374406662068499,166.88050933718046,0.18488544034628418,0.033241745508412184,0.09261117647833844,0.0810226771579284,0.15212706078965577,0.06,3.0,0.4413940685023417,0.6835142397494337,0.44925794666155666,0.18977371428955933,0.3366344107693647,0.011111111111111112,0.022222222222222223,0.2589785183767865,0.8028432873730207,0.30284328737302074,0.012506038323118454,0.03803152246814219,0.0375,0.041666666666666664,0.02291666666666667,0.5673779647582998,0.6666666666666666,-0.0063041773434346915
final_cubic_student_t3_024,6.866790343448106,155.99602486324147,0.17509244875256602,0.0403929931929932,-0.006354647439384846,-0.04958106511507709,0.17392297612995597,0.12,5.0,0.3496156231246856,0.7157624509767057,0.490269219683335,0.0892877905068626,0.2884514904746051,0.03333333333333333,0.06666666666666667,0.2596270639080593,0.8516798515703599,0.3516798515703598,0.010627434966291751,0.04760573275384132,0.05555555555555556,0.1875,0.04861111111111111,0.5368881122864084,0.7333333333333333,-0.00601041540967806
final_cubic_student_t3_025,5.9356728853281835,129.36742298107626,0.3116074593030949,0.06752791179457848,0.03056658918771455,0.0055301861966067095,0.18879722581135883,0.15,8.0,0.36067847842346396,0.6808312884471258,0.45840638485682317,0.12013613807048934,0.31130060324100084,0.011111111111111112,0.03333333333333333,0.2778038589584581,0.8477795542606027,0.3477795542606026,0.017442856432674722,0.045415852603543964,0.05833333333333333,0.4236111111111111,0.07847222222222223,0.5664561496135393,0.8,-0.008758826129009245
final_cubic_student_t3_026,2.650429457001871,53.41315595526646,0.11493418026708381,0.0878164587497921,-0.02348253471291188,-0.07404073465357525,0.20126142115183035,0.07,3.0,0.32737388364809844,0.8115042798183444,0.6202804450276792,0.1974949159490895,0.5935024496282195,0.0,0.0,0.21817017197816213,0.8688526609311744,0.36885266093117436,0.0032685797394145415,0.011130672926447574,0.01111111111111111,0.04861111111111111,0.01111111111111111,0.6337682997897255,0.6888888888888889,0.0016351414322125501
final_cubic_student_t3_027,5.163565410119044,116.02969022479859,0.13527426188689434,0.04956213356213357,0.05016876375707524,-0.003526048665162874,0.17516682739175835,0.13,6.0,0.4092333567068785,0.7084726589195893,0.4317782893920319,0.06200682786574515,0.26062104500938216,0.044444444444444446,0.07777777777777778,0.3220427127578491,0.8119285964307904,0.3119285964307906,0.028709070735372346,0.08959516669336935,0.10833333333333335,0.2569444444444444,0.07777777777777777,0.5946983416536513,0.8222222222222222,-0.0023526837240114284
final_cubic_student_t3_028,5.878924799929822,111.56574420395232,0.28809970062824647,0.04857216937216936,0.19726442561960914,0.054339714092145594,0.3194787582065795,0.1,8.0,0.3163091033656133,0.7787029278054272,0.5670262960335173,0.16453233424399777,0.45032153135631675,0.0,0.022222222222222223,0.24568781327603123,0.8699257244601081,0.3699257244601081,0.007588118113518779,0.028189134808853118,0.04027777777777778,0.4513888888888889,0.058333333333333334,0.5803263463517406,0.3333333333333333,-0.008181360090895207
final_cubic_student_t3_029,4.014883263951907,96.9532960593118,0.05535800151257079,0.030466532066532062,-0.009925495812230756,-0.0415728019306996,0.2056331242925323,0.07,3.0,0.3502084141716938,0.7654851721270143,0.5888529513108427,0.33783508904083925,0.5680806871525192,0.011111111111111112,0.022222222222222223,0.19541243395941107,0.8681644791517796,0.3681644791517796,0.0031885986943210503,0.014165573149039162,0.025,0.027777777777777776,0.016666666666666666,0.5785070197554748,0.5777777777777777,-0.00048453168330908625
final_piecewise_exponential_000,1.3241580032708835,4.118060137072977,0.14844957097510744,0.12284001484001486,0.021164199054368713,0.07971517459489258,0.4586608784332442,0.14,5.0,0.4250018532160745,0.7200879156165213,0.45971615628179885,0.17806273313477017,0.3213556728349217,0.011111111111111112,0.011111111111111112,0.31568112502448203,0.8163557014846348,0.3163557014846348,0.010843854679555814,0.03100883076235189,0.04027777777777778,0.09722222222222222,0.03263888888888889,0.7241944219555939,0.8888888888888888,0.009969869535011111
final_piecewise_exponential_001,1.3950227886138395,4.634448906080072,0.1952294218237616,0.15105453745453745,0.04541750944238768,0.08122788182565555,0.5522372960587684,0.21,6.0,0.4049217503591372,0.6901849514337748,0.41819376048423645,0.137614936187815,0.2651350953964903,0.03333333333333333,0.044444444444444446,0.34682483602573905,0.822584388636553,0.322584388636553,0.015169187369117928,0.04078622848541671,0.05277777777777778,0.16666666666666666,0.06041666666666666,0.715222347770191,0.8444444444444444,0.015567397678201367
final_piecewise_exponential_002,1.1973656336197318,4.469895627663006,0.21727076957341032,0.1748184265517599,0.14878654164818128,0.13832992547062165,0.4960709515620141,0.11,4.0,0.41658325397967205,0.7501407822310103,0.4841811423397049,0.16751545449777244,0.2951580048477705,0.011111111111111112,0.03333333333333333,0.30857071272097153,0.8173511633656756,0.31735116336567565,0.007610905456352011,0.025493540955880207,0.03888888888888889,0.1388888888888889,0.02986111111111111,0.699397109223693,0.7555555555555555,0.015397570349250489
final_piecewise_exponential_003,1.4125933321314743,5.040085236962266,0.13740406590418403,0.11335127492505348,0.025718900871754283,0.0921494372536714,0.5063374082941313,0.17,9.0,0.27219139804173326,0.7334251599228363,0.508357901399277,0.13619162742160204,0.2568719607265218,0.011111111111111112,0.044444444444444446,0.2893565932607659,0.8855531982869651,0.3855531982869652,0.017690054500828094,0.059917510176146396,0.06666666666666665,0.09722222222222222,0.049305555555555554,0.7204259265851402,0.8222222222222222,0.004381308453068611
final_piecewise_exponential_004,1.586478861892563,3.9071850634612266,0.19141368203439219,0.16741654101654102,-0.014664395763069445,-0.022869246651252735,0.01338471729297494,0.12,6.0,0.39982886084345187,0.7570158021160989,0.5171307962917999,0.18438205225957632,0.4302217800007509,0.0,0.011111111111111112,0.280793096781969,0.8345683316906731,0.33456833169067324,0.0027663656715885103,0.012618488710038006,0.01666666666666667,0.14583333333333334,0.02430555555555556,0.733416744458987,0.7111111111111111,0.022758855189925264
final_piecewise_exponential_005,1.5117845002818802,4.941910544439731,0.16925263050941186,0.14749788429788432,0.022068460000344743,0.09155327309551739,0.4258343013868977,0.17,6.0,0.3631497653756141,0.7234526577871111,0.45814917830396,0.11787707066587462,0.25463851795579395,0.011111111111111112,0.06666666666666667,0.32473721618508894,0.8365630609704827,0.33656306097048283,0.012585807050621569,0.04283610883062923,0.05555555555555556,0.09722222222222222,0.04375,0.7231121389175996,0.8444444444444444,0.008265448452006607
final_piecewise_exponential_006,1.5484581723038993,5.512512837404501,0.10544693149291469,0.09123175843175843,-0.0018864147501959992,0.06259250618708996,0.5028304419681267,0.08,3.0,0.38542742537746644,0.7341153024180455,0.5332068446625644,0.2626072534602694,0.4733771768697548,0.0,0.011111111111111112,0.23081578978235356,0.8415236634611513,0.34152366346115115,0.0028186166162410793,0.012598367985691927,0.01666666666666667,0.027777777777777776,0.009027777777777779,0.7171479749753891,0.8222222222222222,0.0007317003819989898
final_piecewise_exponential_007,0.9057717604736706,3.039684896694273,0.28164638453427493,0.2573976248642915,0.026195219037232244,0.08828105676956796,0.4870755456022915,0.19,6.0,0.4354341161955057,0.6773827166592175,0.3834315856890895,0.09310174484263792,0.23213139802621677,0.03333333333333333,0.07777777777777778,0.3670382605765272,0.800590440661609,0.3005904406616091,0.02561191221224014,0.07485335470982682,0.1,0.2222222222222222,0.07847222222222221,0.7041300317426912,0.9333333333333333,0.0328233269190622
final_piecewise_exponential_008,0.8375232872510281,5.59191119824278,0.2453487291168744,0.22031696351696353,0.11357181492726873,0.1260539982526793,0.44872283425694254,0.25,9.0,0.4164792893364983,0.6460851154502418,0.37374466078837004,0.10415190696074832,0.22941014560832287,0.022222222222222223,0.03333333333333333,0.38531692815751817,0.8208535025660901,0.3208535025660901,0.03513833195597269,0.08914961787530251,0.10972222222222221,0.5555555555555556,0.1340277777777778,0.6862589022205726,0.9777777777777777,0.01624534654127685
final_piecewise_exponential_009,1.2554798660565025,4.3919686112590535,0.2073279936142474,0.17902740889407556,0.025716992718730108,0.09627108829857797,0.5112240711370857,0.19,6.0,0.399885793397673,0.6814354704079303,0.42605310716835015,0.14577895641991045,0.2869542863069561,0.011111111111111112,0.03333333333333333,0.3334945911532195,0.8280122467569286,0.32801224675692864,0.02429424536110825,0.053529583296882746,0.051388888888888894,0.10416666666666667,0.05625,0.7175871925020822,0.9333333333333333,0.013665276460383402
final_piecewise_exponential_010,1.4790882987413625,6.283290961064553,0.16289115521905878,0.13509541456208124,0.04379277901673485,0.10702868974848782,0.43353164422917856,0.12,6.0,0.4636702367292921,0.6930453005355279,0.4024469173989404,0.12620880984209315,0.27638789582617845,0.022222222222222223,0.03333333333333333,0.34037927605928053,0.7790147930734974,0.27901479307349747,0.011689944102227973,0.029901729215874962,0.04444444444444444,0.0763888888888889,0.03333333333333334,0.7061828158635565,0.7777777777777778,0.008300224810628531
final_piecewise_exponential_011,1.3308406575369636,4.246297372307835,0.15634653163551815,0.13991063777730445,0.018480561495480177,0.07444506805634872,0.45880550434551914,0.14,6.0,0.40916227121409976,0.7234782329031659,0.477579470200482,0.19658751424665422,0.3664750932831553,0.0,0.0,0.3025019554236682,0.8268717020555107,0.3268717020555106,0.003876658046382031,0.012578247261345852,0.015277777777777776,0.09722222222222222,0.022916666666666665,0.720519634853223,0.8222222222222222,0.011915991437918771
final_piecewise_exponential_012,1.271963704803262,3.9842656017559213,0.14772123050639996,0.13052978652978656,0.026328975204199814,0.08274200393501273,0.49689587965562576,0.12,4.0,0.4090701609311973,0.755900451367889,0.5170195669567408,0.18907685306868863,0.446964656908121,0.0,0.022222222222222223,0.28080129997994674,0.8334142981507515,0.3334142981507516,0.00810841051072702,0.023806729264475746,0.02638888888888889,0.0625,0.02361111111111111,0.7269293405459815,0.8444444444444444,0.0026659644129942706
final_piecewise_exponential_013,1.5864057991253095,5.569370105367118,0.16177766918674624,0.13963576336909672,-0.007550647832191866,-0.009312541868053376,0.2414527731339974,0.13,5.0,0.3839051704495774,0.7294083725035203,0.47391987602427926,0.15990025469151425,0.2836985947391472,0.011111111111111112,0.044444444444444446,0.30544685552164264,0.8274669290694533,0.32746692906945324,0.011733176395183311,0.038334548352919454,0.062499999999999986,0.0763888888888889,0.03888888888888889,0.720337327946525,0.8444444444444444,0.00862065671176826
final_piecewise_exponential_014,1.546408231162522,4.353543535399194,0.10583999845642682,0.08266631679965014,0.03740271704776152,0.09269632800043655,0.5138295937712171,0.1,4.0,0.3469901260243883,0.7932471437226556,0.5923714094071791,0.18032655012688334,0.5211591603243072,0.0,0.011111111111111112,0.2285423545254625,0.8679197830130431,0.36791978301304284,0.002649577883262849,0.008333333333333335,0.01111111111111111,0.05555555555555555,0.01388888888888889,0.7221725043129832,0.8,0.004732279567611575
final_piecewise_exponential_015,1.5534660785181271,6.82029355245067,0.17405875449171784,0.1275679662346329,0.04948946912462825,0.12701385979289376,0.4826306570077741,0.16,6.0,0.43613714609994975,0.6923870444350354,0.4060518928227393,0.12184365726849242,0.26266441839823074,0.0,0.0,0.36536243681598474,0.8034927801164282,0.30349278011642816,0.01152462114111064,0.031210669815997433,0.036111111111111115,0.16666666666666666,0.041666666666666664,0.6994971438840739,0.8,0.009731426210244254
final_piecewise_exponential_016,1.3126850547990707,4.005940394150108,0.14782787192658003,0.1243485782152449,0.03333256883235759,0.10104382528497188,0.5009192637133681,0.07,4.0,0.4111587125422797,0.7776135627483985,0.5469793898602265,0.19083154744481012,0.49047646333358486,0.0,0.0,0.25856263543634966,0.8336767595567595,0.3336767595567596,0.0062952954655958486,0.02110719874804382,0.02361111111111111,0.125,0.02013888888888889,0.7160968793352687,0.7555555555555555,0.015188409907075817
final_piecewise_exponential_017,1.4924208378654233,5.9618227467652884,0.16026740910534576,0.12481506454839789,0.06378921710840241,0.13285661725831407,0.4688619298417092,0.09,3.0,0.33148200455005916,0.7943895760451766,0.591845285702291,0.19019955879597744,0.5193400186129564,0.0,0.0,0.23508447804802776,0.8698307577075842,0.3698307577075842,0.007421196445533058,0.028091884641180415,0.030555555555555558,0.05555555555555555,0.020833333333333332,0.6981084764756804,0.8,0.011075510599000027
final_piecewise_exponential_018,1.1108573998174285,3.971897071104243,0.27289855137891117,0.21170075836742505,0.05423629480207523,0.12970169573547496,0.45014130910650274,0.12,6.0,0.4476856360221167,0.7198294200965829,0.43425522758632823,0.13268070275446653,0.2523224302259001,0.0,0.03333333333333333,0.33355468903877933,0.7987322548323813,0.29873225483238147,0.018095657461318897,0.04813567680593364,0.06527777777777778,0.1736111111111111,0.04513888888888889,0.6972477288990008,0.8666666666666667,0.02357725702863378
final_piecewise_exponential_019,1.3642216804441931,5.428901729317397,0.10802214294266688,0.09445464432131098,0.015319157131111281,0.0831658340463108,0.4998411293548746,0.12,7.0,0.45260058984233015,0.7200631482127069,0.45944879812985995,0.20300413012290067,0.34081679407493093,0.011111111111111112,0.011111111111111112,0.3016427383909219,0.8019874644738015,0.3019874644738012,0.014362617468470706,0.03660071540353231,0.043055555555555555,0.125,0.03333333333333333,0.7193238724617257,0.8666666666666667,0.0004370861412452687
final_piecewise_gaussian_000,0.306367340474034,0.38775937238633584,0.14491723613688043,0.12830268057822952,0.03157270301414843,0.04278967194028147,0.148788524953032,0.16,6.0,0.4437921190188477,0.6964288693696259,0.43046590329533324,0.13879700447546986,0.2770985689182175,0.0,0.011111111111111112,0.32961039333633124,0.8180191303010147,0.31801913030101475,0.006653397352750579,0.025337046433188504,0.030555555555555558,0.10416666666666667,0.03611111111111111,0.77740203453764,0.8888888888888888,0.01250163788858416
final_piecewise_gaussian_001,0.3337695934482078,0.6324747528945117,0.22341061982951985,0.19310036723370058,0.04994994526393949,0.04771072082577708,0.11358260990024996,0.19,8.0,0.5288405726687272,0.6354581697696838,0.31144646929237324,0.08823136818641072,0.20889875885747458,0.022222222222222223,0.08888888888888889,0.4004269529204968,0.7443205429364353,0.24432054293643543,0.026659957870324966,0.055138670480694374,0.06805555555555556,0.2847222222222222,0.08402777777777777,0.759543528991296,0.8444444444444444,0.03257201185369463
final_piecewise_gaussian_002,0.24375782774973204,0.45075842859788207,0.16240207261850814,0.14949043990791572,0.03486568255598267,0.04250807894971933,0.15094853233816458,0.19,7.0,0.4463040842630669,0.681077161795526,0.4092855066689526,0.11621943329408188,0.2496331220141567,0.011111111111111112,0.022222222222222223,0.3316926023490232,0.8094976273561726,0.3094976273561728,0.012600146970670434,0.03278358700083421,0.037500000000000006,0.1111111111111111,0.04583333333333333,0.7727802661622448,0.9111111111111111,0.020092271330848455
final_piecewise_gaussian_003,0.204090796223832,0.2368590742978803,0.11815651040992035,0.11037224530557863,0.024793639432497717,0.03226104840998075,0.12035197225174125,0.13,5.0,0.4021377836291069,0.7125783692848455,0.4701457890218019,0.16564483229209728,0.34509117116598564,0.0,0.011111111111111112,0.2942011703042227,0.8340771061803581,0.3340771061803582,0.009945984041990322,0.022418399284596466,0.029166666666666667,0.0763888888888889,0.02222222222222222,0.7839086692505632,0.9555555555555556,0.006673499385749682
final_piecewise_gaussian_004,0.26920699135138487,0.4275206418580737,0.1490480848013419,0.14186902382072997,0.03336019082347845,0.04009140252616118,0.17077836254381248,0.15,5.0,0.40303607534964825,0.6999237357438308,0.45136138823016425,0.10337581986625716,0.2767929595459587,0.0,0.011111111111111112,0.2962130926746964,0.8288665684677002,0.32886656846770024,0.017370778617513568,0.0437498420474538,0.049999999999999996,0.0625,0.0375,0.7850839857977658,0.8444444444444444,0.007551779665575187
final_piecewise_gaussian_005,0.27427325452047996,0.402087660866371,0.19210869948432194,0.18014086574086577,0.042958031521779974,0.050334362131207386,0.1929815277286364,0.15,6.0,0.5019639962673752,0.6591910656353116,0.3484539170044151,0.08014844732773878,0.22091096291744552,0.044444444444444446,0.06666666666666667,0.3742920503588725,0.762112738378282,0.262112738378282,0.01733552673925051,0.04238292167275004,0.06944444444444445,0.1597222222222222,0.049305555555555554,0.7706306455834785,0.9111111111111111,0.019065171057980113
final_piecewise_gaussian_006,0.2894812516976139,0.3266486390636615,0.17427803255081303,0.15756919170252504,0.019247074485793172,0.03689272540869859,0.13801839962896,0.14,6.0,0.5615287738025155,0.6399621631006249,0.2959080946446322,0.10704826615974156,0.20229240294880407,0.03333333333333333,0.05555555555555555,0.40702241109870313,0.7126659438536443,0.2126659438536445,0.03162189908234531,0.06667733511855271,0.08611111111111111,0.2638888888888889,0.06666666666666667,0.768518791093448,0.8222222222222222,0.026552165943077854
final_piecewise_gaussian_007,0.11823125283483163,0.2407921613252631,0.09776432822708435,0.09489164689164689,0.006830040429831066,0.007769933675377838,0.04260338401414936,0.11,6.0,0.5029809344689794,0.6966819721863343,0.41561180389671354,0.22209159883275822,0.33507249110859183,0.011111111111111112,0.022222222222222223,0.3238355337521608,0.7746340078132508,0.27463400781325087,0.019860611105206687,0.0425483577795274,0.048611111111111105,0.11805555555555555,0.03333333333333333,0.7909633452791354,0.8888888888888888,0.0022386631133763935
final_piecewise_gaussian_008,0.2746386596013524,0.4936378408643711,0.1455636548599433,0.13521829761829762,0.019949145280777073,0.04196307616673155,0.17932767563890892,0.24,8.0,0.5269830606927989,0.6291389295479966,0.30747558495768296,0.07520604394665914,0.1968495266136065,0.022222222222222223,0.06666666666666667,0.4019128008247645,0.753146837517343,0.25314683751734307,0.02508371509369361,0.05260699685012345,0.06388888888888888,0.16666666666666666,0.08541666666666667,0.7737778721394855,0.9333333333333333,0.01429700951467805
final_piecewise_gaussian_009,0.3145092720642067,0.392028909520768,0.21104738826462774,0.19679942986609658,0.05028603912363313,0.05009403765707736,0.135710623265256,0.1,4.0,0.33006403215877195,0.7662694404147303,0.5596099070137506,0.14016729439538916,0.4866427571612068,0.0,0.022222222222222223,0.23746081571601502,0.8713839029318048,0.37138390293180473,0.0032765245084197788,0.01559528669602154,0.029166666666666664,0.0625,0.019444444444444445,0.7522360938211523,0.8222222222222222,0.03875930292369356
final_piecewise_gaussian_010,0.12038616183836008,0.19307960796586765,0.1292344115224328,0.12130503357170024,0.01674919875335277,0.025390543067201184,0.09239513804411538,0.11,5.0,0.4946088174081912,0.7160188002669272,0.42747855526085055,0.19383508228273572,0.3243117910019572,0.011111111111111112,0.03333333333333333,0.33326275809848255,0.775782946280419,0.27578294628041894,0.011266193707809211,0.0297792552415945,0.04027777777777778,0.11805555555555555,0.031249999999999993,0.789139941885693,0.9555555555555556,0.007964376001432627
final_piecewise_gaussian_011,0.27631913074249087,0.34355750113881245,0.33353089945850917,0.32043183136516473,0.011742093037599415,0.035318702127170344,0.14961158213389508,0.22,12.0,0.4833545752883062,0.6245797015037415,0.31735275875036745,0.044965547310207674,0.14759892049468018,0.05555555555555555,0.12222222222222222,0.4009470326188367,0.7721809016940947,0.2721809016940948,0.0639900315493056,0.13847506827419945,0.1388888888888889,0.5069444444444444,0.13194444444444445,0.7318891750041016,0.9333333333333333,0.05919597063015025
final_piecewise_gaussian_012,0.26313678163468085,0.2848405581681634,0.22019868292732075,0.20912717499384167,0.035998397154873685,0.0462276766040307,0.1671278931577973,0.14,6.0,0.48094117977988254,0.675778166283491,0.3897940716400475,0.14160820374449992,0.2645551854723527,0.011111111111111112,0.011111111111111112,0.35009226039595764,0.780992765821715,0.28099276582171495,0.01414372349762415,0.026967123963769636,0.030555555555555558,0.2777777777777778,0.04027777777777777,0.7599327350549031,0.9111111111111111,0.032228501885583793
final_piecewise_gaussian_013,0.20293326675525888,0.2646786523929968,0.15972953513728483,0.14903198609865276,0.01667183249134141,0.024281299895871532,0.13788648714053314,0.18,9.0,0.5072602611764692,0.6658837460013438,0.3574717045042163,0.093923014697613,0.2412386619718706,0.03333333333333333,0.044444444444444446,0.3710733012006493,0.7673799978141419,0.26737999781414185,0.01679566975254362,0.03922243913788748,0.04583333333333334,0.10416666666666667,0.04583333333333333,0.7827541800416993,0.9111111111111111,0.012274834034205706
final_piecewise_gaussian_014,0.2143436249454961,0.2915743941740906,0.13299662033700713,0.131186627986628,0.010966072950435805,0.02605403928425714,0.13708708763108593,0.2,9.0,0.5032076831733326,0.6315596733928702,0.33069744651818284,0.07733261260248947,0.20733030430032529,0.0,0.03333333333333333,0.374656006430948,0.7643357710092501,0.2643357710092498,0.03357201338548116,0.07375601499669436,0.07777777777777778,0.13194444444444445,0.0638888888888889,0.782552096934562,0.9555555555555556,0.010511488702042104
final_piecewise_gaussian_015,0.23731281379981756,0.31633715384645467,0.13018766586139374,0.11880130413463746,0.03541088985514234,0.04205337733496241,0.1220852612933491,0.1,5.0,0.4608822839973925,0.7077590431218987,0.4378382997137733,0.11940868263160771,0.3383447619382694,0.0,0.03333333333333333,0.31292258668875633,0.8021573927465744,0.30215739274657466,0.004317527080363748,0.012738702747888297,0.02222222222222222,0.05555555555555555,0.01666666666666667,0.774342481110307,0.8222222222222222,0.021516347065690167
final_piecewise_gaussian_016,0.3267294186116894,0.40385916029351165,0.21740973098115232,0.20872761246094582,0.043923330520715606,0.054491477942324375,0.21598446209827254,0.27,10.0,0.5642522469489192,0.5628166345569965,0.23397750574404816,0.04541227326190824,0.13400596722754202,0.011111111111111112,0.12222222222222222,0.4331606650688265,0.7134021815337493,0.2134021815337494,0.03830925975260796,0.06740971069219533,0.10416666666666667,0.2222222222222222,0.10138888888888889,0.7602705133149654,0.9555555555555556,0.03447121343139725
final_piecewise_gaussian_017,0.26254025848268936,0.24041847627230045,0.1630469895018251,0.15840642027308693,0.013512207381417167,0.040647696220168894,0.1912823682975961,0.2,8.0,0.464149771843062,0.6520405695905321,0.3789264080200695,0.14303651245262547,0.24535252613823333,0.022222222222222223,0.022222222222222223,0.3506812455688095,0.7958357543309443,0.2958357543309443,0.03651908263810848,0.07115879483745495,0.07222222222222222,0.125,0.07500000000000001,0.7792859537362148,0.9111111111111111,0.01438619999732016
final_piecewise_gaussian_018,0.34677223240237326,0.35378455693852773,0.37230647200330885,0.35254076400743073,0.022615548609139946,0.05442464894843789,0.19552086087568257,0.2,8.0,0.4492631738040962,0.6601410442157138,0.38483050104780203,0.12701555276155072,0.2337399776715447,0.011111111111111112,0.022222222222222223,0.3523736296561105,0.8023942201535945,0.30239422015359446,0.029691712918134026,0.0634641523480182,0.0875,0.1527777777777778,0.07083333333333333,0.7302485184245988,0.9111111111111111,0.05886302633568785
final_piecewise_gaussian_019,0.25944042944978585,0.3079557170739976,0.1700235839154221,0.15628652241985574,0.028090679311092645,0.04205642828718566,0.13758667733493213,0.19,7.0,0.499145469743049,0.6523682115038555,0.34778673600057974,0.11971430207862252,0.22260403361313427,0.011111111111111112,0.07777777777777778,0.3793501437992644,0.773021876058242,0.27302187605824196,0.017766854156078402,0.040504098761366146,0.06388888888888888,0.125,0.05694444444444444,0.7856355009181873,0.8666666666666667,0.009734495291583989
final_piecewise_student_t3_000,1.482963497447299,18.907657153102527,0.1139644638050144,0.10698253551586884,0.0033937234335996904,-0.003070351221714835,0.18979083514700312,0.08,4.0,0.24644136841409064,0.8123635332223108,0.6598915843496277,0.24963133423748915,0.6130017279604051,0.0,0.022222222222222223,0.17642090940050295,0.9091551596438883,0.4091551596438882,0.005030745756116634,0.018192488262910797,0.02222222222222222,0.05555555555555555,0.020833333333333336,0.6625433199658853,0.6222222222222222,0.0059809778026228555
final_piecewise_student_t3_001,2.2732684126723646,50.342633901613326,0.16851185844856464,0.17546297119630455,0.058462404627115216,0.027523188533447977,0.5743374658179807,0.13,4.0,0.35265791066910446,0.7532933655451584,0.5099371984387051,0.17016290644716264,0.3263931395563418,0.022222222222222223,0.022222222222222223,0.29373493712743215,0.8472418783184535,0.34724187831845343,0.007814661598581732,0.018471991368500862,0.025,0.05555555555555555,0.025694444444444443,0.6595773434198648,0.8888888888888888,0.011299902955997365
final_piecewise_student_t3_002,1.5355768698389582,21.073589885071158,0.12380649655691084,0.1313240129240129,0.014402707371599228,0.0008770298597421148,0.12872404412402816,0.08,3.0,0.2982627450195264,0.8226587464790106,0.6342922889941017,0.17173953080304138,0.5815838333172179,0.011111111111111112,0.022222222222222223,0.2163083664495605,0.8875317931670001,0.3875317931670002,0.0005982027339593517,0.0014084507042253522,0.008333333333333333,0.04861111111111111,0.006944444444444445,0.6631549193678478,0.8888888888888888,0.0017816733489695036
final_piecewise_student_t3_003,2.4194486123756804,37.46928100834097,0.2490276350524582,0.20401949681949683,-0.023354905617963724,-0.04591090822992383,0.15489051935438095,0.16,7.0,0.36465263187718294,0.7217989060926224,0.46531358473935563,0.14378603288704658,0.26999105721842753,0.0,0.044444444444444446,0.32196166498261025,0.8413278916719521,0.3413278916719522,0.021671113146456613,0.05425254853931775,0.06388888888888888,0.3611111111111111,0.06875,0.6295677209612816,0.8666666666666667,0.016399986141356626
final_piecewise_student_t3_004,1.324758568508975,12.628448129573583,0.2657126668171138,0.22361664494997832,0.033826007658826346,0.03734772884844216,0.1696338501577565,0.16,4.0,0.3024529420873803,0.7373079686468854,0.5094350356139828,0.12409294926122065,0.26337813632188845,0.011111111111111112,0.011111111111111112,0.28419761918619224,0.8664508847411605,0.3664508847411605,0.013714718475276475,0.039841901651454625,0.043055555555555555,0.09027777777777778,0.03958333333333334,0.6602675594367035,0.9777777777777777,0.015363528127142145
final_piecewise_student_t3_005,3.8613538572443056,87.15190964889715,0.17299447791234404,0.13925631018964357,-0.06593826519279328,-0.0229786139547627,0.6877780123595185,0.11,5.0,0.40194647136008677,0.7401200158172581,0.47926611858241136,0.16793414188957326,0.3018737184539422,0.03333333333333333,0.03333333333333333,0.30568822663621725,0.819703568711443,0.31970356871144306,0.012801008747761966,0.032841713537833994,0.04583333333333334,0.1597222222222222,0.03680555555555555,0.6007234031385068,0.8,0.006184488321043458
final_piecewise_student_t3_006,1.7423601647077547,19.269506640159,0.18710809562971895,0.16478709572042907,-0.05194894529409372,-0.050395698430940584,0.1704303048129526,0.12,4.0,0.29754350095098725,0.7713139064845155,0.5693217128751493,0.1997242270388165,0.47674717895717167,0.0,0.0,0.2515170046719978,0.88104207236203,0.38104207236203014,0.008383785563140893,0.030890900961323492,0.03055555555555555,0.09722222222222222,0.025694444444444443,0.6415182743030333,0.8666666666666667,0.012718780633352855
final_piecewise_student_t3_007,2.22048794013346,27.989062954885885,0.13944120442363195,0.1215763794430461,0.11860394107900538,0.10974341267449168,0.21618993102313278,0.06,3.0,0.2679528424707641,0.8018413365293495,0.658412541034652,0.3563544962585282,0.658525967426755,0.0,0.011111111111111112,0.16791515474880075,0.9044377278874512,0.4044377278874512,0.0027708564966061966,0.009741784037558685,0.01388888888888889,0.0763888888888889,0.010416666666666668,0.6393996504305643,0.6666666666666666,0.007876699399779974
final_piecewise_student_t3_008,2.8135905199204925,66.47144726583352,0.1278745427770778,0.11935526175526175,0.05146842189467443,0.01770509336670293,0.1835158555073068,0.08,3.0,0.2840851667051581,0.8236302103453663,0.6311645113697159,0.17394733125521494,0.5092544895559872,0.0,0.0,0.22195661206573136,0.8810452160898273,0.3810452160898273,0.0030157518050950884,0.014007936507936507,0.016666666666666663,0.0625,0.01388888888888889,0.5967214704844042,0.9333333333333333,0.004870751272040508
final_piecewise_student_t3_009,1.0244804227040718,11.262764040185438,0.252563545216798,0.23468713042046374,-0.0025535350977876664,-0.013001869163515178,0.11431759069160502,0.13,6.0,0.30401867444520675,0.7760285472091637,0.5333427216990989,0.09879251358040542,0.21384690377664578,0.011111111111111112,0.03333333333333333,0.2869599216587781,0.8796682529660239,0.37966825296602397,0.009223070467811673,0.037270631461402685,0.048611111111111105,0.2222222222222222,0.050694444444444445,0.6601520790601474,0.8444444444444444,0.029456840306173238
final_piecewise_student_t3_010,0.8836752507609347,12.736138184290605,0.2936909049435722,0.29509640549640553,0.04366163819448612,0.0478793182017561,0.20630231483455702,0.09,4.0,0.1286589434138714,0.8427034602228948,0.7162901843058621,0.1498041706204271,0.7678554436377513,0.0,0.011111111111111112,0.1521282273208914,0.9531781845626967,0.4531781845626967,0.0017235354830767568,0.009722222222222224,0.018055555555555554,0.0625,0.01388888888888889,0.6591837620630321,0.8888888888888888,0.02558715613454632
final_piecewise_student_t3_011,1.0062277844241132,12.9197894111328,0.1897258628278494,0.18242394045755278,0.026471665962213384,0.021769902286429194,0.15674773383930407,0.18,6.0,0.44146752965383723,0.6815181123111416,0.39173249873348837,0.1030105540356741,0.23234375514197356,0.011111111111111112,0.06666666666666667,0.3602248113644503,0.7951053891335698,0.2951053891335697,0.01720939754190919,0.042013180353257455,0.0625,0.1875,0.06041666666666666,0.6731354961416621,0.8666666666666667,0.013994539656024707
final_piecewise_student_t3_012,2.664842508233688,43.80717720863582,0.21756613578802783,0.19268078041411374,-0.0495800034878561,-0.08630605829651884,0.34511264765112126,0.13,4.0,0.27524235742305314,0.7823959251882147,0.5628192313993817,0.15603748395967668,0.3106389756026241,0.022222222222222223,0.05555555555555555,0.26047139551835174,0.8862100151600651,0.38621001516006503,0.012225920039610365,0.038521773078444704,0.049999999999999996,0.06944444444444445,0.03611111111111111,0.640799256413231,0.9111111111111111,0.006621659187304174
final_piecewise_student_t3_013,0.46683764415380075,7.389046812220236,0.1573692348356572,0.15355891942558608,0.021239768393857425,0.02833016992172744,0.17602440591930113,0.11,5.0,0.3534701673101698,0.7656849511030995,0.5442031091856563,0.19103215715715047,0.4755122865396875,0.0,0.022222222222222223,0.2604955318210501,0.8564467332851099,0.3564467332851101,0.001197795818517943,0.005695890317751922,0.015277777777777779,0.05555555555555555,0.014583333333333334,0.6879842020027983,0.8222222222222222,0.008607815102244176
final_piecewise_student_t3_014,2.9488775680337893,54.46969835992129,0.18780926932049813,0.1657350082764251,0.015143184533171657,-0.03822331648095184,0.14717917665790833,0.2,7.0,0.40178972305058075,0.6880159967777738,0.4189786128326687,0.1357165693428038,0.2752545158429259,0.011111111111111112,0.03333333333333333,0.35268328413563893,0.819759259818741,0.319759259818741,0.00906127532447462,0.024391592521883214,0.041666666666666664,0.09027777777777778,0.04513888888888889,0.6500199989013524,0.8666666666666667,0.007039382119403359
final_piecewise_student_t3_015,0.9714204459402414,10.084532181612321,0.19621186560387188,0.19357123837123838,0.03768870085756179,0.050179325090893914,0.1782142033928415,0.09,3.0,0.23942629295383366,0.8290863162015997,0.6603645298420687,0.1606403453479025,0.6431646172123893,0.011111111111111112,0.022222222222222223,0.19581663254049173,0.909197327219309,0.409197327219309,0.007475278107893055,0.026705255688721702,0.03194444444444445,0.0763888888888889,0.022222222222222223,0.6728914010706526,0.7777777777777778,0.016832838178517218
final_piecewise_student_t3_016,1.3392536339155863,22.359300648487253,0.2313500348116136,0.24952801006134342,0.06537461190039903,0.07940852859520836,0.3356925595634144,0.09,4.0,0.25247380827070065,0.7901850260523694,0.6016980901658479,0.17422729823706387,0.4635974128163697,0.0,0.0,0.22178226063375564,0.8941362287285722,0.39413622872857235,0.005285762644424573,0.02087245696400626,0.03194444444444445,0.041666666666666664,0.015972222222222224,0.6588656683458993,0.8888888888888888,0.022912870409352082
final_piecewise_student_t3_017,1.3153960395929052,24.330235599758073,0.11336197793382528,0.10501789595122932,-0.011369123534510445,0.005797230323680032,0.2872547161324029,0.11,4.0,0.43504281203399287,0.7337664077462767,0.4481921646358988,0.1933185290577324,0.26409660188440565,0.011111111111111112,0.022222222222222223,0.34057767395805777,0.7946121681319653,0.2946121681319652,0.006302800005181755,0.01706409957328512,0.02361111111111111,0.04861111111111111,0.021527777777777778,0.6589223577621175,0.8666666666666667,0.0010939893478310037
final_piecewise_student_t3_018,1.0012161753338247,8.373307523447249,0.2714650449550612,0.2278626726626727,0.0226394043735422,0.034146733405050575,0.2072402019202278,0.12,5.0,0.24627795309260847,0.798442688593941,0.607611274144587,0.18384217254909443,0.5142744833528675,0.011111111111111112,0.03333333333333333,0.23218997695876273,0.9054775850842977,0.40547758508429765,0.008238158061937978,0.024150679867783,0.0375,0.1736111111111111,0.04236111111111111,0.6631953198456721,0.8666666666666667,0.033750816028503716
final_piecewise_student_t3_019,1.3668562376062003,24.67578759740392,0.1812306227491766,0.18260665353998687,0.0021323831125562645,-0.11682619054438623,0.16569618833264557,0.15,5.0,0.35846712892610266,0.7395416866118691,0.4966275039708507,0.15032237079185454,0.3011644607920547,0.0,0.03333333333333333,0.2997219409658581,0.8524237660263626,0.3524237660263626,0.010259923400225792,0.023937479879638342,0.03333333333333334,0.09027777777777778,0.029166666666666667,0.6482783758536161,0.8666666666666667,0.01382918472253536
final_quadratic_exponential_000,2.066564785500265,18.44055560410741,0.24289443587306664,0.13357912371245703,0.06750875076699413,-0.09117456178385301,0.48257704810112145,0.21,8.0,0.35775807809592314,0.6896223471372775,0.43949451759418967,0.1482241795699176,0.26231519674342474,0.011111111111111112,0.022222222222222223,0.33740272306570424,0.8426273291692886,0.3426273291692886,0.027586427748666546,0.057358799000310476,0.06666666666666668,0.2013888888888889,0.07569444444444445,0.6592270696959611,0.9333333333333333,0.008901526266797966
final_quadratic_exponential_001,1.4468073949800617,4.924192353337427,0.1620816410358536,0.12311168231168233,0.10471321811718712,0.1381598441185024,0.39652369395036025,0.18,6.0,0.449563419550598,0.6758544163400907,0.37720564953836216,0.09769294941328054,0.24491823159781456,0.022222222222222223,0.03333333333333333,0.3786944628761152,0.791106833924753,0.29110683392475306,0.016087892311832403,0.045128596776930874,0.05555555555555556,0.18055555555555555,0.052083333333333336,0.7136336357553736,0.9333333333333333,0.010286614123679483
final_quadratic_exponential_002,2.8846074002636226,28.243254646276068,0.1684182980654437,0.10740295593628929,0.08048824762755673,0.10427803915718906,0.4393577337854858,0.17,7.0,0.45399915929307,0.6900742945392475,0.40635599666416855,0.17080530417638118,0.274419261702632,0.011111111111111112,0.05555555555555555,0.3492267114050977,0.7956023571139441,0.29560235711394406,0.0391702407457362,0.07910086120588264,0.08055555555555556,0.13194444444444445,0.062499999999999986,0.6658078343825287,0.9555555555555556,0.0011393909852538409
final_quadratic_exponential_003,2.9194384580313057,35.989928330927974,0.1857826191552984,0.09142280582280585,0.0812205485310351,0.06751218796510174,0.48159552649790105,0.21,7.0,0.4284715256898981,0.6258372677730334,0.34884988412429857,0.09121469472753511,0.22351386767198728,0.022222222222222223,0.07777777777777778,0.3876225161878569,0.798733318409918,0.29873331840991807,0.03794294907348401,0.09761060756367444,0.12222222222222223,0.2152777777777778,0.09583333333333333,0.6558770945130948,0.9333333333333333,0.0021306235442104526
final_quadratic_exponential_004,3.3887894429179135,51.88790762681826,0.18072187394853528,0.09220301753635088,0.13671763211090687,0.13596717594780808,0.39628316262670676,0.19,8.0,0.45082747876037393,0.6682171702891426,0.38233335325269024,0.10451999099405668,0.2502288913286266,0.03333333333333333,0.05555555555555555,0.36045188712987497,0.79261825678423,0.29261825678423004,0.011411898229334173,0.0351731296022627,0.04444444444444444,0.16666666666666666,0.05486111111111112,0.6602851687062,0.7333333333333333,0.0005030392684051144
final_quadratic_exponential_005,3.7740764066705252,56.44530948920525,0.14921348538096146,0.08037678011011345,0.08062112933446186,0.08302208803414515,0.39799562305166564,0.13,6.0,0.49253193404526896,0.6864677423474029,0.39268463579456026,0.12528527524868302,0.2607097551619854,0.022222222222222223,0.03333333333333333,0.34268492199002093,0.7736246962721113,0.2736246962721112,0.014721136178665018,0.036989401598565536,0.04722222222222222,0.1111111111111111,0.04722222222222222,0.662431352574031,0.6666666666666666,0.005024681301765366
final_quadratic_exponential_006,3.8064055064176587,56.887976692456014,0.2112984405090912,0.11979215792549128,0.09021995952732886,0.08378552121123536,0.44433288761822765,0.21,7.0,0.4575453230898545,0.6178087306243097,0.3378404392070978,0.11190614302446544,0.17347101915847463,0.022222222222222223,0.044444444444444446,0.37850068294437694,0.7830721012261875,0.28307210122618753,0.028608455828534256,0.08453141584316695,0.08611111111111111,0.3333333333333333,0.09375,0.6437267219389573,0.9333333333333333,0.000433750481487416
final_quadratic_exponential_007,4.269218844715832,67.87655032431866,0.18575987113542572,0.09003708390375056,0.08759878654547074,0.09162360887470052,0.4173350310849377,0.18,5.0,0.36269318490962527,0.7020343487128103,0.44865610620468555,0.12144242027689969,0.24550446239125084,0.022222222222222223,0.044444444444444446,0.31951044617903346,0.8423812963322472,0.3423812963322473,0.017358858636680897,0.04635915235659481,0.0625,0.1736111111111111,0.061111111111111116,0.6546266145522333,0.9111111111111111,-0.00043760141066584435
final_quadratic_exponential_008,2.937586568694882,31.484801129773007,0.16156447899831716,0.10990592030592033,0.04709340655375395,0.041961766246108465,0.28298517674451173,0.17,6.0,0.46944991148103793,0.6546435124060627,0.354020390915205,0.10460370285336852,0.21779829466459721,0.022222222222222223,0.022222222222222223,0.38149348927368254,0.7746616006187577,0.27466160061875755,0.026368294137226224,0.06349002407843948,0.08055555555555555,0.1527777777777778,0.06458333333333333,0.6751099781479931,0.9111111111111111,-0.0013845009038443434
final_quadratic_exponential_009,1.9853412238438217,10.12841059325535,0.13938609438771749,0.09146438933105598,0.0898155509791084,0.10085757890575646,0.38471688886610517,0.11,4.0,0.31392863609426586,0.7906330269387397,0.5853503125454227,0.15869930718027228,0.4988519931364978,0.0,0.022222222222222223,0.23804365988300838,0.8820665058922854,0.3820665058922856,0.004846944927826748,0.018212050078247263,0.020833333333333336,0.0625,0.018750000000000003,0.701314157609799,0.8888888888888888,0.002847750508590763
final_quadratic_exponential_010,2.6949477869842458,24.481287800408744,0.24161327564447113,0.12870943484276817,0.10593083747585434,0.061207446447382394,0.33669632595143245,0.11,5.0,0.3053549382188415,0.7707905211686195,0.553528797538212,0.1850187875088341,0.4286077052459607,0.03333333333333333,0.03333333333333333,0.2603184512733676,0.8757413494305969,0.3757413494305968,0.007321588424671417,0.023449804321469016,0.05416666666666666,0.20833333333333334,0.04375,0.6614791634371175,0.8444444444444444,0.017302551565573365
final_quadratic_exponential_011,2.5822824691320823,18.38366924492487,0.1225656296479066,0.09401764255097587,-0.0066754446927729276,0.020222799429801923,0.229899334795561,0.09,3.0,0.31477981486996365,0.8010120565913975,0.6000807023525793,0.18094432209785752,0.5231024433435065,0.0,0.022222222222222223,0.2295284930705123,0.8745071938979901,0.3745071938979903,0.00466110305962113,0.022359713838587075,0.02777777777777778,0.034722222222222224,0.016666666666666666,0.7156869610212008,0.7333333333333333,0.0010729550871222404
final_quadratic_exponential_012,3.0831180240467893,31.96952115357027,0.17338427092360353,0.0850927061789961,0.16080862128674694,0.1353862812137286,0.2686061551327954,0.11,5.0,0.40111494958862826,0.7595385331542353,0.5198461964538436,0.21457109531082996,0.44827127829430397,0.0,0.011111111111111112,0.2860258987155138,0.8340197225967926,0.3340197225967926,0.006082466052504149,0.01668622848200313,0.02222222222222222,0.08333333333333333,0.02361111111111111,0.677534890829864,0.6888888888888889,0.004057682969874854
final_quadratic_exponential_013,3.1730607804818574,34.439193605727716,0.24891493242455706,0.15136000149333487,0.08669533432776211,0.0845673745322847,0.45011608840293105,0.25,8.0,0.49637854283621935,0.6258569780323845,0.3175932307706777,0.09443783646438644,0.22471371733585582,0.022222222222222223,0.03333333333333333,0.4195194684633842,0.767551851249041,0.26755185124904096,0.03458595801093752,0.06942285535411723,0.07916666666666666,0.2569444444444444,0.10416666666666667,0.6696222883684884,0.8888888888888888,0.008842150536617632
final_quadratic_exponential_014,1.7356166378532083,13.512171441483364,0.14924901389903017,0.11101047687714356,0.10792149728928957,0.09211250117220449,0.37926662914913284,0.25,8.0,0.41821416068951733,0.6198018079264889,0.36161224492853195,0.11328498210366829,0.2361189829448176,0.022222222222222223,0.05555555555555555,0.3786888960938906,0.816246414337107,0.31624641433710676,0.01865601339503103,0.054712377918053556,0.06527777777777777,0.19444444444444445,0.08263888888888889,0.6813651159896743,0.8444444444444444,0.005549194180420214
final_quadratic_exponential_015,1.2651364211032472,7.119563246817518,0.1782783289314122,0.15990194043527378,0.09417123481418649,0.1236254410534657,0.43194107367262685,0.27,9.0,0.39616151335156097,0.6582824885835199,0.3800006883687968,0.08194921196707265,0.21761410219722918,0.022222222222222223,0.06666666666666667,0.3859723738224542,0.8281261891276227,0.3281261891276228,0.048175895095583475,0.11141409741153988,0.11805555555555555,0.4375,0.1486111111111111,0.6888588259455793,0.9777777777777777,0.004270579620631376
final_quadratic_exponential_016,2.2653786488098486,13.075921812165245,0.20012505089962707,0.12754391474391474,0.11124134694218585,0.1106157653546572,0.3360618651032236,0.11,5.0,0.42944285831191503,0.7133483391550154,0.43859437531336265,0.14132975756213823,0.25326218575048376,0.0,0.022222222222222223,0.32206829454310143,0.8007510852886223,0.30075108528862216,0.014833789696170649,0.04029400282290759,0.04583333333333333,0.2222222222222222,0.04166666666666667,0.6921892934292818,0.8444444444444444,0.010911382205886277
final_quadratic_exponential_017,1.8864110199101052,7.482236448399147,0.12461655033483954,0.09249314529314528,0.04032085883867286,0.06773753860062379,0.38620521124412044,0.13,5.0,0.4068968005117129,0.714196090523802,0.4692485226651474,0.1360413436589954,0.32238078782910085,0.011111111111111112,0.011111111111111112,0.2941026663302755,0.8298273615585805,0.32982736155858056,0.016604014041224913,0.04996442422651853,0.05972222222222222,0.0763888888888889,0.03888888888888889,0.7112319269663498,0.9111111111111111,0.001663963498943155
final_quadratic_exponential_018,4.5847293033315335,72.70565049256975,0.1938953208220863,0.10169315395982063,0.07049699816879487,0.08086659975080511,0.37825851061224536,0.22,6.0,0.4007699842468948,0.6398620031062635,0.381651509344801,0.11881890971463983,0.22037276045057008,0.022222222222222223,0.044444444444444446,0.3627598818589632,0.8228447124922366,0.3228447124922363,0.03030276889289979,0.07968509980027937,0.09444444444444446,0.19444444444444445,0.07777777777777779,0.6686460175517168,1.0,-0.0008193884791817263
final_quadratic_exponential_019,3.4422637419219404,54.75389766015432,0.13030296823245482,0.08248391421724756,0.056998744309289265,0.0736947162068404,0.4389099947861337,0.15,8.0,0.39596396262601125,0.7204643136742033,0.4685197480036457,0.1565632782953534,0.28332558881839187,0.011111111111111112,0.03333333333333333,0.30830075691237296,0.8323962579422959,0.3323962579422959,0.009563804442155306,0.03258306599275514,0.04722222222222223,0.09027777777777778,0.03333333333333333,0.6823579682650587,0.8444444444444444,-0.002317387979051011
final_quadratic_gaussian_000,1.7958924360373238,20.50695459972399,0.1691900210879241,0.09103578463578463,0.1493622883724331,0.1538630591740742,0.358080213225558,0.35,11.0,0.4671378814720106,0.5851358877316243,0.30960928804016696,0.06984705847471927,0.19192606186335182,0.044444444444444446,0.06666666666666667,0.4329024808653007,0.7944545584290942,0.294454558429094,0.048831809409558856,0.10036816812261043,0.1138888888888889,0.2638888888888889,0.14652777777777776,0.7420560543387863,0.8888888888888888,0.001319715794545595
final_quadratic_gaussian_001,0.3305704795963526,1.6118641966446063,0.08675727153223207,0.07546165919499252,0.012033094958673154,0.04694237100726441,0.3597470631672362,0.12,5.0,0.5578290282338578,0.636277526722575,0.2933839689413358,0.09563062411500536,0.16265434139109164,0.011111111111111112,0.022222222222222223,0.3984888042729871,0.7036597197399105,0.20365971973991054,0.023141375879873773,0.051271361552309755,0.0625,0.0763888888888889,0.04236111111111111,0.7797700169845826,0.8888888888888888,0.0026290708164876664
final_quadratic_gaussian_002,0.3989979467813998,0.46106958159598,0.2023758953660099,0.1786132903466237,0.05680090304555495,0.07540227785177096,0.28501557942117245,0.13,5.0,0.5299043505644099,0.6618834483077024,0.34617213738384145,0.16366939206237668,0.2602665489988396,0.011111111111111112,0.05555555555555555,0.37923098175009184,0.7417177775138982,0.2417177775138984,0.016043789745516852,0.039742464448526915,0.05277777777777778,0.20833333333333334,0.048611111111111105,0.7643480310046855,0.8444444444444444,0.02610447229035473
final_quadratic_gaussian_003,0.2729328679079102,0.6417619290409443,0.10754873580506735,0.10050274236940902,0.019955949543460375,0.07782195252237366,0.408158168972687,0.13,4.0,0.30977222725298886,0.7674734973970481,0.5654718290736127,0.18588175803172136,0.4662678416716045,0.011111111111111112,0.03333333333333333,0.23979817272135306,0.882809190787322,0.3828091907873221,0.005198101325977563,0.01130952380952381,0.016666666666666666,0.04861111111111111,0.015972222222222224,0.781767295731954,0.9111111111111111,0.0028676601181143457
final_quadratic_gaussian_004,0.6634348999484432,2.4575543935067694,0.2596478409882789,0.20895898522565198,0.05374410032593639,0.07964683805793124,0.4176215516251668,0.31,11.0,0.4842709649334645,0.599551311363718,0.30451821417933406,0.08951886070257929,0.160361197002677,0.011111111111111112,0.03333333333333333,0.42665398697804136,0.7746291509788937,0.2746291509788935,0.04759817597888104,0.09522868610902425,0.11388888888888889,0.5555555555555556,0.1916666666666667,0.7447870368412552,0.9111111111111111,0.023725641438598233
final_quadratic_gaussian_005,0.2706569754158864,0.8159940104545449,0.14408430303261052,0.1297333820000487,0.05529308969076895,0.07820347895297824,0.3063766753818225,0.18,8.0,0.36578868753863936,0.7192449627653408,0.4758098767712814,0.11930527228065654,0.23002682111046743,0.0,0.044444444444444446,0.30323871487627907,0.8561359339408562,0.3561359339408562,0.009362448367483508,0.028402499502023316,0.03333333333333334,0.10416666666666667,0.03680555555555556,0.7738544574660065,0.8888888888888888,0.010018905347423113
final_quadratic_gaussian_006,0.25700817249368535,0.41310133271680716,0.06248010943098414,0.0654653857320524,-0.0029140747777680063,0.04575523654074022,0.4461463870073467,0.19,9.0,0.573300144423534,0.575089244372916,0.23226830740857823,0.04783650820034074,0.09301167105635448,0.022222222222222223,0.12222222222222222,0.41679456002283716,0.6963922570700741,0.19639225707007413,0.05056274804352023,0.10306963639864353,0.11527777777777777,0.24305555555555555,0.09444444444444446,0.7943988721339166,0.8888888888888888,-0.00012750866982202957
final_quadratic_gaussian_007,2.6451112320336265,43.985500837185555,0.15466201569443866,0.10449567116233784,0.0693756109025524,0.10123655524070407,0.3580117492449663,0.27,10.0,0.5534691061615995,0.5749044964338964,0.24579209742471803,0.06415507955912023,0.12180372473576466,0.03333333333333333,0.07777777777777778,0.42928439495433807,0.7174254051478353,0.2174254051478352,0.06244856319021992,0.1268923452900626,0.13055555555555556,0.375,0.15069444444444446,0.7281176803233733,0.9333333333333333,0.005953958000950776
final_quadratic_gaussian_008,0.6074421292580998,2.0798431435036355,0.14552803825172375,0.14478333411666747,0.0191101379632187,0.033344188842670264,0.27340354034977243,0.18,7.0,0.44800256984296166,0.6831332000585778,0.411658249787664,0.1547474860255704,0.2890080003605595,0.0,0.0,0.3474386367422661,0.8061648012334798,0.30616480123347983,0.022090844250764356,0.044722222222222226,0.04305555555555555,0.16666666666666666,0.053472222222222233,0.7676966693336336,0.8222222222222222,0.011312044180838199
final_quadratic_gaussian_009,0.5470718435155818,1.8435116121281765,0.17748924999284768,0.1324337279003946,0.05742216717289549,0.08194192591133785,0.2873955952605462,0.15,6.0,0.45048042053901843,0.6855067123131177,0.386942590267552,0.08790310251060025,0.25945385558443124,0.03333333333333333,0.07777777777777778,0.3654936499503532,0.7854980590357428,0.2854980590357426,0.008633207618970727,0.023423659318799982,0.048611111111111105,0.1597222222222222,0.04444444444444444,0.7632684791125568,0.9111111111111111,0.011937484467890114
final_quadratic_gaussian_010,0.38642063486747474,1.0217079433940437,0.15138172394573576,0.13546041386041388,0.03203829766732902,0.0712330489671442,0.4375007771115915,0.2,7.0,0.4849122193240788,0.6439838517686152,0.3358868860129748,0.09616299188932152,0.19210682108603389,0.044444444444444446,0.05555555555555555,0.3884779609583014,0.7684633472991906,0.2684633472991908,0.020903449745301974,0.04472270708767254,0.08194444444444446,0.24305555555555555,0.07499999999999998,0.7733275901125766,0.8,0.008125657785647222
final_quadratic_gaussian_011,0.5507832312027474,3.651507210359658,0.16270311699078693,0.14416471696471692,0.025569167314030444,0.06507257978000722,0.27984272758868306,0.23,9.0,0.44275366389949056,0.6593947051971888,0.3767211239481392,0.14526726457825292,0.23116417092158387,0.0,0.03333333333333333,0.3769793959894321,0.8076888127386693,0.3076888127386693,0.018226771441214044,0.04204456655999328,0.04722222222222223,0.16666666666666666,0.05833333333333333,0.7667967297810837,0.9333333333333333,0.00747201068424308
final_quadratic_gaussian_012,0.5518558838671843,1.2794234488749943,0.24442896419307042,0.20819164312497646,0.05258270927693935,0.07130589495248027,0.2791277507999139,0.25,7.0,0.511499716719312,0.6153073924021929,0.28332189200291263,0.08189483695014818,0.133443927181282,0.03333333333333333,0.06666666666666667,0.427536879816309,0.7400070406751316,0.2400070406751316,0.030139033318928917,0.06130479871901838,0.09722222222222224,0.1736111111111111,0.08888888888888889,0.7490646965190663,0.9333333333333333,0.029203713169197343
final_quadratic_gaussian_013,0.22937021630209156,0.4594772022313126,0.10800263085840987,0.10073994180660849,0.030048170824130017,0.036488707212204555,0.16537278555233978,0.06,2.0,0.4265521695264465,0.721018345455883,0.49776364762104675,0.2406640416828462,0.4383642448881149,0.0,0.022222222222222223,0.25444112919607426,0.824207182722962,0.3242071827229619,0.005835073248299575,0.018552474265885167,0.03194444444444444,0.041666666666666664,0.020138888888888887,0.7868529824544858,0.6444444444444445,0.006708604432108856
final_quadratic_gaussian_014,0.751326061126553,4.282781382840112,0.1223391404386014,0.1142832865499532,0.04680220370961746,0.07192530029457413,0.4011110401712595,0.21,8.0,0.3859311255540361,0.7032802539007975,0.4252012627814734,0.07515888733189796,0.24025836311758542,0.03333333333333333,0.06666666666666667,0.342659043980747,0.8305846242651655,0.3305846242651655,0.01870545540890088,0.06120080857195955,0.07916666666666666,0.1388888888888889,0.06874999999999999,0.7634674931547125,0.9333333333333333,0.002955608762076123
final_quadratic_gaussian_015,1.0199745352138339,6.920507140506483,0.2099232827858109,0.1578568175901509,0.0820446723730199,0.10702878559598192,0.36732650680844764,0.23,7.0,0.44742777602608386,0.634090252738851,0.34222153926547494,0.07433464518086631,0.20800723663307796,0.03333333333333333,0.05555555555555555,0.4000271355693464,0.7909417285788263,0.29094172857882616,0.01684307540520949,0.044683943804072056,0.08055555555555557,0.13194444444444445,0.07430555555555554,0.7366545129756179,0.9111111111111111,0.015040499565209808
final_quadratic_gaussian_016,0.7106692595946758,2.8340394170243424,0.19586263528127382,0.17105463078796412,0.04498354953430686,0.06951785095761986,0.26004174167756366,0.19,6.0,0.4882080163948531,0.6304354293854306,0.3188971121044726,0.06955781063045338,0.1582481984228262,0.03333333333333333,0.06666666666666667,0.37944340270660337,0.7547910475797565,0.25479104757975635,0.046421024637591804,0.11398921768577645,0.13611111111111113,0.18055555555555555,0.09652777777777778,0.7521180793073794,0.9333333333333333,0.01782544832517685
final_quadratic_gaussian_017,0.28473308074751247,0.5271951532666661,0.09507818700060175,0.08823552210218877,0.006729855675286344,0.042976624257967125,0.241031871759488,0.13,5.0,0.4501683211845149,0.7080390566772947,0.4476060337130099,0.18291107802312623,0.36927292171484916,0.022222222222222223,0.022222222222222223,0.31262249876983245,0.8092772951502302,0.30927729515023017,0.008530956390246048,0.02700543842766745,0.034722222222222224,0.0763888888888889,0.026388888888888885,0.7848774575457003,0.9111111111111111,0.0033983992428155974
final_quadratic_gaussian_018,0.28248247744729355,0.671954149528813,0.08536053597650577,0.0867272208605542,0.0009358445741935997,0.03499823385586653,0.3902880285578132,0.13,5.0,0.49143631357000406,0.6936760036274547,0.39900342020146207,0.1404238410831391,0.28213522786003203,0.011111111111111112,0.022222222222222223,0.35086093403300395,0.7744508643078828,0.2744508643078826,0.021443311526811025,0.05213615023474179,0.04583333333333332,0.08333333333333333,0.03888888888888889,0.7866148687339476,0.8444444444444444,0.001773248769339042
final_quadratic_gaussian_019,1.13119186977407,15.055026423137159,0.1685356714648921,0.15253059493059495,0.03277460454885696,0.059765482728659614,0.27215504223738896,0.19,8.0,0.4514413988334994,0.6773063793836561,0.3876311709716157,0.08919427543081851,0.21467720842199411,0.011111111111111112,0.03333333333333333,0.3580251699441466,0.7986710165941708,0.2986710165941709,0.026584150347040255,0.0674824770920698,0.08055555555555556,0.16666666666666666,0.07152777777777777,0.7492241143078561,1.0,0.013734798548573846
final_quadratic_student_t3_000,2.603018384297174,45.87306417831746,0.08168511027181581,0.06275214275214275,0.06930790363371747,0.03837802234563494,0.48761732276981756,0.09,5.0,0.4687349711635239,0.7086085773374131,0.4348247987091494,0.18365625830339016,0.31319277200101914,0.011111111111111112,0.03333333333333333,0.3153087721275169,0.7828529057607736,0.2828529057607735,0.012444756634429949,0.030892018779342723,0.03333333333333334,0.0763888888888889,0.025,0.6153941342517946,0.7555555555555555,-0.0020605140710413528
final_quadratic_student_t3_001,2.5271760089901547,42.12557646379418,0.07812923739451386,0.07345741559074893,-0.005421027077113351,-0.0051251319576687965,0.3322389405603922,0.11,4.0,0.3139030647820054,0.7863168229732562,0.5883275389389582,0.18959728681475113,0.5404175283893817,0.0,0.011111111111111112,0.23847186986636706,0.8837637265183568,0.3837637265183567,0.0026880042878033535,0.01265705343170132,0.01944444444444444,0.034722222222222224,0.01388888888888889,0.6228508444523009,0.8666666666666667,-0.0001475943520788947
final_quadratic_student_t3_002,7.153463784920819,174.221337298123,0.19936620792247273,0.03799328679328679,0.09018660225837746,0.07376060198668147,0.18857730838798095,0.13,8.0,0.4946565533634955,0.663822049864169,0.37510579136626077,0.1475504034389241,0.26387500426063276,0.011111111111111112,0.022222222222222223,0.3433479951701239,0.7656708094186981,0.26567080941869825,0.03589050629470533,0.0914442208808406,0.1,0.4166666666666667,0.09583333333333335,0.5490150069322516,0.7111111111111111,-0.01581309660220609
final_quadratic_student_t3_003,4.354785146742502,74.86834941956639,0.26104660791912454,0.0641222270555604,-0.005283979252289631,-0.11013554363306274,0.41369686673674866,0.12,6.0,0.25838304434212245,0.7854048462341398,0.591593483464675,0.16231521442528077,0.43911079923206586,0.0,0.011111111111111112,0.2292525090923344,0.8929183509280659,0.392918350928066,0.0050225291819357195,0.017025025972830447,0.022222222222222223,0.1527777777777778,0.032638888888888884,0.5675657645915815,0.9111111111111111,-0.006128718711790659
final_quadratic_student_t3_004,6.767754369062781,140.02337259818538,0.1845010249457522,0.06676439876439877,-0.015861167425958753,-1.0589448452934522,0.41900485002587234,0.09,4.0,0.3926217045420247,0.7486705041618786,0.49900065373542846,0.17784591993784793,0.32768259809620215,0.011111111111111112,0.022222222222222223,0.286255246403797,0.8223719669872742,0.3223719669872744,0.016155564694513874,0.04547638773819386,0.05416666666666666,0.1111111111111111,0.03263888888888889,0.5531565439623499,0.9555555555555556,-0.005171212639785705
final_quadratic_student_t3_005,5.796095804569363,119.37409499623436,0.09352885466176875,0.0438375739709073,0.05331370366690111,0.017365673467803305,0.2939958084735555,0.13,5.0,0.49450660031354143,0.6759675508246599,0.3801330267274797,0.1539944212885488,0.2729143426848535,0.022222222222222223,0.044444444444444446,0.3491372962591765,0.7662883856702946,0.2662883856702945,0.020474683663661036,0.043351532001234934,0.05138888888888889,0.125,0.04236111111111111,0.5688755127186726,0.8666666666666667,-0.001711222919239419
final_quadratic_student_t3_006,3.9781892594975234,73.96725759526014,0.1540164460932907,0.09379533619533621,0.08157580782887408,0.07685440152181597,0.44768785691146984,0.13,6.0,0.3823553960993315,0.7365428221808166,0.47840293429076275,0.16076579768281477,0.2873485857772396,0.011111111111111112,0.011111111111111112,0.31225287798940904,0.8308877632920997,0.3308877632920996,0.028955105790573272,0.07061049874123972,0.07222222222222222,0.1527777777777778,0.06180555555555556,0.6051065393193359,0.9333333333333333,-0.00015543984589816429
final_quadratic_student_t3_007,5.878017427709284,119.84520261830194,0.11107452526540855,0.060719096452429795,0.0674894975660365,0.030308654096199518,0.2874936740928654,0.16,5.0,0.41099304855988694,0.7083567318052822,0.47246361120960206,0.18956407287646554,0.4110229622999714,0.022222222222222223,0.022222222222222223,0.29370741444252335,0.8410193887783546,0.34101938877835464,0.006586076307765804,0.024436602565092173,0.03888888888888888,0.06944444444444445,0.034722222222222224,0.589115723962989,0.9333333333333333,-0.005719474484691123
final_quadratic_student_t3_008,7.601703161135593,183.84246073747664,0.15620824762249902,0.04495273908607242,0.13673141371710185,0.13190117563195256,0.2547516303117604,0.1,6.0,0.44196691207374283,0.6537916976643018,0.39269049888916235,0.07187589642654445,0.20857475516451995,0.044444444444444446,0.07777777777777778,0.29055464576407236,0.7930386084120653,0.2930386084120651,0.018081738929238863,0.049982983208054305,0.07222222222222222,0.2152777777777778,0.05555555555555556,0.5726653786372147,0.7333333333333333,-0.01367922440039493
final_quadratic_student_t3_009,6.325164648233587,133.24409317399665,0.09675405403983943,0.040653823320489994,0.039675089141010186,0.07860685356592227,0.37375466103068017,0.09,3.0,0.37418621513039757,0.7394716258580061,0.5002128546718552,0.15925131582981564,0.32538407207875947,0.022222222222222223,0.03333333333333333,0.2779006878520731,0.8347482868743096,0.3347482868743095,0.007830148108341655,0.025851580388669894,0.044444444444444446,0.0625,0.02847222222222222,0.5774893686492144,0.8444444444444444,-0.006397540619588971
final_quadratic_student_t3_010,3.243457075254132,73.89087528635802,0.09531503690577059,0.06797992957992958,0.027415012044685043,-0.007252993450201572,0.358012379083514,0.1,5.0,0.35373256463855984,0.7871853791623528,0.5784023813358699,0.20344335278005554,0.5484292436455308,0.011111111111111112,0.022222222222222223,0.24456094709714044,0.8683523678663632,0.3683523678663632,0.007472834041985894,0.021229624121540842,0.0375,0.0763888888888889,0.022916666666666665,0.6026338642673053,0.8222222222222222,0.001046811997406305
final_quadratic_student_t3_011,4.9952872015643655,96.3907960238256,0.1219410185783938,0.07045425023592058,0.1000030463639445,0.11411278966052525,0.4721739973844075,0.18,6.0,0.39011834335606954,0.6983783037812928,0.457457727127132,0.1355751201517293,0.28807965240833056,0.022222222222222223,0.022222222222222223,0.30722513015779335,0.8417836043770713,0.3417836043770713,0.020335074033318738,0.04154264461449001,0.04722222222222222,0.11805555555555555,0.04583333333333334,0.5874893929184745,0.9333333333333333,-0.003393856033651388
final_quadratic_student_t3_012,1.814562896067045,33.217249357911655,0.045242751896174174,0.055113725247058584,-0.004119726842438857,0.016204263132085468,0.398020571084787,0.12,6.0,0.49139840376342103,0.6322567497922613,0.3453182890491536,0.14269274529425627,0.21523039373007796,0.022222222222222223,0.05555555555555555,0.34139889028184456,0.7570600379568629,0.257060037956863,0.011229323028300773,0.03306900378489588,0.043055555555555555,0.06944444444444445,0.03125,0.6501479178219882,0.7777777777777778,0.00032917470413929006
final_quadratic_student_t3_013,3.9780869262356147,59.228002702412994,0.13382684989307655,0.051612681479348145,0.13358983241378597,0.0526561414233407,0.39360366074388975,0.1,5.0,0.3901642999220703,0.7311741325127712,0.49046690773356144,0.143780591344104,0.31822508519436804,0.0,0.03333333333333333,0.2782055456152075,0.8342050972254116,0.33420509722541164,0.023956967574829978,0.06870668455175497,0.07222222222222222,0.09027777777777778,0.043055555555555555,0.593760949689248,0.8,-0.0026283330343116473
final_quadratic_student_t3_014,5.567354841884532,113.37517182491383,0.20992494996994446,0.06270814324147658,0.12059694103471796,0.0807076310461515,0.37925474286500754,0.1,5.0,0.35752303922925066,0.7497573502546242,0.5065431235543691,0.13099308942592336,0.3603685729519197,0.0,0.03333333333333333,0.28889593086265497,0.8502052084323567,0.3502052084323568,0.013731019936930187,0.03797116029510396,0.043055555555555555,0.13194444444444445,0.034027777777777775,0.5736754904057049,0.9333333333333333,-0.009329176495102898
final_quadratic_student_t3_015,3.0300222713809446,54.8336592804726,0.10314011437177963,0.05461825968492637,0.07904383202578419,-0.0651144261627951,0.47018086782113255,0.2,7.0,0.4409409157422826,0.6726740291069195,0.3812880207695093,0.10509223694269931,0.2537213969495143,0.022222222222222223,0.06666666666666667,0.3728033821008518,0.7944500629444622,0.29445006294446224,0.03785390738678068,0.07286346270844818,0.07222222222222222,0.11805555555555555,0.07291666666666666,0.5804514386474874,0.8,-0.0010708624540827216
final_quadratic_student_t3_016,3.8119367891190707,80.43879173110857,0.10128212176596468,0.07898171364838032,0.12219720322465663,0.05227669190212101,0.458860860284025,0.08,3.0,0.35360430377703794,0.7855646934973463,0.5734601557853618,0.20939508303782292,0.4678235680638853,0.011111111111111112,0.044444444444444446,0.24042576368889915,0.8534370240048716,0.3534370240048717,0.0077880382646470766,0.024027012315438526,0.029166666666666667,0.06944444444444445,0.022222222222222227,0.597602115591984,0.7111111111111111,0.0022357030028197222
final_quadratic_student_t3_017,1.9448040947774856,22.695790744254065,0.11366294208880755,0.10942403129069797,0.053445672825971124,0.08218567225270482,0.3765099621440542,0.1,4.0,0.3292225532566762,0.7911476565291,0.5783461651548427,0.1782659995767384,0.49337374017375346,0.0,0.011111111111111112,0.24877572156404062,0.8721046092618088,0.37210460926180877,0.00354342809388369,0.0111697965571205,0.0125,0.05555555555555555,0.013194444444444444,0.637371510334314,0.8888888888888888,0.0035042689620730094
final_quadratic_student_t3_018,4.510169459092181,80.20556037061961,0.15468066775001094,0.05468516268516268,0.0691274305450876,-0.07897789085392276,0.3955766464216236,0.12,5.0,0.41048111319588126,0.7509835792496157,0.4884501472140515,0.18726055548968507,0.2935147081410456,0.011111111111111112,0.022222222222222223,0.30298499449361255,0.8148440564033151,0.31484405640331525,0.02021132682388696,0.04406613594611145,0.054166666666666675,0.11805555555555555,0.043055555555555555,0.5802395036319897,0.8888888888888888,-0.005453378276749521
final_quadratic_student_t3_019,1.6844805721777032,20.975546182859915,0.15586689764813363,0.1334669158669159,0.11395645617448208,-0.09623465190390142,0.37438547314725656,0.14,6.0,0.3657915801974979,0.7560435495520564,0.5011500263078971,0.15137778060349252,0.2363601192564887,0.011111111111111112,0.022222222222222223,0.3033444843194782,0.8417421575085023,0.3417421575085023,0.021254113602381528,0.049324279007377604,0.04444444444444444,0.13194444444444445,0.04652777777777778,0.6315597501641695,0.8888888888888888,0.008578197778130958
train_interaction_gaussian_000,0.08422902829381065,0.21873406716050542,0.18140636034304616,0.19035524875524873,0.015693400013817076,0.031479396231359015,0.14985829194351405,0.35,12.0,0.5866031252385491,0.5312609547899692,0.2053879900524372,0.08015658688236196,0.1359890277255319,0.022222222222222223,0.06666666666666667,0.48107443430606195,0.6990052529637186,0.19900525296371865,0.0625555934072429,0.10537820566145698,0.11944444444444446,0.5069444444444444,0.15694444444444447,0.7772079035148077,0.9555555555555556,0.02831240799114454
train_interaction_gaussian_001,0.13838108048084258,0.22959211589576625,0.16404953112681483,0.1709537754871088,0.018412110773102244,0.03191690482331854,0.12974706898279859,0.17,6.0,0.5168365224343581,0.6614148618544141,0.34439223350990256,0.11199569795778383,0.23335712818206572,0.011111111111111112,0.022222222222222223,0.3805926478284058,0.7555521845230879,0.25555218452308776,0.042375045041978435,0.08191231932658753,0.07638888888888888,0.13194444444444445,0.061805555555555544,0.7799158505821248,0.9777777777777777,0.027139377920640362
train_interaction_gaussian_002,0.10562501999930611,0.16516136875317441,0.1196723395236386,0.12446456153122819,0.0099633937742791,0.02412843701924582,0.11999543835191134,0.17,6.0,0.3556346186679269,0.6933693686948033,0.48099286558247123,0.153635541880391,0.3719490151701721,0.0,0.03333333333333333,0.27985830071366025,0.8700129615211503,0.37001296152115026,0.009596032727660958,0.03230224484159862,0.03194444444444445,0.08333333333333333,0.032638888888888884,0.7986396994371187,0.9111111111111111,0.005444695574585712
train_interaction_gaussian_003,0.15512224837451735,0.20079121900991467,0.3118902391020455,0.32354599207932544,0.030379356954318378,0.04011452851228896,0.11374863866350596,0.23,7.0,0.5676886970698666,0.5844144495414044,0.24953522863074348,0.11018516363314075,0.15107675986600483,0.022222222222222223,0.03333333333333333,0.42808227815060235,0.7090832400300167,0.2090832400300166,0.0658012336690133,0.11685036140584486,0.12777777777777777,0.1875,0.10138888888888889,0.7540420321657174,1.0,0.054548084062780444
train_interaction_gaussian_004,0.0871347882895873,0.19750476335085393,0.10255857704074371,0.10509273602606935,0.012075345204641458,0.028596429211596257,0.1323560975630515,0.1,6.0,0.5043892629392674,0.6986548507439336,0.4083119423842238,0.13968540187597744,0.2924040581229628,0.011111111111111112,0.011111111111111112,0.33166783837678376,0.7720165065707633,0.27201650657076326,0.012614609635233084,0.03279853031230864,0.03194444444444444,0.09027777777777778,0.02708333333333333,0.7998489394956757,0.8222222222222222,0.0008801620122309561
train_interaction_gaussian_005,0.14632467669638094,0.15363337083364,0.15060255690896848,0.15698234498234498,0.016343527139771483,0.035946469732773864,0.1936716391213981,0.19,7.0,0.5337714185872073,0.6260152502837134,0.3056554821302362,0.067855367219516,0.18908981795196683,0.022222222222222223,0.06666666666666667,0.3807427177621598,0.741082952629336,0.24108295262933588,0.03975364373871227,0.0850858719465758,0.09722222222222224,0.1527777777777778,0.07777777777777778,0.7846819382484469,0.9555555555555556,0.015401986395823353
train_interaction_gaussian_006,0.07083682993023147,0.10241437684705201,0.13249013844242608,0.13668221401554734,0.003440795533940045,0.010383956365313935,0.07032913135650466,0.16,8.0,0.516290384126221,0.6719424085539617,0.36041939017817676,0.10174256744074742,0.22475629719689927,0.022222222222222223,0.044444444444444446,0.36581095981347816,0.7595197445736815,0.2595197445736815,0.015883975696449736,0.041680517889948386,0.05277777777777778,0.06944444444444445,0.03958333333333333,0.7946378279893855,0.8,0.008168876988305818
train_interaction_gaussian_007,0.17120660144724464,0.24479622606453616,0.3533437778549479,0.3653142679809347,0.026885732888582307,0.03898628852561016,0.12754905130113242,0.16,5.0,0.4691382368063242,0.6767453000023708,0.3754990307217247,0.0708355506658003,0.23175309430788632,0.011111111111111112,0.07777777777777778,0.3623184283142647,0.7867385201236644,0.2867385201236642,0.029359970673373433,0.07272630272095859,0.08055555555555557,0.1111111111111111,0.0625,0.7394837640672708,0.9777777777777777,0.06508888070715169
train_interaction_gaussian_008,0.19613927937024903,0.31127986029640875,0.3721535689144593,0.38388807508807515,0.030270354601634193,0.05389787572103916,0.16630676916924506,0.25,11.0,0.4859855442399929,0.6323857118058308,0.3295839900784262,0.10436027046696786,0.20523994003950813,0.011111111111111112,0.05555555555555555,0.3953746348270971,0.7727626076623352,0.27276260766233523,0.04564310280798938,0.09897028211319923,0.08888888888888888,0.4930555555555556,0.13055555555555556,0.7376668575068708,0.9555555555555556,0.07419354230145614
train_interaction_gaussian_009,0.1494692333499354,0.17697740191014583,0.1453431414752065,0.15090017143350481,0.008187761385084433,0.02977437479565494,0.17937050128048296,0.22,9.0,0.562217773457389,0.601840791998191,0.263456842941391,0.07330553630253007,0.17815451624115497,0.044444444444444446,0.08888888888888889,0.42149491039273757,0.7176948903884688,0.21769489038846876,0.0346574020305946,0.05947676098411392,0.1,0.1388888888888889,0.07638888888888888,0.7887252501421758,0.8666666666666667,0.011887965059184546
train_interaction_laplace_000,0.22519347732962505,1.713463627571791,0.08645795867101769,0.09363925923925923,0.0021942824763846835,0.039961210567777794,0.21116336669259891,0.06,2.0,0.18016771013363295,0.7743231647636051,0.6765621337879391,0.607122403259762,0.7000581046963236,0.0,0.022222222222222223,0.12158391991006821,0.9480229570188933,0.4480229570188932,0.0006381250565139407,0.0056343617259110215,0.006944444444444445,0.013888888888888888,0.004861111111111111,0.7413130621903234,0.7333333333333333,0.0019007496918875821
train_interaction_laplace_001,0.16178043360715338,1.6786578421602294,0.14429669702667733,0.15075644995644996,0.04181605727454191,0.04520918524899811,0.14851770634564987,0.13,6.0,0.5070612402783141,0.6740822483615652,0.3792598251996781,0.17700868663511296,0.27781321385207935,0.022222222222222223,0.022222222222222223,0.3507677275334844,0.7628335095010443,0.2628335095010442,0.010517801321211624,0.025780557170816887,0.043055555555555555,0.09027777777777778,0.03611111111111111,0.7314139794516921,0.7555555555555555,0.010138916332485093
train_interaction_laplace_002,0.23188716583742403,1.6103260364061505,0.20348122351979453,0.22172343025676358,0.04018749914107278,0.05484307869086742,0.1895805959947258,0.15,5.0,0.5072551500148893,0.6411984292121112,0.3340472141151045,0.08339028546483021,0.1925063508031019,0.0,0.011111111111111112,0.3708928487591559,0.7565051525372439,0.25650515253724393,0.02334960482125553,0.06257773695311968,0.07222222222222222,0.2152777777777778,0.05486111111111112,0.7273101155551863,0.8444444444444444,0.026031972151920546
train_interaction_laplace_003,0.16046972239324445,1.9321050012164989,0.19510066190112163,0.21403433110099776,0.05674714808102279,0.06564213632625054,0.17158009728369955,0.15,6.0,0.4462607447109024,0.695494105153329,0.42212601191966004,0.11019282766764056,0.3013728592034876,0.03333333333333333,0.044444444444444446,0.32814092980198656,0.8037335759303643,0.3037335759303643,0.022476548520211737,0.05758540158255586,0.06388888888888888,0.13194444444444445,0.05416666666666666,0.7329664390806534,0.8222222222222222,0.022509662286210097
train_interaction_laplace_004,0.1644237392986972,1.677118360799445,0.14677429118833024,0.1632958576958577,0.05228439991864858,0.047942603886206844,0.10880324452555636,0.11,5.0,0.5527261704217346,0.6497946321948579,0.32738761271597777,0.12845350251697663,0.2572708731197193,0.03333333333333333,0.05555555555555555,0.3742748862934785,0.7253009749815904,0.22530097498159038,0.015266781434727775,0.034638290098648154,0.05694444444444444,0.125,0.0375,0.7298759604296666,0.8222222222222222,0.022453092925685536
train_interaction_laplace_005,0.13266528737852698,1.2511775838368486,0.17541068204358862,0.19622049968716632,0.05161391649368859,0.062021904606131675,0.20964067402991043,0.22,7.0,0.49045282712770405,0.6087799614070702,0.32607431062649717,0.13295103594956073,0.22199093224428973,0.022222222222222223,0.044444444444444446,0.3929450218068605,0.7776775248013057,0.2776775248013058,0.03209884897253946,0.06958338264883417,0.07222222222222222,0.3125,0.0736111111111111,0.7480108081051732,0.8666666666666667,0.01742858842542594
train_interaction_laplace_006,0.19033626472590268,1.4478051559371767,0.15819899080060656,0.1698554271887605,0.043764258763951916,0.06245907878921688,0.20988279895524048,0.08,3.0,0.3037150875375821,0.8180562360984416,0.636479560537065,0.1670553796008992,0.597279618745806,0.0,0.0,0.20525336587286522,0.8877866518773819,0.3877866518773817,0.00794255299127421,0.02654538341158059,0.030555555555555558,0.04861111111111111,0.019444444444444445,0.7385514712893188,0.8666666666666667,0.01849012976888864
train_interaction_laplace_007,0.21899122464758417,1.6597320112556826,0.20465607730698032,0.22850787304120637,0.04338571215031876,0.05269530323907325,0.21151954390932695,0.23,7.0,0.4904272948693485,0.6234428710972757,0.31449147471260613,0.05807481586118885,0.1617516606960816,0.044444444444444446,0.1,0.4022153538688305,0.7673701806956414,0.2673701806956415,0.03560501618802988,0.08443630373806063,0.1125,0.125,0.08541666666666667,0.7252880746547562,0.9555555555555556,0.031011640572474075
train_interaction_laplace_008,0.16478013488331344,1.859683967695767,0.13433741737022387,0.14459765659765664,0.026806130293652454,0.03367218427981151,0.18738569376001396,0.21,11.0,0.4635809710638525,0.660412423130476,0.36688110501777854,0.11121289392467196,0.22479561075018034,0.022222222222222223,0.06666666666666667,0.37344834722941206,0.790133545244234,0.290133545244234,0.03675415434174979,0.07870463595176322,0.07638888888888888,0.13194444444444445,0.07013888888888889,0.7315596500296774,0.9333333333333333,0.010572404083658338
train_interaction_laplace_009,0.2594870861900485,1.488028618407495,0.19244956882562486,0.2151097761764429,0.05116335978047227,0.0722214913898138,0.18846272276664605,0.09,4.0,0.3509215829808832,0.784298027304374,0.5589268487725891,0.20448529826564638,0.42298389920896345,0.0,0.022222222222222223,0.25626529586526836,0.846373300996151,0.3463733009961512,0.01254000682819988,0.02866834996909562,0.03333333333333333,0.14583333333333334,0.02708333333333333,0.7389073247126646,0.9111111111111111,0.026785886386594182
train_interaction_student_t3_000,0.827597260834613,8.907792204615113,0.18686640040841343,0.20422139062139066,0.07828529790624489,0.10529904795657774,0.2701486904005266,0.13,6.0,0.49591176630940687,0.6846765535745085,0.37892585359326886,0.1568537105867702,0.23728789855414706,0.0,0.011111111111111112,0.36363724398857233,0.7583585709063972,0.2583585709063972,0.009794178259864447,0.016905369414554967,0.02777777777777778,0.24305555555555555,0.04027777777777778,0.7021541646279279,0.7555555555555555,0.03069632254226673
train_interaction_student_t3_001,3.238063400455269,75.77336759658328,0.1653479396406733,0.2140013505346839,0.08163158204433435,0.10900874465138692,0.7170532676330457,0.13,4.0,0.457842002852307,0.7105683814171245,0.427954905956827,0.18450469468003716,0.28250502491001495,0.022222222222222223,0.03333333333333333,0.3365067138893526,0.7911479971196389,0.29114799711963885,0.017768715446534494,0.03575921856801508,0.05277777777777778,0.11805555555555555,0.03958333333333333,0.6759677076879161,0.9111111111111111,0.01522667958132018
train_interaction_student_t3_002,0.5952450116375155,8.008349090591171,0.18843783726912697,0.22588725788725791,0.07126174307472721,0.10052086244855836,0.26951307745710185,0.11,4.0,0.3926822121641002,0.7613355525092803,0.5167938693861056,0.1880545262824545,0.3952198691889159,0.011111111111111112,0.011111111111111112,0.2840513312842784,0.8352476440156127,0.3352476440156127,0.007640140776663325,0.026824303307769314,0.03194444444444445,0.09722222222222222,0.029166666666666664,0.6905431572326949,0.8,0.028615060601323794
train_interaction_student_t3_003,0.41425630579546524,7.704052424219926,0.19989114974701103,0.23696708683375356,0.06902818708995823,0.090552974917946,0.21092693026724418,0.1,4.0,0.4425915766633572,0.730234406407896,0.46201007297466873,0.1628364189109148,0.3197760595801268,0.0,0.044444444444444446,0.30514800152047966,0.8018896055596817,0.3018896055596817,0.015388049171103407,0.04504031434986732,0.061111111111111116,0.0763888888888889,0.03958333333333334,0.7005452534342923,0.8222222222222222,0.03546251920490329
train_interaction_student_t3_004,1.0772365041678484,14.535199514036677,0.19862363628681734,0.22923175027479942,0.0710522688917688,0.10570910676925108,0.3420505604107037,0.14,5.0,0.4457111559831129,0.6949104694935441,0.41403129803481165,0.10907530208560054,0.2637424241953603,0.022222222222222223,0.07777777777777778,0.33219937410713773,0.8008988601897591,0.30089886018975914,0.024616131289693838,0.06794785675281347,0.07638888888888888,0.08333333333333333,0.049305555555555554,0.6977665211788306,0.8888888888888888,0.020925416063964808
train_interaction_student_t3_005,0.7580360205378336,13.614614166585454,0.20909361889260475,0.24760624663388112,0.06877776747340303,0.08956926143893143,0.2373185556401643,0.15,6.0,0.388547604083096,0.7140845430042291,0.4530950780059434,0.12608790650308876,0.24148820231235693,0.022222222222222223,0.022222222222222223,0.31519501099614783,0.8273112649853576,0.3273112649853578,0.016519227656647314,0.03982231553572644,0.04583333333333333,0.2361111111111111,0.050694444444444445,0.6860911197183541,0.8888888888888888,0.027615197086091836
train_interaction_student_t3_006,1.1956450670842602,15.148755232842722,0.10824718827508319,0.12850313756980425,0.026540839280670733,0.036022904722239464,0.19676152045258138,0.11,4.0,0.46293380963970965,0.7291255191160622,0.4542803894880213,0.19639412785429997,0.34207224531860164,0.0,0.0,0.3237699173505044,0.7925208183880834,0.29252081838808336,0.012820170088990723,0.03214285714285714,0.03333333333333333,0.08333333333333333,0.020833333333333332,0.7031491546953005,0.9111111111111111,0.0057148786830810705
train_interaction_student_t3_007,0.5057493753492139,12.118848335883147,0.19228547871531135,0.23761961743612206,0.0452356319696081,0.08365563405475082,0.2785743017431333,0.19,7.0,0.47508027428359173,0.6649470514892184,0.36659855788975565,0.09854478550980475,0.24226022245834122,0.0,0.044444444444444446,0.37460559533636023,0.7841844226813794,0.2841844226813794,0.022216528951665402,0.06550053946869624,0.075,0.1388888888888889,0.06180555555555556,0.7030073408769694,0.9111111111111111,0.025809083271097877
train_interaction_student_t3_008,4.798276529341342,115.58062167702795,0.13213344987273107,0.15245826045826047,0.07116111611892083,0.08981370853033491,0.19821251280074026,0.11,6.0,0.4702508747170642,0.6845360041962529,0.4074109678444634,0.16989970855306621,0.31163520361923275,0.011111111111111112,0.03333333333333333,0.3233383091395618,0.7801901821011837,0.2801901821011838,0.009331808881043601,0.024287463913918294,0.03888888888888889,0.1736111111111111,0.04027777777777777,0.6366633268786822,0.6222222222222222,0.027335616306173982
train_interaction_student_t3_009,1.3786583344161878,24.606220021521786,0.14165299993115946,0.17662902916236248,0.053817515791990116,0.06646108085220262,0.39073222041255723,0.09,4.0,0.38112882344758414,0.7411771334468235,0.5089094455443021,0.1601553213979363,0.35557182635521567,0.0,0.0,0.2628358592673573,0.832691092278366,0.33269109227836585,0.016092600679881372,0.051923764811088756,0.05694444444444444,0.11805555555555555,0.03958333333333334,0.6583486843762963,0.8222222222222222,0.021316349275054547
train_interaction_student_t8_000,0.09493817004517495,0.7818884601611289,0.18386569777580503,0.19585297211963876,0.01558836488906262,0.026278282455995266,0.09615441455929612,0.08,4.0,0.4923411039409401,0.7182242218790724,0.4377496370427225,0.1785851279810985,0.32321981018790846,0.011111111111111112,0.011111111111111112,0.31635713886809097,0.7739588630383055,0.27395886303830563,0.010666736377462875,0.02400570087189806,0.034722222222222224,0.125,0.029861111111111116,0.7511979684503793,0.6888888888888889,0.02900316477522913
train_interaction_student_t8_001,0.1907276566454738,0.6652179239811744,0.2255962380450997,0.2372884012884013,0.03319611638816543,0.0441206158940842,0.13755074036996567,0.24,10.0,0.5578905163029019,0.5660240235607868,0.23932619433723232,0.07076481864866539,0.15342669066708814,0.011111111111111112,0.05555555555555555,0.4470476981438823,0.7125803354110003,0.21258033541100044,0.06569345946615163,0.11240146583449251,0.12638888888888888,0.3958333333333333,0.1326388888888889,0.7613137858892763,0.9555555555555556,0.025560883884339414
train_interaction_student_t8_002,0.1939161630684661,0.4856505821975691,0.31866417269915615,0.34600258253591587,0.06369736000045452,0.07987233145692359,0.1493700981001522,0.16,7.0,0.39918141024518455,0.693207482428278,0.4450653152682096,0.19592561954387122,0.2626428717345656,0.011111111111111112,0.011111111111111112,0.3262328017600626,0.829692394440062,0.329692394440062,0.009358061138965803,0.028251173708920184,0.037500000000000006,0.22916666666666666,0.04583333333333333,0.7467271506634693,0.8888888888888888,0.05276677706557009
train_interaction_student_t8_003,0.18449823658748019,0.9731416871356965,0.12698728852018262,0.13785046611713278,0.0172802501492902,0.031542982180112714,0.11285412353260303,0.25,12.0,0.5509329419213131,0.5900992392292592,0.26942157282083345,0.10972854910522886,0.18783844239403963,0.011111111111111112,0.03333333333333333,0.43273012378517195,0.7324593907016707,0.2324593907016708,0.03718382652331021,0.06221780878727674,0.05416666666666666,0.5208333333333334,0.10416666666666666,0.7625162937667354,0.9333333333333333,0.017838266656533874
train_interaction_student_t8_004,0.09131548194173214,0.5814864805176962,0.1854404676670845,0.19313959713959714,0.01117183796340422,0.023433995064768978,0.12169822049486262,0.13,6.0,0.4781823153113229,0.6767737980707758,0.3940129274166347,0.1668523044310834,0.24671651887639984,0.022222222222222223,0.05555555555555555,0.3418617748951336,0.7873040950414812,0.2873040950414812,0.012670958647238884,0.030178676705378236,0.05,0.09027777777777778,0.035416666666666666,0.7587329087682009,0.9111111111111111,0.02943207763432909
train_interaction_student_t8_005,0.2091473075258179,0.5534389097509876,0.2272924602694854,0.2391423612756947,0.04904101644934877,0.06175116097482878,0.18135520307858966,0.1,4.0,0.32776303714333277,0.7952830933937822,0.5886948046192679,0.16310178387916857,0.492185458518555,0.011111111111111112,0.011111111111111112,0.23626184253378352,0.8687999053219889,0.368799905321989,0.003391216858686804,0.016804158283031525,0.02777777777777778,0.0763888888888889,0.015972222222222224,0.75983572895076,0.8666666666666667,0.03313384645588202
train_interaction_student_t8_006,0.24300207239378996,0.9110608759089622,0.12312360411509936,0.13056290816290814,0.01779448939726768,0.04535274828595117,0.22973056910685855,0.09,4.0,0.38435636877337453,0.7617870395053435,0.5400939520176222,0.18551021390459344,0.4924135776253997,0.011111111111111112,0.022222222222222223,0.25310574562300603,0.8484802646266489,0.34848026462664894,0.0060570736993115415,0.015415269394142636,0.02638888888888889,0.06944444444444445,0.017361111111111112,0.7643446123801149,0.8222222222222222,0.013579081128713533
train_interaction_student_t8_007,0.21115617997582592,1.1962054298979221,0.17009044868670425,0.17980868007534676,0.020374698434458674,0.02422131378773295,0.06878858906896902,0.19,7.0,0.5140737647477855,0.6311926475135748,0.3114450665561738,0.08091504399560488,0.16920108054319793,0.03333333333333333,0.06666666666666667,0.3989411366151391,0.7536041477380846,0.2536041477380846,0.05472289746616226,0.12027673520000885,0.13194444444444442,0.1875,0.09375,0.7584525748022186,1.0,0.02008415682819742
train_interaction_student_t8_008,0.12644746463310458,0.936835315052137,0.11819238521781542,0.1254675065341732,0.005520519275191026,0.01929909141220961,0.12664900770093337,0.15,4.0,0.5273378328796962,0.6206536903014883,0.3125436262315652,0.08701344533766463,0.18652204877753567,0.011111111111111112,0.05555555555555555,0.37052106782575994,0.7443254154009762,0.2443254154009761,0.03602048453379462,0.07301117473713573,0.08055555555555556,0.10416666666666667,0.055555555555555546,0.7757467645221674,0.9777777777777777,0.0009678677069583363
train_interaction_student_t8_009,0.1720916064122617,1.382216821961705,0.28023682499852415,0.2995589283589284,0.027313185459540097,0.04225870322946718,0.1299642567595087,0.1,5.0,0.3466115541565518,0.7800352263065994,0.5472856216404096,0.1806745173039128,0.3560852267747474,0.011111111111111112,0.011111111111111112,0.2701134399625497,0.8559086659417727,0.3559086659417727,0.014549601557331267,0.0428675434248,0.05277777777777778,0.2222222222222222,0.04722222222222223,0.7516321485897606,0.9111111111111111,0.041273426165583604
train_linear_gaussian_000,0.05890598028659079,0.20148241630746697,0.2958841179688011,0.28572593479260155,-0.007487715915334792,-0.00916803945428676,-0.0015211313998975678,0.38,11.0,0.5553743158119862,0.5241865907497268,0.22036074404439512,0.07266292945050808,0.13305822788343197,0.03333333333333333,0.08888888888888889,0.4871884412484554,0.7167848586549229,0.21678485865492295,0.0778610667654114,0.13401964301794195,0.1611111111111111,0.6041666666666666,0.20069444444444445,0.7595646838355791,0.9555555555555556,0.04030612544764134
train_linear_gaussian_001,0.05712180579831207,0.14593268670908496,0.18344294899016156,0.17730951890951893,-0.006546438694522407,-0.008204419626365094,0.002896808687580555,0.19,7.0,0.5539945745469909,0.6371641255660441,0.29592922969337526,0.036296152822743746,0.210594806190523,0.07777777777777778,0.1111111111111111,0.4111775084235285,0.7287571360676128,0.2287571360676128,0.03351545006891478,0.06449700537985932,0.09722222222222221,0.2986111111111111,0.08472222222222223,0.7690136805911195,0.8666666666666667,0.027961740668713264
train_linear_gaussian_002,0.0396492963753972,0.08491140849368599,0.31148680133093315,0.3001314251980919,-0.0075523940280413735,-0.008831583147951625,0.0007265508691055979,0.34,11.0,0.564574130596432,0.5421843642941909,0.2198596409873521,0.0512435079353518,0.1163082429399431,0.044444444444444446,0.1,0.4647139317839088,0.7107811201220142,0.21078112012201417,0.09269942162225485,0.1440146667032535,0.15972222222222224,0.4722222222222222,0.1923611111111111,0.7477636445265218,0.9555555555555556,0.04663316525655836
train_linear_gaussian_003,0.07358725223795862,0.14290605490722563,0.2677332928990986,0.2584308498975166,-0.014632238959352038,-0.01421988121086785,0.001507922281373742,0.23,10.0,0.5170738996945747,0.6105325193251753,0.291948154411524,0.08154820967779139,0.14651501594084926,0.022222222222222223,0.06666666666666667,0.4048414827500256,0.7484332614316762,0.24843326143167618,0.04046940347887768,0.0843239570762164,0.10416666666666666,0.2013888888888889,0.0875,0.7558257604398224,0.9777777777777777,0.04189116751197841
train_linear_gaussian_004,0.031010808980008398,0.15270736982128655,0.3017995115063399,0.297091249624583,-0.0088565932754417,-0.008937295925853066,0.0096827840255861,0.11,7.0,0.31068019378913153,0.793986619613755,0.587423272805852,0.19123270488473626,0.4955914061025338,0.0,0.011111111111111112,0.2441940394449186,0.8747790209976916,0.37477902099769156,0.010065453779381027,0.030871339145987033,0.037500000000000006,0.2708333333333333,0.040972222222222215,0.7475494675229715,0.7555555555555555,0.05425917208231712
train_linear_gaussian_005,0.07243146563849384,0.12278309452622568,0.2238111320405842,0.21822148115481446,-0.0110863440223882,-0.01128266737966547,-0.0013227746189731306,0.34,12.0,0.5446813878692649,0.5540295491960525,0.2443982720261793,0.0605702721552446,0.1540599688645513,0.03333333333333333,0.08888888888888889,0.45295548368797206,0.7337731891766197,0.2337731891766197,0.09548056936432218,0.16085743600726235,0.14027777777777778,0.3263888888888889,0.16875,0.7711728558575291,0.9111111111111111,0.029207786671300973
train_linear_gaussian_006,0.07550520770058626,0.11237842036918591,0.1024312343131881,0.0990989902989903,-0.009360652649096468,-0.01277248138695404,0.0003128512615532876,0.09,4.0,0.5330553995302919,0.6718211665641378,0.36142800946900655,0.15641275386986403,0.27178346687715293,0.011111111111111112,0.03333333333333333,0.35717447451035195,0.7414610695712665,0.24146106957126656,0.010785564124042305,0.031895076481205306,0.044444444444444446,0.08333333333333333,0.03055555555555555,0.7955595514449264,0.8222222222222222,0.004284936020022556
train_linear_gaussian_007,0.10062043344426155,0.1265877249816704,0.17570580012411238,0.17179441659441658,-0.008763147642229019,-0.01036402571935304,-0.0009245405844270059,0.18,7.0,0.5507813968081647,0.6109099194590825,0.27856489460703443,0.08510389785536729,0.1781560115411378,0.011111111111111112,0.05555555555555555,0.4168027019138219,0.7229864070160756,0.2229864070160757,0.02597015523163949,0.05673959481974874,0.0763888888888889,0.13194444444444445,0.05694444444444444,0.7929443160124376,0.9111111111111111,0.0073641737145409
train_linear_gaussian_008,0.07345145085845678,0.0714996585469307,0.13673887218506853,0.13391070457737125,-0.005788727263585029,-0.0077887779250188595,-0.0007792366969257542,0.11,4.0,0.4219531283534945,0.7395737563634831,0.49447200487120163,0.16540745634176193,0.40193860178586194,0.011111111111111112,0.022222222222222223,0.28501873504606984,0.8276585762988847,0.3276585762988848,0.003864825404930399,0.011229599821149117,0.020833333333333336,0.0625,0.018055555555555554,0.7833718573844539,0.8,0.015896566080849883
train_linear_gaussian_009,0.043886488920039685,0.12713350488930053,0.19454907493450727,0.19253899227232563,-0.008495470337159144,-0.007538562816795732,0.0031407099086852366,0.1,5.0,0.4554959292071831,0.7056402475124129,0.4348187989869682,0.1350204296300624,0.2493066668829392,0.0,0.011111111111111112,0.3076188410891488,0.7918596601924109,0.2918596601924109,0.006517754118959835,0.0238682092555332,0.02777777777777778,0.06944444444444445,0.022916666666666665,0.7589245454151667,0.7777777777777778,0.042217593834786404
train_linear_laplace_000,0.13852308740525593,1.611813926654667,0.26497929438607143,0.2595654363654364,-0.013092229236469351,-0.013865006410216383,0.022174469251138963,0.14,6.0,0.2879709943435746,0.7618610198107384,0.5170928106408677,0.12009540730352218,0.22812742652997606,0.011111111111111112,0.05555555555555555,0.3032130021598527,0.8816859532324253,0.38168595323242516,0.009398523421756688,0.03021543737364063,0.05,0.16666666666666666,0.049999999999999996,0.7162007710311564,0.9111111111111111,0.028739917831158923
train_linear_laplace_001,0.15517906317302835,2.5837489110619596,0.1315486091039661,0.12503898023898025,-0.015000730165023592,-0.02041922954602573,0.0020317331343199874,0.11,5.0,0.3131602413868935,0.773761952472507,0.5628609890733862,0.14200029851825843,0.46389122624790446,0.0,0.044444444444444446,0.2459359098338714,0.8740896418740575,0.37408964187405724,0.007739546573028953,0.02843291633861138,0.03611111111111111,0.04861111111111111,0.02638888888888889,0.7202143535665912,0.8,0.007665549337444455
train_linear_laplace_002,0.1568731770562997,1.6472588654377813,0.13419645067114008,0.12782849449516118,-0.010666708337088753,-0.014203008652301109,0.0026429889086074998,0.08,3.0,0.37446948650016876,0.7991273861140832,0.5775732510709619,0.19314270453732815,0.5316781162879438,0.011111111111111112,0.022222222222222223,0.25078020286429403,0.8476064776321317,0.34760647763213154,0.0010606880155547397,0.0056343617259110215,0.008333333333333335,0.020833333333333332,0.005555555555555555,0.7302956428768055,0.7111111111111111,0.005185935177261403
train_linear_laplace_003,0.11524867484370369,2.017996801935053,0.1814188920433111,0.17862349489016158,-0.00576045216161796,-0.00700922196250274,0.02884064289224068,0.12,5.0,0.37867238256347857,0.7659672721157171,0.523117244114805,0.211107133870932,0.3874187912166392,0.0,0.022222222222222223,0.2901525824314611,0.8393497289177974,0.3393497289177975,0.008437264430285947,0.015557305183759562,0.02638888888888889,0.11805555555555555,0.025694444444444447,0.7075183892294812,0.8,0.030267533379535694
train_linear_laplace_004,0.09579219886106596,1.626165305336123,0.21066519683986246,0.20051222904556232,-0.00844630923883197,-0.012300428011365713,0.011900834845317683,0.11,4.0,0.3394720066966591,0.7833152992256674,0.5486787213839491,0.19431430145710288,0.3724462218856333,0.0,0.0,0.27926940762237396,0.8547757499448199,0.3547757499448198,0.004676610618646674,0.022300469483568074,0.02777777777777778,0.0763888888888889,0.02430555555555556,0.7152790409026808,0.7777777777777778,0.023727201704441758
train_linear_laplace_005,0.16354532040779052,1.867307051941042,0.20575418992603325,0.1962701029367696,-0.010407061262882392,-0.012647021207754178,0.0034825255431496934,0.13,6.0,0.40883330164961135,0.705605342603985,0.43835539149053837,0.1386562840479354,0.2617351143857316,0.0,0.0,0.32608414127909463,0.8089051765953169,0.30890517659531697,0.006096702682290992,0.023748043818466354,0.03333333333333334,0.04861111111111111,0.024305555555555552,0.7212051522011261,0.9333333333333333,0.01786122308920135
train_linear_laplace_006,0.20055729988577037,1.3518329143773387,0.2781456958254014,0.2699006851006851,-0.01036549223280375,-0.013520664593973114,0.06883177429191781,0.18,6.0,0.32426477609691023,0.7061770523897807,0.471360559996738,0.17977370155176103,0.28101972140130205,0.022222222222222223,0.022222222222222223,0.31286887322850193,0.8604486419543764,0.36044864195437637,0.012615996000143608,0.03825289903673247,0.05833333333333333,0.1736111111111111,0.05694444444444445,0.7216475351873629,0.8444444444444444,0.030889104722867433
train_linear_laplace_007,0.1671801940789899,1.8609090384293583,0.20304375554413873,0.20072720739387404,-0.009892530778369043,-0.016532995571827788,0.00917359388340812,0.13,5.0,0.3487400676838731,0.7352703008833982,0.5077559741309051,0.1719023854672442,0.3990079160195631,0.03333333333333333,0.03333333333333333,0.2806457408758114,0.859440439971283,0.3594404399712831,0.0053724267361087135,0.015759827507242946,0.02777777777777778,0.0763888888888889,0.027083333333333338,0.7172936114907872,0.8666666666666667,0.022901714990314126
train_linear_laplace_008,0.2557909988473467,2.421380868431282,0.1367087579660303,0.13053323266656602,-0.017408217493007756,-0.026731991683169365,0.00013187562266142673,0.07,3.0,0.3038926239164838,0.8285163941682828,0.6527446990814392,0.1884249911319076,0.6416596149662028,0.0,0.0,0.19984808540458718,0.888628448144118,0.38862844814411784,0.0018852881308161805,0.006944444444444445,0.008333333333333333,0.0625,0.008333333333333333,0.7268096576472555,0.8666666666666667,0.005583963806498282
train_linear_laplace_009,0.17387894892824016,2.18498910633127,0.24124021706418122,0.2379377584710919,-0.0124288839797619,-0.017962079392421622,0.0040105372709476,0.11,4.0,0.2108089973649204,0.8298811354234198,0.6779671688966387,0.16464495423913092,0.6939612189664983,0.011111111111111112,0.022222222222222223,0.18054815674936656,0.9287236443544994,0.4287236443544993,0.004476973405085214,0.007022691705790297,0.015277777777777776,0.04861111111111111,0.015277777777777779,0.7130922657671681,0.8444444444444444,0.027207997200022205
train_linear_student_t3_000,1.199376642003153,17.5289683125912,0.12487978076192058,0.1199174764508098,-0.045122474955363735,-0.0832939331907476,0.0460941168282347,0.07,4.0,0.31572881405166436,0.8109326298047015,0.6316618982909306,0.17510061025099136,0.6236017235233362,0.0,0.0,0.20232229564144974,0.882933856345471,0.3829338563454709,0.002252093175536967,0.006984126984126984,0.015277777777777776,0.10416666666666667,0.014583333333333334,0.6646627605664153,0.6222222222222222,0.0057737892729866624
train_linear_student_t3_001,0.6336371708142121,11.71884779218433,0.15107010658136183,0.13810300130300132,-0.012533907868257903,-0.012243829869837958,0.19812619027373948,0.1,4.0,0.275865774259022,0.8069728173139112,0.6197570275657376,0.18017434414298475,0.5444681814967136,0.011111111111111112,0.03333333333333333,0.2176235032505395,0.8928154054962752,0.3928154054962752,0.0023113527930605656,0.008450704225352112,0.02222222222222222,0.1111111111111111,0.018750000000000003,0.6783148960366496,0.7333333333333333,0.006099851930729261
train_linear_student_t3_002,1.5408490991544948,24.58566145349234,0.11675031975896949,0.10867573560906896,-0.023178394110419047,-0.03170251465565727,-0.0017409400077824972,0.08,3.0,0.35940614066802884,0.7783368124504119,0.5484930111392851,0.19968991934952302,0.4323873361324321,0.011111111111111112,0.022222222222222223,0.26254808551760944,0.8431408294416988,0.34314082944169866,0.003308021309764374,0.01678515537670467,0.02638888888888889,0.0625,0.018055555555555557,0.6578643302079723,0.7333333333333333,0.0028765902749759986
train_linear_student_t3_003,0.5589186616237218,15.761760941762862,0.3393988497562339,0.3406044155377489,-0.09400142804418343,-0.12320265278885009,0.04887730620196108,0.11,5.0,0.2936915809814759,0.7767216407841839,0.5528633198639022,0.16794022261398373,0.3263433690642338,0.022222222222222223,0.022222222222222223,0.2642006072172755,0.8753253845871677,0.37532538458716774,0.010788501477704571,0.03257545271629779,0.04722222222222222,0.09027777777777778,0.031249999999999993,0.6306622841503319,0.8444444444444444,0.06172413528139176
train_linear_student_t3_004,0.5261550580962048,9.236990405015414,0.24982729701359666,0.24385946359279692,-0.0726333182394141,-0.10342399165487397,-0.01007713720646042,0.13,4.0,0.3200785406141137,0.7690810367763883,0.5600499140323881,0.203853882729254,0.4883274805415842,0.022222222222222223,0.022222222222222223,0.255792530166505,0.874403665731033,0.3744036657310332,0.004499946852315553,0.0113682092555332,0.018055555555555557,0.09722222222222222,0.02291666666666667,0.6770527579970097,0.8666666666666667,0.027020615556674787
train_linear_student_t3_005,1.3209191851303994,23.04291289599822,0.2218851931724684,0.2040629248629249,-0.07043483935373071,-0.10541617734009348,0.05701588801591906,0.07,3.0,0.16537415291864904,0.8303737485391216,0.6920208059721411,0.16672940456688115,0.7410393122526288,0.011111111111111112,0.022222222222222223,0.16064057603481288,0.9353712865442374,0.4353712865442375,0.0057032872157846744,0.01819304717192041,0.02638888888888889,0.06944444444444445,0.019444444444444445,0.6550755318178128,0.8888888888888888,0.017215013941635604
train_linear_student_t3_006,1.045419159014981,18.523636079174842,0.16640316710683925,0.161398590998591,-0.023651621533902295,-0.06149445404857058,0.07212919450481088,0.09,5.0,0.23517763835875058,0.8096835688245109,0.6386410359044311,0.1823106676184385,0.5825117521487952,0.022222222222222223,0.03333333333333333,0.19842091877596874,0.9125020872580463,0.41250208725804627,0.003003125586340269,0.012777777777777777,0.02638888888888889,0.09027777777777778,0.020833333333333336,0.6611252446403104,0.8444444444444444,0.01269947907283353
train_linear_student_t3_007,1.084653410216689,14.425642452577529,0.1779466793507774,0.17068518268518268,-0.018817601072279058,-0.04252805289293686,0.05252252664580536,0.13,4.0,0.31402359950778447,0.770110003536012,0.5396284173993949,0.15579635784253054,0.28586146967679366,0.011111111111111112,0.022222222222222223,0.2722881872721351,0.8632207000621409,0.3632207000621412,0.0070078612306481046,0.033986770866746376,0.03888888888888889,0.09722222222222222,0.03819444444444444,0.6746817796914713,0.8666666666666667,0.008513711608333585
train_linear_student_t3_008,0.7521984875620359,15.092962719428161,0.19195948019677553,0.1815511183511184,-0.0172084388790482,-0.04321919387910729,0.0934412694972841,0.11,5.0,0.22158061961435377,0.8006465363102607,0.6359788179898457,0.18412231736477438,0.6565452222875472,0.022222222222222223,0.044444444444444446,0.19872525040250844,0.9251697355063947,0.42516973550639464,0.004256179724198401,0.01018818948734588,0.02361111111111111,0.0625,0.018055555555555557,0.6693301118465533,0.8,0.013831138325732906
train_linear_student_t3_009,2.5134624318594727,47.52993256476962,0.10180339386654802,0.09868810402143738,-0.03820557851485292,-0.1190922681426592,0.008082934532377696,0.07,3.0,0.20789342133065306,0.8345478415148576,0.7112414937624263,0.3805444144295127,0.7259927087182139,0.011111111111111112,0.011111111111111112,0.14347707931478512,0.9300821459011706,0.4300821459011703,0.0031609228259819643,0.01255868544600939,0.015277777777777779,0.027777777777777776,0.011805555555555557,0.644496303740946,0.6222222222222222,0.004061260796198063
train_linear_student_t8_000,0.10878173902928356,0.9437421631004824,0.16600393616900216,0.16152967432967436,-0.00577540223849729,-0.005338540893503845,0.018166260029679093,0.17,6.0,0.4372666672647314,0.6710198832185892,0.4096637439935756,0.16582991166859637,0.2867159017777278,0.0,0.011111111111111112,0.34162843843453605,0.8085070220914519,0.3085070220914517,0.01606400859127573,0.04061312318354572,0.04027777777777777,0.1527777777777778,0.051388888888888894,0.7627801575780199,0.9333333333333333,0.013611035096971147
train_linear_student_t8_001,0.11199407396144953,1.0374862105029514,0.20447272870243738,0.2017044811711478,-0.01387120624254675,-0.01565118654802105,0.034848871445891605,0.18,7.0,0.37410606563053317,0.7153502919790047,0.46599236574180924,0.14219817111529648,0.296837401052922,0.03333333333333333,0.08888888888888889,0.3060831930783952,0.8461128187665659,0.34611281876656574,0.0070470113317359405,0.02359716761461236,0.05277777777777778,0.13194444444444445,0.046527777777777786,0.7466286674852406,0.8666666666666667,0.030153717316983797
train_linear_student_t8_002,0.1258423435366972,1.3186962718400899,0.09853941054108757,0.09770682357349024,-0.014269380585015257,-0.014630722412240841,0.002658607065576912,0.07,3.0,0.2605005971705014,0.8002340906449846,0.6551516178457698,0.2582101736986211,0.6687278112769705,0.0,0.011111111111111112,0.16735455398543173,0.9080412452894531,0.4080412452894529,0.002905792837278284,0.01259836798569193,0.015277777777777776,0.05555555555555555,0.013194444444444444,0.756665385604295,0.5555555555555556,0.015253436770882756
train_linear_student_t8_003,0.07018896961527743,0.8314151351203207,0.18097460422967215,0.17149798403131736,-0.012577535115653385,-0.014069356161554478,-3.312386413331414e-05,0.14,5.0,0.4042621383301942,0.7351983748745686,0.48834908226212714,0.2140058642312188,0.36929498101583463,0.0,0.011111111111111112,0.2994759936526644,0.8324947895480261,0.332494789548026,0.009668035083903589,0.02660518667560921,0.03194444444444445,0.09722222222222222,0.030555555555555558,0.759439974849467,0.8666666666666667,0.015586697356634538
train_linear_student_t8_004,0.09525661077684115,0.9488970938882388,0.10137245004832346,0.0996516615183282,-0.010003631156451113,-0.012708708776018329,-0.002426451453551489,0.11,9.0,0.415310699209947,0.7490629078759325,0.5216124742894297,0.21310612693579806,0.49351974994745623,0.011111111111111112,0.022222222222222223,0.26215684347582113,0.8375383431296721,0.33753834312967207,0.007085170044320713,0.02537512657645218,0.03333333333333333,0.0625,0.019444444444444445,0.7677149750385254,0.7555555555555555,0.007968649770865643
train_linear_student_t8_005,0.052926952115992076,0.7092119697277394,0.2626303339854793,0.2573442517442518,-0.009959282458128299,-0.0105736737740561,0.012641587364757543,0.24,8.0,0.5033592903792317,0.6476888132639458,0.3393861642379467,0.12148916893223803,0.24012481006085779,0.0,0.022222222222222223,0.4066884927041869,0.7721770599045608,0.2721770599045608,0.026245156058589056,0.060764587525150904,0.06666666666666667,0.3402777777777778,0.1013888888888889,0.7400082470509053,0.9111111111111111,0.04007907410158318
train_linear_student_t8_006,0.1596042952337305,1.6968022949110917,0.16446261328905915,0.15853535053535053,-0.012022569865817845,-0.01250420163002516,0.01085790201736885,0.12,5.0,0.4034921110976134,0.7222704420632923,0.4738971422646519,0.18653657104366114,0.33847035473432985,0.0,0.022222222222222223,0.30373533979481104,0.828414322435029,0.32841432243502877,0.007202439811630221,0.027914710485133016,0.034722222222222224,0.09027777777777778,0.02847222222222222,0.7598343796859228,0.8444444444444444,0.015283412994904655
train_linear_student_t8_007,0.11542109226760022,1.0702259653254045,0.10169300468914007,0.10530072103405437,-0.007219282580731748,-0.006017449562242172,0.020807565044143276,0.05,2.0,0.25855372249217073,0.6351456042360699,0.5259357116369247,0.3409435442006245,0.519924228012102,0.011111111111111112,0.011111111111111112,0.14668648261411185,0.9084188753746135,0.4084188753746134,0.00212638499741074,0.006964006259780907,0.01111111111111111,0.027777777777777776,0.006944444444444445,0.7729937479410943,0.6888888888888889,-0.0007585535039726921
train_linear_student_t8_008,0.11762288084727487,1.001338883089624,0.16187004361071103,0.15819425126091796,-0.012878833727049498,-0.014926159625655114,-0.0035719164318915764,0.09,3.0,0.3554018204836009,0.7757778953153592,0.5519648568084498,0.1950820498071429,0.4402810683467351,0.0,0.011111111111111112,0.25908356196025595,0.8534786686126998,0.35347866861269994,0.0066119604017473394,0.01680359937402191,0.02361111111111111,0.08333333333333333,0.020833333333333336,0.7566755452620991,0.6444444444444445,0.020339239133625564
train_linear_student_t8_009,0.10717075905839046,1.041624140778007,0.160872118050994,0.15599596426263096,-0.013015858311555809,-0.01674331275574625,0.0003822677787634576,0.08,4.0,0.35731899987087173,0.8030792287547419,0.5873642161582135,0.18677594977815523,0.5256867457508403,0.0,0.022222222222222223,0.2445780443560805,0.857360845078895,0.357360845078895,0.004951848030530011,0.013928012519561814,0.018055555555555554,0.0625,0.01597222222222222,0.7525435284206969,0.7333333333333333,0.0215875897261133
train_rff_gaussian_000,0.22764883521427523,0.2628681674543657,0.14844045957450738,0.14888641075307746,0.013154673529928168,0.10974670502710322,0.46065857728997506,0.13,5.0,0.42216315369034974,0.7377218700921047,0.4733421101746012,0.18939872569277066,0.31452856714263844,0.011111111111111112,0.022222222222222223,0.3144153217889746,0.8133602080643898,0.3133602080643898,0.028047216612114866,0.06521238542365303,0.07083333333333333,0.22916666666666666,0.05555555555555556,0.7951727128947647,0.8666666666666667,0.005014807339873029
train_rff_gaussian_001,0.13652912125258732,0.16359412780668642,0.10525604774606884,0.11211194224527558,0.031146342104398483,0.10511391912814352,0.4384493642048882,0.26,9.0,0.5490679330873457,0.5740339758780475,0.2287830111970569,0.031500170790215755,0.07894410801533794,0.06666666666666667,0.16666666666666666,0.44257574492741225,0.7080428846225121,0.20804288462251203,0.07639116707436021,0.14364057063142283,0.17638888888888887,0.3194444444444444,0.1388888888888889,0.7954986499383336,0.9333333333333333,0.005520706737838776
train_rff_gaussian_002,0.08036792519470864,0.13628503940661538,0.10640822185360081,0.10678742972076308,0.010679567203359122,0.06464298956048217,0.43811738351055707,0.3,10.0,0.55096171369062,0.564627249253488,0.25176911788515594,0.06480261234721474,0.16781522935169557,0.044444444444444446,0.07777777777777778,0.4409580444638689,0.7326250782339077,0.2326250782339077,0.0604276593775329,0.10623078667545376,0.12083333333333332,0.25,0.12986111111111112,0.7964714065096907,0.9777777777777777,0.003975518884090978
train_rff_gaussian_003,0.0634583407398552,0.13360710470798626,0.07718255650445556,0.07907432574099241,0.0013368436232231915,0.04102572987948786,0.3002475089638318,0.13,8.0,0.5205777645078666,0.6586984028899103,0.34925116527462763,0.16767969765737242,0.2646327633235716,0.011111111111111112,0.011111111111111112,0.37325908902786037,0.746270090550632,0.2462700905506319,0.042799534747033297,0.09042338572497788,0.09583333333333333,0.10416666666666667,0.05416666666666666,0.8009634973302285,0.8666666666666667,0.0010609835430381853
train_rff_gaussian_004,0.13650123156912777,0.09049497380619789,0.061013238684351385,0.06487686621019956,0.0048503286117129955,0.03369396182582017,0.40912889845219774,0.09,4.0,0.4957862732650553,0.6824640032700735,0.39740773730649853,0.14695130263074152,0.2937292368690507,0.0,0.011111111111111112,0.3284996147851192,0.7697367003503689,0.2697367003503688,0.0158669087257204,0.04117271260412718,0.049999999999999996,0.0763888888888889,0.03333333333333333,0.7988628016410967,0.7111111111111111,0.0006519051018089028
train_rff_gaussian_005,0.12496414740045032,0.1912166593664736,0.07613511782738071,0.07588538521871854,0.037426691670924925,0.07650097032949135,0.33703005174869954,0.24,10.0,0.529181848088034,0.5933514460471647,0.25430387026996193,0.04958375120331134,0.12159723428433764,0.044444444444444446,0.1111111111111111,0.43745556930230817,0.7209993396312956,0.22099933963129562,0.0795745880839483,0.131284155042722,0.12777777777777777,0.3194444444444444,0.12361111111111112,0.8003849127116578,0.9777777777777777,-0.0015680644731943527
train_rff_gaussian_006,0.1407252683420835,0.20497758897174506,0.11871719933340083,0.12947345640678978,0.026353193390041104,0.07153221943269633,0.3554878234028202,0.2,7.0,0.4703765714140321,0.6502291268019285,0.348211666986374,0.10371478703971299,0.19816121879506168,0.022222222222222223,0.044444444444444446,0.3866661568026502,0.7769775685982708,0.27697756859827094,0.028385024857558606,0.06401357912716595,0.08888888888888889,0.3055555555555556,0.09166666666666666,0.7946325782131574,0.9333333333333333,0.004615865655034468
train_rff_gaussian_007,0.12456958745559268,0.1471445249257855,0.10159934075813809,0.09902794729461394,0.012690090370795559,0.07899334201291677,0.3634490382395418,0.2,6.0,0.5785847512434251,0.6176583649592794,0.24839348095603656,0.03749587727329282,0.14746458680245972,0.06666666666666667,0.13333333333333333,0.4380893384697158,0.6932528325634704,0.19325283256347048,0.04507460242452592,0.07934798894769264,0.12222222222222223,0.22916666666666666,0.09861111111111111,0.7956683381461611,0.9111111111111111,0.004288348567269229
train_rff_gaussian_008,0.1229489197941287,0.10575487842503395,0.07357476623856457,0.07897950751284084,0.002003636040812362,0.04372843398621026,0.1968412508248193,0.21,7.0,0.5253211545971465,0.5724923097332061,0.2608497958390599,0.04436076496562305,0.0994360652606495,0.05555555555555555,0.12222222222222222,0.41342929149956376,0.7318581706566322,0.23185817065663222,0.04009860013591321,0.0878968955871734,0.1375,0.3263888888888889,0.12083333333333335,0.7972053963355311,0.9333333333333333,0.0005420369692876736
train_rff_gaussian_009,0.10196010496979255,0.19886647607570965,0.07046773757163911,0.07158560681093522,0.0008805573871510278,0.06556054207751247,0.4976359445777348,0.11,5.0,0.5193250571172336,0.6430019454099928,0.35598185548585703,0.14211796244081246,0.2677070320476067,0.0,0.022222222222222223,0.3315036618326352,0.7520311342717036,0.25203113427170376,0.033527143904025634,0.07105589786892264,0.07222222222222222,0.08333333333333333,0.04652777777777778,0.800172462620765,0.9333333333333333,-2.6317138865805667e-05
train_rff_laplace_000,0.2645446410032292,1.7769371763575361,0.09126535132365594,0.10026158239491573,0.03414274730661816,0.09347149668942444,0.4231260640309524,0.14,5.0,0.40965952996276883,0.7166620196092177,0.44880623754883786,0.14521254189865984,0.2665238199238057,0.0,0.011111111111111112,0.32612315615478504,0.8158802081607486,0.31588020816074874,0.02385940751459608,0.05888162307176392,0.05138888888888889,0.1111111111111111,0.04583333333333334,0.7434201244008454,0.9111111111111111,0.0016383895687389627
train_rff_laplace_001,0.1585952671120934,1.9100735829392377,0.053832187849505775,0.06533207599874266,0.006514709301871184,0.08580257003475349,0.4323342784377246,0.12,5.0,0.4930306087015278,0.6278587983892507,0.3503889512124394,0.08189268456312314,0.2553485789013443,0.03333333333333333,0.06666666666666667,0.3230613536941507,0.7640138869753831,0.2640138869753831,0.018921692147825707,0.039357711588716426,0.05972222222222222,0.1111111111111111,0.04652777777777778,0.7380758622298416,0.7111111111111111,0.0014749632145679703
train_rff_laplace_002,0.26949430570508515,1.6300392399766466,0.09526577288542645,0.11357195570528907,0.039403060675258623,0.13541750727973284,0.4422669414468184,0.09,4.0,0.3205749646643519,0.7983410499214292,0.5865147853598779,0.1943420928679292,0.491756211041272,0.022222222222222223,0.044444444444444446,0.24372034377116744,0.8721525709983914,0.37215257099839155,0.006776090877154979,0.021533840725512492,0.04166666666666667,0.11805555555555555,0.03194444444444445,0.7480118425433723,0.9111111111111111,0.0017047957692380988
train_rff_laplace_003,0.24991296424031467,2.6052504952747952,0.07562081106387601,0.0823587138253805,0.006300420540147971,0.07907182604456905,0.4310009698888365,0.09,5.0,0.44171710283413607,0.7328296421183934,0.47666653524967445,0.23260453647132157,0.3353859491763805,0.011111111111111112,0.022222222222222223,0.2913213318025969,0.7995205844637479,0.2995205844637481,0.003848827575666968,0.012697294880393473,0.019444444444444445,0.0763888888888889,0.020833333333333336,0.7332690628392732,0.7111111111111111,0.004302203399442539
train_rff_laplace_004,0.32515567731397127,1.9775057724677503,0.08312023523715847,0.09236316649649984,0.04262847997358372,0.10146266733881619,0.4652219509864872,0.14,4.0,0.5572137404067594,0.6323829664021738,0.29528857717498774,0.10013862907117642,0.20885215671604532,0.044444444444444446,0.05555555555555555,0.4059745228589212,0.7190370233297124,0.21903702332971248,0.014391128840536739,0.03992180986106818,0.06527777777777778,0.09722222222222222,0.04583333333333333,0.7392992082914535,0.8222222222222222,0.0002497541897243938
train_rff_laplace_005,0.3113445850037694,1.7167485778094462,0.1061550137259264,0.12006834060167396,0.011891233037402058,0.08796111542306355,0.43178589687148267,0.11,4.0,0.44399797333900315,0.7172054716884907,0.4366599245667282,0.206169969120237,0.279078621642816,0.0,0.03333333333333333,0.33686584404224507,0.7928374415861864,0.2928374415861864,0.01668048970686816,0.03936396154706014,0.04166666666666667,0.1388888888888889,0.034722222222222224,0.7486620749410047,0.9333333333333333,0.0014927208810036063
train_rff_laplace_006,0.3278292194582572,1.519463086837449,0.1180252484858635,0.13928497128497128,0.06109594484679469,0.12431919255061996,0.4069580328424701,0.16,5.0,0.37626218929541666,0.7284668795880093,0.4541616705509988,0.08523355015838706,0.2441215286539392,0.044444444444444446,0.06666666666666667,0.32669086835003375,0.8322567208475369,0.3322567208475369,0.02061639045140291,0.06398744312780272,0.07638888888888888,0.20833333333333334,0.059027777777777776,0.7665653703575648,0.9555555555555556,0.004367454446789543
train_rff_laplace_007,0.3540447158998052,2.03436800104983,0.06694578113101093,0.07004198550865218,0.061631077577355246,0.14929567199242677,0.5288559982192289,0.1,5.0,0.4001681414914711,0.7578890352481571,0.5019822976137724,0.15676175434506187,0.3343481275784487,0.011111111111111112,0.022222222222222223,0.2968445404464413,0.8286819444027268,0.32868194440272686,0.005889165748523229,0.026801388038375184,0.03194444444444445,0.09027777777777778,0.02777777777777778,0.7361863677043577,0.8666666666666667,0.0007326062174705106
train_rff_laplace_008,0.21122085234523938,1.8847833852180451,0.09721645378129984,0.11173463973463975,0.028634281995899485,0.07133953301709388,0.33473265955511033,0.25,10.0,0.5554136751356649,0.58402185277367,0.2620026921980958,0.09176575187831194,0.1708861484308378,0.022222222222222223,0.07777777777777778,0.42366567629794927,0.7278117692292738,0.22781176922927382,0.03757258675946397,0.06340884179758861,0.08055555555555555,0.1736111111111111,0.08333333333333334,0.7377954001260518,0.9111111111111111,0.007391466818241654
train_rff_laplace_009,0.26260878170165186,1.684130909020433,0.07908372318149304,0.08881233787900454,0.044852697126944355,0.07978993437206176,0.45026420176318716,0.12,5.0,0.4699861044871378,0.6990258861703824,0.41328502514288323,0.13748860286806905,0.28247232255866295,0.022222222222222223,0.05555555555555555,0.333890766362297,0.7827041615742681,0.28270416157426803,0.02497238035970069,0.06406588600836867,0.0638888888888889,0.0763888888888889,0.04513888888888889,0.7425446512436996,0.9555555555555556,0.0006625312198796918
train_rff_student_t3_000,1.3200426428381768,27.86611233674273,0.08155946795356932,0.10471273804607141,0.022903286464514786,0.08257583464671886,0.3925975830613182,0.11,4.0,0.3518261772404546,0.7606034410135888,0.5411087472263778,0.17812746508559754,0.4745443178029137,0.0,0.011111111111111112,0.26683774868887167,0.8595063035737828,0.3595063035737829,0.00721862392149151,0.02658450704225352,0.03194444444444444,0.06944444444444445,0.029861111111111116,0.6767069864436284,0.8,0.0031504921065865776
train_rff_student_t3_001,0.8093681517825232,9.21567566722294,0.10220135710972535,0.14556432503099168,0.06889995893380715,0.11114384732523815,0.3771244814191992,0.15,5.0,0.27480008579234694,0.7644999462294706,0.5585917323609244,0.1704606916349385,0.4095674295361733,0.03333333333333333,0.05555555555555555,0.25467139680510037,0.8912924829756094,0.39129248297560926,0.010492735038522678,0.037248709649199546,0.051388888888888894,0.10416666666666667,0.04861111111111112,0.736907302710603,0.8888888888888888,0.006027638183049966
train_rff_student_t3_002,0.7639072775749725,18.7980070332302,0.09239744641388024,0.12306605399938733,0.032913373037739224,0.08436325101994868,0.4735736501051438,0.1,4.0,0.3692243359963671,0.7654968002139844,0.523030233469265,0.16409620571790612,0.3209575897041219,0.011111111111111112,0.044444444444444446,0.2749586984051267,0.8416544126643114,0.34165441266431124,0.015472005578981752,0.052907962123408245,0.07083333333333333,0.125,0.041666666666666664,0.6802196469580986,0.8,0.0043339506295195784
train_rff_student_t3_003,0.5332155759738786,7.270316839323121,0.17996798262149657,0.23653981147314482,0.09621355124183735,0.11081063770384236,0.394478618551237,0.1,5.0,0.23535217085159246,0.8163218276301543,0.6424734695514497,0.16967484785740827,0.5954426967016029,0.0,0.011111111111111112,0.20519351751382758,0.9144698179437769,0.414469817943777,0.01015735469219886,0.039182316118935835,0.04583333333333334,0.2013888888888889,0.03680555555555555,0.7136766286899584,0.8888888888888888,0.021769916915723275
train_rff_student_t3_004,0.9792280436340379,16.826958776230406,0.1296041493389849,0.17706572186572186,0.04309531457690591,0.055355436856628124,0.18744897713498146,0.15,9.0,0.44716031638412235,0.6787798788146637,0.3818201608087179,0.08641778588282494,0.2076321458331154,0.044444444444444446,0.06666666666666667,0.3607377355675151,0.789779012334489,0.2897790123344889,0.022906279929326246,0.06753889492110376,0.0875,0.4791666666666667,0.08888888888888888,0.6758246676004037,0.6,0.008792820937330692
train_rff_student_t3_005,1.17494681377643,12.082354323255025,0.062115895967014306,0.07182351902351902,0.019294186787899008,0.08937658044120236,0.4050366548108307,0.1,4.0,0.4332124215074625,0.7446441950484072,0.4720331248318279,0.20742140694625494,0.3248398426739528,0.011111111111111112,0.011111111111111112,0.31506355231850003,0.796854997834151,0.296854997834151,0.01939632553420343,0.05097267177946909,0.058333333333333334,0.06944444444444445,0.0375,0.6986584442953118,0.9111111111111111,-0.0003606188906492003
train_rff_student_t3_006,0.6135483632474708,9.806108947681434,0.08364912597573092,0.0977804337804338,0.013622525450313078,-0.053622612305583385,0.29788725981628345,0.1,5.0,0.4753811724591064,0.7228130645375079,0.4524560596141563,0.20236127745149354,0.35601084437336117,0.011111111111111112,0.011111111111111112,0.30954012357567423,0.789867770917979,0.28986777091797905,0.010262857062176433,0.026566646254337616,0.027777777777777773,0.08333333333333333,0.02708333333333333,0.7003227754855005,0.7333333333333333,0.004649305472909648
train_rff_student_t3_007,0.5014033658485904,9.398521151877462,0.07614535083798656,0.09572532239198907,0.0160513161735759,0.10563123055212917,0.4436812390024433,0.09,3.0,0.3533442831676916,0.7925419614465626,0.5594318855102844,0.2008095647037654,0.3806535051706357,0.0,0.0,0.26913756143839135,0.8453942790820048,0.3453942790820049,0.011698089996598143,0.03644757433489827,0.0375,0.08333333333333333,0.026388888888888885,0.7210690069444072,0.9111111111111111,0.0013246110161969638
train_rff_student_t3_008,1.317040140854269,23.61754752381146,0.08150710203884216,0.10106972975283206,0.0286091577348329,0.05886747460665689,0.35844186694718383,0.12,5.0,0.5370747051348767,0.6637699951679215,0.3347985600798553,0.16668270736551563,0.24432452108390817,0.011111111111111112,0.022222222222222223,0.3890664756031007,0.7249826066431617,0.22498260664316158,0.023556274705297635,0.041208747546204474,0.05277777777777778,0.09027777777777778,0.03611111111111111,0.6628549557423911,0.8222222222222222,0.006191875198978569
train_rff_student_t3_009,1.2504692506063662,19.270901988072474,0.07233216729987067,0.1008927424927425,0.017146016564551555,0.047390016013304066,0.38996976016683343,0.13,7.0,0.4856809300690182,0.6881597970046668,0.3966525242701804,0.16663337789562074,0.2539894671550784,0.011111111111111112,0.044444444444444446,0.34107311233743937,0.7752440371759073,0.2752440371759073,0.025954590021410335,0.048483485453785516,0.043055555555555555,0.125,0.04513888888888889,0.6908149509708263,0.7777777777777778,0.0025516982893158957
train_rff_student_t8_000,0.1990698913496995,0.4205156462873809,0.2383109253799467,0.2590828854828855,0.034664927342605366,0.08707914002141029,0.33828923584040416,0.1,8.0,0.3172744946895609,0.7980532461384989,0.5963991599506052,0.18465320147504957,0.5143119249480292,0.0,0.022222222222222223,0.2319275077536688,0.8750419328229353,0.37504193282293524,0.0211681494671277,0.056025039123630674,0.05833333333333333,0.5486111111111112,0.06875,0.7539464483670693,0.6444444444444445,0.042964129863229616
train_rff_student_t8_001,0.15382027554747751,1.1489118432125855,0.07279814503663033,0.08067987001320336,0.016065449311864925,0.05629551748632268,0.34612762343884285,0.22,9.0,0.40441687502834917,0.6716744579909035,0.3936941141512525,0.08218096502185193,0.21069061703888925,0.022222222222222223,0.07777777777777778,0.35394100277832075,0.8212025473076715,0.3212025473076715,0.02061503707717349,0.061645179362959115,0.075,0.13194444444444445,0.06805555555555556,0.7737150047645092,0.8888888888888888,0.0014526293106950083
train_rff_student_t8_002,0.2194936999034059,1.0379131821624896,0.08229587103740815,0.09246174926174927,0.0272171109711703,0.09758964776805604,0.37421822117678194,0.15,6.0,0.46327418403666853,0.6915143948435507,0.4031267489678134,0.11936640649334164,0.2610830888319371,0.022222222222222223,0.06666666666666667,0.3420088820111932,0.7916468180208286,0.2916468180208284,0.02643400101986694,0.07192521622078925,0.07222222222222222,0.09027777777777778,0.053472222222222233,0.7783262563133884,0.9555555555555556,0.0010313486210754563
train_rff_student_t8_003,0.1257095970938212,0.5820442273722132,0.07731512478921888,0.0872629771296438,0.016581672933780895,0.073786751391163,0.366434015087071,0.18,9.0,0.5297857302996823,0.6328398474093282,0.31946043706388816,0.13902920307162728,0.2258612941095815,0.022222222222222223,0.022222222222222223,0.3971861110110142,0.7440606811539859,0.24406068115398574,0.03202730254894213,0.05411145617667357,0.0611111111111111,0.11805555555555555,0.057638888888888885,0.781186107229562,0.9333333333333333,0.004135405468428055
train_rff_student_t8_004,0.31145275614520535,1.3383399996806744,0.06106265083330029,0.06905050345050345,0.007953515129564723,0.06810483652521644,0.39690967034142566,0.1,4.0,0.4333400683682387,0.7190110406720842,0.47107840251424005,0.2035515337992475,0.3976847387979987,0.0,0.022222222222222223,0.2866191177844202,0.8129692240653807,0.31296922406538064,0.017469907199247046,0.046628882416408085,0.061111111111111116,0.04861111111111111,0.03263888888888889,0.7687724580315624,0.8,0.0011168692346884557
train_rff_student_t8_005,0.16358124784143907,0.7207920684416604,0.11884998753857191,0.13408955062288397,0.020753676977821323,0.08087421976802169,0.46134818642609315,0.12,8.0,0.40682752794372085,0.7193677959943285,0.4540488170596109,0.15651163460537257,0.26967330479711105,0.0,0.022222222222222223,0.3135888412746351,0.8102623329090914,0.31026233290909133,0.02595821497999532,0.05549747761933922,0.0652777777777778,0.5763888888888888,0.07152777777777777,0.7722420604626982,0.8,0.009268233858325314
train_rff_student_t8_006,0.2817203675761478,0.7583146603292718,0.09778328617341384,0.11366999740333075,0.015992136465105358,0.11115567294756172,0.4625087864803555,0.16,6.0,0.41014105305955606,0.7173090343084614,0.43487966192734806,0.06366661880640356,0.22801254089894793,0.03333333333333333,0.07777777777777778,0.33471404028277885,0.826247329624602,0.3262473296246021,0.02462047251445076,0.07081882950808781,0.08333333333333334,0.1388888888888889,0.06250000000000001,0.7847353403850196,0.9555555555555556,0.0028616267475293222
train_rff_student_t8_007,0.18527954513051448,0.7245767792541946,0.08068695758877498,0.08735475962142628,0.014013787155781401,0.08950882292508916,0.39171856121051024,0.12,4.0,0.3246971846620743,0.7523087287133299,0.5291671284340823,0.13943325629584236,0.4219622576232958,0.0,0.044444444444444446,0.2717669329665638,0.8734213354755266,0.3734213354755266,0.00816208747557544,0.03238330951894945,0.03888888888888889,0.06944444444444445,0.03263888888888889,0.7824650623389641,0.8666666666666667,-0.00039801894765501
train_rff_student_t8_008,0.2656752197901681,1.3922083818312214,0.05822270808345213,0.05907114893781562,-0.0010691529499389529,0.08668771575812571,0.5088653463701361,0.08,4.0,0.418147932294651,0.6945855330056905,0.4792413905937489,0.22470724401844322,0.40760593330100353,0.011111111111111112,0.03333333333333333,0.24964380458286495,0.8236207197151002,0.3236207197151001,0.006950368101085378,0.02966193295035916,0.043055555555555555,0.10416666666666667,0.03055555555555555,0.7736796449853005,0.7111111111111111,0.0019659268847289635
train_rff_student_t8_009,0.19309535553998072,0.8456715163309239,0.0818252647075482,0.09079098065764735,0.01130530818209107,0.08197855318504596,0.4039049500999526,0.15,5.0,0.4155704424242351,0.7199667771847498,0.4613317061978533,0.19199238796471788,0.320827493424104,0.011111111111111112,0.011111111111111112,0.318663544860637,0.8168748041882198,0.31687480418822,0.015755321234621412,0.046463782696177056,0.05,0.10416666666666667,0.04375,0.7799644640724963,0.9777777777777777,0.0017661655254245234
train_tanh_gaussian_000,0.156291637102972,0.2881003416150834,0.2434278016220282,0.2545983553983554,0.03601104228272077,0.056520221277774355,0.16326593316003762,0.24,8.0,0.539220089600255,0.584942090787049,0.2643908891520328,0.03601576036069829,0.13375693627448482,0.044444444444444446,0.1111111111111111,0.4206327350510921,0.7329572177626984,0.23295721776269843,0.03182748760805788,0.06278485031942012,0.08194444444444443,0.1875,0.09791666666666667,0.7561214079827864,0.8888888888888888,0.0503213499166294
train_tanh_gaussian_001,0.08777219641734915,0.17817382794790096,0.207012258832306,0.21333617013617018,0.018645360421215094,0.03161838274110098,0.16372093507634522,0.35,10.0,0.5830686623355756,0.5229970823228802,0.20188677126790486,0.049885064504111086,0.11156823828811308,0.03333333333333333,0.1,0.4769503712964155,0.6970251742419852,0.19702517424198523,0.08456899108921576,0.12801681687931404,0.14166666666666666,0.3263888888888889,0.15416666666666667,0.7734432350321799,0.9777777777777777,0.029665456337154006
train_tanh_gaussian_002,0.10532986556403898,0.17615469989434424,0.15102724752766095,0.1534198403531737,0.011350750880724937,0.02667557984095211,0.1392405150497885,0.15,6.0,0.5393505058418323,0.6214500450712216,0.31347688065793816,0.09381570825011719,0.2445085571306967,0.022222222222222223,0.044444444444444446,0.36583227242893074,0.7392341627965295,0.23923416279652948,0.024485600134987004,0.05051936026076168,0.07361111111111111,0.1388888888888889,0.05277777777777778,0.7915721812155819,0.8444444444444444,0.011898334958460932
train_tanh_gaussian_003,0.1888686245912906,0.24682505365355406,0.2339431818429872,0.2401177049177049,0.030589425350844406,0.053668806525833945,0.21540718042618395,0.3,10.0,0.5767418772895546,0.5549109842077719,0.21010226098471546,0.040688347182429696,0.10015789293266184,0.06666666666666667,0.13333333333333333,0.46088013103219977,0.6948550894978279,0.19485508949782795,0.09540434495592645,0.16239715942072502,0.1652777777777778,0.3402777777777778,0.16944444444444443,0.7683987374501817,1.0,0.03758028398764235
train_tanh_gaussian_004,0.09272299406315569,0.18509958141650115,0.22306488463200477,0.22921059507726171,0.017285178314686775,0.025394421599101085,0.10369226452986252,0.19,8.0,0.5150721726790418,0.6328480982242431,0.3193139456507391,0.05381686233041927,0.16993438323240168,0.044444444444444446,0.08888888888888889,0.37458982373559846,0.7562816200564526,0.2562816200564528,0.03017752364105186,0.0746796059793612,0.1138888888888889,0.2222222222222222,0.08611111111111111,0.7683118067284173,0.9777777777777777,0.03505333763500762
train_tanh_gaussian_005,0.13888500404334272,0.25176432543546057,0.2548172035367689,0.26554271327604667,0.033931605351369035,0.05664409785465715,0.17293304204739954,0.13,6.0,0.43568205963999984,0.7015978941557819,0.4182068344173681,0.1435534137233125,0.2304200974091961,0.03333333333333333,0.05555555555555555,0.3286053326138474,0.7943090982968586,0.29430909829685836,0.028158628364716436,0.06688078632461039,0.08333333333333334,0.3125,0.06319444444444444,0.7620352614275999,0.8888888888888888,0.044714868923845574
train_tanh_gaussian_006,0.1209115519647432,0.14964686882671074,0.12036055938089149,0.12550686364019695,0.008293180137980282,0.0191644831284414,0.1078247229329607,0.12,4.0,0.45369183536617613,0.6961580241702896,0.4317943048528617,0.1227893627778525,0.29936332696934687,0.011111111111111112,0.044444444444444446,0.30436355900252055,0.8042927249936755,0.30429272499367555,0.005758365284546325,0.012900300352841686,0.02777777777777778,0.041666666666666664,0.016666666666666666,0.8007155175307545,0.8888888888888888,0.0025921341336140324
train_tanh_gaussian_007,0.09577511241889089,0.11409051166882489,0.10411907631423535,0.10619209267377554,0.005108073969536949,0.013173956825133842,0.06340602338603923,0.14,8.0,0.4912114285402289,0.6753261601056582,0.3886766451911681,0.13102267932183995,0.2607641415778598,0.0,0.022222222222222223,0.34094547810919634,0.779174083478977,0.27917408347897693,0.025649833359873513,0.056291375705211665,0.05277777777777778,0.1597222222222222,0.04513888888888888,0.7985313519160145,0.9555555555555556,0.0036868886008609714
train_tanh_gaussian_008,0.14922627998368107,0.15745643663273562,0.11408836316238566,0.11548467735134404,0.018219966790088915,0.034291057254523596,0.1784240093819157,0.15,4.0,0.3860341949477129,0.7122303203387863,0.48475622935517126,0.1882541361085936,0.421445837201769,0.0,0.011111111111111112,0.2901549499924692,0.8474909093707264,0.34749090937072624,0.0076696878089105,0.023630672926447573,0.025,0.041666666666666664,0.021527777777777778,0.8001554734944648,0.8666666666666667,0.0029801772727092724
train_tanh_gaussian_009,0.09529906848354616,0.18189781598363391,0.18414904730979337,0.19150264696931363,0.024083430460897927,0.03911999844651454,0.14918311306919488,0.18,6.0,0.5344208413652195,0.6231167879253496,0.3156438213651244,0.13891390353792069,0.20296972927761964,0.0,0.022222222222222223,0.3820912555000117,0.746648737578965,0.24664873757896494,0.028952648025716034,0.046885395921994026,0.04444444444444445,0.13194444444444445,0.050694444444444445,0.7733541503691603,0.9333333333333333,0.03524556605705276
train_tanh_laplace_000,0.26502198506197844,1.60212722162763,0.15749627786157563,0.16485118725118728,0.03899633348110507,0.049237100223678484,0.15353246077298946,0.11,5.0,0.39443842469985263,0.7562419428573491,0.5112905469519491,0.20312484863398733,0.4221187540905848,0.011111111111111112,0.044444444444444446,0.2851183899319596,0.8364289232737131,0.33642892327371327,0.009438743734641633,0.026907753711813365,0.04027777777777778,0.05555555555555555,0.02986111111111111,0.7409159736705062,0.8222222222222222,0.01714241080470391
train_tanh_laplace_001,0.27363897925123404,2.2619144352661094,0.09811631901620546,0.10737104497104498,0.02146162594079382,0.039466154980748014,0.17651014465004466,0.07,3.0,0.4851214441872216,0.7138792909762821,0.459556361984925,0.271167515827718,0.43376151771654736,0.022222222222222223,0.022222222222222223,0.28983297991563983,0.7901045297087336,0.29010452970873357,0.003253541555201233,0.01269673597138386,0.020833333333333336,0.034722222222222224,0.013194444444444444,0.743407276650875,0.6888888888888889,0.0017959312926020266
train_tanh_laplace_002,0.20795891160562657,1.7650544797517576,0.12989105838573692,0.14389868523201857,0.030778920226863266,0.048474574254049364,0.15736949823282823,0.12,4.0,0.38798488625622485,0.7296472737876811,0.5063781595578769,0.1582740843888421,0.4483045803553739,0.011111111111111112,0.011111111111111112,0.26478305307029504,0.8468325008849313,0.34683250088493134,0.008423468176935565,0.029740690519931185,0.043055555555555555,0.11805555555555555,0.03263888888888889,0.7452819807017756,0.8,0.010008148744815148
train_tanh_laplace_003,0.26069644261220465,1.5688836260844785,0.16473144498669803,0.18292541732541734,0.03840686564789089,0.05205815506182691,0.19160003164234013,0.1,4.0,0.426277223774844,0.7247381842069025,0.45416098117929177,0.16503556879537315,0.24851922860849296,0.011111111111111112,0.022222222222222223,0.31146557415335957,0.8021592020785437,0.3021592020785437,0.014302725825440508,0.04105313037646167,0.062499999999999986,0.16666666666666666,0.03958333333333333,0.74107297192353,0.8888888888888888,0.011412195396866331
train_tanh_laplace_004,0.2804479754721506,2.3962517273148025,0.10746592985775671,0.11179993206659873,0.010518953452047727,0.027763494997310807,0.13689015011333341,0.08,4.0,0.4313977153328821,0.7594522654994766,0.5088174916980042,0.2202979249770569,0.4066507165614544,0.011111111111111112,0.011111111111111112,0.2868481649570913,0.8121280035749229,0.312128003574923,0.0020712984896815124,0.009820031298904538,0.01111111111111111,0.020833333333333332,0.00625,0.7263077780953981,0.7777777777777778,0.001826694749136215
train_tanh_laplace_005,0.13904607992200427,1.1578159703209885,0.22503343753379237,0.24440467800467802,0.04413020897488183,0.05581893847810181,0.16708934523533278,0.23,7.0,0.5334253799173774,0.5987081563147573,0.2822334794437366,0.06698688153216095,0.19106326338868282,0.022222222222222223,0.06666666666666667,0.40517812475105036,0.7378587277284169,0.2378587277284169,0.053532409346308,0.11556630693554767,0.12361111111111112,0.2986111111111111,0.11458333333333334,0.7397562091707799,1.0,0.02474346917540815
train_tanh_laplace_006,0.1965175259024447,2.1773848927268746,0.11234188686858328,0.12403399070065736,0.030667210808560275,0.042835298674426474,0.18119663079686454,0.12,6.0,0.4571352064832216,0.7061673204439268,0.4413033925480965,0.15242486057224985,0.3647532569762974,0.05555555555555555,0.07777777777777778,0.3070005955610748,0.8055690749645457,0.3055690749645456,0.010730893561181697,0.03076709570029416,0.05972222222222222,0.1388888888888889,0.04166666666666667,0.73468007083373,0.8222222222222222,0.008837979115487005
train_tanh_laplace_007,0.23622909459321076,1.7509726315068757,0.22472217081739854,0.24763682470349135,0.04943080422757053,0.06286872118911717,0.18509706776720267,0.15,5.0,0.429792272162493,0.7122273718134297,0.44336354296596614,0.20939727228281063,0.2762003799646501,0.022222222222222223,0.044444444444444446,0.33257154995432664,0.8110725858156098,0.31107258581561,0.0108087542173966,0.028762432509235582,0.054166666666666675,0.09722222222222222,0.04097222222222222,0.7310780619166183,0.8666666666666667,0.032493984595248326
train_tanh_laplace_008,0.282717784051519,1.4755388149572297,0.20353114936580424,0.21475483742150417,0.07150762359782428,0.08483529067795362,0.1712969087437356,0.08,4.0,0.24326473740708315,0.8157282658934133,0.6419960058396136,0.1760947189615192,0.6050168619304455,0.022222222222222223,0.022222222222222223,0.2023020742249239,0.9045446166670783,0.40454461666707825,0.009129231565961475,0.021033521389776568,0.030555555555555558,0.10416666666666667,0.021527777777777778,0.736837196565406,0.8666666666666667,0.023264033001426543
train_tanh_laplace_009,0.2625189935955078,1.3253537160112185,0.1691919326964813,0.1768740275406942,0.0670480934700389,0.0744179343623122,0.16219076447093522,0.1,3.0,0.46356249992270404,0.7372602203119263,0.46869471682447805,0.2097038566090615,0.36366769598988036,0.0,0.0,0.3101818491915285,0.7921120377012818,0.29211203770128197,0.005315997970195867,0.020989827856025038,0.02361111111111111,0.06944444444444445,0.02013888888888889,0.7502360605087248,0.7777777777777778,0.008267069584851128
train_tanh_student_t3_000,0.6032033250815467,11.503914453020158,0.13045618719398797,0.14717333063999732,0.05928534606191795,0.07828057482494316,0.32198014699089256,0.07,3.0,0.3183230709030538,0.7223476120211851,0.5440134919354672,0.2670725719013919,0.49747002796076145,0.011111111111111112,0.03333333333333333,0.20959046904942993,0.8673371460607185,0.36733714606071866,0.006946373407077394,0.021108316566063042,0.025,0.041666666666666664,0.020138888888888887,0.699676855976659,0.5555555555555556,0.020861567967621064
train_tanh_student_t3_001,1.4262960758114978,25.466114813450766,0.0963118089398632,0.12114209900876569,0.05806141440324396,0.09178137338068504,0.3225721772002617,0.09,4.0,0.47848494009093545,0.6970172150684949,0.44072560537309147,0.2627303234455282,0.3951982842788831,0.011111111111111112,0.022222222222222223,0.29856033380855557,0.7904139967550593,0.29041399675505936,0.006481544128966314,0.017146915308274772,0.02361111111111111,0.09722222222222222,0.02013888888888889,0.7046523156083246,0.7333333333333333,0.0033004074310775122
train_tanh_student_t3_002,1.0212764333027824,15.710616031034874,0.20493006564064234,0.23568956448956455,0.03608961080554339,0.065406142471684,0.26275881448615895,0.15,7.0,0.4208579887571651,0.7037131136638629,0.4319055749141797,0.1304791396112142,0.22404614895504682,0.011111111111111112,0.022222222222222223,0.3220989203523337,0.8103629770333116,0.3103629770333116,0.015243696082428803,0.04421289030002694,0.05694444444444443,0.06944444444444445,0.04097222222222222,0.6980366723551561,0.9111111111111111,0.020475328708264517
train_tanh_student_t3_003,3.3167649480453725,70.77678547049833,0.14827973293309593,0.2019971411906935,0.060319392401446854,0.13641952376602073,0.633539185440973,0.14,5.0,0.48838552253776046,0.687656051989721,0.3814915305336191,0.09469017029252151,0.2527727670442306,0.022222222222222223,0.07777777777777778,0.36154724263904614,0.776614206786703,0.27661420678670323,0.040803788759793014,0.08789852091642372,0.10972222222222221,0.1597222222222222,0.07013888888888889,0.6601310429027268,0.8888888888888888,0.0164110316284104
train_tanh_student_t3_004,1.231311877935798,22.52819418065582,0.18874996638840744,0.23304390211056877,0.05873514449702983,0.08935524716910785,0.32226048905376514,0.14,5.0,0.43533874581870374,0.6826986294540451,0.42255009875153565,0.13181421818157532,0.31193453934515886,0.0,0.0,0.3201053120894321,0.8099378466182692,0.3099378466182692,0.020080535672922374,0.053957548711069836,0.0625,0.1111111111111111,0.052083333333333336,0.6854714504598317,0.7555555555555555,0.02454533162796413
train_tanh_student_t3_005,0.7071012999154677,8.510755341937244,0.214701954192207,0.2467809977143311,0.0826151612948505,0.08312314281133303,0.21405077892505173,0.25,8.0,0.45658247281699343,0.6642442047631609,0.36030311900355655,0.06941451668803499,0.22333113983703812,0.0,0.07777777777777778,0.38923191847141947,0.7926811516410458,0.29268115164104547,0.06034015982079422,0.12404334459145325,0.14027777777777778,0.1597222222222222,0.10138888888888889,0.7009282232710957,0.9111111111111111,0.030530709807367162
train_tanh_student_t3_006,1.5193436102605122,23.809164398546855,0.11327306079249033,0.1326295443628777,0.016305082697473813,0.03584300544437409,0.22310211303317487,0.09,3.0,0.4196684832018873,0.7560849478835809,0.5032526597092813,0.21133699751467905,0.3738745928550148,0.0,0.022222222222222223,0.29039785713035693,0.8131456096310653,0.31314560963106525,0.004772945353373319,0.016744913928012518,0.02222222222222222,0.06944444444444445,0.018055555555555557,0.6792968967656576,0.8222222222222222,0.005900213476065286
train_tanh_student_t3_007,0.723752976331599,10.765625507093942,0.18032276018868315,0.21015359868693204,0.05447778483066408,0.07235992092000651,0.24386623767162657,0.15,5.0,0.42082974897154074,0.703114752169881,0.43613566400546067,0.17213919178702383,0.2908793852197986,0.0,0.03333333333333333,0.3372790049148059,0.8133658531926138,0.31336585319261384,0.013865855243309442,0.032474849094567396,0.04027777777777778,0.1388888888888889,0.038888888888888896,0.6942848609895496,0.9111111111111111,0.013683282408929354
train_tanh_student_t3_008,1.1177821522783187,20.036454680140032,0.1391294163474943,0.16136435656435658,0.03299239465191499,0.06522152205330659,0.40403916236775883,0.18,7.0,0.4609578605212155,0.6810368452688775,0.397176151587273,0.15867483847901492,0.2642372846966625,0.0,0.011111111111111112,0.3563656622326617,0.791739002718093,0.29173900271809305,0.015807758537903227,0.045058126536999775,0.04861111111111112,0.1875,0.05347222222222222,0.6969441961534256,0.8,0.00795807984619179
train_tanh_student_t3_009,1.906283884201318,38.56011616663196,0.15773857456178617,0.19228684508684507,0.057867367496092705,0.057378262443278316,0.18729466002541775,0.17,6.0,0.45669113637284753,0.6728229194553309,0.38011784693394646,0.10713029876095434,0.22977259550276552,0.011111111111111112,0.022222222222222223,0.3670876055503824,0.7831839796271347,0.2831839796271347,0.02156596601291931,0.058632875685485454,0.06805555555555555,0.2569444444444444,0.06666666666666668,0.6854658929237747,0.8888888888888888,0.02047051501038588
train_tanh_student_t8_000,0.2174728626396155,1.0227264334413917,0.1117411079990996,0.11968471781805118,0.017400135122096178,0.036248087884928476,0.13452552383145452,0.13,6.0,0.4752157631827726,0.6673069402651256,0.4079970988927013,0.12768142897911428,0.35064958870799573,0.011111111111111112,0.022222222222222223,0.31151032412993296,0.7980422872465875,0.29804228724658743,0.019863130958352418,0.05076310266240895,0.06388888888888888,0.09722222222222222,0.040972222222222215,0.7733753191109444,0.8666666666666667,0.006241609076461874
train_tanh_student_t8_001,0.15027931227626287,0.41435826523854624,0.22867633022292239,0.2433574260240927,0.05027665876386156,0.06809870230587338,0.17706798768965698,0.11,4.0,0.3653260300481058,0.7693571829208242,0.5543445994173475,0.17630322062410264,0.5247801486260021,0.0,0.011111111111111112,0.25335819090756395,0.8621713762972454,0.3621713762972454,0.009506800279492605,0.031010531789772457,0.05,0.09027777777777778,0.02986111111111111,0.7633490724587522,0.8,0.03606713059673772
train_tanh_student_t8_002,0.19899232856931198,1.0871842050513976,0.14869181966788922,0.15633881873881875,0.024523362625207042,0.03682774446113664,0.15126892088196214,0.14,7.0,0.47979412923184317,0.6755706379574368,0.3857330245512826,0.11375212149347126,0.25802542193775807,0.011111111111111112,0.044444444444444446,0.34233921204317996,0.7770278780203629,0.2770278780203629,0.01085711890845529,0.03477644672222108,0.04722222222222222,0.16666666666666666,0.04861111111111111,0.7570278413832179,0.8888888888888888,0.01940543835810049
train_tanh_student_t8_003,0.13530070239171016,0.7514046095125207,0.0981074592422245,0.10323889550556219,0.001469282429959746,0.015350191821591346,0.11189233898224203,0.09,3.0,0.4358017790095124,0.7570765274739749,0.5124302014121456,0.21256638386178273,0.4541536828337754,0.011111111111111112,0.022222222222222223,0.2778335416596011,0.8168746742569529,0.31687467425695304,0.009005052607930216,0.029521014978761452,0.03333333333333334,0.08333333333333333,0.020833333333333336,0.7840384501873902,0.8444444444444444,0.00010457743357616955
train_tanh_student_t8_004,0.13250701101849666,0.6188043425841562,0.14542326251711565,0.15171176957843627,0.038291295458910204,0.06117022677735782,0.18686570012301768,0.13,5.0,0.49359955550531476,0.6953416760472194,0.40358126655480636,0.16139837718350517,0.2631124008181899,0.0,0.03333333333333333,0.3382196262593767,0.7779025468309337,0.27790254683093357,0.010579022025022929,0.03832376612616878,0.055555555555555546,0.0625,0.035416666666666666,0.7722232450930809,0.7777777777777778,0.015969940533604454
train_tanh_student_t8_005,0.1454576640895387,0.3869081919781267,0.3083408010430457,0.3277784824451491,0.04786879418788334,0.04912789119321679,0.11573624667806957,0.18,8.0,0.5000706249849652,0.6404969896381901,0.32969175974263476,0.0916676489212184,0.19490438834499482,0.0,0.06666666666666667,0.38062636863886845,0.7589088137771122,0.25890881377711233,0.03117714719654788,0.08048642883499926,0.08888888888888888,0.2708333333333333,0.09305555555555556,0.7604795252219309,0.8222222222222222,0.03753632081847014
train_tanh_student_t8_006,0.14582618624995392,0.6478646127203473,0.21288031841687247,0.22947863694530363,0.05666588450989467,0.06783432131057233,0.16564486618593594,0.19,9.0,0.5369594248484305,0.6133476222540758,0.2895347056462071,0.07887501351397772,0.18609026245243543,0.03333333333333333,0.044444444444444446,0.4085195752157825,0.7324323243983852,0.23243232439838518,0.04153384149061866,0.06574258222595818,0.07222222222222222,0.19444444444444445,0.07083333333333333,0.7644688659263191,0.9333333333333333,0.03464570264556732
train_tanh_student_t8_007,0.2203387988413013,1.073092965451704,0.18809080791584393,0.20273441313441312,0.027147476639602097,0.050216930257077255,0.15291438656194903,0.21,11.0,0.526674724380981,0.6276522894484168,0.2992332270194387,0.04421542650600328,0.1992961078272125,0.05555555555555555,0.1111111111111111,0.4111418415117435,0.748244013937352,0.2482440139373519,0.03625483288490056,0.08191713788537852,0.11666666666666667,0.19444444444444445,0.08958333333333333,0.7541925078582201,0.9111111111111111,0.029396103743039248
train_tanh_student_t8_008,0.13506342658761755,0.6183770547069706,0.15829366955026014,0.16905644345644347,0.017576666260560366,0.0315030627822785,0.12709478069188496,0.1,4.0,0.4848800574078596,0.70182296987709,0.4216958038935731,0.18458916761143715,0.29165683764743117,0.011111111111111112,0.03333333333333333,0.32109364713071387,0.7783674806529894,0.2783674806529894,0.0053885251097216215,0.015593561368209257,0.018055555555555554,0.10416666666666667,0.01875,0.7619267780441695,0.8666666666666667,0.02029851447001063
train_tanh_student_t8_009,0.1780840797503646,0.7494617205056853,0.16410771026325172,0.176724607657941,0.03902499078470376,0.056285563653578716,0.1851547001837,0.09,3.0,0.4310774923071465,0.7353962326485967,0.4831003641615011,0.1970171510413755,0.3496680266799368,0.0,0.022222222222222223,0.28970301943468413,0.8128533756050135,0.3128533756050136,0.007881460317576845,0.022596132349653474,0.03194444444444445,0.09027777777777778,0.02361111111111111,0.7719462155424641,0.7555555555555555,0.01846681210284551
