task_id,split,domain,mechanism,noise,task_index,graph_seed,N,D,lambda,generator_mechanism,dataset_path,full_raw_path,source
train_linear_laplace_000,train,linear_laplace,linear,laplace,0,400000,1000,10,0.0,rff,gate3c_final_topic_decision/cache/datasets/train_linear_laplace_000.npz,gate3c_final_topic_decision/cache/raw_predictions/train_linear_laplace_000.npz,gate3c_cache
train_linear_laplace_001,train,linear_laplace,linear,laplace,1,400001,1000,10,0.0,rff,gate3c_final_topic_decision/cache/datasets/train_linear_laplace_001.npz,gate3c_final_topic_decision/cache/raw_predictions/train_linear_laplace_001.npz,gate3c_cache
train_linear_laplace_002,train,linear_laplace,linear,laplace,2,400002,1000,10,0.0,rff,gate3c_final_topic_decision/cache/datasets/train_linear_laplace_002.npz,gate3c_final_topic_decision/cache/raw_predictions/train_linear_laplace_002.npz,gate3c_cache
train_linear_laplace_003,train,linear_laplace,linear,laplace,3,400003,1000,10,0.0,rff,gate3c_final_topic_decision/cache/datasets/train_linear_laplace_003.npz,gate3c_final_topic_decision/cache/raw_predictions/train_linear_laplace_003.npz,gate3c_cache
train_linear_laplace_004,train,linear_laplace,linear,laplace,4,400004,1000,10,0.0,rff,gate3c_final_topic_decision/cache/datasets/train_linear_laplace_004.npz,gate3c_final_topic_decision/cache/raw_predictions/train_linear_laplace_004.npz,gate3c_cache
train_linear_laplace_005,train,linear_laplace,linear,laplace,5,400005,1000,10,0.0,rff,gate3c_final_topic_decision/cache/datasets/train_linear_laplace_005.npz,gate3c_final_topic_decision/cache/raw_predictions/train_linear_laplace_005.npz,gate3c_cache
train_linear_laplace_006,train,linear_laplace,linear,laplace,6,400006,1000,10,0.0,rff,gate3c_final_topic_decision/cache/datasets/train_linear_laplace_006.npz,gate3c_final_topic_decision/cache/raw_predictions/train_linear_laplace_006.npz,gate3c_cache
train_linear_laplace_007,train,linear_laplace,linear,laplace,7,400007,1000,10,0.0,rff,gate3c_final_topic_decision/cache/datasets/train_linear_laplace_007.npz,gate3c_final_topic_decision/cache/raw_predictions/train_linear_laplace_007.npz,gate3c_cache
train_linear_laplace_008,train,linear_laplace,linear,laplace,8,400008,1000,10,0.0,rff,gate3c_final_topic_decision/cache/datasets/train_linear_laplace_008.npz,gate3c_final_topic_decision/cache/raw_predictions/train_linear_laplace_008.npz,gate3c_cache
train_linear_laplace_009,train,linear_laplace,linear,laplace,9,400009,1000,10,0.0,rff,gate3c_final_topic_decision/cache/datasets/train_linear_laplace_009.npz,gate3c_final_topic_decision/cache/raw_predictions/train_linear_laplace_009.npz,gate3c_cache
train_linear_gaussian_000,train,linear_gaussian,linear,gaussian,0,400010,1000,10,0.0,rff,gate3c_final_topic_decision/cache/datasets/train_linear_gaussian_000.npz,gate3c_final_topic_decision/cache/raw_predictions/train_linear_gaussian_000.npz,gate3c_cache
train_linear_gaussian_001,train,linear_gaussian,linear,gaussian,1,400011,1000,10,0.0,rff,gate3c_final_topic_decision/cache/datasets/train_linear_gaussian_001.npz,gate3c_final_topic_decision/cache/raw_predictions/train_linear_gaussian_001.npz,gate3c_cache
train_linear_gaussian_002,train,linear_gaussian,linear,gaussian,2,400012,1000,10,0.0,rff,gate3c_final_topic_decision/cache/datasets/train_linear_gaussian_002.npz,gate3c_final_topic_decision/cache/raw_predictions/train_linear_gaussian_002.npz,gate3c_cache
train_linear_gaussian_003,train,linear_gaussian,linear,gaussian,3,400013,1000,10,0.0,rff,gate3c_final_topic_decision/cache/datasets/train_linear_gaussian_003.npz,gate3c_final_topic_decision/cache/raw_predictions/train_linear_gaussian_003.npz,gate3c_cache
train_linear_gaussian_004,train,linear_gaussian,linear,gaussian,4,400014,1000,10,0.0,rff,gate3c_final_topic_decision/cache/datasets/train_linear_gaussian_004.npz,gate3c_final_topic_decision/cache/raw_predictions/train_linear_gaussian_004.npz,gate3c_cache
train_linear_gaussian_005,train,linear_gaussian,linear,gaussian,5,400015,1000,10,0.0,rff,gate3c_final_topic_decision/cache/datasets/train_linear_gaussian_005.npz,gate3c_final_topic_decision/cache/raw_predictions/train_linear_gaussian_005.npz,gate3c_cache
train_linear_gaussian_006,train,linear_gaussian,linear,gaussian,6,400016,1000,10,0.0,rff,gate3c_final_topic_decision/cache/datasets/train_linear_gaussian_006.npz,gate3c_final_topic_decision/cache/raw_predictions/train_linear_gaussian_006.npz,gate3c_cache
train_linear_gaussian_007,train,linear_gaussian,linear,gaussian,7,400017,1000,10,0.0,rff,gate3c_final_topic_decision/cache/datasets/train_linear_gaussian_007.npz,gate3c_final_topic_decision/cache/raw_predictions/train_linear_gaussian_007.npz,gate3c_cache
train_linear_gaussian_008,train,linear_gaussian,linear,gaussian,8,400018,1000,10,0.0,rff,gate3c_final_topic_decision/cache/datasets/train_linear_gaussian_008.npz,gate3c_final_topic_decision/cache/raw_predictions/train_linear_gaussian_008.npz,gate3c_cache
train_linear_gaussian_009,train,linear_gaussian,linear,gaussian,9,400019,1000,10,0.0,rff,gate3c_final_topic_decision/cache/datasets/train_linear_gaussian_009.npz,gate3c_final_topic_decision/cache/raw_predictions/train_linear_gaussian_009.npz,gate3c_cache
train_linear_student_t8_000,train,linear_student_t8,linear,student_t8,0,400020,1000,10,0.0,rff,gate3c_final_topic_decision/cache/datasets/train_linear_student_t8_000.npz,gate3c_final_topic_decision/cache/raw_predictions/train_linear_student_t8_000.npz,gate3c_cache
train_linear_student_t8_001,train,linear_student_t8,linear,student_t8,1,400021,1000,10,0.0,rff,gate3c_final_topic_decision/cache/datasets/train_linear_student_t8_001.npz,gate3c_final_topic_decision/cache/raw_predictions/train_linear_student_t8_001.npz,gate3c_cache
train_linear_student_t8_002,train,linear_student_t8,linear,student_t8,2,400022,1000,10,0.0,rff,gate3c_final_topic_decision/cache/datasets/train_linear_student_t8_002.npz,gate3c_final_topic_decision/cache/raw_predictions/train_linear_student_t8_002.npz,gate3c_cache
train_linear_student_t8_003,train,linear_student_t8,linear,student_t8,3,400023,1000,10,0.0,rff,gate3c_final_topic_decision/cache/datasets/train_linear_student_t8_003.npz,gate3c_final_topic_decision/cache/raw_predictions/train_linear_student_t8_003.npz,gate3c_cache
train_linear_student_t8_004,train,linear_student_t8,linear,student_t8,4,400024,1000,10,0.0,rff,gate3c_final_topic_decision/cache/datasets/train_linear_student_t8_004.npz,gate3c_final_topic_decision/cache/raw_predictions/train_linear_student_t8_004.npz,gate3c_cache
train_linear_student_t8_005,train,linear_student_t8,linear,student_t8,5,400025,1000,10,0.0,rff,gate3c_final_topic_decision/cache/datasets/train_linear_student_t8_005.npz,gate3c_final_topic_decision/cache/raw_predictions/train_linear_student_t8_005.npz,gate3c_cache
train_linear_student_t8_006,train,linear_student_t8,linear,student_t8,6,400026,1000,10,0.0,rff,gate3c_final_topic_decision/cache/datasets/train_linear_student_t8_006.npz,gate3c_final_topic_decision/cache/raw_predictions/train_linear_student_t8_006.npz,gate3c_cache
train_linear_student_t8_007,train,linear_student_t8,linear,student_t8,7,400027,1000,10,0.0,rff,gate3c_final_topic_decision/cache/datasets/train_linear_student_t8_007.npz,gate3c_final_topic_decision/cache/raw_predictions/train_linear_student_t8_007.npz,gate3c_cache
train_linear_student_t8_008,train,linear_student_t8,linear,student_t8,8,400028,1000,10,0.0,rff,gate3c_final_topic_decision/cache/datasets/train_linear_student_t8_008.npz,gate3c_final_topic_decision/cache/raw_predictions/train_linear_student_t8_008.npz,gate3c_cache
train_linear_student_t8_009,train,linear_student_t8,linear,student_t8,9,400029,1000,10,0.0,rff,gate3c_final_topic_decision/cache/datasets/train_linear_student_t8_009.npz,gate3c_final_topic_decision/cache/raw_predictions/train_linear_student_t8_009.npz,gate3c_cache
train_linear_student_t3_000,train,linear_student_t3,linear,student_t3,0,400030,1000,10,0.0,rff,gate3c_final_topic_decision/cache/datasets/train_linear_student_t3_000.npz,gate3c_final_topic_decision/cache/raw_predictions/train_linear_student_t3_000.npz,gate3c_cache
train_linear_student_t3_001,train,linear_student_t3,linear,student_t3,1,400031,1000,10,0.0,rff,gate3c_final_topic_decision/cache/datasets/train_linear_student_t3_001.npz,gate3c_final_topic_decision/cache/raw_predictions/train_linear_student_t3_001.npz,gate3c_cache
train_linear_student_t3_002,train,linear_student_t3,linear,student_t3,2,400032,1000,10,0.0,rff,gate3c_final_topic_decision/cache/datasets/train_linear_student_t3_002.npz,gate3c_final_topic_decision/cache/raw_predictions/train_linear_student_t3_002.npz,gate3c_cache
train_linear_student_t3_003,train,linear_student_t3,linear,student_t3,3,400033,1000,10,0.0,rff,gate3c_final_topic_decision/cache/datasets/train_linear_student_t3_003.npz,gate3c_final_topic_decision/cache/raw_predictions/train_linear_student_t3_003.npz,gate3c_cache
train_linear_student_t3_004,train,linear_student_t3,linear,student_t3,4,400034,1000,10,0.0,rff,gate3c_final_topic_decision/cache/datasets/train_linear_student_t3_004.npz,gate3c_final_topic_decision/cache/raw_predictions/train_linear_student_t3_004.npz,gate3c_cache
train_linear_student_t3_005,train,linear_student_t3,linear,student_t3,5,400035,1000,10,0.0,rff,gate3c_final_topic_decision/cache/datasets/train_linear_student_t3_005.npz,gate3c_final_topic_decision/cache/raw_predictions/train_linear_student_t3_005.npz,gate3c_cache
train_linear_student_t3_006,train,linear_student_t3,linear,student_t3,6,400036,1000,10,0.0,rff,gate3c_final_topic_decision/cache/datasets/train_linear_student_t3_006.npz,gate3c_final_topic_decision/cache/raw_predictions/train_linear_student_t3_006.npz,gate3c_cache
train_linear_student_t3_007,train,linear_student_t3,linear,student_t3,7,400037,1000,10,0.0,rff,gate3c_final_topic_decision/cache/datasets/train_linear_student_t3_007.npz,gate3c_final_topic_decision/cache/raw_predictions/train_linear_student_t3_007.npz,gate3c_cache
train_linear_student_t3_008,train,linear_student_t3,linear,student_t3,8,400038,1000,10,0.0,rff,gate3c_final_topic_decision/cache/datasets/train_linear_student_t3_008.npz,gate3c_final_topic_decision/cache/raw_predictions/train_linear_student_t3_008.npz,gate3c_cache
train_linear_student_t3_009,train,linear_student_t3,linear,student_t3,9,400039,1000,10,0.0,rff,gate3c_final_topic_decision/cache/datasets/train_linear_student_t3_009.npz,gate3c_final_topic_decision/cache/raw_predictions/train_linear_student_t3_009.npz,gate3c_cache
train_tanh_laplace_000,train,tanh_laplace,tanh,laplace,0,400040,1000,10,1.0,tanh,gate3c_final_topic_decision/cache/datasets/train_tanh_laplace_000.npz,gate3c_final_topic_decision/cache/raw_predictions/train_tanh_laplace_000.npz,gate3c_cache
train_tanh_laplace_001,train,tanh_laplace,tanh,laplace,1,400041,1000,10,1.0,tanh,gate3c_final_topic_decision/cache/datasets/train_tanh_laplace_001.npz,gate3c_final_topic_decision/cache/raw_predictions/train_tanh_laplace_001.npz,gate3c_cache
train_tanh_laplace_002,train,tanh_laplace,tanh,laplace,2,400042,1000,10,1.0,tanh,gate3c_final_topic_decision/cache/datasets/train_tanh_laplace_002.npz,gate3c_final_topic_decision/cache/raw_predictions/train_tanh_laplace_002.npz,gate3c_cache
train_tanh_laplace_003,train,tanh_laplace,tanh,laplace,3,400043,1000,10,1.0,tanh,gate3c_final_topic_decision/cache/datasets/train_tanh_laplace_003.npz,gate3c_final_topic_decision/cache/raw_predictions/train_tanh_laplace_003.npz,gate3c_cache
train_tanh_laplace_004,train,tanh_laplace,tanh,laplace,4,400044,1000,10,1.0,tanh,gate3c_final_topic_decision/cache/datasets/train_tanh_laplace_004.npz,gate3c_final_topic_decision/cache/raw_predictions/train_tanh_laplace_004.npz,gate3c_cache
train_tanh_laplace_005,train,tanh_laplace,tanh,laplace,5,400045,1000,10,1.0,tanh,gate3c_final_topic_decision/cache/datasets/train_tanh_laplace_005.npz,gate3c_final_topic_decision/cache/raw_predictions/train_tanh_laplace_005.npz,gate3c_cache
train_tanh_laplace_006,train,tanh_laplace,tanh,laplace,6,400046,1000,10,1.0,tanh,gate3c_final_topic_decision/cache/datasets/train_tanh_laplace_006.npz,gate3c_final_topic_decision/cache/raw_predictions/train_tanh_laplace_006.npz,gate3c_cache
train_tanh_laplace_007,train,tanh_laplace,tanh,laplace,7,400047,1000,10,1.0,tanh,gate3c_final_topic_decision/cache/datasets/train_tanh_laplace_007.npz,gate3c_final_topic_decision/cache/raw_predictions/train_tanh_laplace_007.npz,gate3c_cache
train_tanh_laplace_008,train,tanh_laplace,tanh,laplace,8,400048,1000,10,1.0,tanh,gate3c_final_topic_decision/cache/datasets/train_tanh_laplace_008.npz,gate3c_final_topic_decision/cache/raw_predictions/train_tanh_laplace_008.npz,gate3c_cache
train_tanh_laplace_009,train,tanh_laplace,tanh,laplace,9,400049,1000,10,1.0,tanh,gate3c_final_topic_decision/cache/datasets/train_tanh_laplace_009.npz,gate3c_final_topic_decision/cache/raw_predictions/train_tanh_laplace_009.npz,gate3c_cache
train_tanh_gaussian_000,train,tanh_gaussian,tanh,gaussian,0,400050,1000,10,1.0,tanh,gate3c_final_topic_decision/cache/datasets/train_tanh_gaussian_000.npz,gate3c_final_topic_decision/cache/raw_predictions/train_tanh_gaussian_000.npz,gate3c_cache
train_tanh_gaussian_001,train,tanh_gaussian,tanh,gaussian,1,400051,1000,10,1.0,tanh,gate3c_final_topic_decision/cache/datasets/train_tanh_gaussian_001.npz,gate3c_final_topic_decision/cache/raw_predictions/train_tanh_gaussian_001.npz,gate3c_cache
train_tanh_gaussian_002,train,tanh_gaussian,tanh,gaussian,2,400052,1000,10,1.0,tanh,gate3c_final_topic_decision/cache/datasets/train_tanh_gaussian_002.npz,gate3c_final_topic_decision/cache/raw_predictions/train_tanh_gaussian_002.npz,gate3c_cache
train_tanh_gaussian_003,train,tanh_gaussian,tanh,gaussian,3,400053,1000,10,1.0,tanh,gate3c_final_topic_decision/cache/datasets/train_tanh_gaussian_003.npz,gate3c_final_topic_decision/cache/raw_predictions/train_tanh_gaussian_003.npz,gate3c_cache
train_tanh_gaussian_004,train,tanh_gaussian,tanh,gaussian,4,400054,1000,10,1.0,tanh,gate3c_final_topic_decision/cache/datasets/train_tanh_gaussian_004.npz,gate3c_final_topic_decision/cache/raw_predictions/train_tanh_gaussian_004.npz,gate3c_cache
train_tanh_gaussian_005,train,tanh_gaussian,tanh,gaussian,5,400055,1000,10,1.0,tanh,gate3c_final_topic_decision/cache/datasets/train_tanh_gaussian_005.npz,gate3c_final_topic_decision/cache/raw_predictions/train_tanh_gaussian_005.npz,gate3c_cache
train_tanh_gaussian_006,train,tanh_gaussian,tanh,gaussian,6,400056,1000,10,1.0,tanh,gate3c_final_topic_decision/cache/datasets/train_tanh_gaussian_006.npz,gate3c_final_topic_decision/cache/raw_predictions/train_tanh_gaussian_006.npz,gate3c_cache
train_tanh_gaussian_007,train,tanh_gaussian,tanh,gaussian,7,400057,1000,10,1.0,tanh,gate3c_final_topic_decision/cache/datasets/train_tanh_gaussian_007.npz,gate3c_final_topic_decision/cache/raw_predictions/train_tanh_gaussian_007.npz,gate3c_cache
train_tanh_gaussian_008,train,tanh_gaussian,tanh,gaussian,8,400058,1000,10,1.0,tanh,gate3c_final_topic_decision/cache/datasets/train_tanh_gaussian_008.npz,gate3c_final_topic_decision/cache/raw_predictions/train_tanh_gaussian_008.npz,gate3c_cache
train_tanh_gaussian_009,train,tanh_gaussian,tanh,gaussian,9,400059,1000,10,1.0,tanh,gate3c_final_topic_decision/cache/datasets/train_tanh_gaussian_009.npz,gate3c_final_topic_decision/cache/raw_predictions/train_tanh_gaussian_009.npz,gate3c_cache
train_tanh_student_t8_000,train,tanh_student_t8,tanh,student_t8,0,400060,1000,10,1.0,tanh,gate3c_final_topic_decision/cache/datasets/train_tanh_student_t8_000.npz,gate3c_final_topic_decision/cache/raw_predictions/train_tanh_student_t8_000.npz,gate3c_cache
train_tanh_student_t8_001,train,tanh_student_t8,tanh,student_t8,1,400061,1000,10,1.0,tanh,gate3c_final_topic_decision/cache/datasets/train_tanh_student_t8_001.npz,gate3c_final_topic_decision/cache/raw_predictions/train_tanh_student_t8_001.npz,gate3c_cache
train_tanh_student_t8_002,train,tanh_student_t8,tanh,student_t8,2,400062,1000,10,1.0,tanh,gate3c_final_topic_decision/cache/datasets/train_tanh_student_t8_002.npz,gate3c_final_topic_decision/cache/raw_predictions/train_tanh_student_t8_002.npz,gate3c_cache
train_tanh_student_t8_003,train,tanh_student_t8,tanh,student_t8,3,400063,1000,10,1.0,tanh,gate3c_final_topic_decision/cache/datasets/train_tanh_student_t8_003.npz,gate3c_final_topic_decision/cache/raw_predictions/train_tanh_student_t8_003.npz,gate3c_cache
train_tanh_student_t8_004,train,tanh_student_t8,tanh,student_t8,4,400064,1000,10,1.0,tanh,gate3c_final_topic_decision/cache/datasets/train_tanh_student_t8_004.npz,gate3c_final_topic_decision/cache/raw_predictions/train_tanh_student_t8_004.npz,gate3c_cache
train_tanh_student_t8_005,train,tanh_student_t8,tanh,student_t8,5,400065,1000,10,1.0,tanh,gate3c_final_topic_decision/cache/datasets/train_tanh_student_t8_005.npz,gate3c_final_topic_decision/cache/raw_predictions/train_tanh_student_t8_005.npz,gate3c_cache
train_tanh_student_t8_006,train,tanh_student_t8,tanh,student_t8,6,400066,1000,10,1.0,tanh,gate3c_final_topic_decision/cache/datasets/train_tanh_student_t8_006.npz,gate3c_final_topic_decision/cache/raw_predictions/train_tanh_student_t8_006.npz,gate3c_cache
train_tanh_student_t8_007,train,tanh_student_t8,tanh,student_t8,7,400067,1000,10,1.0,tanh,gate3c_final_topic_decision/cache/datasets/train_tanh_student_t8_007.npz,gate3c_final_topic_decision/cache/raw_predictions/train_tanh_student_t8_007.npz,gate3c_cache
train_tanh_student_t8_008,train,tanh_student_t8,tanh,student_t8,8,400068,1000,10,1.0,tanh,gate3c_final_topic_decision/cache/datasets/train_tanh_student_t8_008.npz,gate3c_final_topic_decision/cache/raw_predictions/train_tanh_student_t8_008.npz,gate3c_cache
train_tanh_student_t8_009,train,tanh_student_t8,tanh,student_t8,9,400069,1000,10,1.0,tanh,gate3c_final_topic_decision/cache/datasets/train_tanh_student_t8_009.npz,gate3c_final_topic_decision/cache/raw_predictions/train_tanh_student_t8_009.npz,gate3c_cache
train_tanh_student_t3_000,train,tanh_student_t3,tanh,student_t3,0,400070,1000,10,1.0,tanh,gate3c_final_topic_decision/cache/datasets/train_tanh_student_t3_000.npz,gate3c_final_topic_decision/cache/raw_predictions/train_tanh_student_t3_000.npz,gate3c_cache
train_tanh_student_t3_001,train,tanh_student_t3,tanh,student_t3,1,400071,1000,10,1.0,tanh,gate3c_final_topic_decision/cache/datasets/train_tanh_student_t3_001.npz,gate3c_final_topic_decision/cache/raw_predictions/train_tanh_student_t3_001.npz,gate3c_cache
train_tanh_student_t3_002,train,tanh_student_t3,tanh,student_t3,2,400072,1000,10,1.0,tanh,gate3c_final_topic_decision/cache/datasets/train_tanh_student_t3_002.npz,gate3c_final_topic_decision/cache/raw_predictions/train_tanh_student_t3_002.npz,gate3c_cache
train_tanh_student_t3_003,train,tanh_student_t3,tanh,student_t3,3,400073,1000,10,1.0,tanh,gate3c_final_topic_decision/cache/datasets/train_tanh_student_t3_003.npz,gate3c_final_topic_decision/cache/raw_predictions/train_tanh_student_t3_003.npz,gate3c_cache
train_tanh_student_t3_004,train,tanh_student_t3,tanh,student_t3,4,400074,1000,10,1.0,tanh,gate3c_final_topic_decision/cache/datasets/train_tanh_student_t3_004.npz,gate3c_final_topic_decision/cache/raw_predictions/train_tanh_student_t3_004.npz,gate3c_cache
train_tanh_student_t3_005,train,tanh_student_t3,tanh,student_t3,5,400075,1000,10,1.0,tanh,gate3c_final_topic_decision/cache/datasets/train_tanh_student_t3_005.npz,gate3c_final_topic_decision/cache/raw_predictions/train_tanh_student_t3_005.npz,gate3c_cache
train_tanh_student_t3_006,train,tanh_student_t3,tanh,student_t3,6,400076,1000,10,1.0,tanh,gate3c_final_topic_decision/cache/datasets/train_tanh_student_t3_006.npz,gate3c_final_topic_decision/cache/raw_predictions/train_tanh_student_t3_006.npz,gate3c_cache
train_tanh_student_t3_007,train,tanh_student_t3,tanh,student_t3,7,400077,1000,10,1.0,tanh,gate3c_final_topic_decision/cache/datasets/train_tanh_student_t3_007.npz,gate3c_final_topic_decision/cache/raw_predictions/train_tanh_student_t3_007.npz,gate3c_cache
train_tanh_student_t3_008,train,tanh_student_t3,tanh,student_t3,8,400078,1000,10,1.0,tanh,gate3c_final_topic_decision/cache/datasets/train_tanh_student_t3_008.npz,gate3c_final_topic_decision/cache/raw_predictions/train_tanh_student_t3_008.npz,gate3c_cache
train_tanh_student_t3_009,train,tanh_student_t3,tanh,student_t3,9,400079,1000,10,1.0,tanh,gate3c_final_topic_decision/cache/datasets/train_tanh_student_t3_009.npz,gate3c_final_topic_decision/cache/raw_predictions/train_tanh_student_t3_009.npz,gate3c_cache
train_rff_laplace_000,train,rff_laplace,rff,laplace,0,400080,1000,10,1.0,rff,gate3c_final_topic_decision/cache/datasets/train_rff_laplace_000.npz,gate3c_final_topic_decision/cache/raw_predictions/train_rff_laplace_000.npz,gate3c_cache
train_rff_laplace_001,train,rff_laplace,rff,laplace,1,400081,1000,10,1.0,rff,gate3c_final_topic_decision/cache/datasets/train_rff_laplace_001.npz,gate3c_final_topic_decision/cache/raw_predictions/train_rff_laplace_001.npz,gate3c_cache
train_rff_laplace_002,train,rff_laplace,rff,laplace,2,400082,1000,10,1.0,rff,gate3c_final_topic_decision/cache/datasets/train_rff_laplace_002.npz,gate3c_final_topic_decision/cache/raw_predictions/train_rff_laplace_002.npz,gate3c_cache
train_rff_laplace_003,train,rff_laplace,rff,laplace,3,400083,1000,10,1.0,rff,gate3c_final_topic_decision/cache/datasets/train_rff_laplace_003.npz,gate3c_final_topic_decision/cache/raw_predictions/train_rff_laplace_003.npz,gate3c_cache
train_rff_laplace_004,train,rff_laplace,rff,laplace,4,400084,1000,10,1.0,rff,gate3c_final_topic_decision/cache/datasets/train_rff_laplace_004.npz,gate3c_final_topic_decision/cache/raw_predictions/train_rff_laplace_004.npz,gate3c_cache
train_rff_laplace_005,train,rff_laplace,rff,laplace,5,400085,1000,10,1.0,rff,gate3c_final_topic_decision/cache/datasets/train_rff_laplace_005.npz,gate3c_final_topic_decision/cache/raw_predictions/train_rff_laplace_005.npz,gate3c_cache
train_rff_laplace_006,train,rff_laplace,rff,laplace,6,400086,1000,10,1.0,rff,gate3c_final_topic_decision/cache/datasets/train_rff_laplace_006.npz,gate3c_final_topic_decision/cache/raw_predictions/train_rff_laplace_006.npz,gate3c_cache
train_rff_laplace_007,train,rff_laplace,rff,laplace,7,400087,1000,10,1.0,rff,gate3c_final_topic_decision/cache/datasets/train_rff_laplace_007.npz,gate3c_final_topic_decision/cache/raw_predictions/train_rff_laplace_007.npz,gate3c_cache
train_rff_laplace_008,train,rff_laplace,rff,laplace,8,400088,1000,10,1.0,rff,gate3c_final_topic_decision/cache/datasets/train_rff_laplace_008.npz,gate3c_final_topic_decision/cache/raw_predictions/train_rff_laplace_008.npz,gate3c_cache
train_rff_laplace_009,train,rff_laplace,rff,laplace,9,400089,1000,10,1.0,rff,gate3c_final_topic_decision/cache/datasets/train_rff_laplace_009.npz,gate3c_final_topic_decision/cache/raw_predictions/train_rff_laplace_009.npz,gate3c_cache
train_rff_gaussian_000,train,rff_gaussian,rff,gaussian,0,400090,1000,10,1.0,rff,gate3c_final_topic_decision/cache/datasets/train_rff_gaussian_000.npz,gate3c_final_topic_decision/cache/raw_predictions/train_rff_gaussian_000.npz,gate3c_cache
train_rff_gaussian_001,train,rff_gaussian,rff,gaussian,1,400091,1000,10,1.0,rff,gate3c_final_topic_decision/cache/datasets/train_rff_gaussian_001.npz,gate3c_final_topic_decision/cache/raw_predictions/train_rff_gaussian_001.npz,gate3c_cache
train_rff_gaussian_002,train,rff_gaussian,rff,gaussian,2,400092,1000,10,1.0,rff,gate3c_final_topic_decision/cache/datasets/train_rff_gaussian_002.npz,gate3c_final_topic_decision/cache/raw_predictions/train_rff_gaussian_002.npz,gate3c_cache
train_rff_gaussian_003,train,rff_gaussian,rff,gaussian,3,400093,1000,10,1.0,rff,gate3c_final_topic_decision/cache/datasets/train_rff_gaussian_003.npz,gate3c_final_topic_decision/cache/raw_predictions/train_rff_gaussian_003.npz,gate3c_cache
train_rff_gaussian_004,train,rff_gaussian,rff,gaussian,4,400094,1000,10,1.0,rff,gate3c_final_topic_decision/cache/datasets/train_rff_gaussian_004.npz,gate3c_final_topic_decision/cache/raw_predictions/train_rff_gaussian_004.npz,gate3c_cache
train_rff_gaussian_005,train,rff_gaussian,rff,gaussian,5,400095,1000,10,1.0,rff,gate3c_final_topic_decision/cache/datasets/train_rff_gaussian_005.npz,gate3c_final_topic_decision/cache/raw_predictions/train_rff_gaussian_005.npz,gate3c_cache
train_rff_gaussian_006,train,rff_gaussian,rff,gaussian,6,400096,1000,10,1.0,rff,gate3c_final_topic_decision/cache/datasets/train_rff_gaussian_006.npz,gate3c_final_topic_decision/cache/raw_predictions/train_rff_gaussian_006.npz,gate3c_cache
train_rff_gaussian_007,train,rff_gaussian,rff,gaussian,7,400097,1000,10,1.0,rff,gate3c_final_topic_decision/cache/datasets/train_rff_gaussian_007.npz,gate3c_final_topic_decision/cache/raw_predictions/train_rff_gaussian_007.npz,gate3c_cache
train_rff_gaussian_008,train,rff_gaussian,rff,gaussian,8,400098,1000,10,1.0,rff,gate3c_final_topic_decision/cache/datasets/train_rff_gaussian_008.npz,gate3c_final_topic_decision/cache/raw_predictions/train_rff_gaussian_008.npz,gate3c_cache
train_rff_gaussian_009,train,rff_gaussian,rff,gaussian,9,400099,1000,10,1.0,rff,gate3c_final_topic_decision/cache/datasets/train_rff_gaussian_009.npz,gate3c_final_topic_decision/cache/raw_predictions/train_rff_gaussian_009.npz,gate3c_cache
train_rff_student_t8_000,train,rff_student_t8,rff,student_t8,0,400100,1000,10,1.0,rff,gate3c_final_topic_decision/cache/datasets/train_rff_student_t8_000.npz,gate3c_final_topic_decision/cache/raw_predictions/train_rff_student_t8_000.npz,gate3c_cache
train_rff_student_t8_001,train,rff_student_t8,rff,student_t8,1,400101,1000,10,1.0,rff,gate3c_final_topic_decision/cache/datasets/train_rff_student_t8_001.npz,gate3c_final_topic_decision/cache/raw_predictions/train_rff_student_t8_001.npz,gate3c_cache
train_rff_student_t8_002,train,rff_student_t8,rff,student_t8,2,400102,1000,10,1.0,rff,gate3c_final_topic_decision/cache/datasets/train_rff_student_t8_002.npz,gate3c_final_topic_decision/cache/raw_predictions/train_rff_student_t8_002.npz,gate3c_cache
train_rff_student_t8_003,train,rff_student_t8,rff,student_t8,3,400103,1000,10,1.0,rff,gate3c_final_topic_decision/cache/datasets/train_rff_student_t8_003.npz,gate3c_final_topic_decision/cache/raw_predictions/train_rff_student_t8_003.npz,gate3c_cache
train_rff_student_t8_004,train,rff_student_t8,rff,student_t8,4,400104,1000,10,1.0,rff,gate3c_final_topic_decision/cache/datasets/train_rff_student_t8_004.npz,gate3c_final_topic_decision/cache/raw_predictions/train_rff_student_t8_004.npz,gate3c_cache
train_rff_student_t8_005,train,rff_student_t8,rff,student_t8,5,400105,1000,10,1.0,rff,gate3c_final_topic_decision/cache/datasets/train_rff_student_t8_005.npz,gate3c_final_topic_decision/cache/raw_predictions/train_rff_student_t8_005.npz,gate3c_cache
train_rff_student_t8_006,train,rff_student_t8,rff,student_t8,6,400106,1000,10,1.0,rff,gate3c_final_topic_decision/cache/datasets/train_rff_student_t8_006.npz,gate3c_final_topic_decision/cache/raw_predictions/train_rff_student_t8_006.npz,gate3c_cache
train_rff_student_t8_007,train,rff_student_t8,rff,student_t8,7,400107,1000,10,1.0,rff,gate3c_final_topic_decision/cache/datasets/train_rff_student_t8_007.npz,gate3c_final_topic_decision/cache/raw_predictions/train_rff_student_t8_007.npz,gate3c_cache
train_rff_student_t8_008,train,rff_student_t8,rff,student_t8,8,400108,1000,10,1.0,rff,gate3c_final_topic_decision/cache/datasets/train_rff_student_t8_008.npz,gate3c_final_topic_decision/cache/raw_predictions/train_rff_student_t8_008.npz,gate3c_cache
train_rff_student_t8_009,train,rff_student_t8,rff,student_t8,9,400109,1000,10,1.0,rff,gate3c_final_topic_decision/cache/datasets/train_rff_student_t8_009.npz,gate3c_final_topic_decision/cache/raw_predictions/train_rff_student_t8_009.npz,gate3c_cache
train_rff_student_t3_000,train,rff_student_t3,rff,student_t3,0,400110,1000,10,1.0,rff,gate3c_final_topic_decision/cache/datasets/train_rff_student_t3_000.npz,gate3c_final_topic_decision/cache/raw_predictions/train_rff_student_t3_000.npz,gate3c_cache
train_rff_student_t3_001,train,rff_student_t3,rff,student_t3,1,400111,1000,10,1.0,rff,gate3c_final_topic_decision/cache/datasets/train_rff_student_t3_001.npz,gate3c_final_topic_decision/cache/raw_predictions/train_rff_student_t3_001.npz,gate3c_cache
train_rff_student_t3_002,train,rff_student_t3,rff,student_t3,2,400112,1000,10,1.0,rff,gate3c_final_topic_decision/cache/datasets/train_rff_student_t3_002.npz,gate3c_final_topic_decision/cache/raw_predictions/train_rff_student_t3_002.npz,gate3c_cache
train_rff_student_t3_003,train,rff_student_t3,rff,student_t3,3,400113,1000,10,1.0,rff,gate3c_final_topic_decision/cache/datasets/train_rff_student_t3_003.npz,gate3c_final_topic_decision/cache/raw_predictions/train_rff_student_t3_003.npz,gate3c_cache
train_rff_student_t3_004,train,rff_student_t3,rff,student_t3,4,400114,1000,10,1.0,rff,gate3c_final_topic_decision/cache/datasets/train_rff_student_t3_004.npz,gate3c_final_topic_decision/cache/raw_predictions/train_rff_student_t3_004.npz,gate3c_cache
train_rff_student_t3_005,train,rff_student_t3,rff,student_t3,5,400115,1000,10,1.0,rff,gate3c_final_topic_decision/cache/datasets/train_rff_student_t3_005.npz,gate3c_final_topic_decision/cache/raw_predictions/train_rff_student_t3_005.npz,gate3c_cache
train_rff_student_t3_006,train,rff_student_t3,rff,student_t3,6,400116,1000,10,1.0,rff,gate3c_final_topic_decision/cache/datasets/train_rff_student_t3_006.npz,gate3c_final_topic_decision/cache/raw_predictions/train_rff_student_t3_006.npz,gate3c_cache
train_rff_student_t3_007,train,rff_student_t3,rff,student_t3,7,400117,1000,10,1.0,rff,gate3c_final_topic_decision/cache/datasets/train_rff_student_t3_007.npz,gate3c_final_topic_decision/cache/raw_predictions/train_rff_student_t3_007.npz,gate3c_cache
train_rff_student_t3_008,train,rff_student_t3,rff,student_t3,8,400118,1000,10,1.0,rff,gate3c_final_topic_decision/cache/datasets/train_rff_student_t3_008.npz,gate3c_final_topic_decision/cache/raw_predictions/train_rff_student_t3_008.npz,gate3c_cache
train_rff_student_t3_009,train,rff_student_t3,rff,student_t3,9,400119,1000,10,1.0,rff,gate3c_final_topic_decision/cache/datasets/train_rff_student_t3_009.npz,gate3c_final_topic_decision/cache/raw_predictions/train_rff_student_t3_009.npz,gate3c_cache
train_interaction_laplace_000,train,interaction_laplace,interaction,laplace,0,400120,1000,10,1.0,interaction,gate3c_final_topic_decision/cache/datasets/train_interaction_laplace_000.npz,gate3c_final_topic_decision/cache/raw_predictions/train_interaction_laplace_000.npz,gate3c_cache
train_interaction_laplace_001,train,interaction_laplace,interaction,laplace,1,400121,1000,10,1.0,interaction,gate3c_final_topic_decision/cache/datasets/train_interaction_laplace_001.npz,gate3c_final_topic_decision/cache/raw_predictions/train_interaction_laplace_001.npz,gate3c_cache
train_interaction_laplace_002,train,interaction_laplace,interaction,laplace,2,400122,1000,10,1.0,interaction,gate3c_final_topic_decision/cache/datasets/train_interaction_laplace_002.npz,gate3c_final_topic_decision/cache/raw_predictions/train_interaction_laplace_002.npz,gate3c_cache
train_interaction_laplace_003,train,interaction_laplace,interaction,laplace,3,400123,1000,10,1.0,interaction,gate3c_final_topic_decision/cache/datasets/train_interaction_laplace_003.npz,gate3c_final_topic_decision/cache/raw_predictions/train_interaction_laplace_003.npz,gate3c_cache
train_interaction_laplace_004,train,interaction_laplace,interaction,laplace,4,400124,1000,10,1.0,interaction,gate3c_final_topic_decision/cache/datasets/train_interaction_laplace_004.npz,gate3c_final_topic_decision/cache/raw_predictions/train_interaction_laplace_004.npz,gate3c_cache
train_interaction_laplace_005,train,interaction_laplace,interaction,laplace,5,400125,1000,10,1.0,interaction,gate3c_final_topic_decision/cache/datasets/train_interaction_laplace_005.npz,gate3c_final_topic_decision/cache/raw_predictions/train_interaction_laplace_005.npz,gate3c_cache
train_interaction_laplace_006,train,interaction_laplace,interaction,laplace,6,400126,1000,10,1.0,interaction,gate3c_final_topic_decision/cache/datasets/train_interaction_laplace_006.npz,gate3c_final_topic_decision/cache/raw_predictions/train_interaction_laplace_006.npz,gate3c_cache
train_interaction_laplace_007,train,interaction_laplace,interaction,laplace,7,400127,1000,10,1.0,interaction,gate3c_final_topic_decision/cache/datasets/train_interaction_laplace_007.npz,gate3c_final_topic_decision/cache/raw_predictions/train_interaction_laplace_007.npz,gate3c_cache
train_interaction_laplace_008,train,interaction_laplace,interaction,laplace,8,400128,1000,10,1.0,interaction,gate3c_final_topic_decision/cache/datasets/train_interaction_laplace_008.npz,gate3c_final_topic_decision/cache/raw_predictions/train_interaction_laplace_008.npz,gate3c_cache
train_interaction_laplace_009,train,interaction_laplace,interaction,laplace,9,400129,1000,10,1.0,interaction,gate3c_final_topic_decision/cache/datasets/train_interaction_laplace_009.npz,gate3c_final_topic_decision/cache/raw_predictions/train_interaction_laplace_009.npz,gate3c_cache
train_interaction_gaussian_000,train,interaction_gaussian,interaction,gaussian,0,400130,1000,10,1.0,interaction,gate3c_final_topic_decision/cache/datasets/train_interaction_gaussian_000.npz,gate3c_final_topic_decision/cache/raw_predictions/train_interaction_gaussian_000.npz,gate3c_cache
train_interaction_gaussian_001,train,interaction_gaussian,interaction,gaussian,1,400131,1000,10,1.0,interaction,gate3c_final_topic_decision/cache/datasets/train_interaction_gaussian_001.npz,gate3c_final_topic_decision/cache/raw_predictions/train_interaction_gaussian_001.npz,gate3c_cache
train_interaction_gaussian_002,train,interaction_gaussian,interaction,gaussian,2,400132,1000,10,1.0,interaction,gate3c_final_topic_decision/cache/datasets/train_interaction_gaussian_002.npz,gate3c_final_topic_decision/cache/raw_predictions/train_interaction_gaussian_002.npz,gate3c_cache
train_interaction_gaussian_003,train,interaction_gaussian,interaction,gaussian,3,400133,1000,10,1.0,interaction,gate3c_final_topic_decision/cache/datasets/train_interaction_gaussian_003.npz,gate3c_final_topic_decision/cache/raw_predictions/train_interaction_gaussian_003.npz,gate3c_cache
train_interaction_gaussian_004,train,interaction_gaussian,interaction,gaussian,4,400134,1000,10,1.0,interaction,gate3c_final_topic_decision/cache/datasets/train_interaction_gaussian_004.npz,gate3c_final_topic_decision/cache/raw_predictions/train_interaction_gaussian_004.npz,gate3c_cache
train_interaction_gaussian_005,train,interaction_gaussian,interaction,gaussian,5,400135,1000,10,1.0,interaction,gate3c_final_topic_decision/cache/datasets/train_interaction_gaussian_005.npz,gate3c_final_topic_decision/cache/raw_predictions/train_interaction_gaussian_005.npz,gate3c_cache
train_interaction_gaussian_006,train,interaction_gaussian,interaction,gaussian,6,400136,1000,10,1.0,interaction,gate3c_final_topic_decision/cache/datasets/train_interaction_gaussian_006.npz,gate3c_final_topic_decision/cache/raw_predictions/train_interaction_gaussian_006.npz,gate3c_cache
train_interaction_gaussian_007,train,interaction_gaussian,interaction,gaussian,7,400137,1000,10,1.0,interaction,gate3c_final_topic_decision/cache/datasets/train_interaction_gaussian_007.npz,gate3c_final_topic_decision/cache/raw_predictions/train_interaction_gaussian_007.npz,gate3c_cache
train_interaction_gaussian_008,train,interaction_gaussian,interaction,gaussian,8,400138,1000,10,1.0,interaction,gate3c_final_topic_decision/cache/datasets/train_interaction_gaussian_008.npz,gate3c_final_topic_decision/cache/raw_predictions/train_interaction_gaussian_008.npz,gate3c_cache
train_interaction_gaussian_009,train,interaction_gaussian,interaction,gaussian,9,400139,1000,10,1.0,interaction,gate3c_final_topic_decision/cache/datasets/train_interaction_gaussian_009.npz,gate3c_final_topic_decision/cache/raw_predictions/train_interaction_gaussian_009.npz,gate3c_cache
train_interaction_student_t8_000,train,interaction_student_t8,interaction,student_t8,0,400140,1000,10,1.0,interaction,gate3c_final_topic_decision/cache/datasets/train_interaction_student_t8_000.npz,gate3c_final_topic_decision/cache/raw_predictions/train_interaction_student_t8_000.npz,gate3c_cache
train_interaction_student_t8_001,train,interaction_student_t8,interaction,student_t8,1,400141,1000,10,1.0,interaction,gate3c_final_topic_decision/cache/datasets/train_interaction_student_t8_001.npz,gate3c_final_topic_decision/cache/raw_predictions/train_interaction_student_t8_001.npz,gate3c_cache
train_interaction_student_t8_002,train,interaction_student_t8,interaction,student_t8,2,400142,1000,10,1.0,interaction,gate3c_final_topic_decision/cache/datasets/train_interaction_student_t8_002.npz,gate3c_final_topic_decision/cache/raw_predictions/train_interaction_student_t8_002.npz,gate3c_cache
train_interaction_student_t8_003,train,interaction_student_t8,interaction,student_t8,3,400143,1000,10,1.0,interaction,gate3c_final_topic_decision/cache/datasets/train_interaction_student_t8_003.npz,gate3c_final_topic_decision/cache/raw_predictions/train_interaction_student_t8_003.npz,gate3c_cache
train_interaction_student_t8_004,train,interaction_student_t8,interaction,student_t8,4,400144,1000,10,1.0,interaction,gate3c_final_topic_decision/cache/datasets/train_interaction_student_t8_004.npz,gate3c_final_topic_decision/cache/raw_predictions/train_interaction_student_t8_004.npz,gate3c_cache
train_interaction_student_t8_005,train,interaction_student_t8,interaction,student_t8,5,400145,1000,10,1.0,interaction,gate3c_final_topic_decision/cache/datasets/train_interaction_student_t8_005.npz,gate3c_final_topic_decision/cache/raw_predictions/train_interaction_student_t8_005.npz,gate3c_cache
train_interaction_student_t8_006,train,interaction_student_t8,interaction,student_t8,6,400146,1000,10,1.0,interaction,gate3c_final_topic_decision/cache/datasets/train_interaction_student_t8_006.npz,gate3c_final_topic_decision/cache/raw_predictions/train_interaction_student_t8_006.npz,gate3c_cache
train_interaction_student_t8_007,train,interaction_student_t8,interaction,student_t8,7,400147,1000,10,1.0,interaction,gate3c_final_topic_decision/cache/datasets/train_interaction_student_t8_007.npz,gate3c_final_topic_decision/cache/raw_predictions/train_interaction_student_t8_007.npz,gate3c_cache
train_interaction_student_t8_008,train,interaction_student_t8,interaction,student_t8,8,400148,1000,10,1.0,interaction,gate3c_final_topic_decision/cache/datasets/train_interaction_student_t8_008.npz,gate3c_final_topic_decision/cache/raw_predictions/train_interaction_student_t8_008.npz,gate3c_cache
train_interaction_student_t8_009,train,interaction_student_t8,interaction,student_t8,9,400149,1000,10,1.0,interaction,gate3c_final_topic_decision/cache/datasets/train_interaction_student_t8_009.npz,gate3c_final_topic_decision/cache/raw_predictions/train_interaction_student_t8_009.npz,gate3c_cache
train_interaction_student_t3_000,train,interaction_student_t3,interaction,student_t3,0,400150,1000,10,1.0,interaction,gate3c_final_topic_decision/cache/datasets/train_interaction_student_t3_000.npz,gate3c_final_topic_decision/cache/raw_predictions/train_interaction_student_t3_000.npz,gate3c_cache
train_interaction_student_t3_001,train,interaction_student_t3,interaction,student_t3,1,400151,1000,10,1.0,interaction,gate3c_final_topic_decision/cache/datasets/train_interaction_student_t3_001.npz,gate3c_final_topic_decision/cache/raw_predictions/train_interaction_student_t3_001.npz,gate3c_cache
train_interaction_student_t3_002,train,interaction_student_t3,interaction,student_t3,2,400152,1000,10,1.0,interaction,gate3c_final_topic_decision/cache/datasets/train_interaction_student_t3_002.npz,gate3c_final_topic_decision/cache/raw_predictions/train_interaction_student_t3_002.npz,gate3c_cache
train_interaction_student_t3_003,train,interaction_student_t3,interaction,student_t3,3,400153,1000,10,1.0,interaction,gate3c_final_topic_decision/cache/datasets/train_interaction_student_t3_003.npz,gate3c_final_topic_decision/cache/raw_predictions/train_interaction_student_t3_003.npz,gate3c_cache
train_interaction_student_t3_004,train,interaction_student_t3,interaction,student_t3,4,400154,1000,10,1.0,interaction,gate3c_final_topic_decision/cache/datasets/train_interaction_student_t3_004.npz,gate3c_final_topic_decision/cache/raw_predictions/train_interaction_student_t3_004.npz,gate3c_cache
train_interaction_student_t3_005,train,interaction_student_t3,interaction,student_t3,5,400155,1000,10,1.0,interaction,gate3c_final_topic_decision/cache/datasets/train_interaction_student_t3_005.npz,gate3c_final_topic_decision/cache/raw_predictions/train_interaction_student_t3_005.npz,gate3c_cache
train_interaction_student_t3_006,train,interaction_student_t3,interaction,student_t3,6,400156,1000,10,1.0,interaction,gate3c_final_topic_decision/cache/datasets/train_interaction_student_t3_006.npz,gate3c_final_topic_decision/cache/raw_predictions/train_interaction_student_t3_006.npz,gate3c_cache
train_interaction_student_t3_007,train,interaction_student_t3,interaction,student_t3,7,400157,1000,10,1.0,interaction,gate3c_final_topic_decision/cache/datasets/train_interaction_student_t3_007.npz,gate3c_final_topic_decision/cache/raw_predictions/train_interaction_student_t3_007.npz,gate3c_cache
train_interaction_student_t3_008,train,interaction_student_t3,interaction,student_t3,8,400158,1000,10,1.0,interaction,gate3c_final_topic_decision/cache/datasets/train_interaction_student_t3_008.npz,gate3c_final_topic_decision/cache/raw_predictions/train_interaction_student_t3_008.npz,gate3c_cache
train_interaction_student_t3_009,train,interaction_student_t3,interaction,student_t3,9,400159,1000,10,1.0,interaction,gate3c_final_topic_decision/cache/datasets/train_interaction_student_t3_009.npz,gate3c_final_topic_decision/cache/raw_predictions/train_interaction_student_t3_009.npz,gate3c_cache
dev_softsign_laplace_000,calibration,softsign_laplace,softsign,laplace,0,500000,1000,10,1.0,softsign,gate3c_final_topic_decision/cache/datasets/dev_softsign_laplace_000.npz,gate3c_final_topic_decision/cache/raw_predictions/dev_softsign_laplace_000.npz,gate3c_cache
dev_softsign_laplace_001,calibration,softsign_laplace,softsign,laplace,1,500001,1000,10,1.0,softsign,gate3c_final_topic_decision/cache/datasets/dev_softsign_laplace_001.npz,gate3c_final_topic_decision/cache/raw_predictions/dev_softsign_laplace_001.npz,gate3c_cache
dev_softsign_laplace_002,calibration,softsign_laplace,softsign,laplace,2,500002,1000,10,1.0,softsign,gate3c_final_topic_decision/cache/datasets/dev_softsign_laplace_002.npz,gate3c_final_topic_decision/cache/raw_predictions/dev_softsign_laplace_002.npz,gate3c_cache
dev_softsign_laplace_003,calibration,softsign_laplace,softsign,laplace,3,500003,1000,10,1.0,softsign,gate3c_final_topic_decision/cache/datasets/dev_softsign_laplace_003.npz,gate3c_final_topic_decision/cache/raw_predictions/dev_softsign_laplace_003.npz,gate3c_cache
dev_softsign_laplace_004,calibration,softsign_laplace,softsign,laplace,4,500004,1000,10,1.0,softsign,gate3c_final_topic_decision/cache/datasets/dev_softsign_laplace_004.npz,gate3c_final_topic_decision/cache/raw_predictions/dev_softsign_laplace_004.npz,gate3c_cache
dev_softsign_laplace_005,calibration,softsign_laplace,softsign,laplace,5,500005,1000,10,1.0,softsign,gate3c_final_topic_decision/cache/datasets/dev_softsign_laplace_005.npz,gate3c_final_topic_decision/cache/raw_predictions/dev_softsign_laplace_005.npz,gate3c_cache
dev_softsign_laplace_006,calibration,softsign_laplace,softsign,laplace,6,500006,1000,10,1.0,softsign,gate3c_final_topic_decision/cache/datasets/dev_softsign_laplace_006.npz,gate3c_final_topic_decision/cache/raw_predictions/dev_softsign_laplace_006.npz,gate3c_cache
dev_softsign_laplace_007,calibration,softsign_laplace,softsign,laplace,7,500007,1000,10,1.0,softsign,gate3c_final_topic_decision/cache/datasets/dev_softsign_laplace_007.npz,gate3c_final_topic_decision/cache/raw_predictions/dev_softsign_laplace_007.npz,gate3c_cache
dev_softsign_laplace_008,calibration,softsign_laplace,softsign,laplace,8,500008,1000,10,1.0,softsign,gate3c_final_topic_decision/cache/datasets/dev_softsign_laplace_008.npz,gate3c_final_topic_decision/cache/raw_predictions/dev_softsign_laplace_008.npz,gate3c_cache
dev_softsign_laplace_009,calibration,softsign_laplace,softsign,laplace,9,500009,1000,10,1.0,softsign,gate3c_final_topic_decision/cache/datasets/dev_softsign_laplace_009.npz,gate3c_final_topic_decision/cache/raw_predictions/dev_softsign_laplace_009.npz,gate3c_cache
dev_softsign_gaussian_000,calibration,softsign_gaussian,softsign,gaussian,0,500010,1000,10,1.0,softsign,gate3c_final_topic_decision/cache/datasets/dev_softsign_gaussian_000.npz,gate3c_final_topic_decision/cache/raw_predictions/dev_softsign_gaussian_000.npz,gate3c_cache
dev_softsign_gaussian_001,calibration,softsign_gaussian,softsign,gaussian,1,500011,1000,10,1.0,softsign,gate3c_final_topic_decision/cache/datasets/dev_softsign_gaussian_001.npz,gate3c_final_topic_decision/cache/raw_predictions/dev_softsign_gaussian_001.npz,gate3c_cache
dev_softsign_gaussian_002,calibration,softsign_gaussian,softsign,gaussian,2,500012,1000,10,1.0,softsign,gate3c_final_topic_decision/cache/datasets/dev_softsign_gaussian_002.npz,gate3c_final_topic_decision/cache/raw_predictions/dev_softsign_gaussian_002.npz,gate3c_cache
dev_softsign_gaussian_003,calibration,softsign_gaussian,softsign,gaussian,3,500013,1000,10,1.0,softsign,gate3c_final_topic_decision/cache/datasets/dev_softsign_gaussian_003.npz,gate3c_final_topic_decision/cache/raw_predictions/dev_softsign_gaussian_003.npz,gate3c_cache
dev_softsign_gaussian_004,calibration,softsign_gaussian,softsign,gaussian,4,500014,1000,10,1.0,softsign,gate3c_final_topic_decision/cache/datasets/dev_softsign_gaussian_004.npz,gate3c_final_topic_decision/cache/raw_predictions/dev_softsign_gaussian_004.npz,gate3c_cache
dev_softsign_gaussian_005,calibration,softsign_gaussian,softsign,gaussian,5,500015,1000,10,1.0,softsign,gate3c_final_topic_decision/cache/datasets/dev_softsign_gaussian_005.npz,gate3c_final_topic_decision/cache/raw_predictions/dev_softsign_gaussian_005.npz,gate3c_cache
dev_softsign_gaussian_006,calibration,softsign_gaussian,softsign,gaussian,6,500016,1000,10,1.0,softsign,gate3c_final_topic_decision/cache/datasets/dev_softsign_gaussian_006.npz,gate3c_final_topic_decision/cache/raw_predictions/dev_softsign_gaussian_006.npz,gate3c_cache
dev_softsign_gaussian_007,calibration,softsign_gaussian,softsign,gaussian,7,500017,1000,10,1.0,softsign,gate3c_final_topic_decision/cache/datasets/dev_softsign_gaussian_007.npz,gate3c_final_topic_decision/cache/raw_predictions/dev_softsign_gaussian_007.npz,gate3c_cache
dev_softsign_gaussian_008,calibration,softsign_gaussian,softsign,gaussian,8,500018,1000,10,1.0,softsign,gate3c_final_topic_decision/cache/datasets/dev_softsign_gaussian_008.npz,gate3c_final_topic_decision/cache/raw_predictions/dev_softsign_gaussian_008.npz,gate3c_cache
dev_softsign_gaussian_009,calibration,softsign_gaussian,softsign,gaussian,9,500019,1000,10,1.0,softsign,gate3c_final_topic_decision/cache/datasets/dev_softsign_gaussian_009.npz,gate3c_final_topic_decision/cache/raw_predictions/dev_softsign_gaussian_009.npz,gate3c_cache
dev_softsign_student_t8_000,calibration,softsign_student_t8,softsign,student_t8,0,500020,1000,10,1.0,softsign,gate3c_final_topic_decision/cache/datasets/dev_softsign_student_t8_000.npz,gate3c_final_topic_decision/cache/raw_predictions/dev_softsign_student_t8_000.npz,gate3c_cache
dev_softsign_student_t8_001,calibration,softsign_student_t8,softsign,student_t8,1,500021,1000,10,1.0,softsign,gate3c_final_topic_decision/cache/datasets/dev_softsign_student_t8_001.npz,gate3c_final_topic_decision/cache/raw_predictions/dev_softsign_student_t8_001.npz,gate3c_cache
dev_softsign_student_t8_002,calibration,softsign_student_t8,softsign,student_t8,2,500022,1000,10,1.0,softsign,gate3c_final_topic_decision/cache/datasets/dev_softsign_student_t8_002.npz,gate3c_final_topic_decision/cache/raw_predictions/dev_softsign_student_t8_002.npz,gate3c_cache
dev_softsign_student_t8_003,calibration,softsign_student_t8,softsign,student_t8,3,500023,1000,10,1.0,softsign,gate3c_final_topic_decision/cache/datasets/dev_softsign_student_t8_003.npz,gate3c_final_topic_decision/cache/raw_predictions/dev_softsign_student_t8_003.npz,gate3c_cache
dev_softsign_student_t8_004,calibration,softsign_student_t8,softsign,student_t8,4,500024,1000,10,1.0,softsign,gate3c_final_topic_decision/cache/datasets/dev_softsign_student_t8_004.npz,gate3c_final_topic_decision/cache/raw_predictions/dev_softsign_student_t8_004.npz,gate3c_cache
dev_softsign_student_t8_005,calibration,softsign_student_t8,softsign,student_t8,5,500025,1000,10,1.0,softsign,gate3c_final_topic_decision/cache/datasets/dev_softsign_student_t8_005.npz,gate3c_final_topic_decision/cache/raw_predictions/dev_softsign_student_t8_005.npz,gate3c_cache
dev_softsign_student_t8_006,calibration,softsign_student_t8,softsign,student_t8,6,500026,1000,10,1.0,softsign,gate3c_final_topic_decision/cache/datasets/dev_softsign_student_t8_006.npz,gate3c_final_topic_decision/cache/raw_predictions/dev_softsign_student_t8_006.npz,gate3c_cache
dev_softsign_student_t8_007,calibration,softsign_student_t8,softsign,student_t8,7,500027,1000,10,1.0,softsign,gate3c_final_topic_decision/cache/datasets/dev_softsign_student_t8_007.npz,gate3c_final_topic_decision/cache/raw_predictions/dev_softsign_student_t8_007.npz,gate3c_cache
dev_softsign_student_t8_008,calibration,softsign_student_t8,softsign,student_t8,8,500028,1000,10,1.0,softsign,gate3c_final_topic_decision/cache/datasets/dev_softsign_student_t8_008.npz,gate3c_final_topic_decision/cache/raw_predictions/dev_softsign_student_t8_008.npz,gate3c_cache
dev_softsign_student_t8_009,calibration,softsign_student_t8,softsign,student_t8,9,500029,1000,10,1.0,softsign,gate3c_final_topic_decision/cache/datasets/dev_softsign_student_t8_009.npz,gate3c_final_topic_decision/cache/raw_predictions/dev_softsign_student_t8_009.npz,gate3c_cache
dev_softsign_student_t3_000,calibration,softsign_student_t3,softsign,student_t3,0,500030,1000,10,1.0,softsign,gate3c_final_topic_decision/cache/datasets/dev_softsign_student_t3_000.npz,gate3c_final_topic_decision/cache/raw_predictions/dev_softsign_student_t3_000.npz,gate3c_cache
dev_softsign_student_t3_001,calibration,softsign_student_t3,softsign,student_t3,1,500031,1000,10,1.0,softsign,gate3c_final_topic_decision/cache/datasets/dev_softsign_student_t3_001.npz,gate3c_final_topic_decision/cache/raw_predictions/dev_softsign_student_t3_001.npz,gate3c_cache
dev_softsign_student_t3_002,calibration,softsign_student_t3,softsign,student_t3,2,500032,1000,10,1.0,softsign,gate3c_final_topic_decision/cache/datasets/dev_softsign_student_t3_002.npz,gate3c_final_topic_decision/cache/raw_predictions/dev_softsign_student_t3_002.npz,gate3c_cache
dev_softsign_student_t3_003,calibration,softsign_student_t3,softsign,student_t3,3,500033,1000,10,1.0,softsign,gate3c_final_topic_decision/cache/datasets/dev_softsign_student_t3_003.npz,gate3c_final_topic_decision/cache/raw_predictions/dev_softsign_student_t3_003.npz,gate3c_cache
dev_softsign_student_t3_004,calibration,softsign_student_t3,softsign,student_t3,4,500034,1000,10,1.0,softsign,gate3c_final_topic_decision/cache/datasets/dev_softsign_student_t3_004.npz,gate3c_final_topic_decision/cache/raw_predictions/dev_softsign_student_t3_004.npz,gate3c_cache
dev_softsign_student_t3_005,calibration,softsign_student_t3,softsign,student_t3,5,500035,1000,10,1.0,softsign,gate3c_final_topic_decision/cache/datasets/dev_softsign_student_t3_005.npz,gate3c_final_topic_decision/cache/raw_predictions/dev_softsign_student_t3_005.npz,gate3c_cache
dev_softsign_student_t3_006,calibration,softsign_student_t3,softsign,student_t3,6,500036,1000,10,1.0,softsign,gate3c_final_topic_decision/cache/datasets/dev_softsign_student_t3_006.npz,gate3c_final_topic_decision/cache/raw_predictions/dev_softsign_student_t3_006.npz,gate3c_cache
dev_softsign_student_t3_007,calibration,softsign_student_t3,softsign,student_t3,7,500037,1000,10,1.0,softsign,gate3c_final_topic_decision/cache/datasets/dev_softsign_student_t3_007.npz,gate3c_final_topic_decision/cache/raw_predictions/dev_softsign_student_t3_007.npz,gate3c_cache
dev_softsign_student_t3_008,calibration,softsign_student_t3,softsign,student_t3,8,500038,1000,10,1.0,softsign,gate3c_final_topic_decision/cache/datasets/dev_softsign_student_t3_008.npz,gate3c_final_topic_decision/cache/raw_predictions/dev_softsign_student_t3_008.npz,gate3c_cache
dev_softsign_student_t3_009,calibration,softsign_student_t3,softsign,student_t3,9,500039,1000,10,1.0,softsign,gate3c_final_topic_decision/cache/datasets/dev_softsign_student_t3_009.npz,gate3c_final_topic_decision/cache/raw_predictions/dev_softsign_student_t3_009.npz,gate3c_cache
dev_sine_laplace_000,calibration,sine_laplace,sine,laplace,0,500040,1000,10,1.0,sine,gate3c_final_topic_decision/cache/datasets/dev_sine_laplace_000.npz,gate3c_final_topic_decision/cache/raw_predictions/dev_sine_laplace_000.npz,gate3c_cache
dev_sine_laplace_001,calibration,sine_laplace,sine,laplace,1,500041,1000,10,1.0,sine,gate3c_final_topic_decision/cache/datasets/dev_sine_laplace_001.npz,gate3c_final_topic_decision/cache/raw_predictions/dev_sine_laplace_001.npz,gate3c_cache
dev_sine_laplace_002,calibration,sine_laplace,sine,laplace,2,500042,1000,10,1.0,sine,gate3c_final_topic_decision/cache/datasets/dev_sine_laplace_002.npz,gate3c_final_topic_decision/cache/raw_predictions/dev_sine_laplace_002.npz,gate3c_cache
dev_sine_laplace_003,calibration,sine_laplace,sine,laplace,3,500043,1000,10,1.0,sine,gate3c_final_topic_decision/cache/datasets/dev_sine_laplace_003.npz,gate3c_final_topic_decision/cache/raw_predictions/dev_sine_laplace_003.npz,gate3c_cache
dev_sine_laplace_004,calibration,sine_laplace,sine,laplace,4,500044,1000,10,1.0,sine,gate3c_final_topic_decision/cache/datasets/dev_sine_laplace_004.npz,gate3c_final_topic_decision/cache/raw_predictions/dev_sine_laplace_004.npz,gate3c_cache
dev_sine_laplace_005,calibration,sine_laplace,sine,laplace,5,500045,1000,10,1.0,sine,gate3c_final_topic_decision/cache/datasets/dev_sine_laplace_005.npz,gate3c_final_topic_decision/cache/raw_predictions/dev_sine_laplace_005.npz,gate3c_cache
dev_sine_laplace_006,calibration,sine_laplace,sine,laplace,6,500046,1000,10,1.0,sine,gate3c_final_topic_decision/cache/datasets/dev_sine_laplace_006.npz,gate3c_final_topic_decision/cache/raw_predictions/dev_sine_laplace_006.npz,gate3c_cache
dev_sine_laplace_007,calibration,sine_laplace,sine,laplace,7,500047,1000,10,1.0,sine,gate3c_final_topic_decision/cache/datasets/dev_sine_laplace_007.npz,gate3c_final_topic_decision/cache/raw_predictions/dev_sine_laplace_007.npz,gate3c_cache
dev_sine_laplace_008,calibration,sine_laplace,sine,laplace,8,500048,1000,10,1.0,sine,gate3c_final_topic_decision/cache/datasets/dev_sine_laplace_008.npz,gate3c_final_topic_decision/cache/raw_predictions/dev_sine_laplace_008.npz,gate3c_cache
dev_sine_laplace_009,calibration,sine_laplace,sine,laplace,9,500049,1000,10,1.0,sine,gate3c_final_topic_decision/cache/datasets/dev_sine_laplace_009.npz,gate3c_final_topic_decision/cache/raw_predictions/dev_sine_laplace_009.npz,gate3c_cache
dev_sine_gaussian_000,calibration,sine_gaussian,sine,gaussian,0,500050,1000,10,1.0,sine,gate3c_final_topic_decision/cache/datasets/dev_sine_gaussian_000.npz,gate3c_final_topic_decision/cache/raw_predictions/dev_sine_gaussian_000.npz,gate3c_cache
dev_sine_gaussian_001,calibration,sine_gaussian,sine,gaussian,1,500051,1000,10,1.0,sine,gate3c_final_topic_decision/cache/datasets/dev_sine_gaussian_001.npz,gate3c_final_topic_decision/cache/raw_predictions/dev_sine_gaussian_001.npz,gate3c_cache
dev_sine_gaussian_002,calibration,sine_gaussian,sine,gaussian,2,500052,1000,10,1.0,sine,gate3c_final_topic_decision/cache/datasets/dev_sine_gaussian_002.npz,gate3c_final_topic_decision/cache/raw_predictions/dev_sine_gaussian_002.npz,gate3c_cache
dev_sine_gaussian_003,calibration,sine_gaussian,sine,gaussian,3,500053,1000,10,1.0,sine,gate3c_final_topic_decision/cache/datasets/dev_sine_gaussian_003.npz,gate3c_final_topic_decision/cache/raw_predictions/dev_sine_gaussian_003.npz,gate3c_cache
dev_sine_gaussian_004,calibration,sine_gaussian,sine,gaussian,4,500054,1000,10,1.0,sine,gate3c_final_topic_decision/cache/datasets/dev_sine_gaussian_004.npz,gate3c_final_topic_decision/cache/raw_predictions/dev_sine_gaussian_004.npz,gate3c_cache
dev_sine_gaussian_005,calibration,sine_gaussian,sine,gaussian,5,500055,1000,10,1.0,sine,gate3c_final_topic_decision/cache/datasets/dev_sine_gaussian_005.npz,gate3c_final_topic_decision/cache/raw_predictions/dev_sine_gaussian_005.npz,gate3c_cache
dev_sine_gaussian_006,calibration,sine_gaussian,sine,gaussian,6,500056,1000,10,1.0,sine,gate3c_final_topic_decision/cache/datasets/dev_sine_gaussian_006.npz,gate3c_final_topic_decision/cache/raw_predictions/dev_sine_gaussian_006.npz,gate3c_cache
dev_sine_gaussian_007,calibration,sine_gaussian,sine,gaussian,7,500057,1000,10,1.0,sine,gate3c_final_topic_decision/cache/datasets/dev_sine_gaussian_007.npz,gate3c_final_topic_decision/cache/raw_predictions/dev_sine_gaussian_007.npz,gate3c_cache
dev_sine_gaussian_008,calibration,sine_gaussian,sine,gaussian,8,500058,1000,10,1.0,sine,gate3c_final_topic_decision/cache/datasets/dev_sine_gaussian_008.npz,gate3c_final_topic_decision/cache/raw_predictions/dev_sine_gaussian_008.npz,gate3c_cache
dev_sine_gaussian_009,calibration,sine_gaussian,sine,gaussian,9,500059,1000,10,1.0,sine,gate3c_final_topic_decision/cache/datasets/dev_sine_gaussian_009.npz,gate3c_final_topic_decision/cache/raw_predictions/dev_sine_gaussian_009.npz,gate3c_cache
dev_sine_student_t8_000,calibration,sine_student_t8,sine,student_t8,0,500060,1000,10,1.0,sine,gate3c_final_topic_decision/cache/datasets/dev_sine_student_t8_000.npz,gate3c_final_topic_decision/cache/raw_predictions/dev_sine_student_t8_000.npz,gate3c_cache
dev_sine_student_t8_001,calibration,sine_student_t8,sine,student_t8,1,500061,1000,10,1.0,sine,gate3c_final_topic_decision/cache/datasets/dev_sine_student_t8_001.npz,gate3c_final_topic_decision/cache/raw_predictions/dev_sine_student_t8_001.npz,gate3c_cache
dev_sine_student_t8_002,calibration,sine_student_t8,sine,student_t8,2,500062,1000,10,1.0,sine,gate3c_final_topic_decision/cache/datasets/dev_sine_student_t8_002.npz,gate3c_final_topic_decision/cache/raw_predictions/dev_sine_student_t8_002.npz,gate3c_cache
dev_sine_student_t8_003,calibration,sine_student_t8,sine,student_t8,3,500063,1000,10,1.0,sine,gate3c_final_topic_decision/cache/datasets/dev_sine_student_t8_003.npz,gate3c_final_topic_decision/cache/raw_predictions/dev_sine_student_t8_003.npz,gate3c_cache
dev_sine_student_t8_004,calibration,sine_student_t8,sine,student_t8,4,500064,1000,10,1.0,sine,gate3c_final_topic_decision/cache/datasets/dev_sine_student_t8_004.npz,gate3c_final_topic_decision/cache/raw_predictions/dev_sine_student_t8_004.npz,gate3c_cache
dev_sine_student_t8_005,calibration,sine_student_t8,sine,student_t8,5,500065,1000,10,1.0,sine,gate3c_final_topic_decision/cache/datasets/dev_sine_student_t8_005.npz,gate3c_final_topic_decision/cache/raw_predictions/dev_sine_student_t8_005.npz,gate3c_cache
dev_sine_student_t8_006,calibration,sine_student_t8,sine,student_t8,6,500066,1000,10,1.0,sine,gate3c_final_topic_decision/cache/datasets/dev_sine_student_t8_006.npz,gate3c_final_topic_decision/cache/raw_predictions/dev_sine_student_t8_006.npz,gate3c_cache
dev_sine_student_t8_007,calibration,sine_student_t8,sine,student_t8,7,500067,1000,10,1.0,sine,gate3c_final_topic_decision/cache/datasets/dev_sine_student_t8_007.npz,gate3c_final_topic_decision/cache/raw_predictions/dev_sine_student_t8_007.npz,gate3c_cache
dev_sine_student_t8_008,calibration,sine_student_t8,sine,student_t8,8,500068,1000,10,1.0,sine,gate3c_final_topic_decision/cache/datasets/dev_sine_student_t8_008.npz,gate3c_final_topic_decision/cache/raw_predictions/dev_sine_student_t8_008.npz,gate3c_cache
dev_sine_student_t8_009,calibration,sine_student_t8,sine,student_t8,9,500069,1000,10,1.0,sine,gate3c_final_topic_decision/cache/datasets/dev_sine_student_t8_009.npz,gate3c_final_topic_decision/cache/raw_predictions/dev_sine_student_t8_009.npz,gate3c_cache
dev_sine_student_t3_000,calibration,sine_student_t3,sine,student_t3,0,500070,1000,10,1.0,sine,gate3c_final_topic_decision/cache/datasets/dev_sine_student_t3_000.npz,gate3c_final_topic_decision/cache/raw_predictions/dev_sine_student_t3_000.npz,gate3c_cache
dev_sine_student_t3_001,calibration,sine_student_t3,sine,student_t3,1,500071,1000,10,1.0,sine,gate3c_final_topic_decision/cache/datasets/dev_sine_student_t3_001.npz,gate3c_final_topic_decision/cache/raw_predictions/dev_sine_student_t3_001.npz,gate3c_cache
dev_sine_student_t3_002,calibration,sine_student_t3,sine,student_t3,2,500072,1000,10,1.0,sine,gate3c_final_topic_decision/cache/datasets/dev_sine_student_t3_002.npz,gate3c_final_topic_decision/cache/raw_predictions/dev_sine_student_t3_002.npz,gate3c_cache
dev_sine_student_t3_003,calibration,sine_student_t3,sine,student_t3,3,500073,1000,10,1.0,sine,gate3c_final_topic_decision/cache/datasets/dev_sine_student_t3_003.npz,gate3c_final_topic_decision/cache/raw_predictions/dev_sine_student_t3_003.npz,gate3c_cache
dev_sine_student_t3_004,calibration,sine_student_t3,sine,student_t3,4,500074,1000,10,1.0,sine,gate3c_final_topic_decision/cache/datasets/dev_sine_student_t3_004.npz,gate3c_final_topic_decision/cache/raw_predictions/dev_sine_student_t3_004.npz,gate3c_cache
dev_sine_student_t3_005,calibration,sine_student_t3,sine,student_t3,5,500075,1000,10,1.0,sine,gate3c_final_topic_decision/cache/datasets/dev_sine_student_t3_005.npz,gate3c_final_topic_decision/cache/raw_predictions/dev_sine_student_t3_005.npz,gate3c_cache
dev_sine_student_t3_006,calibration,sine_student_t3,sine,student_t3,6,500076,1000,10,1.0,sine,gate3c_final_topic_decision/cache/datasets/dev_sine_student_t3_006.npz,gate3c_final_topic_decision/cache/raw_predictions/dev_sine_student_t3_006.npz,gate3c_cache
dev_sine_student_t3_007,calibration,sine_student_t3,sine,student_t3,7,500077,1000,10,1.0,sine,gate3c_final_topic_decision/cache/datasets/dev_sine_student_t3_007.npz,gate3c_final_topic_decision/cache/raw_predictions/dev_sine_student_t3_007.npz,gate3c_cache
dev_sine_student_t3_008,calibration,sine_student_t3,sine,student_t3,8,500078,1000,10,1.0,sine,gate3c_final_topic_decision/cache/datasets/dev_sine_student_t3_008.npz,gate3c_final_topic_decision/cache/raw_predictions/dev_sine_student_t3_008.npz,gate3c_cache
dev_sine_student_t3_009,calibration,sine_student_t3,sine,student_t3,9,500079,1000,10,1.0,sine,gate3c_final_topic_decision/cache/datasets/dev_sine_student_t3_009.npz,gate3c_final_topic_decision/cache/raw_predictions/dev_sine_student_t3_009.npz,gate3c_cache
final_quadratic_gaussian_000,dev,quadratic_gaussian,quadratic,gaussian,0,600000,1000,10,1.0,quadratic,gate3c_final_topic_decision/cache/datasets/final_quadratic_gaussian_000.npz,gate3c_final_topic_decision/cache/raw_predictions/final_quadratic_gaussian_000.npz,gate3c_cache
final_quadratic_gaussian_001,dev,quadratic_gaussian,quadratic,gaussian,1,600001,1000,10,1.0,quadratic,gate3c_final_topic_decision/cache/datasets/final_quadratic_gaussian_001.npz,gate3c_final_topic_decision/cache/raw_predictions/final_quadratic_gaussian_001.npz,gate3c_cache
final_quadratic_gaussian_002,dev,quadratic_gaussian,quadratic,gaussian,2,600002,1000,10,1.0,quadratic,gate3c_final_topic_decision/cache/datasets/final_quadratic_gaussian_002.npz,gate3c_final_topic_decision/cache/raw_predictions/final_quadratic_gaussian_002.npz,gate3c_cache
final_quadratic_gaussian_003,dev,quadratic_gaussian,quadratic,gaussian,3,600003,1000,10,1.0,quadratic,gate3c_final_topic_decision/cache/datasets/final_quadratic_gaussian_003.npz,gate3c_final_topic_decision/cache/raw_predictions/final_quadratic_gaussian_003.npz,gate3c_cache
final_quadratic_gaussian_004,dev,quadratic_gaussian,quadratic,gaussian,4,600004,1000,10,1.0,quadratic,gate3c_final_topic_decision/cache/datasets/final_quadratic_gaussian_004.npz,gate3c_final_topic_decision/cache/raw_predictions/final_quadratic_gaussian_004.npz,gate3c_cache
final_quadratic_gaussian_005,dev,quadratic_gaussian,quadratic,gaussian,5,600005,1000,10,1.0,quadratic,gate3c_final_topic_decision/cache/datasets/final_quadratic_gaussian_005.npz,gate3c_final_topic_decision/cache/raw_predictions/final_quadratic_gaussian_005.npz,gate3c_cache
final_quadratic_gaussian_006,dev,quadratic_gaussian,quadratic,gaussian,6,600006,1000,10,1.0,quadratic,gate3c_final_topic_decision/cache/datasets/final_quadratic_gaussian_006.npz,gate3c_final_topic_decision/cache/raw_predictions/final_quadratic_gaussian_006.npz,gate3c_cache
final_quadratic_gaussian_007,dev,quadratic_gaussian,quadratic,gaussian,7,600007,1000,10,1.0,quadratic,gate3c_final_topic_decision/cache/datasets/final_quadratic_gaussian_007.npz,gate3c_final_topic_decision/cache/raw_predictions/final_quadratic_gaussian_007.npz,gate3c_cache
final_quadratic_gaussian_008,dev,quadratic_gaussian,quadratic,gaussian,8,600008,1000,10,1.0,quadratic,gate3c_final_topic_decision/cache/datasets/final_quadratic_gaussian_008.npz,gate3c_final_topic_decision/cache/raw_predictions/final_quadratic_gaussian_008.npz,gate3c_cache
final_quadratic_gaussian_009,dev,quadratic_gaussian,quadratic,gaussian,9,600009,1000,10,1.0,quadratic,gate3c_final_topic_decision/cache/datasets/final_quadratic_gaussian_009.npz,gate3c_final_topic_decision/cache/raw_predictions/final_quadratic_gaussian_009.npz,gate3c_cache
final_quadratic_gaussian_010,dev,quadratic_gaussian,quadratic,gaussian,10,600010,1000,10,1.0,quadratic,gate3c_final_topic_decision/cache/datasets/final_quadratic_gaussian_010.npz,gate3c_final_topic_decision/cache/raw_predictions/final_quadratic_gaussian_010.npz,gate3c_cache
final_quadratic_gaussian_011,dev,quadratic_gaussian,quadratic,gaussian,11,600011,1000,10,1.0,quadratic,gate3c_final_topic_decision/cache/datasets/final_quadratic_gaussian_011.npz,gate3c_final_topic_decision/cache/raw_predictions/final_quadratic_gaussian_011.npz,gate3c_cache
final_quadratic_gaussian_012,dev,quadratic_gaussian,quadratic,gaussian,12,600012,1000,10,1.0,quadratic,gate3c_final_topic_decision/cache/datasets/final_quadratic_gaussian_012.npz,gate3c_final_topic_decision/cache/raw_predictions/final_quadratic_gaussian_012.npz,gate3c_cache
final_quadratic_gaussian_013,dev,quadratic_gaussian,quadratic,gaussian,13,600013,1000,10,1.0,quadratic,gate3c_final_topic_decision/cache/datasets/final_quadratic_gaussian_013.npz,gate3c_final_topic_decision/cache/raw_predictions/final_quadratic_gaussian_013.npz,gate3c_cache
final_quadratic_gaussian_014,dev,quadratic_gaussian,quadratic,gaussian,14,600014,1000,10,1.0,quadratic,gate3c_final_topic_decision/cache/datasets/final_quadratic_gaussian_014.npz,gate3c_final_topic_decision/cache/raw_predictions/final_quadratic_gaussian_014.npz,gate3c_cache
final_quadratic_gaussian_015,dev,quadratic_gaussian,quadratic,gaussian,15,600015,1000,10,1.0,quadratic,gate3c_final_topic_decision/cache/datasets/final_quadratic_gaussian_015.npz,gate3c_final_topic_decision/cache/raw_predictions/final_quadratic_gaussian_015.npz,gate3c_cache
final_quadratic_gaussian_016,dev,quadratic_gaussian,quadratic,gaussian,16,600016,1000,10,1.0,quadratic,gate3c_final_topic_decision/cache/datasets/final_quadratic_gaussian_016.npz,gate3c_final_topic_decision/cache/raw_predictions/final_quadratic_gaussian_016.npz,gate3c_cache
final_quadratic_gaussian_017,dev,quadratic_gaussian,quadratic,gaussian,17,600017,1000,10,1.0,quadratic,gate3c_final_topic_decision/cache/datasets/final_quadratic_gaussian_017.npz,gate3c_final_topic_decision/cache/raw_predictions/final_quadratic_gaussian_017.npz,gate3c_cache
final_quadratic_gaussian_018,dev,quadratic_gaussian,quadratic,gaussian,18,600018,1000,10,1.0,quadratic,gate3c_final_topic_decision/cache/datasets/final_quadratic_gaussian_018.npz,gate3c_final_topic_decision/cache/raw_predictions/final_quadratic_gaussian_018.npz,gate3c_cache
final_quadratic_gaussian_019,dev,quadratic_gaussian,quadratic,gaussian,19,600019,1000,10,1.0,quadratic,gate3c_final_topic_decision/cache/datasets/final_quadratic_gaussian_019.npz,gate3c_final_topic_decision/cache/raw_predictions/final_quadratic_gaussian_019.npz,gate3c_cache
final_quadratic_student_t3_000,dev,quadratic_student_t3,quadratic,student_t3,0,600020,1000,10,1.0,quadratic,gate3c_final_topic_decision/cache/datasets/final_quadratic_student_t3_000.npz,gate3c_final_topic_decision/cache/raw_predictions/final_quadratic_student_t3_000.npz,gate3c_cache
final_quadratic_student_t3_001,dev,quadratic_student_t3,quadratic,student_t3,1,600021,1000,10,1.0,quadratic,gate3c_final_topic_decision/cache/datasets/final_quadratic_student_t3_001.npz,gate3c_final_topic_decision/cache/raw_predictions/final_quadratic_student_t3_001.npz,gate3c_cache
final_quadratic_student_t3_002,dev,quadratic_student_t3,quadratic,student_t3,2,600022,1000,10,1.0,quadratic,gate3c_final_topic_decision/cache/datasets/final_quadratic_student_t3_002.npz,gate3c_final_topic_decision/cache/raw_predictions/final_quadratic_student_t3_002.npz,gate3c_cache
final_quadratic_student_t3_003,dev,quadratic_student_t3,quadratic,student_t3,3,600023,1000,10,1.0,quadratic,gate3c_final_topic_decision/cache/datasets/final_quadratic_student_t3_003.npz,gate3c_final_topic_decision/cache/raw_predictions/final_quadratic_student_t3_003.npz,gate3c_cache
final_quadratic_student_t3_004,dev,quadratic_student_t3,quadratic,student_t3,4,600024,1000,10,1.0,quadratic,gate3c_final_topic_decision/cache/datasets/final_quadratic_student_t3_004.npz,gate3c_final_topic_decision/cache/raw_predictions/final_quadratic_student_t3_004.npz,gate3c_cache
final_quadratic_student_t3_005,dev,quadratic_student_t3,quadratic,student_t3,5,600025,1000,10,1.0,quadratic,gate3c_final_topic_decision/cache/datasets/final_quadratic_student_t3_005.npz,gate3c_final_topic_decision/cache/raw_predictions/final_quadratic_student_t3_005.npz,gate3c_cache
final_quadratic_student_t3_006,dev,quadratic_student_t3,quadratic,student_t3,6,600026,1000,10,1.0,quadratic,gate3c_final_topic_decision/cache/datasets/final_quadratic_student_t3_006.npz,gate3c_final_topic_decision/cache/raw_predictions/final_quadratic_student_t3_006.npz,gate3c_cache
final_quadratic_student_t3_007,dev,quadratic_student_t3,quadratic,student_t3,7,600027,1000,10,1.0,quadratic,gate3c_final_topic_decision/cache/datasets/final_quadratic_student_t3_007.npz,gate3c_final_topic_decision/cache/raw_predictions/final_quadratic_student_t3_007.npz,gate3c_cache
final_quadratic_student_t3_008,dev,quadratic_student_t3,quadratic,student_t3,8,600028,1000,10,1.0,quadratic,gate3c_final_topic_decision/cache/datasets/final_quadratic_student_t3_008.npz,gate3c_final_topic_decision/cache/raw_predictions/final_quadratic_student_t3_008.npz,gate3c_cache
final_quadratic_student_t3_009,dev,quadratic_student_t3,quadratic,student_t3,9,600029,1000,10,1.0,quadratic,gate3c_final_topic_decision/cache/datasets/final_quadratic_student_t3_009.npz,gate3c_final_topic_decision/cache/raw_predictions/final_quadratic_student_t3_009.npz,gate3c_cache
final_quadratic_student_t3_010,dev,quadratic_student_t3,quadratic,student_t3,10,600030,1000,10,1.0,quadratic,gate3c_final_topic_decision/cache/datasets/final_quadratic_student_t3_010.npz,gate3c_final_topic_decision/cache/raw_predictions/final_quadratic_student_t3_010.npz,gate3c_cache
final_quadratic_student_t3_011,dev,quadratic_student_t3,quadratic,student_t3,11,600031,1000,10,1.0,quadratic,gate3c_final_topic_decision/cache/datasets/final_quadratic_student_t3_011.npz,gate3c_final_topic_decision/cache/raw_predictions/final_quadratic_student_t3_011.npz,gate3c_cache
final_quadratic_student_t3_012,dev,quadratic_student_t3,quadratic,student_t3,12,600032,1000,10,1.0,quadratic,gate3c_final_topic_decision/cache/datasets/final_quadratic_student_t3_012.npz,gate3c_final_topic_decision/cache/raw_predictions/final_quadratic_student_t3_012.npz,gate3c_cache
final_quadratic_student_t3_013,dev,quadratic_student_t3,quadratic,student_t3,13,600033,1000,10,1.0,quadratic,gate3c_final_topic_decision/cache/datasets/final_quadratic_student_t3_013.npz,gate3c_final_topic_decision/cache/raw_predictions/final_quadratic_student_t3_013.npz,gate3c_cache
final_quadratic_student_t3_014,dev,quadratic_student_t3,quadratic,student_t3,14,600034,1000,10,1.0,quadratic,gate3c_final_topic_decision/cache/datasets/final_quadratic_student_t3_014.npz,gate3c_final_topic_decision/cache/raw_predictions/final_quadratic_student_t3_014.npz,gate3c_cache
final_quadratic_student_t3_015,dev,quadratic_student_t3,quadratic,student_t3,15,600035,1000,10,1.0,quadratic,gate3c_final_topic_decision/cache/datasets/final_quadratic_student_t3_015.npz,gate3c_final_topic_decision/cache/raw_predictions/final_quadratic_student_t3_015.npz,gate3c_cache
final_quadratic_student_t3_016,dev,quadratic_student_t3,quadratic,student_t3,16,600036,1000,10,1.0,quadratic,gate3c_final_topic_decision/cache/datasets/final_quadratic_student_t3_016.npz,gate3c_final_topic_decision/cache/raw_predictions/final_quadratic_student_t3_016.npz,gate3c_cache
final_quadratic_student_t3_017,dev,quadratic_student_t3,quadratic,student_t3,17,600037,1000,10,1.0,quadratic,gate3c_final_topic_decision/cache/datasets/final_quadratic_student_t3_017.npz,gate3c_final_topic_decision/cache/raw_predictions/final_quadratic_student_t3_017.npz,gate3c_cache
final_quadratic_student_t3_018,dev,quadratic_student_t3,quadratic,student_t3,18,600038,1000,10,1.0,quadratic,gate3c_final_topic_decision/cache/datasets/final_quadratic_student_t3_018.npz,gate3c_final_topic_decision/cache/raw_predictions/final_quadratic_student_t3_018.npz,gate3c_cache
final_quadratic_student_t3_019,dev,quadratic_student_t3,quadratic,student_t3,19,600039,1000,10,1.0,quadratic,gate3c_final_topic_decision/cache/datasets/final_quadratic_student_t3_019.npz,gate3c_final_topic_decision/cache/raw_predictions/final_quadratic_student_t3_019.npz,gate3c_cache
final_quadratic_exponential_000,dev,quadratic_exponential,quadratic,exponential,0,600040,1000,10,1.0,quadratic,gate3c_final_topic_decision/cache/datasets/final_quadratic_exponential_000.npz,gate3c_final_topic_decision/cache/raw_predictions/final_quadratic_exponential_000.npz,gate3c_cache
final_quadratic_exponential_001,dev,quadratic_exponential,quadratic,exponential,1,600041,1000,10,1.0,quadratic,gate3c_final_topic_decision/cache/datasets/final_quadratic_exponential_001.npz,gate3c_final_topic_decision/cache/raw_predictions/final_quadratic_exponential_001.npz,gate3c_cache
final_quadratic_exponential_002,dev,quadratic_exponential,quadratic,exponential,2,600042,1000,10,1.0,quadratic,gate3c_final_topic_decision/cache/datasets/final_quadratic_exponential_002.npz,gate3c_final_topic_decision/cache/raw_predictions/final_quadratic_exponential_002.npz,gate3c_cache
final_quadratic_exponential_003,dev,quadratic_exponential,quadratic,exponential,3,600043,1000,10,1.0,quadratic,gate3c_final_topic_decision/cache/datasets/final_quadratic_exponential_003.npz,gate3c_final_topic_decision/cache/raw_predictions/final_quadratic_exponential_003.npz,gate3c_cache
final_quadratic_exponential_004,dev,quadratic_exponential,quadratic,exponential,4,600044,1000,10,1.0,quadratic,gate3c_final_topic_decision/cache/datasets/final_quadratic_exponential_004.npz,gate3c_final_topic_decision/cache/raw_predictions/final_quadratic_exponential_004.npz,gate3c_cache
final_quadratic_exponential_005,dev,quadratic_exponential,quadratic,exponential,5,600045,1000,10,1.0,quadratic,gate3c_final_topic_decision/cache/datasets/final_quadratic_exponential_005.npz,gate3c_final_topic_decision/cache/raw_predictions/final_quadratic_exponential_005.npz,gate3c_cache
final_quadratic_exponential_006,dev,quadratic_exponential,quadratic,exponential,6,600046,1000,10,1.0,quadratic,gate3c_final_topic_decision/cache/datasets/final_quadratic_exponential_006.npz,gate3c_final_topic_decision/cache/raw_predictions/final_quadratic_exponential_006.npz,gate3c_cache
final_quadratic_exponential_007,dev,quadratic_exponential,quadratic,exponential,7,600047,1000,10,1.0,quadratic,gate3c_final_topic_decision/cache/datasets/final_quadratic_exponential_007.npz,gate3c_final_topic_decision/cache/raw_predictions/final_quadratic_exponential_007.npz,gate3c_cache
final_quadratic_exponential_008,dev,quadratic_exponential,quadratic,exponential,8,600048,1000,10,1.0,quadratic,gate3c_final_topic_decision/cache/datasets/final_quadratic_exponential_008.npz,gate3c_final_topic_decision/cache/raw_predictions/final_quadratic_exponential_008.npz,gate3c_cache
final_quadratic_exponential_009,dev,quadratic_exponential,quadratic,exponential,9,600049,1000,10,1.0,quadratic,gate3c_final_topic_decision/cache/datasets/final_quadratic_exponential_009.npz,gate3c_final_topic_decision/cache/raw_predictions/final_quadratic_exponential_009.npz,gate3c_cache
final_quadratic_exponential_010,dev,quadratic_exponential,quadratic,exponential,10,600050,1000,10,1.0,quadratic,gate3c_final_topic_decision/cache/datasets/final_quadratic_exponential_010.npz,gate3c_final_topic_decision/cache/raw_predictions/final_quadratic_exponential_010.npz,gate3c_cache
final_quadratic_exponential_011,dev,quadratic_exponential,quadratic,exponential,11,600051,1000,10,1.0,quadratic,gate3c_final_topic_decision/cache/datasets/final_quadratic_exponential_011.npz,gate3c_final_topic_decision/cache/raw_predictions/final_quadratic_exponential_011.npz,gate3c_cache
final_quadratic_exponential_012,dev,quadratic_exponential,quadratic,exponential,12,600052,1000,10,1.0,quadratic,gate3c_final_topic_decision/cache/datasets/final_quadratic_exponential_012.npz,gate3c_final_topic_decision/cache/raw_predictions/final_quadratic_exponential_012.npz,gate3c_cache
final_quadratic_exponential_013,dev,quadratic_exponential,quadratic,exponential,13,600053,1000,10,1.0,quadratic,gate3c_final_topic_decision/cache/datasets/final_quadratic_exponential_013.npz,gate3c_final_topic_decision/cache/raw_predictions/final_quadratic_exponential_013.npz,gate3c_cache
final_quadratic_exponential_014,dev,quadratic_exponential,quadratic,exponential,14,600054,1000,10,1.0,quadratic,gate3c_final_topic_decision/cache/datasets/final_quadratic_exponential_014.npz,gate3c_final_topic_decision/cache/raw_predictions/final_quadratic_exponential_014.npz,gate3c_cache
final_quadratic_exponential_015,dev,quadratic_exponential,quadratic,exponential,15,600055,1000,10,1.0,quadratic,gate3c_final_topic_decision/cache/datasets/final_quadratic_exponential_015.npz,gate3c_final_topic_decision/cache/raw_predictions/final_quadratic_exponential_015.npz,gate3c_cache
final_quadratic_exponential_016,dev,quadratic_exponential,quadratic,exponential,16,600056,1000,10,1.0,quadratic,gate3c_final_topic_decision/cache/datasets/final_quadratic_exponential_016.npz,gate3c_final_topic_decision/cache/raw_predictions/final_quadratic_exponential_016.npz,gate3c_cache
final_quadratic_exponential_017,dev,quadratic_exponential,quadratic,exponential,17,600057,1000,10,1.0,quadratic,gate3c_final_topic_decision/cache/datasets/final_quadratic_exponential_017.npz,gate3c_final_topic_decision/cache/raw_predictions/final_quadratic_exponential_017.npz,gate3c_cache
final_quadratic_exponential_018,dev,quadratic_exponential,quadratic,exponential,18,600058,1000,10,1.0,quadratic,gate3c_final_topic_decision/cache/datasets/final_quadratic_exponential_018.npz,gate3c_final_topic_decision/cache/raw_predictions/final_quadratic_exponential_018.npz,gate3c_cache
final_quadratic_exponential_019,dev,quadratic_exponential,quadratic,exponential,19,600059,1000,10,1.0,quadratic,gate3c_final_topic_decision/cache/datasets/final_quadratic_exponential_019.npz,gate3c_final_topic_decision/cache/raw_predictions/final_quadratic_exponential_019.npz,gate3c_cache
final_piecewise_gaussian_000,dev,piecewise_gaussian,piecewise,gaussian,0,600060,1000,10,1.0,piecewise,gate3c_final_topic_decision/cache/datasets/final_piecewise_gaussian_000.npz,gate3c_final_topic_decision/cache/raw_predictions/final_piecewise_gaussian_000.npz,gate3c_cache
final_piecewise_gaussian_001,dev,piecewise_gaussian,piecewise,gaussian,1,600061,1000,10,1.0,piecewise,gate3c_final_topic_decision/cache/datasets/final_piecewise_gaussian_001.npz,gate3c_final_topic_decision/cache/raw_predictions/final_piecewise_gaussian_001.npz,gate3c_cache
final_piecewise_gaussian_002,dev,piecewise_gaussian,piecewise,gaussian,2,600062,1000,10,1.0,piecewise,gate3c_final_topic_decision/cache/datasets/final_piecewise_gaussian_002.npz,gate3c_final_topic_decision/cache/raw_predictions/final_piecewise_gaussian_002.npz,gate3c_cache
final_piecewise_gaussian_003,dev,piecewise_gaussian,piecewise,gaussian,3,600063,1000,10,1.0,piecewise,gate3c_final_topic_decision/cache/datasets/final_piecewise_gaussian_003.npz,gate3c_final_topic_decision/cache/raw_predictions/final_piecewise_gaussian_003.npz,gate3c_cache
final_piecewise_gaussian_004,dev,piecewise_gaussian,piecewise,gaussian,4,600064,1000,10,1.0,piecewise,gate3c_final_topic_decision/cache/datasets/final_piecewise_gaussian_004.npz,gate3c_final_topic_decision/cache/raw_predictions/final_piecewise_gaussian_004.npz,gate3c_cache
final_piecewise_gaussian_005,dev,piecewise_gaussian,piecewise,gaussian,5,600065,1000,10,1.0,piecewise,gate3c_final_topic_decision/cache/datasets/final_piecewise_gaussian_005.npz,gate3c_final_topic_decision/cache/raw_predictions/final_piecewise_gaussian_005.npz,gate3c_cache
final_piecewise_gaussian_006,dev,piecewise_gaussian,piecewise,gaussian,6,600066,1000,10,1.0,piecewise,gate3c_final_topic_decision/cache/datasets/final_piecewise_gaussian_006.npz,gate3c_final_topic_decision/cache/raw_predictions/final_piecewise_gaussian_006.npz,gate3c_cache
final_piecewise_gaussian_007,dev,piecewise_gaussian,piecewise,gaussian,7,600067,1000,10,1.0,piecewise,gate3c_final_topic_decision/cache/datasets/final_piecewise_gaussian_007.npz,gate3c_final_topic_decision/cache/raw_predictions/final_piecewise_gaussian_007.npz,gate3c_cache
final_piecewise_gaussian_008,dev,piecewise_gaussian,piecewise,gaussian,8,600068,1000,10,1.0,piecewise,gate3c_final_topic_decision/cache/datasets/final_piecewise_gaussian_008.npz,gate3c_final_topic_decision/cache/raw_predictions/final_piecewise_gaussian_008.npz,gate3c_cache
final_piecewise_gaussian_009,dev,piecewise_gaussian,piecewise,gaussian,9,600069,1000,10,1.0,piecewise,gate3c_final_topic_decision/cache/datasets/final_piecewise_gaussian_009.npz,gate3c_final_topic_decision/cache/raw_predictions/final_piecewise_gaussian_009.npz,gate3c_cache
final_piecewise_gaussian_010,dev,piecewise_gaussian,piecewise,gaussian,10,600070,1000,10,1.0,piecewise,gate3c_final_topic_decision/cache/datasets/final_piecewise_gaussian_010.npz,gate3c_final_topic_decision/cache/raw_predictions/final_piecewise_gaussian_010.npz,gate3c_cache
final_piecewise_gaussian_011,dev,piecewise_gaussian,piecewise,gaussian,11,600071,1000,10,1.0,piecewise,gate3c_final_topic_decision/cache/datasets/final_piecewise_gaussian_011.npz,gate3c_final_topic_decision/cache/raw_predictions/final_piecewise_gaussian_011.npz,gate3c_cache
final_piecewise_gaussian_012,dev,piecewise_gaussian,piecewise,gaussian,12,600072,1000,10,1.0,piecewise,gate3c_final_topic_decision/cache/datasets/final_piecewise_gaussian_012.npz,gate3c_final_topic_decision/cache/raw_predictions/final_piecewise_gaussian_012.npz,gate3c_cache
final_piecewise_gaussian_013,dev,piecewise_gaussian,piecewise,gaussian,13,600073,1000,10,1.0,piecewise,gate3c_final_topic_decision/cache/datasets/final_piecewise_gaussian_013.npz,gate3c_final_topic_decision/cache/raw_predictions/final_piecewise_gaussian_013.npz,gate3c_cache
final_piecewise_gaussian_014,dev,piecewise_gaussian,piecewise,gaussian,14,600074,1000,10,1.0,piecewise,gate3c_final_topic_decision/cache/datasets/final_piecewise_gaussian_014.npz,gate3c_final_topic_decision/cache/raw_predictions/final_piecewise_gaussian_014.npz,gate3c_cache
final_piecewise_gaussian_015,dev,piecewise_gaussian,piecewise,gaussian,15,600075,1000,10,1.0,piecewise,gate3c_final_topic_decision/cache/datasets/final_piecewise_gaussian_015.npz,gate3c_final_topic_decision/cache/raw_predictions/final_piecewise_gaussian_015.npz,gate3c_cache
final_piecewise_gaussian_016,dev,piecewise_gaussian,piecewise,gaussian,16,600076,1000,10,1.0,piecewise,gate3c_final_topic_decision/cache/datasets/final_piecewise_gaussian_016.npz,gate3c_final_topic_decision/cache/raw_predictions/final_piecewise_gaussian_016.npz,gate3c_cache
final_piecewise_gaussian_017,dev,piecewise_gaussian,piecewise,gaussian,17,600077,1000,10,1.0,piecewise,gate3c_final_topic_decision/cache/datasets/final_piecewise_gaussian_017.npz,gate3c_final_topic_decision/cache/raw_predictions/final_piecewise_gaussian_017.npz,gate3c_cache
final_piecewise_gaussian_018,dev,piecewise_gaussian,piecewise,gaussian,18,600078,1000,10,1.0,piecewise,gate3c_final_topic_decision/cache/datasets/final_piecewise_gaussian_018.npz,gate3c_final_topic_decision/cache/raw_predictions/final_piecewise_gaussian_018.npz,gate3c_cache
final_piecewise_gaussian_019,dev,piecewise_gaussian,piecewise,gaussian,19,600079,1000,10,1.0,piecewise,gate3c_final_topic_decision/cache/datasets/final_piecewise_gaussian_019.npz,gate3c_final_topic_decision/cache/raw_predictions/final_piecewise_gaussian_019.npz,gate3c_cache
final_piecewise_student_t3_000,dev,piecewise_student_t3,piecewise,student_t3,0,600080,1000,10,1.0,piecewise,gate3c_final_topic_decision/cache/datasets/final_piecewise_student_t3_000.npz,gate3c_final_topic_decision/cache/raw_predictions/final_piecewise_student_t3_000.npz,gate3c_cache
final_piecewise_student_t3_001,dev,piecewise_student_t3,piecewise,student_t3,1,600081,1000,10,1.0,piecewise,gate3c_final_topic_decision/cache/datasets/final_piecewise_student_t3_001.npz,gate3c_final_topic_decision/cache/raw_predictions/final_piecewise_student_t3_001.npz,gate3c_cache
final_piecewise_student_t3_002,dev,piecewise_student_t3,piecewise,student_t3,2,600082,1000,10,1.0,piecewise,gate3c_final_topic_decision/cache/datasets/final_piecewise_student_t3_002.npz,gate3c_final_topic_decision/cache/raw_predictions/final_piecewise_student_t3_002.npz,gate3c_cache
final_piecewise_student_t3_003,dev,piecewise_student_t3,piecewise,student_t3,3,600083,1000,10,1.0,piecewise,gate3c_final_topic_decision/cache/datasets/final_piecewise_student_t3_003.npz,gate3c_final_topic_decision/cache/raw_predictions/final_piecewise_student_t3_003.npz,gate3c_cache
final_piecewise_student_t3_004,dev,piecewise_student_t3,piecewise,student_t3,4,600084,1000,10,1.0,piecewise,gate3c_final_topic_decision/cache/datasets/final_piecewise_student_t3_004.npz,gate3c_final_topic_decision/cache/raw_predictions/final_piecewise_student_t3_004.npz,gate3c_cache
final_piecewise_student_t3_005,dev,piecewise_student_t3,piecewise,student_t3,5,600085,1000,10,1.0,piecewise,gate3c_final_topic_decision/cache/datasets/final_piecewise_student_t3_005.npz,gate3c_final_topic_decision/cache/raw_predictions/final_piecewise_student_t3_005.npz,gate3c_cache
final_piecewise_student_t3_006,dev,piecewise_student_t3,piecewise,student_t3,6,600086,1000,10,1.0,piecewise,gate3c_final_topic_decision/cache/datasets/final_piecewise_student_t3_006.npz,gate3c_final_topic_decision/cache/raw_predictions/final_piecewise_student_t3_006.npz,gate3c_cache
final_piecewise_student_t3_007,dev,piecewise_student_t3,piecewise,student_t3,7,600087,1000,10,1.0,piecewise,gate3c_final_topic_decision/cache/datasets/final_piecewise_student_t3_007.npz,gate3c_final_topic_decision/cache/raw_predictions/final_piecewise_student_t3_007.npz,gate3c_cache
final_piecewise_student_t3_008,dev,piecewise_student_t3,piecewise,student_t3,8,600088,1000,10,1.0,piecewise,gate3c_final_topic_decision/cache/datasets/final_piecewise_student_t3_008.npz,gate3c_final_topic_decision/cache/raw_predictions/final_piecewise_student_t3_008.npz,gate3c_cache
final_piecewise_student_t3_009,dev,piecewise_student_t3,piecewise,student_t3,9,600089,1000,10,1.0,piecewise,gate3c_final_topic_decision/cache/datasets/final_piecewise_student_t3_009.npz,gate3c_final_topic_decision/cache/raw_predictions/final_piecewise_student_t3_009.npz,gate3c_cache
final_piecewise_student_t3_010,dev,piecewise_student_t3,piecewise,student_t3,10,600090,1000,10,1.0,piecewise,gate3c_final_topic_decision/cache/datasets/final_piecewise_student_t3_010.npz,gate3c_final_topic_decision/cache/raw_predictions/final_piecewise_student_t3_010.npz,gate3c_cache
final_piecewise_student_t3_011,dev,piecewise_student_t3,piecewise,student_t3,11,600091,1000,10,1.0,piecewise,gate3c_final_topic_decision/cache/datasets/final_piecewise_student_t3_011.npz,gate3c_final_topic_decision/cache/raw_predictions/final_piecewise_student_t3_011.npz,gate3c_cache
final_piecewise_student_t3_012,dev,piecewise_student_t3,piecewise,student_t3,12,600092,1000,10,1.0,piecewise,gate3c_final_topic_decision/cache/datasets/final_piecewise_student_t3_012.npz,gate3c_final_topic_decision/cache/raw_predictions/final_piecewise_student_t3_012.npz,gate3c_cache
final_piecewise_student_t3_013,dev,piecewise_student_t3,piecewise,student_t3,13,600093,1000,10,1.0,piecewise,gate3c_final_topic_decision/cache/datasets/final_piecewise_student_t3_013.npz,gate3c_final_topic_decision/cache/raw_predictions/final_piecewise_student_t3_013.npz,gate3c_cache
final_piecewise_student_t3_014,dev,piecewise_student_t3,piecewise,student_t3,14,600094,1000,10,1.0,piecewise,gate3c_final_topic_decision/cache/datasets/final_piecewise_student_t3_014.npz,gate3c_final_topic_decision/cache/raw_predictions/final_piecewise_student_t3_014.npz,gate3c_cache
final_piecewise_student_t3_015,dev,piecewise_student_t3,piecewise,student_t3,15,600095,1000,10,1.0,piecewise,gate3c_final_topic_decision/cache/datasets/final_piecewise_student_t3_015.npz,gate3c_final_topic_decision/cache/raw_predictions/final_piecewise_student_t3_015.npz,gate3c_cache
final_piecewise_student_t3_016,dev,piecewise_student_t3,piecewise,student_t3,16,600096,1000,10,1.0,piecewise,gate3c_final_topic_decision/cache/datasets/final_piecewise_student_t3_016.npz,gate3c_final_topic_decision/cache/raw_predictions/final_piecewise_student_t3_016.npz,gate3c_cache
final_piecewise_student_t3_017,dev,piecewise_student_t3,piecewise,student_t3,17,600097,1000,10,1.0,piecewise,gate3c_final_topic_decision/cache/datasets/final_piecewise_student_t3_017.npz,gate3c_final_topic_decision/cache/raw_predictions/final_piecewise_student_t3_017.npz,gate3c_cache
final_piecewise_student_t3_018,dev,piecewise_student_t3,piecewise,student_t3,18,600098,1000,10,1.0,piecewise,gate3c_final_topic_decision/cache/datasets/final_piecewise_student_t3_018.npz,gate3c_final_topic_decision/cache/raw_predictions/final_piecewise_student_t3_018.npz,gate3c_cache
final_piecewise_student_t3_019,dev,piecewise_student_t3,piecewise,student_t3,19,600099,1000,10,1.0,piecewise,gate3c_final_topic_decision/cache/datasets/final_piecewise_student_t3_019.npz,gate3c_final_topic_decision/cache/raw_predictions/final_piecewise_student_t3_019.npz,gate3c_cache
final_piecewise_exponential_000,dev,piecewise_exponential,piecewise,exponential,0,600100,1000,10,1.0,piecewise,gate3c_final_topic_decision/cache/datasets/final_piecewise_exponential_000.npz,gate3c_final_topic_decision/cache/raw_predictions/final_piecewise_exponential_000.npz,gate3c_cache
final_piecewise_exponential_001,dev,piecewise_exponential,piecewise,exponential,1,600101,1000,10,1.0,piecewise,gate3c_final_topic_decision/cache/datasets/final_piecewise_exponential_001.npz,gate3c_final_topic_decision/cache/raw_predictions/final_piecewise_exponential_001.npz,gate3c_cache
final_piecewise_exponential_002,dev,piecewise_exponential,piecewise,exponential,2,600102,1000,10,1.0,piecewise,gate3c_final_topic_decision/cache/datasets/final_piecewise_exponential_002.npz,gate3c_final_topic_decision/cache/raw_predictions/final_piecewise_exponential_002.npz,gate3c_cache
final_piecewise_exponential_003,dev,piecewise_exponential,piecewise,exponential,3,600103,1000,10,1.0,piecewise,gate3c_final_topic_decision/cache/datasets/final_piecewise_exponential_003.npz,gate3c_final_topic_decision/cache/raw_predictions/final_piecewise_exponential_003.npz,gate3c_cache
final_piecewise_exponential_004,dev,piecewise_exponential,piecewise,exponential,4,600104,1000,10,1.0,piecewise,gate3c_final_topic_decision/cache/datasets/final_piecewise_exponential_004.npz,gate3c_final_topic_decision/cache/raw_predictions/final_piecewise_exponential_004.npz,gate3c_cache
final_piecewise_exponential_005,dev,piecewise_exponential,piecewise,exponential,5,600105,1000,10,1.0,piecewise,gate3c_final_topic_decision/cache/datasets/final_piecewise_exponential_005.npz,gate3c_final_topic_decision/cache/raw_predictions/final_piecewise_exponential_005.npz,gate3c_cache
final_piecewise_exponential_006,dev,piecewise_exponential,piecewise,exponential,6,600106,1000,10,1.0,piecewise,gate3c_final_topic_decision/cache/datasets/final_piecewise_exponential_006.npz,gate3c_final_topic_decision/cache/raw_predictions/final_piecewise_exponential_006.npz,gate3c_cache
final_piecewise_exponential_007,dev,piecewise_exponential,piecewise,exponential,7,600107,1000,10,1.0,piecewise,gate3c_final_topic_decision/cache/datasets/final_piecewise_exponential_007.npz,gate3c_final_topic_decision/cache/raw_predictions/final_piecewise_exponential_007.npz,gate3c_cache
final_piecewise_exponential_008,dev,piecewise_exponential,piecewise,exponential,8,600108,1000,10,1.0,piecewise,gate3c_final_topic_decision/cache/datasets/final_piecewise_exponential_008.npz,gate3c_final_topic_decision/cache/raw_predictions/final_piecewise_exponential_008.npz,gate3c_cache
final_piecewise_exponential_009,dev,piecewise_exponential,piecewise,exponential,9,600109,1000,10,1.0,piecewise,gate3c_final_topic_decision/cache/datasets/final_piecewise_exponential_009.npz,gate3c_final_topic_decision/cache/raw_predictions/final_piecewise_exponential_009.npz,gate3c_cache
final_piecewise_exponential_010,dev,piecewise_exponential,piecewise,exponential,10,600110,1000,10,1.0,piecewise,gate3c_final_topic_decision/cache/datasets/final_piecewise_exponential_010.npz,gate3c_final_topic_decision/cache/raw_predictions/final_piecewise_exponential_010.npz,gate3c_cache
final_piecewise_exponential_011,dev,piecewise_exponential,piecewise,exponential,11,600111,1000,10,1.0,piecewise,gate3c_final_topic_decision/cache/datasets/final_piecewise_exponential_011.npz,gate3c_final_topic_decision/cache/raw_predictions/final_piecewise_exponential_011.npz,gate3c_cache
final_piecewise_exponential_012,dev,piecewise_exponential,piecewise,exponential,12,600112,1000,10,1.0,piecewise,gate3c_final_topic_decision/cache/datasets/final_piecewise_exponential_012.npz,gate3c_final_topic_decision/cache/raw_predictions/final_piecewise_exponential_012.npz,gate3c_cache
final_piecewise_exponential_013,dev,piecewise_exponential,piecewise,exponential,13,600113,1000,10,1.0,piecewise,gate3c_final_topic_decision/cache/datasets/final_piecewise_exponential_013.npz,gate3c_final_topic_decision/cache/raw_predictions/final_piecewise_exponential_013.npz,gate3c_cache
final_piecewise_exponential_014,dev,piecewise_exponential,piecewise,exponential,14,600114,1000,10,1.0,piecewise,gate3c_final_topic_decision/cache/datasets/final_piecewise_exponential_014.npz,gate3c_final_topic_decision/cache/raw_predictions/final_piecewise_exponential_014.npz,gate3c_cache
final_piecewise_exponential_015,dev,piecewise_exponential,piecewise,exponential,15,600115,1000,10,1.0,piecewise,gate3c_final_topic_decision/cache/datasets/final_piecewise_exponential_015.npz,gate3c_final_topic_decision/cache/raw_predictions/final_piecewise_exponential_015.npz,gate3c_cache
final_piecewise_exponential_016,dev,piecewise_exponential,piecewise,exponential,16,600116,1000,10,1.0,piecewise,gate3c_final_topic_decision/cache/datasets/final_piecewise_exponential_016.npz,gate3c_final_topic_decision/cache/raw_predictions/final_piecewise_exponential_016.npz,gate3c_cache
final_piecewise_exponential_017,dev,piecewise_exponential,piecewise,exponential,17,600117,1000,10,1.0,piecewise,gate3c_final_topic_decision/cache/datasets/final_piecewise_exponential_017.npz,gate3c_final_topic_decision/cache/raw_predictions/final_piecewise_exponential_017.npz,gate3c_cache
final_piecewise_exponential_018,dev,piecewise_exponential,piecewise,exponential,18,600118,1000,10,1.0,piecewise,gate3c_final_topic_decision/cache/datasets/final_piecewise_exponential_018.npz,gate3c_final_topic_decision/cache/raw_predictions/final_piecewise_exponential_018.npz,gate3c_cache
final_piecewise_exponential_019,dev,piecewise_exponential,piecewise,exponential,19,600119,1000,10,1.0,piecewise,gate3c_final_topic_decision/cache/datasets/final_piecewise_exponential_019.npz,gate3c_final_topic_decision/cache/raw_predictions/final_piecewise_exponential_019.npz,gate3c_cache
final_arctan_gaussian_000,final,arctan_gaussian,arctan,gaussian,0,700000,1000,10,,,gate4_risk_certificate/cache/datasets/final_arctan_gaussian_000.npz,gate4_risk_certificate/cache/full_predictions/final_arctan_gaussian_000.npz,gate4_new_final
final_arctan_gaussian_001,final,arctan_gaussian,arctan,gaussian,1,700001,1000,10,,,gate4_risk_certificate/cache/datasets/final_arctan_gaussian_001.npz,gate4_risk_certificate/cache/full_predictions/final_arctan_gaussian_001.npz,gate4_new_final
final_arctan_gaussian_002,final,arctan_gaussian,arctan,gaussian,2,700002,1000,10,,,gate4_risk_certificate/cache/datasets/final_arctan_gaussian_002.npz,gate4_risk_certificate/cache/full_predictions/final_arctan_gaussian_002.npz,gate4_new_final
final_arctan_gaussian_003,final,arctan_gaussian,arctan,gaussian,3,700003,1000,10,,,gate4_risk_certificate/cache/datasets/final_arctan_gaussian_003.npz,gate4_risk_certificate/cache/full_predictions/final_arctan_gaussian_003.npz,gate4_new_final
final_arctan_gaussian_004,final,arctan_gaussian,arctan,gaussian,4,700004,1000,10,,,gate4_risk_certificate/cache/datasets/final_arctan_gaussian_004.npz,gate4_risk_certificate/cache/full_predictions/final_arctan_gaussian_004.npz,gate4_new_final
final_arctan_gaussian_005,final,arctan_gaussian,arctan,gaussian,5,700005,1000,10,,,gate4_risk_certificate/cache/datasets/final_arctan_gaussian_005.npz,gate4_risk_certificate/cache/full_predictions/final_arctan_gaussian_005.npz,gate4_new_final
final_arctan_gaussian_006,final,arctan_gaussian,arctan,gaussian,6,700006,1000,10,,,gate4_risk_certificate/cache/datasets/final_arctan_gaussian_006.npz,gate4_risk_certificate/cache/full_predictions/final_arctan_gaussian_006.npz,gate4_new_final
final_arctan_gaussian_007,final,arctan_gaussian,arctan,gaussian,7,700007,1000,10,,,gate4_risk_certificate/cache/datasets/final_arctan_gaussian_007.npz,gate4_risk_certificate/cache/full_predictions/final_arctan_gaussian_007.npz,gate4_new_final
final_arctan_gaussian_008,final,arctan_gaussian,arctan,gaussian,8,700008,1000,10,,,gate4_risk_certificate/cache/datasets/final_arctan_gaussian_008.npz,gate4_risk_certificate/cache/full_predictions/final_arctan_gaussian_008.npz,gate4_new_final
final_arctan_gaussian_009,final,arctan_gaussian,arctan,gaussian,9,700009,1000,10,,,gate4_risk_certificate/cache/datasets/final_arctan_gaussian_009.npz,gate4_risk_certificate/cache/full_predictions/final_arctan_gaussian_009.npz,gate4_new_final
final_arctan_gaussian_010,final,arctan_gaussian,arctan,gaussian,10,700010,1000,10,,,gate4_risk_certificate/cache/datasets/final_arctan_gaussian_010.npz,gate4_risk_certificate/cache/full_predictions/final_arctan_gaussian_010.npz,gate4_new_final
final_arctan_gaussian_011,final,arctan_gaussian,arctan,gaussian,11,700011,1000,10,,,gate4_risk_certificate/cache/datasets/final_arctan_gaussian_011.npz,gate4_risk_certificate/cache/full_predictions/final_arctan_gaussian_011.npz,gate4_new_final
final_arctan_gaussian_012,final,arctan_gaussian,arctan,gaussian,12,700012,1000,10,,,gate4_risk_certificate/cache/datasets/final_arctan_gaussian_012.npz,gate4_risk_certificate/cache/full_predictions/final_arctan_gaussian_012.npz,gate4_new_final
final_arctan_gaussian_013,final,arctan_gaussian,arctan,gaussian,13,700013,1000,10,,,gate4_risk_certificate/cache/datasets/final_arctan_gaussian_013.npz,gate4_risk_certificate/cache/full_predictions/final_arctan_gaussian_013.npz,gate4_new_final
final_arctan_gaussian_014,final,arctan_gaussian,arctan,gaussian,14,700014,1000,10,,,gate4_risk_certificate/cache/datasets/final_arctan_gaussian_014.npz,gate4_risk_certificate/cache/full_predictions/final_arctan_gaussian_014.npz,gate4_new_final
final_arctan_gaussian_015,final,arctan_gaussian,arctan,gaussian,15,700015,1000,10,,,gate4_risk_certificate/cache/datasets/final_arctan_gaussian_015.npz,gate4_risk_certificate/cache/full_predictions/final_arctan_gaussian_015.npz,gate4_new_final
final_arctan_gaussian_016,final,arctan_gaussian,arctan,gaussian,16,700016,1000,10,,,gate4_risk_certificate/cache/datasets/final_arctan_gaussian_016.npz,gate4_risk_certificate/cache/full_predictions/final_arctan_gaussian_016.npz,gate4_new_final
final_arctan_gaussian_017,final,arctan_gaussian,arctan,gaussian,17,700017,1000,10,,,gate4_risk_certificate/cache/datasets/final_arctan_gaussian_017.npz,gate4_risk_certificate/cache/full_predictions/final_arctan_gaussian_017.npz,gate4_new_final
final_arctan_gaussian_018,final,arctan_gaussian,arctan,gaussian,18,700018,1000,10,,,gate4_risk_certificate/cache/datasets/final_arctan_gaussian_018.npz,gate4_risk_certificate/cache/full_predictions/final_arctan_gaussian_018.npz,gate4_new_final
final_arctan_gaussian_019,final,arctan_gaussian,arctan,gaussian,19,700019,1000,10,,,gate4_risk_certificate/cache/datasets/final_arctan_gaussian_019.npz,gate4_risk_certificate/cache/full_predictions/final_arctan_gaussian_019.npz,gate4_new_final
final_arctan_gaussian_020,final,arctan_gaussian,arctan,gaussian,20,700020,1000,10,,,gate4_risk_certificate/cache/datasets/final_arctan_gaussian_020.npz,gate4_risk_certificate/cache/full_predictions/final_arctan_gaussian_020.npz,gate4_new_final
final_arctan_gaussian_021,final,arctan_gaussian,arctan,gaussian,21,700021,1000,10,,,gate4_risk_certificate/cache/datasets/final_arctan_gaussian_021.npz,gate4_risk_certificate/cache/full_predictions/final_arctan_gaussian_021.npz,gate4_new_final
final_arctan_gaussian_022,final,arctan_gaussian,arctan,gaussian,22,700022,1000,10,,,gate4_risk_certificate/cache/datasets/final_arctan_gaussian_022.npz,gate4_risk_certificate/cache/full_predictions/final_arctan_gaussian_022.npz,gate4_new_final
final_arctan_gaussian_023,final,arctan_gaussian,arctan,gaussian,23,700023,1000,10,,,gate4_risk_certificate/cache/datasets/final_arctan_gaussian_023.npz,gate4_risk_certificate/cache/full_predictions/final_arctan_gaussian_023.npz,gate4_new_final
final_arctan_gaussian_024,final,arctan_gaussian,arctan,gaussian,24,700024,1000,10,,,gate4_risk_certificate/cache/datasets/final_arctan_gaussian_024.npz,gate4_risk_certificate/cache/full_predictions/final_arctan_gaussian_024.npz,gate4_new_final
final_arctan_gaussian_025,final,arctan_gaussian,arctan,gaussian,25,700025,1000,10,,,gate4_risk_certificate/cache/datasets/final_arctan_gaussian_025.npz,gate4_risk_certificate/cache/full_predictions/final_arctan_gaussian_025.npz,gate4_new_final
final_arctan_gaussian_026,final,arctan_gaussian,arctan,gaussian,26,700026,1000,10,,,gate4_risk_certificate/cache/datasets/final_arctan_gaussian_026.npz,gate4_risk_certificate/cache/full_predictions/final_arctan_gaussian_026.npz,gate4_new_final
final_arctan_gaussian_027,final,arctan_gaussian,arctan,gaussian,27,700027,1000,10,,,gate4_risk_certificate/cache/datasets/final_arctan_gaussian_027.npz,gate4_risk_certificate/cache/full_predictions/final_arctan_gaussian_027.npz,gate4_new_final
final_arctan_gaussian_028,final,arctan_gaussian,arctan,gaussian,28,700028,1000,10,,,gate4_risk_certificate/cache/datasets/final_arctan_gaussian_028.npz,gate4_risk_certificate/cache/full_predictions/final_arctan_gaussian_028.npz,gate4_new_final
final_arctan_gaussian_029,final,arctan_gaussian,arctan,gaussian,29,700029,1000,10,,,gate4_risk_certificate/cache/datasets/final_arctan_gaussian_029.npz,gate4_risk_certificate/cache/full_predictions/final_arctan_gaussian_029.npz,gate4_new_final
final_arctan_student_t3_000,final,arctan_student_t3,arctan,student_t3,0,700030,1000,10,,,gate4_risk_certificate/cache/datasets/final_arctan_student_t3_000.npz,gate4_risk_certificate/cache/full_predictions/final_arctan_student_t3_000.npz,gate4_new_final
final_arctan_student_t3_001,final,arctan_student_t3,arctan,student_t3,1,700031,1000,10,,,gate4_risk_certificate/cache/datasets/final_arctan_student_t3_001.npz,gate4_risk_certificate/cache/full_predictions/final_arctan_student_t3_001.npz,gate4_new_final
final_arctan_student_t3_002,final,arctan_student_t3,arctan,student_t3,2,700032,1000,10,,,gate4_risk_certificate/cache/datasets/final_arctan_student_t3_002.npz,gate4_risk_certificate/cache/full_predictions/final_arctan_student_t3_002.npz,gate4_new_final
final_arctan_student_t3_003,final,arctan_student_t3,arctan,student_t3,3,700033,1000,10,,,gate4_risk_certificate/cache/datasets/final_arctan_student_t3_003.npz,gate4_risk_certificate/cache/full_predictions/final_arctan_student_t3_003.npz,gate4_new_final
final_arctan_student_t3_004,final,arctan_student_t3,arctan,student_t3,4,700034,1000,10,,,gate4_risk_certificate/cache/datasets/final_arctan_student_t3_004.npz,gate4_risk_certificate/cache/full_predictions/final_arctan_student_t3_004.npz,gate4_new_final
final_arctan_student_t3_005,final,arctan_student_t3,arctan,student_t3,5,700035,1000,10,,,gate4_risk_certificate/cache/datasets/final_arctan_student_t3_005.npz,gate4_risk_certificate/cache/full_predictions/final_arctan_student_t3_005.npz,gate4_new_final
final_arctan_student_t3_006,final,arctan_student_t3,arctan,student_t3,6,700036,1000,10,,,gate4_risk_certificate/cache/datasets/final_arctan_student_t3_006.npz,gate4_risk_certificate/cache/full_predictions/final_arctan_student_t3_006.npz,gate4_new_final
final_arctan_student_t3_007,final,arctan_student_t3,arctan,student_t3,7,700037,1000,10,,,gate4_risk_certificate/cache/datasets/final_arctan_student_t3_007.npz,gate4_risk_certificate/cache/full_predictions/final_arctan_student_t3_007.npz,gate4_new_final
final_arctan_student_t3_008,final,arctan_student_t3,arctan,student_t3,8,700038,1000,10,,,gate4_risk_certificate/cache/datasets/final_arctan_student_t3_008.npz,gate4_risk_certificate/cache/full_predictions/final_arctan_student_t3_008.npz,gate4_new_final
final_arctan_student_t3_009,final,arctan_student_t3,arctan,student_t3,9,700039,1000,10,,,gate4_risk_certificate/cache/datasets/final_arctan_student_t3_009.npz,gate4_risk_certificate/cache/full_predictions/final_arctan_student_t3_009.npz,gate4_new_final
final_arctan_student_t3_010,final,arctan_student_t3,arctan,student_t3,10,700040,1000,10,,,gate4_risk_certificate/cache/datasets/final_arctan_student_t3_010.npz,gate4_risk_certificate/cache/full_predictions/final_arctan_student_t3_010.npz,gate4_new_final
final_arctan_student_t3_011,final,arctan_student_t3,arctan,student_t3,11,700041,1000,10,,,gate4_risk_certificate/cache/datasets/final_arctan_student_t3_011.npz,gate4_risk_certificate/cache/full_predictions/final_arctan_student_t3_011.npz,gate4_new_final
final_arctan_student_t3_012,final,arctan_student_t3,arctan,student_t3,12,700042,1000,10,,,gate4_risk_certificate/cache/datasets/final_arctan_student_t3_012.npz,gate4_risk_certificate/cache/full_predictions/final_arctan_student_t3_012.npz,gate4_new_final
final_arctan_student_t3_013,final,arctan_student_t3,arctan,student_t3,13,700043,1000,10,,,gate4_risk_certificate/cache/datasets/final_arctan_student_t3_013.npz,gate4_risk_certificate/cache/full_predictions/final_arctan_student_t3_013.npz,gate4_new_final
final_arctan_student_t3_014,final,arctan_student_t3,arctan,student_t3,14,700044,1000,10,,,gate4_risk_certificate/cache/datasets/final_arctan_student_t3_014.npz,gate4_risk_certificate/cache/full_predictions/final_arctan_student_t3_014.npz,gate4_new_final
final_arctan_student_t3_015,final,arctan_student_t3,arctan,student_t3,15,700045,1000,10,,,gate4_risk_certificate/cache/datasets/final_arctan_student_t3_015.npz,gate4_risk_certificate/cache/full_predictions/final_arctan_student_t3_015.npz,gate4_new_final
final_arctan_student_t3_016,final,arctan_student_t3,arctan,student_t3,16,700046,1000,10,,,gate4_risk_certificate/cache/datasets/final_arctan_student_t3_016.npz,gate4_risk_certificate/cache/full_predictions/final_arctan_student_t3_016.npz,gate4_new_final
final_arctan_student_t3_017,final,arctan_student_t3,arctan,student_t3,17,700047,1000,10,,,gate4_risk_certificate/cache/datasets/final_arctan_student_t3_017.npz,gate4_risk_certificate/cache/full_predictions/final_arctan_student_t3_017.npz,gate4_new_final
final_arctan_student_t3_018,final,arctan_student_t3,arctan,student_t3,18,700048,1000,10,,,gate4_risk_certificate/cache/datasets/final_arctan_student_t3_018.npz,gate4_risk_certificate/cache/full_predictions/final_arctan_student_t3_018.npz,gate4_new_final
final_arctan_student_t3_019,final,arctan_student_t3,arctan,student_t3,19,700049,1000,10,,,gate4_risk_certificate/cache/datasets/final_arctan_student_t3_019.npz,gate4_risk_certificate/cache/full_predictions/final_arctan_student_t3_019.npz,gate4_new_final
final_arctan_student_t3_020,final,arctan_student_t3,arctan,student_t3,20,700050,1000,10,,,gate4_risk_certificate/cache/datasets/final_arctan_student_t3_020.npz,gate4_risk_certificate/cache/full_predictions/final_arctan_student_t3_020.npz,gate4_new_final
final_arctan_student_t3_021,final,arctan_student_t3,arctan,student_t3,21,700051,1000,10,,,gate4_risk_certificate/cache/datasets/final_arctan_student_t3_021.npz,gate4_risk_certificate/cache/full_predictions/final_arctan_student_t3_021.npz,gate4_new_final
final_arctan_student_t3_022,final,arctan_student_t3,arctan,student_t3,22,700052,1000,10,,,gate4_risk_certificate/cache/datasets/final_arctan_student_t3_022.npz,gate4_risk_certificate/cache/full_predictions/final_arctan_student_t3_022.npz,gate4_new_final
final_arctan_student_t3_023,final,arctan_student_t3,arctan,student_t3,23,700053,1000,10,,,gate4_risk_certificate/cache/datasets/final_arctan_student_t3_023.npz,gate4_risk_certificate/cache/full_predictions/final_arctan_student_t3_023.npz,gate4_new_final
final_arctan_student_t3_024,final,arctan_student_t3,arctan,student_t3,24,700054,1000,10,,,gate4_risk_certificate/cache/datasets/final_arctan_student_t3_024.npz,gate4_risk_certificate/cache/full_predictions/final_arctan_student_t3_024.npz,gate4_new_final
final_arctan_student_t3_025,final,arctan_student_t3,arctan,student_t3,25,700055,1000,10,,,gate4_risk_certificate/cache/datasets/final_arctan_student_t3_025.npz,gate4_risk_certificate/cache/full_predictions/final_arctan_student_t3_025.npz,gate4_new_final
final_arctan_student_t3_026,final,arctan_student_t3,arctan,student_t3,26,700056,1000,10,,,gate4_risk_certificate/cache/datasets/final_arctan_student_t3_026.npz,gate4_risk_certificate/cache/full_predictions/final_arctan_student_t3_026.npz,gate4_new_final
final_arctan_student_t3_027,final,arctan_student_t3,arctan,student_t3,27,700057,1000,10,,,gate4_risk_certificate/cache/datasets/final_arctan_student_t3_027.npz,gate4_risk_certificate/cache/full_predictions/final_arctan_student_t3_027.npz,gate4_new_final
final_arctan_student_t3_028,final,arctan_student_t3,arctan,student_t3,28,700058,1000,10,,,gate4_risk_certificate/cache/datasets/final_arctan_student_t3_028.npz,gate4_risk_certificate/cache/full_predictions/final_arctan_student_t3_028.npz,gate4_new_final
final_arctan_student_t3_029,final,arctan_student_t3,arctan,student_t3,29,700059,1000,10,,,gate4_risk_certificate/cache/datasets/final_arctan_student_t3_029.npz,gate4_risk_certificate/cache/full_predictions/final_arctan_student_t3_029.npz,gate4_new_final
final_arctan_centered_lognormal_000,final,arctan_centered_lognormal,arctan,centered_lognormal,0,700060,1000,10,,,gate4_risk_certificate/cache/datasets/final_arctan_centered_lognormal_000.npz,gate4_risk_certificate/cache/full_predictions/final_arctan_centered_lognormal_000.npz,gate4_new_final
final_arctan_centered_lognormal_001,final,arctan_centered_lognormal,arctan,centered_lognormal,1,700061,1000,10,,,gate4_risk_certificate/cache/datasets/final_arctan_centered_lognormal_001.npz,gate4_risk_certificate/cache/full_predictions/final_arctan_centered_lognormal_001.npz,gate4_new_final
final_arctan_centered_lognormal_002,final,arctan_centered_lognormal,arctan,centered_lognormal,2,700062,1000,10,,,gate4_risk_certificate/cache/datasets/final_arctan_centered_lognormal_002.npz,gate4_risk_certificate/cache/full_predictions/final_arctan_centered_lognormal_002.npz,gate4_new_final
final_arctan_centered_lognormal_003,final,arctan_centered_lognormal,arctan,centered_lognormal,3,700063,1000,10,,,gate4_risk_certificate/cache/datasets/final_arctan_centered_lognormal_003.npz,gate4_risk_certificate/cache/full_predictions/final_arctan_centered_lognormal_003.npz,gate4_new_final
final_arctan_centered_lognormal_004,final,arctan_centered_lognormal,arctan,centered_lognormal,4,700064,1000,10,,,gate4_risk_certificate/cache/datasets/final_arctan_centered_lognormal_004.npz,gate4_risk_certificate/cache/full_predictions/final_arctan_centered_lognormal_004.npz,gate4_new_final
final_arctan_centered_lognormal_005,final,arctan_centered_lognormal,arctan,centered_lognormal,5,700065,1000,10,,,gate4_risk_certificate/cache/datasets/final_arctan_centered_lognormal_005.npz,gate4_risk_certificate/cache/full_predictions/final_arctan_centered_lognormal_005.npz,gate4_new_final
final_arctan_centered_lognormal_006,final,arctan_centered_lognormal,arctan,centered_lognormal,6,700066,1000,10,,,gate4_risk_certificate/cache/datasets/final_arctan_centered_lognormal_006.npz,gate4_risk_certificate/cache/full_predictions/final_arctan_centered_lognormal_006.npz,gate4_new_final
final_arctan_centered_lognormal_007,final,arctan_centered_lognormal,arctan,centered_lognormal,7,700067,1000,10,,,gate4_risk_certificate/cache/datasets/final_arctan_centered_lognormal_007.npz,gate4_risk_certificate/cache/full_predictions/final_arctan_centered_lognormal_007.npz,gate4_new_final
final_arctan_centered_lognormal_008,final,arctan_centered_lognormal,arctan,centered_lognormal,8,700068,1000,10,,,gate4_risk_certificate/cache/datasets/final_arctan_centered_lognormal_008.npz,gate4_risk_certificate/cache/full_predictions/final_arctan_centered_lognormal_008.npz,gate4_new_final
final_arctan_centered_lognormal_009,final,arctan_centered_lognormal,arctan,centered_lognormal,9,700069,1000,10,,,gate4_risk_certificate/cache/datasets/final_arctan_centered_lognormal_009.npz,gate4_risk_certificate/cache/full_predictions/final_arctan_centered_lognormal_009.npz,gate4_new_final
final_arctan_centered_lognormal_010,final,arctan_centered_lognormal,arctan,centered_lognormal,10,700070,1000,10,,,gate4_risk_certificate/cache/datasets/final_arctan_centered_lognormal_010.npz,gate4_risk_certificate/cache/full_predictions/final_arctan_centered_lognormal_010.npz,gate4_new_final
final_arctan_centered_lognormal_011,final,arctan_centered_lognormal,arctan,centered_lognormal,11,700071,1000,10,,,gate4_risk_certificate/cache/datasets/final_arctan_centered_lognormal_011.npz,gate4_risk_certificate/cache/full_predictions/final_arctan_centered_lognormal_011.npz,gate4_new_final
final_arctan_centered_lognormal_012,final,arctan_centered_lognormal,arctan,centered_lognormal,12,700072,1000,10,,,gate4_risk_certificate/cache/datasets/final_arctan_centered_lognormal_012.npz,gate4_risk_certificate/cache/full_predictions/final_arctan_centered_lognormal_012.npz,gate4_new_final
final_arctan_centered_lognormal_013,final,arctan_centered_lognormal,arctan,centered_lognormal,13,700073,1000,10,,,gate4_risk_certificate/cache/datasets/final_arctan_centered_lognormal_013.npz,gate4_risk_certificate/cache/full_predictions/final_arctan_centered_lognormal_013.npz,gate4_new_final
final_arctan_centered_lognormal_014,final,arctan_centered_lognormal,arctan,centered_lognormal,14,700074,1000,10,,,gate4_risk_certificate/cache/datasets/final_arctan_centered_lognormal_014.npz,gate4_risk_certificate/cache/full_predictions/final_arctan_centered_lognormal_014.npz,gate4_new_final
final_arctan_centered_lognormal_015,final,arctan_centered_lognormal,arctan,centered_lognormal,15,700075,1000,10,,,gate4_risk_certificate/cache/datasets/final_arctan_centered_lognormal_015.npz,gate4_risk_certificate/cache/full_predictions/final_arctan_centered_lognormal_015.npz,gate4_new_final
final_arctan_centered_lognormal_016,final,arctan_centered_lognormal,arctan,centered_lognormal,16,700076,1000,10,,,gate4_risk_certificate/cache/datasets/final_arctan_centered_lognormal_016.npz,gate4_risk_certificate/cache/full_predictions/final_arctan_centered_lognormal_016.npz,gate4_new_final
final_arctan_centered_lognormal_017,final,arctan_centered_lognormal,arctan,centered_lognormal,17,700077,1000,10,,,gate4_risk_certificate/cache/datasets/final_arctan_centered_lognormal_017.npz,gate4_risk_certificate/cache/full_predictions/final_arctan_centered_lognormal_017.npz,gate4_new_final
final_arctan_centered_lognormal_018,final,arctan_centered_lognormal,arctan,centered_lognormal,18,700078,1000,10,,,gate4_risk_certificate/cache/datasets/final_arctan_centered_lognormal_018.npz,gate4_risk_certificate/cache/full_predictions/final_arctan_centered_lognormal_018.npz,gate4_new_final
final_arctan_centered_lognormal_019,final,arctan_centered_lognormal,arctan,centered_lognormal,19,700079,1000,10,,,gate4_risk_certificate/cache/datasets/final_arctan_centered_lognormal_019.npz,gate4_risk_certificate/cache/full_predictions/final_arctan_centered_lognormal_019.npz,gate4_new_final
final_arctan_centered_lognormal_020,final,arctan_centered_lognormal,arctan,centered_lognormal,20,700080,1000,10,,,gate4_risk_certificate/cache/datasets/final_arctan_centered_lognormal_020.npz,gate4_risk_certificate/cache/full_predictions/final_arctan_centered_lognormal_020.npz,gate4_new_final
final_arctan_centered_lognormal_021,final,arctan_centered_lognormal,arctan,centered_lognormal,21,700081,1000,10,,,gate4_risk_certificate/cache/datasets/final_arctan_centered_lognormal_021.npz,gate4_risk_certificate/cache/full_predictions/final_arctan_centered_lognormal_021.npz,gate4_new_final
final_arctan_centered_lognormal_022,final,arctan_centered_lognormal,arctan,centered_lognormal,22,700082,1000,10,,,gate4_risk_certificate/cache/datasets/final_arctan_centered_lognormal_022.npz,gate4_risk_certificate/cache/full_predictions/final_arctan_centered_lognormal_022.npz,gate4_new_final
final_arctan_centered_lognormal_023,final,arctan_centered_lognormal,arctan,centered_lognormal,23,700083,1000,10,,,gate4_risk_certificate/cache/datasets/final_arctan_centered_lognormal_023.npz,gate4_risk_certificate/cache/full_predictions/final_arctan_centered_lognormal_023.npz,gate4_new_final
final_arctan_centered_lognormal_024,final,arctan_centered_lognormal,arctan,centered_lognormal,24,700084,1000,10,,,gate4_risk_certificate/cache/datasets/final_arctan_centered_lognormal_024.npz,gate4_risk_certificate/cache/full_predictions/final_arctan_centered_lognormal_024.npz,gate4_new_final
final_arctan_centered_lognormal_025,final,arctan_centered_lognormal,arctan,centered_lognormal,25,700085,1000,10,,,gate4_risk_certificate/cache/datasets/final_arctan_centered_lognormal_025.npz,gate4_risk_certificate/cache/full_predictions/final_arctan_centered_lognormal_025.npz,gate4_new_final
final_arctan_centered_lognormal_026,final,arctan_centered_lognormal,arctan,centered_lognormal,26,700086,1000,10,,,gate4_risk_certificate/cache/datasets/final_arctan_centered_lognormal_026.npz,gate4_risk_certificate/cache/full_predictions/final_arctan_centered_lognormal_026.npz,gate4_new_final
final_arctan_centered_lognormal_027,final,arctan_centered_lognormal,arctan,centered_lognormal,27,700087,1000,10,,,gate4_risk_certificate/cache/datasets/final_arctan_centered_lognormal_027.npz,gate4_risk_certificate/cache/full_predictions/final_arctan_centered_lognormal_027.npz,gate4_new_final
final_arctan_centered_lognormal_028,final,arctan_centered_lognormal,arctan,centered_lognormal,28,700088,1000,10,,,gate4_risk_certificate/cache/datasets/final_arctan_centered_lognormal_028.npz,gate4_risk_certificate/cache/full_predictions/final_arctan_centered_lognormal_028.npz,gate4_new_final
final_arctan_centered_lognormal_029,final,arctan_centered_lognormal,arctan,centered_lognormal,29,700089,1000,10,,,gate4_risk_certificate/cache/datasets/final_arctan_centered_lognormal_029.npz,gate4_risk_certificate/cache/full_predictions/final_arctan_centered_lognormal_029.npz,gate4_new_final
final_cubic_gaussian_000,final,cubic_gaussian,cubic,gaussian,0,700090,1000,10,,,gate4_risk_certificate/cache/datasets/final_cubic_gaussian_000.npz,gate4_risk_certificate/cache/full_predictions/final_cubic_gaussian_000.npz,gate4_new_final
final_cubic_gaussian_001,final,cubic_gaussian,cubic,gaussian,1,700091,1000,10,,,gate4_risk_certificate/cache/datasets/final_cubic_gaussian_001.npz,gate4_risk_certificate/cache/full_predictions/final_cubic_gaussian_001.npz,gate4_new_final
final_cubic_gaussian_002,final,cubic_gaussian,cubic,gaussian,2,700092,1000,10,,,gate4_risk_certificate/cache/datasets/final_cubic_gaussian_002.npz,gate4_risk_certificate/cache/full_predictions/final_cubic_gaussian_002.npz,gate4_new_final
final_cubic_gaussian_003,final,cubic_gaussian,cubic,gaussian,3,700093,1000,10,,,gate4_risk_certificate/cache/datasets/final_cubic_gaussian_003.npz,gate4_risk_certificate/cache/full_predictions/final_cubic_gaussian_003.npz,gate4_new_final
final_cubic_gaussian_004,final,cubic_gaussian,cubic,gaussian,4,700094,1000,10,,,gate4_risk_certificate/cache/datasets/final_cubic_gaussian_004.npz,gate4_risk_certificate/cache/full_predictions/final_cubic_gaussian_004.npz,gate4_new_final
final_cubic_gaussian_005,final,cubic_gaussian,cubic,gaussian,5,700095,1000,10,,,gate4_risk_certificate/cache/datasets/final_cubic_gaussian_005.npz,gate4_risk_certificate/cache/full_predictions/final_cubic_gaussian_005.npz,gate4_new_final
final_cubic_gaussian_006,final,cubic_gaussian,cubic,gaussian,6,700096,1000,10,,,gate4_risk_certificate/cache/datasets/final_cubic_gaussian_006.npz,gate4_risk_certificate/cache/full_predictions/final_cubic_gaussian_006.npz,gate4_new_final
final_cubic_gaussian_007,final,cubic_gaussian,cubic,gaussian,7,700097,1000,10,,,gate4_risk_certificate/cache/datasets/final_cubic_gaussian_007.npz,gate4_risk_certificate/cache/full_predictions/final_cubic_gaussian_007.npz,gate4_new_final
final_cubic_gaussian_008,final,cubic_gaussian,cubic,gaussian,8,700098,1000,10,,,gate4_risk_certificate/cache/datasets/final_cubic_gaussian_008.npz,gate4_risk_certificate/cache/full_predictions/final_cubic_gaussian_008.npz,gate4_new_final
final_cubic_gaussian_009,final,cubic_gaussian,cubic,gaussian,9,700099,1000,10,,,gate4_risk_certificate/cache/datasets/final_cubic_gaussian_009.npz,gate4_risk_certificate/cache/full_predictions/final_cubic_gaussian_009.npz,gate4_new_final
final_cubic_gaussian_010,final,cubic_gaussian,cubic,gaussian,10,700100,1000,10,,,gate4_risk_certificate/cache/datasets/final_cubic_gaussian_010.npz,gate4_risk_certificate/cache/full_predictions/final_cubic_gaussian_010.npz,gate4_new_final
final_cubic_gaussian_011,final,cubic_gaussian,cubic,gaussian,11,700101,1000,10,,,gate4_risk_certificate/cache/datasets/final_cubic_gaussian_011.npz,gate4_risk_certificate/cache/full_predictions/final_cubic_gaussian_011.npz,gate4_new_final
final_cubic_gaussian_012,final,cubic_gaussian,cubic,gaussian,12,700102,1000,10,,,gate4_risk_certificate/cache/datasets/final_cubic_gaussian_012.npz,gate4_risk_certificate/cache/full_predictions/final_cubic_gaussian_012.npz,gate4_new_final
final_cubic_gaussian_013,final,cubic_gaussian,cubic,gaussian,13,700103,1000,10,,,gate4_risk_certificate/cache/datasets/final_cubic_gaussian_013.npz,gate4_risk_certificate/cache/full_predictions/final_cubic_gaussian_013.npz,gate4_new_final
final_cubic_gaussian_014,final,cubic_gaussian,cubic,gaussian,14,700104,1000,10,,,gate4_risk_certificate/cache/datasets/final_cubic_gaussian_014.npz,gate4_risk_certificate/cache/full_predictions/final_cubic_gaussian_014.npz,gate4_new_final
final_cubic_gaussian_015,final,cubic_gaussian,cubic,gaussian,15,700105,1000,10,,,gate4_risk_certificate/cache/datasets/final_cubic_gaussian_015.npz,gate4_risk_certificate/cache/full_predictions/final_cubic_gaussian_015.npz,gate4_new_final
final_cubic_gaussian_016,final,cubic_gaussian,cubic,gaussian,16,700106,1000,10,,,gate4_risk_certificate/cache/datasets/final_cubic_gaussian_016.npz,gate4_risk_certificate/cache/full_predictions/final_cubic_gaussian_016.npz,gate4_new_final
final_cubic_gaussian_017,final,cubic_gaussian,cubic,gaussian,17,700107,1000,10,,,gate4_risk_certificate/cache/datasets/final_cubic_gaussian_017.npz,gate4_risk_certificate/cache/full_predictions/final_cubic_gaussian_017.npz,gate4_new_final
final_cubic_gaussian_018,final,cubic_gaussian,cubic,gaussian,18,700108,1000,10,,,gate4_risk_certificate/cache/datasets/final_cubic_gaussian_018.npz,gate4_risk_certificate/cache/full_predictions/final_cubic_gaussian_018.npz,gate4_new_final
final_cubic_gaussian_019,final,cubic_gaussian,cubic,gaussian,19,700109,1000,10,,,gate4_risk_certificate/cache/datasets/final_cubic_gaussian_019.npz,gate4_risk_certificate/cache/full_predictions/final_cubic_gaussian_019.npz,gate4_new_final
final_cubic_gaussian_020,final,cubic_gaussian,cubic,gaussian,20,700110,1000,10,,,gate4_risk_certificate/cache/datasets/final_cubic_gaussian_020.npz,gate4_risk_certificate/cache/full_predictions/final_cubic_gaussian_020.npz,gate4_new_final
final_cubic_gaussian_021,final,cubic_gaussian,cubic,gaussian,21,700111,1000,10,,,gate4_risk_certificate/cache/datasets/final_cubic_gaussian_021.npz,gate4_risk_certificate/cache/full_predictions/final_cubic_gaussian_021.npz,gate4_new_final
final_cubic_gaussian_022,final,cubic_gaussian,cubic,gaussian,22,700112,1000,10,,,gate4_risk_certificate/cache/datasets/final_cubic_gaussian_022.npz,gate4_risk_certificate/cache/full_predictions/final_cubic_gaussian_022.npz,gate4_new_final
final_cubic_gaussian_023,final,cubic_gaussian,cubic,gaussian,23,700113,1000,10,,,gate4_risk_certificate/cache/datasets/final_cubic_gaussian_023.npz,gate4_risk_certificate/cache/full_predictions/final_cubic_gaussian_023.npz,gate4_new_final
final_cubic_gaussian_024,final,cubic_gaussian,cubic,gaussian,24,700114,1000,10,,,gate4_risk_certificate/cache/datasets/final_cubic_gaussian_024.npz,gate4_risk_certificate/cache/full_predictions/final_cubic_gaussian_024.npz,gate4_new_final
final_cubic_gaussian_025,final,cubic_gaussian,cubic,gaussian,25,700115,1000,10,,,gate4_risk_certificate/cache/datasets/final_cubic_gaussian_025.npz,gate4_risk_certificate/cache/full_predictions/final_cubic_gaussian_025.npz,gate4_new_final
final_cubic_gaussian_026,final,cubic_gaussian,cubic,gaussian,26,700116,1000,10,,,gate4_risk_certificate/cache/datasets/final_cubic_gaussian_026.npz,gate4_risk_certificate/cache/full_predictions/final_cubic_gaussian_026.npz,gate4_new_final
final_cubic_gaussian_027,final,cubic_gaussian,cubic,gaussian,27,700117,1000,10,,,gate4_risk_certificate/cache/datasets/final_cubic_gaussian_027.npz,gate4_risk_certificate/cache/full_predictions/final_cubic_gaussian_027.npz,gate4_new_final
final_cubic_gaussian_028,final,cubic_gaussian,cubic,gaussian,28,700118,1000,10,,,gate4_risk_certificate/cache/datasets/final_cubic_gaussian_028.npz,gate4_risk_certificate/cache/full_predictions/final_cubic_gaussian_028.npz,gate4_new_final
final_cubic_gaussian_029,final,cubic_gaussian,cubic,gaussian,29,700119,1000,10,,,gate4_risk_certificate/cache/datasets/final_cubic_gaussian_029.npz,gate4_risk_certificate/cache/full_predictions/final_cubic_gaussian_029.npz,gate4_new_final
final_cubic_student_t3_000,final,cubic_student_t3,cubic,student_t3,0,700120,1000,10,,,gate4_risk_certificate/cache/datasets/final_cubic_student_t3_000.npz,gate4_risk_certificate/cache/full_predictions/final_cubic_student_t3_000.npz,gate4_new_final
final_cubic_student_t3_001,final,cubic_student_t3,cubic,student_t3,1,700121,1000,10,,,gate4_risk_certificate/cache/datasets/final_cubic_student_t3_001.npz,gate4_risk_certificate/cache/full_predictions/final_cubic_student_t3_001.npz,gate4_new_final
final_cubic_student_t3_002,final,cubic_student_t3,cubic,student_t3,2,700122,1000,10,,,gate4_risk_certificate/cache/datasets/final_cubic_student_t3_002.npz,gate4_risk_certificate/cache/full_predictions/final_cubic_student_t3_002.npz,gate4_new_final
final_cubic_student_t3_003,final,cubic_student_t3,cubic,student_t3,3,700123,1000,10,,,gate4_risk_certificate/cache/datasets/final_cubic_student_t3_003.npz,gate4_risk_certificate/cache/full_predictions/final_cubic_student_t3_003.npz,gate4_new_final
final_cubic_student_t3_004,final,cubic_student_t3,cubic,student_t3,4,700124,1000,10,,,gate4_risk_certificate/cache/datasets/final_cubic_student_t3_004.npz,gate4_risk_certificate/cache/full_predictions/final_cubic_student_t3_004.npz,gate4_new_final
final_cubic_student_t3_005,final,cubic_student_t3,cubic,student_t3,5,700125,1000,10,,,gate4_risk_certificate/cache/datasets/final_cubic_student_t3_005.npz,gate4_risk_certificate/cache/full_predictions/final_cubic_student_t3_005.npz,gate4_new_final
final_cubic_student_t3_006,final,cubic_student_t3,cubic,student_t3,6,700126,1000,10,,,gate4_risk_certificate/cache/datasets/final_cubic_student_t3_006.npz,gate4_risk_certificate/cache/full_predictions/final_cubic_student_t3_006.npz,gate4_new_final
final_cubic_student_t3_007,final,cubic_student_t3,cubic,student_t3,7,700127,1000,10,,,gate4_risk_certificate/cache/datasets/final_cubic_student_t3_007.npz,gate4_risk_certificate/cache/full_predictions/final_cubic_student_t3_007.npz,gate4_new_final
final_cubic_student_t3_008,final,cubic_student_t3,cubic,student_t3,8,700128,1000,10,,,gate4_risk_certificate/cache/datasets/final_cubic_student_t3_008.npz,gate4_risk_certificate/cache/full_predictions/final_cubic_student_t3_008.npz,gate4_new_final
final_cubic_student_t3_009,final,cubic_student_t3,cubic,student_t3,9,700129,1000,10,,,gate4_risk_certificate/cache/datasets/final_cubic_student_t3_009.npz,gate4_risk_certificate/cache/full_predictions/final_cubic_student_t3_009.npz,gate4_new_final
final_cubic_student_t3_010,final,cubic_student_t3,cubic,student_t3,10,700130,1000,10,,,gate4_risk_certificate/cache/datasets/final_cubic_student_t3_010.npz,gate4_risk_certificate/cache/full_predictions/final_cubic_student_t3_010.npz,gate4_new_final
final_cubic_student_t3_011,final,cubic_student_t3,cubic,student_t3,11,700131,1000,10,,,gate4_risk_certificate/cache/datasets/final_cubic_student_t3_011.npz,gate4_risk_certificate/cache/full_predictions/final_cubic_student_t3_011.npz,gate4_new_final
final_cubic_student_t3_012,final,cubic_student_t3,cubic,student_t3,12,700132,1000,10,,,gate4_risk_certificate/cache/datasets/final_cubic_student_t3_012.npz,gate4_risk_certificate/cache/full_predictions/final_cubic_student_t3_012.npz,gate4_new_final
final_cubic_student_t3_013,final,cubic_student_t3,cubic,student_t3,13,700133,1000,10,,,gate4_risk_certificate/cache/datasets/final_cubic_student_t3_013.npz,gate4_risk_certificate/cache/full_predictions/final_cubic_student_t3_013.npz,gate4_new_final
final_cubic_student_t3_014,final,cubic_student_t3,cubic,student_t3,14,700134,1000,10,,,gate4_risk_certificate/cache/datasets/final_cubic_student_t3_014.npz,gate4_risk_certificate/cache/full_predictions/final_cubic_student_t3_014.npz,gate4_new_final
final_cubic_student_t3_015,final,cubic_student_t3,cubic,student_t3,15,700135,1000,10,,,gate4_risk_certificate/cache/datasets/final_cubic_student_t3_015.npz,gate4_risk_certificate/cache/full_predictions/final_cubic_student_t3_015.npz,gate4_new_final
final_cubic_student_t3_016,final,cubic_student_t3,cubic,student_t3,16,700136,1000,10,,,gate4_risk_certificate/cache/datasets/final_cubic_student_t3_016.npz,gate4_risk_certificate/cache/full_predictions/final_cubic_student_t3_016.npz,gate4_new_final
final_cubic_student_t3_017,final,cubic_student_t3,cubic,student_t3,17,700137,1000,10,,,gate4_risk_certificate/cache/datasets/final_cubic_student_t3_017.npz,gate4_risk_certificate/cache/full_predictions/final_cubic_student_t3_017.npz,gate4_new_final
final_cubic_student_t3_018,final,cubic_student_t3,cubic,student_t3,18,700138,1000,10,,,gate4_risk_certificate/cache/datasets/final_cubic_student_t3_018.npz,gate4_risk_certificate/cache/full_predictions/final_cubic_student_t3_018.npz,gate4_new_final
final_cubic_student_t3_019,final,cubic_student_t3,cubic,student_t3,19,700139,1000,10,,,gate4_risk_certificate/cache/datasets/final_cubic_student_t3_019.npz,gate4_risk_certificate/cache/full_predictions/final_cubic_student_t3_019.npz,gate4_new_final
final_cubic_student_t3_020,final,cubic_student_t3,cubic,student_t3,20,700140,1000,10,,,gate4_risk_certificate/cache/datasets/final_cubic_student_t3_020.npz,gate4_risk_certificate/cache/full_predictions/final_cubic_student_t3_020.npz,gate4_new_final
final_cubic_student_t3_021,final,cubic_student_t3,cubic,student_t3,21,700141,1000,10,,,gate4_risk_certificate/cache/datasets/final_cubic_student_t3_021.npz,gate4_risk_certificate/cache/full_predictions/final_cubic_student_t3_021.npz,gate4_new_final
final_cubic_student_t3_022,final,cubic_student_t3,cubic,student_t3,22,700142,1000,10,,,gate4_risk_certificate/cache/datasets/final_cubic_student_t3_022.npz,gate4_risk_certificate/cache/full_predictions/final_cubic_student_t3_022.npz,gate4_new_final
final_cubic_student_t3_023,final,cubic_student_t3,cubic,student_t3,23,700143,1000,10,,,gate4_risk_certificate/cache/datasets/final_cubic_student_t3_023.npz,gate4_risk_certificate/cache/full_predictions/final_cubic_student_t3_023.npz,gate4_new_final
final_cubic_student_t3_024,final,cubic_student_t3,cubic,student_t3,24,700144,1000,10,,,gate4_risk_certificate/cache/datasets/final_cubic_student_t3_024.npz,gate4_risk_certificate/cache/full_predictions/final_cubic_student_t3_024.npz,gate4_new_final
final_cubic_student_t3_025,final,cubic_student_t3,cubic,student_t3,25,700145,1000,10,,,gate4_risk_certificate/cache/datasets/final_cubic_student_t3_025.npz,gate4_risk_certificate/cache/full_predictions/final_cubic_student_t3_025.npz,gate4_new_final
final_cubic_student_t3_026,final,cubic_student_t3,cubic,student_t3,26,700146,1000,10,,,gate4_risk_certificate/cache/datasets/final_cubic_student_t3_026.npz,gate4_risk_certificate/cache/full_predictions/final_cubic_student_t3_026.npz,gate4_new_final
final_cubic_student_t3_027,final,cubic_student_t3,cubic,student_t3,27,700147,1000,10,,,gate4_risk_certificate/cache/datasets/final_cubic_student_t3_027.npz,gate4_risk_certificate/cache/full_predictions/final_cubic_student_t3_027.npz,gate4_new_final
final_cubic_student_t3_028,final,cubic_student_t3,cubic,student_t3,28,700148,1000,10,,,gate4_risk_certificate/cache/datasets/final_cubic_student_t3_028.npz,gate4_risk_certificate/cache/full_predictions/final_cubic_student_t3_028.npz,gate4_new_final
final_cubic_student_t3_029,final,cubic_student_t3,cubic,student_t3,29,700149,1000,10,,,gate4_risk_certificate/cache/datasets/final_cubic_student_t3_029.npz,gate4_risk_certificate/cache/full_predictions/final_cubic_student_t3_029.npz,gate4_new_final
final_cubic_centered_lognormal_000,final,cubic_centered_lognormal,cubic,centered_lognormal,0,700150,1000,10,,,gate4_risk_certificate/cache/datasets/final_cubic_centered_lognormal_000.npz,gate4_risk_certificate/cache/full_predictions/final_cubic_centered_lognormal_000.npz,gate4_new_final
final_cubic_centered_lognormal_001,final,cubic_centered_lognormal,cubic,centered_lognormal,1,700151,1000,10,,,gate4_risk_certificate/cache/datasets/final_cubic_centered_lognormal_001.npz,gate4_risk_certificate/cache/full_predictions/final_cubic_centered_lognormal_001.npz,gate4_new_final
final_cubic_centered_lognormal_002,final,cubic_centered_lognormal,cubic,centered_lognormal,2,700152,1000,10,,,gate4_risk_certificate/cache/datasets/final_cubic_centered_lognormal_002.npz,gate4_risk_certificate/cache/full_predictions/final_cubic_centered_lognormal_002.npz,gate4_new_final
final_cubic_centered_lognormal_003,final,cubic_centered_lognormal,cubic,centered_lognormal,3,700153,1000,10,,,gate4_risk_certificate/cache/datasets/final_cubic_centered_lognormal_003.npz,gate4_risk_certificate/cache/full_predictions/final_cubic_centered_lognormal_003.npz,gate4_new_final
final_cubic_centered_lognormal_004,final,cubic_centered_lognormal,cubic,centered_lognormal,4,700154,1000,10,,,gate4_risk_certificate/cache/datasets/final_cubic_centered_lognormal_004.npz,gate4_risk_certificate/cache/full_predictions/final_cubic_centered_lognormal_004.npz,gate4_new_final
final_cubic_centered_lognormal_005,final,cubic_centered_lognormal,cubic,centered_lognormal,5,700155,1000,10,,,gate4_risk_certificate/cache/datasets/final_cubic_centered_lognormal_005.npz,gate4_risk_certificate/cache/full_predictions/final_cubic_centered_lognormal_005.npz,gate4_new_final
final_cubic_centered_lognormal_006,final,cubic_centered_lognormal,cubic,centered_lognormal,6,700156,1000,10,,,gate4_risk_certificate/cache/datasets/final_cubic_centered_lognormal_006.npz,gate4_risk_certificate/cache/full_predictions/final_cubic_centered_lognormal_006.npz,gate4_new_final
final_cubic_centered_lognormal_007,final,cubic_centered_lognormal,cubic,centered_lognormal,7,700157,1000,10,,,gate4_risk_certificate/cache/datasets/final_cubic_centered_lognormal_007.npz,gate4_risk_certificate/cache/full_predictions/final_cubic_centered_lognormal_007.npz,gate4_new_final
final_cubic_centered_lognormal_008,final,cubic_centered_lognormal,cubic,centered_lognormal,8,700158,1000,10,,,gate4_risk_certificate/cache/datasets/final_cubic_centered_lognormal_008.npz,gate4_risk_certificate/cache/full_predictions/final_cubic_centered_lognormal_008.npz,gate4_new_final
final_cubic_centered_lognormal_009,final,cubic_centered_lognormal,cubic,centered_lognormal,9,700159,1000,10,,,gate4_risk_certificate/cache/datasets/final_cubic_centered_lognormal_009.npz,gate4_risk_certificate/cache/full_predictions/final_cubic_centered_lognormal_009.npz,gate4_new_final
final_cubic_centered_lognormal_010,final,cubic_centered_lognormal,cubic,centered_lognormal,10,700160,1000,10,,,gate4_risk_certificate/cache/datasets/final_cubic_centered_lognormal_010.npz,gate4_risk_certificate/cache/full_predictions/final_cubic_centered_lognormal_010.npz,gate4_new_final
final_cubic_centered_lognormal_011,final,cubic_centered_lognormal,cubic,centered_lognormal,11,700161,1000,10,,,gate4_risk_certificate/cache/datasets/final_cubic_centered_lognormal_011.npz,gate4_risk_certificate/cache/full_predictions/final_cubic_centered_lognormal_011.npz,gate4_new_final
final_cubic_centered_lognormal_012,final,cubic_centered_lognormal,cubic,centered_lognormal,12,700162,1000,10,,,gate4_risk_certificate/cache/datasets/final_cubic_centered_lognormal_012.npz,gate4_risk_certificate/cache/full_predictions/final_cubic_centered_lognormal_012.npz,gate4_new_final
final_cubic_centered_lognormal_013,final,cubic_centered_lognormal,cubic,centered_lognormal,13,700163,1000,10,,,gate4_risk_certificate/cache/datasets/final_cubic_centered_lognormal_013.npz,gate4_risk_certificate/cache/full_predictions/final_cubic_centered_lognormal_013.npz,gate4_new_final
final_cubic_centered_lognormal_014,final,cubic_centered_lognormal,cubic,centered_lognormal,14,700164,1000,10,,,gate4_risk_certificate/cache/datasets/final_cubic_centered_lognormal_014.npz,gate4_risk_certificate/cache/full_predictions/final_cubic_centered_lognormal_014.npz,gate4_new_final
final_cubic_centered_lognormal_015,final,cubic_centered_lognormal,cubic,centered_lognormal,15,700165,1000,10,,,gate4_risk_certificate/cache/datasets/final_cubic_centered_lognormal_015.npz,gate4_risk_certificate/cache/full_predictions/final_cubic_centered_lognormal_015.npz,gate4_new_final
final_cubic_centered_lognormal_016,final,cubic_centered_lognormal,cubic,centered_lognormal,16,700166,1000,10,,,gate4_risk_certificate/cache/datasets/final_cubic_centered_lognormal_016.npz,gate4_risk_certificate/cache/full_predictions/final_cubic_centered_lognormal_016.npz,gate4_new_final
final_cubic_centered_lognormal_017,final,cubic_centered_lognormal,cubic,centered_lognormal,17,700167,1000,10,,,gate4_risk_certificate/cache/datasets/final_cubic_centered_lognormal_017.npz,gate4_risk_certificate/cache/full_predictions/final_cubic_centered_lognormal_017.npz,gate4_new_final
final_cubic_centered_lognormal_018,final,cubic_centered_lognormal,cubic,centered_lognormal,18,700168,1000,10,,,gate4_risk_certificate/cache/datasets/final_cubic_centered_lognormal_018.npz,gate4_risk_certificate/cache/full_predictions/final_cubic_centered_lognormal_018.npz,gate4_new_final
final_cubic_centered_lognormal_019,final,cubic_centered_lognormal,cubic,centered_lognormal,19,700169,1000,10,,,gate4_risk_certificate/cache/datasets/final_cubic_centered_lognormal_019.npz,gate4_risk_certificate/cache/full_predictions/final_cubic_centered_lognormal_019.npz,gate4_new_final
final_cubic_centered_lognormal_020,final,cubic_centered_lognormal,cubic,centered_lognormal,20,700170,1000,10,,,gate4_risk_certificate/cache/datasets/final_cubic_centered_lognormal_020.npz,gate4_risk_certificate/cache/full_predictions/final_cubic_centered_lognormal_020.npz,gate4_new_final
final_cubic_centered_lognormal_021,final,cubic_centered_lognormal,cubic,centered_lognormal,21,700171,1000,10,,,gate4_risk_certificate/cache/datasets/final_cubic_centered_lognormal_021.npz,gate4_risk_certificate/cache/full_predictions/final_cubic_centered_lognormal_021.npz,gate4_new_final
final_cubic_centered_lognormal_022,final,cubic_centered_lognormal,cubic,centered_lognormal,22,700172,1000,10,,,gate4_risk_certificate/cache/datasets/final_cubic_centered_lognormal_022.npz,gate4_risk_certificate/cache/full_predictions/final_cubic_centered_lognormal_022.npz,gate4_new_final
final_cubic_centered_lognormal_023,final,cubic_centered_lognormal,cubic,centered_lognormal,23,700173,1000,10,,,gate4_risk_certificate/cache/datasets/final_cubic_centered_lognormal_023.npz,gate4_risk_certificate/cache/full_predictions/final_cubic_centered_lognormal_023.npz,gate4_new_final
final_cubic_centered_lognormal_024,final,cubic_centered_lognormal,cubic,centered_lognormal,24,700174,1000,10,,,gate4_risk_certificate/cache/datasets/final_cubic_centered_lognormal_024.npz,gate4_risk_certificate/cache/full_predictions/final_cubic_centered_lognormal_024.npz,gate4_new_final
final_cubic_centered_lognormal_025,final,cubic_centered_lognormal,cubic,centered_lognormal,25,700175,1000,10,,,gate4_risk_certificate/cache/datasets/final_cubic_centered_lognormal_025.npz,gate4_risk_certificate/cache/full_predictions/final_cubic_centered_lognormal_025.npz,gate4_new_final
final_cubic_centered_lognormal_026,final,cubic_centered_lognormal,cubic,centered_lognormal,26,700176,1000,10,,,gate4_risk_certificate/cache/datasets/final_cubic_centered_lognormal_026.npz,gate4_risk_certificate/cache/full_predictions/final_cubic_centered_lognormal_026.npz,gate4_new_final
final_cubic_centered_lognormal_027,final,cubic_centered_lognormal,cubic,centered_lognormal,27,700177,1000,10,,,gate4_risk_certificate/cache/datasets/final_cubic_centered_lognormal_027.npz,gate4_risk_certificate/cache/full_predictions/final_cubic_centered_lognormal_027.npz,gate4_new_final
final_cubic_centered_lognormal_028,final,cubic_centered_lognormal,cubic,centered_lognormal,28,700178,1000,10,,,gate4_risk_certificate/cache/datasets/final_cubic_centered_lognormal_028.npz,gate4_risk_certificate/cache/full_predictions/final_cubic_centered_lognormal_028.npz,gate4_new_final
final_cubic_centered_lognormal_029,final,cubic_centered_lognormal,cubic,centered_lognormal,29,700179,1000,10,,,gate4_risk_certificate/cache/datasets/final_cubic_centered_lognormal_029.npz,gate4_risk_certificate/cache/full_predictions/final_cubic_centered_lognormal_029.npz,gate4_new_final
