task_id,split,domain,mechanism,noise,task_index,graph_seed,lambda,n_samples,n_variables,path
train_src_rff_laplace_0000,train,src_rff_laplace,rff,laplace,0,100001,0.0,1000,10,data/tasks/train_src_rff_laplace_0000.npz
train_src_rff_gaussian_0001,train,src_rff_gaussian,rff,gaussian,1,100002,0.25,1000,10,data/tasks/train_src_rff_gaussian_0001.npz
train_src_tanh_laplace_0002,train,src_tanh_laplace,tanh,laplace,2,100003,0.5,1000,10,data/tasks/train_src_tanh_laplace_0002.npz
train_src_tanh_gaussian_0003,train,src_tanh_gaussian,tanh,gaussian,3,100004,0.75,1000,10,data/tasks/train_src_tanh_gaussian_0003.npz
train_src_softsign_laplace_0004,train,src_softsign_laplace,softsign,laplace,4,100005,1.0,1000,10,data/tasks/train_src_softsign_laplace_0004.npz
train_src_interaction_studentt8_0005,train,src_interaction_studentt8,interaction,student_t8,5,100006,0.0,1000,10,data/tasks/train_src_interaction_studentt8_0005.npz
train_src_rff_laplace_0006,train,src_rff_laplace,rff,laplace,6,100007,0.25,1000,10,data/tasks/train_src_rff_laplace_0006.npz
train_src_rff_gaussian_0007,train,src_rff_gaussian,rff,gaussian,7,100008,0.5,1000,10,data/tasks/train_src_rff_gaussian_0007.npz
train_src_tanh_laplace_0008,train,src_tanh_laplace,tanh,laplace,8,100009,0.75,1000,10,data/tasks/train_src_tanh_laplace_0008.npz
train_src_tanh_gaussian_0009,train,src_tanh_gaussian,tanh,gaussian,9,100010,1.0,1000,10,data/tasks/train_src_tanh_gaussian_0009.npz
train_src_softsign_laplace_0010,train,src_softsign_laplace,softsign,laplace,10,100011,0.0,1000,10,data/tasks/train_src_softsign_laplace_0010.npz
train_src_interaction_studentt8_0011,train,src_interaction_studentt8,interaction,student_t8,11,100012,0.25,1000,10,data/tasks/train_src_interaction_studentt8_0011.npz
train_src_rff_laplace_0012,train,src_rff_laplace,rff,laplace,12,100013,0.5,1000,10,data/tasks/train_src_rff_laplace_0012.npz
train_src_rff_gaussian_0013,train,src_rff_gaussian,rff,gaussian,13,100014,0.75,1000,10,data/tasks/train_src_rff_gaussian_0013.npz
train_src_tanh_laplace_0014,train,src_tanh_laplace,tanh,laplace,14,100015,1.0,1000,10,data/tasks/train_src_tanh_laplace_0014.npz
train_src_tanh_gaussian_0015,train,src_tanh_gaussian,tanh,gaussian,15,100016,0.0,1000,10,data/tasks/train_src_tanh_gaussian_0015.npz
train_src_softsign_laplace_0016,train,src_softsign_laplace,softsign,laplace,16,100017,0.25,1000,10,data/tasks/train_src_softsign_laplace_0016.npz
train_src_interaction_studentt8_0017,train,src_interaction_studentt8,interaction,student_t8,17,100018,0.5,1000,10,data/tasks/train_src_interaction_studentt8_0017.npz
train_src_rff_laplace_0018,train,src_rff_laplace,rff,laplace,18,100019,0.75,1000,10,data/tasks/train_src_rff_laplace_0018.npz
train_src_rff_gaussian_0019,train,src_rff_gaussian,rff,gaussian,19,100020,1.0,1000,10,data/tasks/train_src_rff_gaussian_0019.npz
train_src_tanh_laplace_0020,train,src_tanh_laplace,tanh,laplace,20,100021,0.0,1000,10,data/tasks/train_src_tanh_laplace_0020.npz
train_src_tanh_gaussian_0021,train,src_tanh_gaussian,tanh,gaussian,21,100022,0.25,1000,10,data/tasks/train_src_tanh_gaussian_0021.npz
train_src_softsign_laplace_0022,train,src_softsign_laplace,softsign,laplace,22,100023,0.5,1000,10,data/tasks/train_src_softsign_laplace_0022.npz
train_src_interaction_studentt8_0023,train,src_interaction_studentt8,interaction,student_t8,23,100024,0.75,1000,10,data/tasks/train_src_interaction_studentt8_0023.npz
train_src_rff_laplace_0024,train,src_rff_laplace,rff,laplace,24,100025,1.0,1000,10,data/tasks/train_src_rff_laplace_0024.npz
train_src_rff_gaussian_0025,train,src_rff_gaussian,rff,gaussian,25,100026,0.0,1000,10,data/tasks/train_src_rff_gaussian_0025.npz
train_src_tanh_laplace_0026,train,src_tanh_laplace,tanh,laplace,26,100027,0.25,1000,10,data/tasks/train_src_tanh_laplace_0026.npz
train_src_tanh_gaussian_0027,train,src_tanh_gaussian,tanh,gaussian,27,100028,0.5,1000,10,data/tasks/train_src_tanh_gaussian_0027.npz
train_src_softsign_laplace_0028,train,src_softsign_laplace,softsign,laplace,28,100029,0.75,1000,10,data/tasks/train_src_softsign_laplace_0028.npz
train_src_interaction_studentt8_0029,train,src_interaction_studentt8,interaction,student_t8,29,100030,1.0,1000,10,data/tasks/train_src_interaction_studentt8_0029.npz
train_src_rff_laplace_0030,train,src_rff_laplace,rff,laplace,30,100031,0.0,1000,10,data/tasks/train_src_rff_laplace_0030.npz
train_src_rff_gaussian_0031,train,src_rff_gaussian,rff,gaussian,31,100032,0.25,1000,10,data/tasks/train_src_rff_gaussian_0031.npz
train_src_tanh_laplace_0032,train,src_tanh_laplace,tanh,laplace,32,100033,0.5,1000,10,data/tasks/train_src_tanh_laplace_0032.npz
train_src_tanh_gaussian_0033,train,src_tanh_gaussian,tanh,gaussian,33,100034,0.75,1000,10,data/tasks/train_src_tanh_gaussian_0033.npz
train_src_softsign_laplace_0034,train,src_softsign_laplace,softsign,laplace,34,100035,1.0,1000,10,data/tasks/train_src_softsign_laplace_0034.npz
train_src_interaction_studentt8_0035,train,src_interaction_studentt8,interaction,student_t8,35,100036,0.0,1000,10,data/tasks/train_src_interaction_studentt8_0035.npz
train_src_rff_laplace_0036,train,src_rff_laplace,rff,laplace,36,100037,0.25,1000,10,data/tasks/train_src_rff_laplace_0036.npz
train_src_rff_gaussian_0037,train,src_rff_gaussian,rff,gaussian,37,100038,0.5,1000,10,data/tasks/train_src_rff_gaussian_0037.npz
train_src_tanh_laplace_0038,train,src_tanh_laplace,tanh,laplace,38,100039,0.75,1000,10,data/tasks/train_src_tanh_laplace_0038.npz
train_src_tanh_gaussian_0039,train,src_tanh_gaussian,tanh,gaussian,39,100040,1.0,1000,10,data/tasks/train_src_tanh_gaussian_0039.npz
train_src_softsign_laplace_0040,train,src_softsign_laplace,softsign,laplace,40,100041,0.0,1000,10,data/tasks/train_src_softsign_laplace_0040.npz
train_src_interaction_studentt8_0041,train,src_interaction_studentt8,interaction,student_t8,41,100042,0.25,1000,10,data/tasks/train_src_interaction_studentt8_0041.npz
train_src_rff_laplace_0042,train,src_rff_laplace,rff,laplace,42,100043,0.5,1000,10,data/tasks/train_src_rff_laplace_0042.npz
train_src_rff_gaussian_0043,train,src_rff_gaussian,rff,gaussian,43,100044,0.75,1000,10,data/tasks/train_src_rff_gaussian_0043.npz
train_src_tanh_laplace_0044,train,src_tanh_laplace,tanh,laplace,44,100045,1.0,1000,10,data/tasks/train_src_tanh_laplace_0044.npz
train_src_tanh_gaussian_0045,train,src_tanh_gaussian,tanh,gaussian,45,100046,0.0,1000,10,data/tasks/train_src_tanh_gaussian_0045.npz
train_src_softsign_laplace_0046,train,src_softsign_laplace,softsign,laplace,46,100047,0.25,1000,10,data/tasks/train_src_softsign_laplace_0046.npz
train_src_interaction_studentt8_0047,train,src_interaction_studentt8,interaction,student_t8,47,100048,0.5,1000,10,data/tasks/train_src_interaction_studentt8_0047.npz
train_src_rff_laplace_0048,train,src_rff_laplace,rff,laplace,48,100049,0.75,1000,10,data/tasks/train_src_rff_laplace_0048.npz
train_src_rff_gaussian_0049,train,src_rff_gaussian,rff,gaussian,49,100050,1.0,1000,10,data/tasks/train_src_rff_gaussian_0049.npz
train_src_tanh_laplace_0050,train,src_tanh_laplace,tanh,laplace,50,100051,0.0,1000,10,data/tasks/train_src_tanh_laplace_0050.npz
train_src_tanh_gaussian_0051,train,src_tanh_gaussian,tanh,gaussian,51,100052,0.25,1000,10,data/tasks/train_src_tanh_gaussian_0051.npz
train_src_softsign_laplace_0052,train,src_softsign_laplace,softsign,laplace,52,100053,0.5,1000,10,data/tasks/train_src_softsign_laplace_0052.npz
train_src_interaction_studentt8_0053,train,src_interaction_studentt8,interaction,student_t8,53,100054,0.75,1000,10,data/tasks/train_src_interaction_studentt8_0053.npz
train_src_rff_laplace_0054,train,src_rff_laplace,rff,laplace,54,100055,1.0,1000,10,data/tasks/train_src_rff_laplace_0054.npz
train_src_rff_gaussian_0055,train,src_rff_gaussian,rff,gaussian,55,100056,0.0,1000,10,data/tasks/train_src_rff_gaussian_0055.npz
train_src_tanh_laplace_0056,train,src_tanh_laplace,tanh,laplace,56,100057,0.25,1000,10,data/tasks/train_src_tanh_laplace_0056.npz
train_src_tanh_gaussian_0057,train,src_tanh_gaussian,tanh,gaussian,57,100058,0.5,1000,10,data/tasks/train_src_tanh_gaussian_0057.npz
train_src_softsign_laplace_0058,train,src_softsign_laplace,softsign,laplace,58,100059,0.75,1000,10,data/tasks/train_src_softsign_laplace_0058.npz
train_src_interaction_studentt8_0059,train,src_interaction_studentt8,interaction,student_t8,59,100060,1.0,1000,10,data/tasks/train_src_interaction_studentt8_0059.npz
train_src_rff_laplace_0060,train,src_rff_laplace,rff,laplace,60,100061,0.0,1000,10,data/tasks/train_src_rff_laplace_0060.npz
train_src_rff_gaussian_0061,train,src_rff_gaussian,rff,gaussian,61,100062,0.25,1000,10,data/tasks/train_src_rff_gaussian_0061.npz
train_src_tanh_laplace_0062,train,src_tanh_laplace,tanh,laplace,62,100063,0.5,1000,10,data/tasks/train_src_tanh_laplace_0062.npz
train_src_tanh_gaussian_0063,train,src_tanh_gaussian,tanh,gaussian,63,100064,0.75,1000,10,data/tasks/train_src_tanh_gaussian_0063.npz
train_src_softsign_laplace_0064,train,src_softsign_laplace,softsign,laplace,64,100065,1.0,1000,10,data/tasks/train_src_softsign_laplace_0064.npz
train_src_interaction_studentt8_0065,train,src_interaction_studentt8,interaction,student_t8,65,100066,0.0,1000,10,data/tasks/train_src_interaction_studentt8_0065.npz
train_src_rff_laplace_0066,train,src_rff_laplace,rff,laplace,66,100067,0.25,1000,10,data/tasks/train_src_rff_laplace_0066.npz
train_src_rff_gaussian_0067,train,src_rff_gaussian,rff,gaussian,67,100068,0.5,1000,10,data/tasks/train_src_rff_gaussian_0067.npz
train_src_tanh_laplace_0068,train,src_tanh_laplace,tanh,laplace,68,100069,0.75,1000,10,data/tasks/train_src_tanh_laplace_0068.npz
train_src_tanh_gaussian_0069,train,src_tanh_gaussian,tanh,gaussian,69,100070,1.0,1000,10,data/tasks/train_src_tanh_gaussian_0069.npz
train_src_softsign_laplace_0070,train,src_softsign_laplace,softsign,laplace,70,100071,0.0,1000,10,data/tasks/train_src_softsign_laplace_0070.npz
train_src_interaction_studentt8_0071,train,src_interaction_studentt8,interaction,student_t8,71,100072,0.25,1000,10,data/tasks/train_src_interaction_studentt8_0071.npz
train_src_rff_laplace_0072,train,src_rff_laplace,rff,laplace,72,100073,0.5,1000,10,data/tasks/train_src_rff_laplace_0072.npz
train_src_rff_gaussian_0073,train,src_rff_gaussian,rff,gaussian,73,100074,0.75,1000,10,data/tasks/train_src_rff_gaussian_0073.npz
train_src_tanh_laplace_0074,train,src_tanh_laplace,tanh,laplace,74,100075,1.0,1000,10,data/tasks/train_src_tanh_laplace_0074.npz
train_src_tanh_gaussian_0075,train,src_tanh_gaussian,tanh,gaussian,75,100076,0.0,1000,10,data/tasks/train_src_tanh_gaussian_0075.npz
train_src_softsign_laplace_0076,train,src_softsign_laplace,softsign,laplace,76,100077,0.25,1000,10,data/tasks/train_src_softsign_laplace_0076.npz
train_src_interaction_studentt8_0077,train,src_interaction_studentt8,interaction,student_t8,77,100078,0.5,1000,10,data/tasks/train_src_interaction_studentt8_0077.npz
train_src_rff_laplace_0078,train,src_rff_laplace,rff,laplace,78,100079,0.75,1000,10,data/tasks/train_src_rff_laplace_0078.npz
train_src_rff_gaussian_0079,train,src_rff_gaussian,rff,gaussian,79,100080,1.0,1000,10,data/tasks/train_src_rff_gaussian_0079.npz
train_src_tanh_laplace_0080,train,src_tanh_laplace,tanh,laplace,80,100081,0.0,1000,10,data/tasks/train_src_tanh_laplace_0080.npz
train_src_tanh_gaussian_0081,train,src_tanh_gaussian,tanh,gaussian,81,100082,0.25,1000,10,data/tasks/train_src_tanh_gaussian_0081.npz
train_src_softsign_laplace_0082,train,src_softsign_laplace,softsign,laplace,82,100083,0.5,1000,10,data/tasks/train_src_softsign_laplace_0082.npz
train_src_interaction_studentt8_0083,train,src_interaction_studentt8,interaction,student_t8,83,100084,0.75,1000,10,data/tasks/train_src_interaction_studentt8_0083.npz
train_src_rff_laplace_0084,train,src_rff_laplace,rff,laplace,84,100085,1.0,1000,10,data/tasks/train_src_rff_laplace_0084.npz
train_src_rff_gaussian_0085,train,src_rff_gaussian,rff,gaussian,85,100086,0.0,1000,10,data/tasks/train_src_rff_gaussian_0085.npz
train_src_tanh_laplace_0086,train,src_tanh_laplace,tanh,laplace,86,100087,0.25,1000,10,data/tasks/train_src_tanh_laplace_0086.npz
train_src_tanh_gaussian_0087,train,src_tanh_gaussian,tanh,gaussian,87,100088,0.5,1000,10,data/tasks/train_src_tanh_gaussian_0087.npz
train_src_softsign_laplace_0088,train,src_softsign_laplace,softsign,laplace,88,100089,0.75,1000,10,data/tasks/train_src_softsign_laplace_0088.npz
train_src_interaction_studentt8_0089,train,src_interaction_studentt8,interaction,student_t8,89,100090,1.0,1000,10,data/tasks/train_src_interaction_studentt8_0089.npz
train_src_rff_laplace_0090,train,src_rff_laplace,rff,laplace,90,100091,0.0,1000,10,data/tasks/train_src_rff_laplace_0090.npz
train_src_rff_gaussian_0091,train,src_rff_gaussian,rff,gaussian,91,100092,0.25,1000,10,data/tasks/train_src_rff_gaussian_0091.npz
train_src_tanh_laplace_0092,train,src_tanh_laplace,tanh,laplace,92,100093,0.5,1000,10,data/tasks/train_src_tanh_laplace_0092.npz
train_src_tanh_gaussian_0093,train,src_tanh_gaussian,tanh,gaussian,93,100094,0.75,1000,10,data/tasks/train_src_tanh_gaussian_0093.npz
train_src_softsign_laplace_0094,train,src_softsign_laplace,softsign,laplace,94,100095,1.0,1000,10,data/tasks/train_src_softsign_laplace_0094.npz
train_src_interaction_studentt8_0095,train,src_interaction_studentt8,interaction,student_t8,95,100096,0.0,1000,10,data/tasks/train_src_interaction_studentt8_0095.npz
train_src_rff_laplace_0096,train,src_rff_laplace,rff,laplace,96,100097,0.25,1000,10,data/tasks/train_src_rff_laplace_0096.npz
train_src_rff_gaussian_0097,train,src_rff_gaussian,rff,gaussian,97,100098,0.5,1000,10,data/tasks/train_src_rff_gaussian_0097.npz
train_src_tanh_laplace_0098,train,src_tanh_laplace,tanh,laplace,98,100099,0.75,1000,10,data/tasks/train_src_tanh_laplace_0098.npz
train_src_tanh_gaussian_0099,train,src_tanh_gaussian,tanh,gaussian,99,100100,1.0,1000,10,data/tasks/train_src_tanh_gaussian_0099.npz
train_src_softsign_laplace_0100,train,src_softsign_laplace,softsign,laplace,100,100101,0.0,1000,10,data/tasks/train_src_softsign_laplace_0100.npz
train_src_interaction_studentt8_0101,train,src_interaction_studentt8,interaction,student_t8,101,100102,0.25,1000,10,data/tasks/train_src_interaction_studentt8_0101.npz
train_src_rff_laplace_0102,train,src_rff_laplace,rff,laplace,102,100103,0.5,1000,10,data/tasks/train_src_rff_laplace_0102.npz
train_src_rff_gaussian_0103,train,src_rff_gaussian,rff,gaussian,103,100104,0.75,1000,10,data/tasks/train_src_rff_gaussian_0103.npz
train_src_tanh_laplace_0104,train,src_tanh_laplace,tanh,laplace,104,100105,1.0,1000,10,data/tasks/train_src_tanh_laplace_0104.npz
train_src_tanh_gaussian_0105,train,src_tanh_gaussian,tanh,gaussian,105,100106,0.0,1000,10,data/tasks/train_src_tanh_gaussian_0105.npz
train_src_softsign_laplace_0106,train,src_softsign_laplace,softsign,laplace,106,100107,0.25,1000,10,data/tasks/train_src_softsign_laplace_0106.npz
train_src_interaction_studentt8_0107,train,src_interaction_studentt8,interaction,student_t8,107,100108,0.5,1000,10,data/tasks/train_src_interaction_studentt8_0107.npz
train_src_rff_laplace_0108,train,src_rff_laplace,rff,laplace,108,100109,0.75,1000,10,data/tasks/train_src_rff_laplace_0108.npz
train_src_rff_gaussian_0109,train,src_rff_gaussian,rff,gaussian,109,100110,1.0,1000,10,data/tasks/train_src_rff_gaussian_0109.npz
train_src_tanh_laplace_0110,train,src_tanh_laplace,tanh,laplace,110,100111,0.0,1000,10,data/tasks/train_src_tanh_laplace_0110.npz
train_src_tanh_gaussian_0111,train,src_tanh_gaussian,tanh,gaussian,111,100112,0.25,1000,10,data/tasks/train_src_tanh_gaussian_0111.npz
train_src_softsign_laplace_0112,train,src_softsign_laplace,softsign,laplace,112,100113,0.5,1000,10,data/tasks/train_src_softsign_laplace_0112.npz
train_src_interaction_studentt8_0113,train,src_interaction_studentt8,interaction,student_t8,113,100114,0.75,1000,10,data/tasks/train_src_interaction_studentt8_0113.npz
train_src_rff_laplace_0114,train,src_rff_laplace,rff,laplace,114,100115,1.0,1000,10,data/tasks/train_src_rff_laplace_0114.npz
train_src_rff_gaussian_0115,train,src_rff_gaussian,rff,gaussian,115,100116,0.0,1000,10,data/tasks/train_src_rff_gaussian_0115.npz
train_src_tanh_laplace_0116,train,src_tanh_laplace,tanh,laplace,116,100117,0.25,1000,10,data/tasks/train_src_tanh_laplace_0116.npz
train_src_tanh_gaussian_0117,train,src_tanh_gaussian,tanh,gaussian,117,100118,0.5,1000,10,data/tasks/train_src_tanh_gaussian_0117.npz
train_src_softsign_laplace_0118,train,src_softsign_laplace,softsign,laplace,118,100119,0.75,1000,10,data/tasks/train_src_softsign_laplace_0118.npz
train_src_interaction_studentt8_0119,train,src_interaction_studentt8,interaction,student_t8,119,100120,1.0,1000,10,data/tasks/train_src_interaction_studentt8_0119.npz
train_src_rff_laplace_0120,train,src_rff_laplace,rff,laplace,120,100121,0.0,1000,10,data/tasks/train_src_rff_laplace_0120.npz
train_src_rff_gaussian_0121,train,src_rff_gaussian,rff,gaussian,121,100122,0.25,1000,10,data/tasks/train_src_rff_gaussian_0121.npz
train_src_tanh_laplace_0122,train,src_tanh_laplace,tanh,laplace,122,100123,0.5,1000,10,data/tasks/train_src_tanh_laplace_0122.npz
train_src_tanh_gaussian_0123,train,src_tanh_gaussian,tanh,gaussian,123,100124,0.75,1000,10,data/tasks/train_src_tanh_gaussian_0123.npz
train_src_softsign_laplace_0124,train,src_softsign_laplace,softsign,laplace,124,100125,1.0,1000,10,data/tasks/train_src_softsign_laplace_0124.npz
train_src_interaction_studentt8_0125,train,src_interaction_studentt8,interaction,student_t8,125,100126,0.0,1000,10,data/tasks/train_src_interaction_studentt8_0125.npz
train_src_rff_laplace_0126,train,src_rff_laplace,rff,laplace,126,100127,0.25,1000,10,data/tasks/train_src_rff_laplace_0126.npz
train_src_rff_gaussian_0127,train,src_rff_gaussian,rff,gaussian,127,100128,0.5,1000,10,data/tasks/train_src_rff_gaussian_0127.npz
train_src_tanh_laplace_0128,train,src_tanh_laplace,tanh,laplace,128,100129,0.75,1000,10,data/tasks/train_src_tanh_laplace_0128.npz
train_src_tanh_gaussian_0129,train,src_tanh_gaussian,tanh,gaussian,129,100130,1.0,1000,10,data/tasks/train_src_tanh_gaussian_0129.npz
train_src_softsign_laplace_0130,train,src_softsign_laplace,softsign,laplace,130,100131,0.0,1000,10,data/tasks/train_src_softsign_laplace_0130.npz
train_src_interaction_studentt8_0131,train,src_interaction_studentt8,interaction,student_t8,131,100132,0.25,1000,10,data/tasks/train_src_interaction_studentt8_0131.npz
train_src_rff_laplace_0132,train,src_rff_laplace,rff,laplace,132,100133,0.5,1000,10,data/tasks/train_src_rff_laplace_0132.npz
train_src_rff_gaussian_0133,train,src_rff_gaussian,rff,gaussian,133,100134,0.75,1000,10,data/tasks/train_src_rff_gaussian_0133.npz
train_src_tanh_laplace_0134,train,src_tanh_laplace,tanh,laplace,134,100135,1.0,1000,10,data/tasks/train_src_tanh_laplace_0134.npz
train_src_tanh_gaussian_0135,train,src_tanh_gaussian,tanh,gaussian,135,100136,0.0,1000,10,data/tasks/train_src_tanh_gaussian_0135.npz
train_src_softsign_laplace_0136,train,src_softsign_laplace,softsign,laplace,136,100137,0.25,1000,10,data/tasks/train_src_softsign_laplace_0136.npz
train_src_interaction_studentt8_0137,train,src_interaction_studentt8,interaction,student_t8,137,100138,0.5,1000,10,data/tasks/train_src_interaction_studentt8_0137.npz
train_src_rff_laplace_0138,train,src_rff_laplace,rff,laplace,138,100139,0.75,1000,10,data/tasks/train_src_rff_laplace_0138.npz
train_src_rff_gaussian_0139,train,src_rff_gaussian,rff,gaussian,139,100140,1.0,1000,10,data/tasks/train_src_rff_gaussian_0139.npz
train_src_tanh_laplace_0140,train,src_tanh_laplace,tanh,laplace,140,100141,0.0,1000,10,data/tasks/train_src_tanh_laplace_0140.npz
train_src_tanh_gaussian_0141,train,src_tanh_gaussian,tanh,gaussian,141,100142,0.25,1000,10,data/tasks/train_src_tanh_gaussian_0141.npz
train_src_softsign_laplace_0142,train,src_softsign_laplace,softsign,laplace,142,100143,0.5,1000,10,data/tasks/train_src_softsign_laplace_0142.npz
train_src_interaction_studentt8_0143,train,src_interaction_studentt8,interaction,student_t8,143,100144,0.75,1000,10,data/tasks/train_src_interaction_studentt8_0143.npz
train_src_rff_laplace_0144,train,src_rff_laplace,rff,laplace,144,100145,1.0,1000,10,data/tasks/train_src_rff_laplace_0144.npz
train_src_rff_gaussian_0145,train,src_rff_gaussian,rff,gaussian,145,100146,0.0,1000,10,data/tasks/train_src_rff_gaussian_0145.npz
train_src_tanh_laplace_0146,train,src_tanh_laplace,tanh,laplace,146,100147,0.25,1000,10,data/tasks/train_src_tanh_laplace_0146.npz
train_src_tanh_gaussian_0147,train,src_tanh_gaussian,tanh,gaussian,147,100148,0.5,1000,10,data/tasks/train_src_tanh_gaussian_0147.npz
train_src_softsign_laplace_0148,train,src_softsign_laplace,softsign,laplace,148,100149,0.75,1000,10,data/tasks/train_src_softsign_laplace_0148.npz
train_src_interaction_studentt8_0149,train,src_interaction_studentt8,interaction,student_t8,149,100150,1.0,1000,10,data/tasks/train_src_interaction_studentt8_0149.npz
train_src_rff_laplace_0150,train,src_rff_laplace,rff,laplace,150,100151,0.0,1000,10,data/tasks/train_src_rff_laplace_0150.npz
train_src_rff_gaussian_0151,train,src_rff_gaussian,rff,gaussian,151,100152,0.25,1000,10,data/tasks/train_src_rff_gaussian_0151.npz
train_src_tanh_laplace_0152,train,src_tanh_laplace,tanh,laplace,152,100153,0.5,1000,10,data/tasks/train_src_tanh_laplace_0152.npz
train_src_tanh_gaussian_0153,train,src_tanh_gaussian,tanh,gaussian,153,100154,0.75,1000,10,data/tasks/train_src_tanh_gaussian_0153.npz
train_src_softsign_laplace_0154,train,src_softsign_laplace,softsign,laplace,154,100155,1.0,1000,10,data/tasks/train_src_softsign_laplace_0154.npz
train_src_interaction_studentt8_0155,train,src_interaction_studentt8,interaction,student_t8,155,100156,0.0,1000,10,data/tasks/train_src_interaction_studentt8_0155.npz
train_src_rff_laplace_0156,train,src_rff_laplace,rff,laplace,156,100157,0.25,1000,10,data/tasks/train_src_rff_laplace_0156.npz
train_src_rff_gaussian_0157,train,src_rff_gaussian,rff,gaussian,157,100158,0.5,1000,10,data/tasks/train_src_rff_gaussian_0157.npz
train_src_tanh_laplace_0158,train,src_tanh_laplace,tanh,laplace,158,100159,0.75,1000,10,data/tasks/train_src_tanh_laplace_0158.npz
train_src_tanh_gaussian_0159,train,src_tanh_gaussian,tanh,gaussian,159,100160,1.0,1000,10,data/tasks/train_src_tanh_gaussian_0159.npz
train_src_softsign_laplace_0160,train,src_softsign_laplace,softsign,laplace,160,100161,0.0,1000,10,data/tasks/train_src_softsign_laplace_0160.npz
train_src_interaction_studentt8_0161,train,src_interaction_studentt8,interaction,student_t8,161,100162,0.25,1000,10,data/tasks/train_src_interaction_studentt8_0161.npz
train_src_rff_laplace_0162,train,src_rff_laplace,rff,laplace,162,100163,0.5,1000,10,data/tasks/train_src_rff_laplace_0162.npz
train_src_rff_gaussian_0163,train,src_rff_gaussian,rff,gaussian,163,100164,0.75,1000,10,data/tasks/train_src_rff_gaussian_0163.npz
train_src_tanh_laplace_0164,train,src_tanh_laplace,tanh,laplace,164,100165,1.0,1000,10,data/tasks/train_src_tanh_laplace_0164.npz
train_src_tanh_gaussian_0165,train,src_tanh_gaussian,tanh,gaussian,165,100166,0.0,1000,10,data/tasks/train_src_tanh_gaussian_0165.npz
train_src_softsign_laplace_0166,train,src_softsign_laplace,softsign,laplace,166,100167,0.25,1000,10,data/tasks/train_src_softsign_laplace_0166.npz
train_src_interaction_studentt8_0167,train,src_interaction_studentt8,interaction,student_t8,167,100168,0.5,1000,10,data/tasks/train_src_interaction_studentt8_0167.npz
train_src_rff_laplace_0168,train,src_rff_laplace,rff,laplace,168,100169,0.75,1000,10,data/tasks/train_src_rff_laplace_0168.npz
train_src_rff_gaussian_0169,train,src_rff_gaussian,rff,gaussian,169,100170,1.0,1000,10,data/tasks/train_src_rff_gaussian_0169.npz
train_src_tanh_laplace_0170,train,src_tanh_laplace,tanh,laplace,170,100171,0.0,1000,10,data/tasks/train_src_tanh_laplace_0170.npz
train_src_tanh_gaussian_0171,train,src_tanh_gaussian,tanh,gaussian,171,100172,0.25,1000,10,data/tasks/train_src_tanh_gaussian_0171.npz
train_src_softsign_laplace_0172,train,src_softsign_laplace,softsign,laplace,172,100173,0.5,1000,10,data/tasks/train_src_softsign_laplace_0172.npz
train_src_interaction_studentt8_0173,train,src_interaction_studentt8,interaction,student_t8,173,100174,0.75,1000,10,data/tasks/train_src_interaction_studentt8_0173.npz
train_src_rff_laplace_0174,train,src_rff_laplace,rff,laplace,174,100175,1.0,1000,10,data/tasks/train_src_rff_laplace_0174.npz
train_src_rff_gaussian_0175,train,src_rff_gaussian,rff,gaussian,175,100176,0.0,1000,10,data/tasks/train_src_rff_gaussian_0175.npz
train_src_tanh_laplace_0176,train,src_tanh_laplace,tanh,laplace,176,100177,0.25,1000,10,data/tasks/train_src_tanh_laplace_0176.npz
train_src_tanh_gaussian_0177,train,src_tanh_gaussian,tanh,gaussian,177,100178,0.5,1000,10,data/tasks/train_src_tanh_gaussian_0177.npz
train_src_softsign_laplace_0178,train,src_softsign_laplace,softsign,laplace,178,100179,0.75,1000,10,data/tasks/train_src_softsign_laplace_0178.npz
train_src_interaction_studentt8_0179,train,src_interaction_studentt8,interaction,student_t8,179,100180,1.0,1000,10,data/tasks/train_src_interaction_studentt8_0179.npz
train_src_rff_laplace_0180,train,src_rff_laplace,rff,laplace,180,100181,0.0,1000,10,data/tasks/train_src_rff_laplace_0180.npz
train_src_rff_gaussian_0181,train,src_rff_gaussian,rff,gaussian,181,100182,0.25,1000,10,data/tasks/train_src_rff_gaussian_0181.npz
train_src_tanh_laplace_0182,train,src_tanh_laplace,tanh,laplace,182,100183,0.5,1000,10,data/tasks/train_src_tanh_laplace_0182.npz
train_src_tanh_gaussian_0183,train,src_tanh_gaussian,tanh,gaussian,183,100184,0.75,1000,10,data/tasks/train_src_tanh_gaussian_0183.npz
train_src_softsign_laplace_0184,train,src_softsign_laplace,softsign,laplace,184,100185,1.0,1000,10,data/tasks/train_src_softsign_laplace_0184.npz
train_src_interaction_studentt8_0185,train,src_interaction_studentt8,interaction,student_t8,185,100186,0.0,1000,10,data/tasks/train_src_interaction_studentt8_0185.npz
train_src_rff_laplace_0186,train,src_rff_laplace,rff,laplace,186,100187,0.25,1000,10,data/tasks/train_src_rff_laplace_0186.npz
train_src_rff_gaussian_0187,train,src_rff_gaussian,rff,gaussian,187,100188,0.5,1000,10,data/tasks/train_src_rff_gaussian_0187.npz
train_src_tanh_laplace_0188,train,src_tanh_laplace,tanh,laplace,188,100189,0.75,1000,10,data/tasks/train_src_tanh_laplace_0188.npz
train_src_tanh_gaussian_0189,train,src_tanh_gaussian,tanh,gaussian,189,100190,1.0,1000,10,data/tasks/train_src_tanh_gaussian_0189.npz
train_src_softsign_laplace_0190,train,src_softsign_laplace,softsign,laplace,190,100191,0.0,1000,10,data/tasks/train_src_softsign_laplace_0190.npz
train_src_interaction_studentt8_0191,train,src_interaction_studentt8,interaction,student_t8,191,100192,0.25,1000,10,data/tasks/train_src_interaction_studentt8_0191.npz
train_src_rff_laplace_0192,train,src_rff_laplace,rff,laplace,192,100193,0.5,1000,10,data/tasks/train_src_rff_laplace_0192.npz
train_src_rff_gaussian_0193,train,src_rff_gaussian,rff,gaussian,193,100194,0.75,1000,10,data/tasks/train_src_rff_gaussian_0193.npz
train_src_tanh_laplace_0194,train,src_tanh_laplace,tanh,laplace,194,100195,1.0,1000,10,data/tasks/train_src_tanh_laplace_0194.npz
train_src_tanh_gaussian_0195,train,src_tanh_gaussian,tanh,gaussian,195,100196,0.0,1000,10,data/tasks/train_src_tanh_gaussian_0195.npz
train_src_softsign_laplace_0196,train,src_softsign_laplace,softsign,laplace,196,100197,0.25,1000,10,data/tasks/train_src_softsign_laplace_0196.npz
train_src_interaction_studentt8_0197,train,src_interaction_studentt8,interaction,student_t8,197,100198,0.5,1000,10,data/tasks/train_src_interaction_studentt8_0197.npz
train_src_rff_laplace_0198,train,src_rff_laplace,rff,laplace,198,100199,0.75,1000,10,data/tasks/train_src_rff_laplace_0198.npz
train_src_rff_gaussian_0199,train,src_rff_gaussian,rff,gaussian,199,100200,1.0,1000,10,data/tasks/train_src_rff_gaussian_0199.npz
train_src_tanh_laplace_0200,train,src_tanh_laplace,tanh,laplace,200,100201,0.0,1000,10,data/tasks/train_src_tanh_laplace_0200.npz
train_src_tanh_gaussian_0201,train,src_tanh_gaussian,tanh,gaussian,201,100202,0.25,1000,10,data/tasks/train_src_tanh_gaussian_0201.npz
train_src_softsign_laplace_0202,train,src_softsign_laplace,softsign,laplace,202,100203,0.5,1000,10,data/tasks/train_src_softsign_laplace_0202.npz
train_src_interaction_studentt8_0203,train,src_interaction_studentt8,interaction,student_t8,203,100204,0.75,1000,10,data/tasks/train_src_interaction_studentt8_0203.npz
train_src_rff_laplace_0204,train,src_rff_laplace,rff,laplace,204,100205,1.0,1000,10,data/tasks/train_src_rff_laplace_0204.npz
train_src_rff_gaussian_0205,train,src_rff_gaussian,rff,gaussian,205,100206,0.0,1000,10,data/tasks/train_src_rff_gaussian_0205.npz
train_src_tanh_laplace_0206,train,src_tanh_laplace,tanh,laplace,206,100207,0.25,1000,10,data/tasks/train_src_tanh_laplace_0206.npz
train_src_tanh_gaussian_0207,train,src_tanh_gaussian,tanh,gaussian,207,100208,0.5,1000,10,data/tasks/train_src_tanh_gaussian_0207.npz
train_src_softsign_laplace_0208,train,src_softsign_laplace,softsign,laplace,208,100209,0.75,1000,10,data/tasks/train_src_softsign_laplace_0208.npz
train_src_interaction_studentt8_0209,train,src_interaction_studentt8,interaction,student_t8,209,100210,1.0,1000,10,data/tasks/train_src_interaction_studentt8_0209.npz
train_src_rff_laplace_0210,train,src_rff_laplace,rff,laplace,210,100211,0.0,1000,10,data/tasks/train_src_rff_laplace_0210.npz
train_src_rff_gaussian_0211,train,src_rff_gaussian,rff,gaussian,211,100212,0.25,1000,10,data/tasks/train_src_rff_gaussian_0211.npz
train_src_tanh_laplace_0212,train,src_tanh_laplace,tanh,laplace,212,100213,0.5,1000,10,data/tasks/train_src_tanh_laplace_0212.npz
train_src_tanh_gaussian_0213,train,src_tanh_gaussian,tanh,gaussian,213,100214,0.75,1000,10,data/tasks/train_src_tanh_gaussian_0213.npz
train_src_softsign_laplace_0214,train,src_softsign_laplace,softsign,laplace,214,100215,1.0,1000,10,data/tasks/train_src_softsign_laplace_0214.npz
train_src_interaction_studentt8_0215,train,src_interaction_studentt8,interaction,student_t8,215,100216,0.0,1000,10,data/tasks/train_src_interaction_studentt8_0215.npz
train_src_rff_laplace_0216,train,src_rff_laplace,rff,laplace,216,100217,0.25,1000,10,data/tasks/train_src_rff_laplace_0216.npz
train_src_rff_gaussian_0217,train,src_rff_gaussian,rff,gaussian,217,100218,0.5,1000,10,data/tasks/train_src_rff_gaussian_0217.npz
train_src_tanh_laplace_0218,train,src_tanh_laplace,tanh,laplace,218,100219,0.75,1000,10,data/tasks/train_src_tanh_laplace_0218.npz
train_src_tanh_gaussian_0219,train,src_tanh_gaussian,tanh,gaussian,219,100220,1.0,1000,10,data/tasks/train_src_tanh_gaussian_0219.npz
train_src_softsign_laplace_0220,train,src_softsign_laplace,softsign,laplace,220,100221,0.0,1000,10,data/tasks/train_src_softsign_laplace_0220.npz
train_src_interaction_studentt8_0221,train,src_interaction_studentt8,interaction,student_t8,221,100222,0.25,1000,10,data/tasks/train_src_interaction_studentt8_0221.npz
train_src_rff_laplace_0222,train,src_rff_laplace,rff,laplace,222,100223,0.5,1000,10,data/tasks/train_src_rff_laplace_0222.npz
train_src_rff_gaussian_0223,train,src_rff_gaussian,rff,gaussian,223,100224,0.75,1000,10,data/tasks/train_src_rff_gaussian_0223.npz
train_src_tanh_laplace_0224,train,src_tanh_laplace,tanh,laplace,224,100225,1.0,1000,10,data/tasks/train_src_tanh_laplace_0224.npz
train_src_tanh_gaussian_0225,train,src_tanh_gaussian,tanh,gaussian,225,100226,0.0,1000,10,data/tasks/train_src_tanh_gaussian_0225.npz
train_src_softsign_laplace_0226,train,src_softsign_laplace,softsign,laplace,226,100227,0.25,1000,10,data/tasks/train_src_softsign_laplace_0226.npz
train_src_interaction_studentt8_0227,train,src_interaction_studentt8,interaction,student_t8,227,100228,0.5,1000,10,data/tasks/train_src_interaction_studentt8_0227.npz
train_src_rff_laplace_0228,train,src_rff_laplace,rff,laplace,228,100229,0.75,1000,10,data/tasks/train_src_rff_laplace_0228.npz
train_src_rff_gaussian_0229,train,src_rff_gaussian,rff,gaussian,229,100230,1.0,1000,10,data/tasks/train_src_rff_gaussian_0229.npz
train_src_tanh_laplace_0230,train,src_tanh_laplace,tanh,laplace,230,100231,0.0,1000,10,data/tasks/train_src_tanh_laplace_0230.npz
train_src_tanh_gaussian_0231,train,src_tanh_gaussian,tanh,gaussian,231,100232,0.25,1000,10,data/tasks/train_src_tanh_gaussian_0231.npz
train_src_softsign_laplace_0232,train,src_softsign_laplace,softsign,laplace,232,100233,0.5,1000,10,data/tasks/train_src_softsign_laplace_0232.npz
train_src_interaction_studentt8_0233,train,src_interaction_studentt8,interaction,student_t8,233,100234,0.75,1000,10,data/tasks/train_src_interaction_studentt8_0233.npz
train_src_rff_laplace_0234,train,src_rff_laplace,rff,laplace,234,100235,1.0,1000,10,data/tasks/train_src_rff_laplace_0234.npz
train_src_rff_gaussian_0235,train,src_rff_gaussian,rff,gaussian,235,100236,0.0,1000,10,data/tasks/train_src_rff_gaussian_0235.npz
train_src_tanh_laplace_0236,train,src_tanh_laplace,tanh,laplace,236,100237,0.25,1000,10,data/tasks/train_src_tanh_laplace_0236.npz
train_src_tanh_gaussian_0237,train,src_tanh_gaussian,tanh,gaussian,237,100238,0.5,1000,10,data/tasks/train_src_tanh_gaussian_0237.npz
train_src_softsign_laplace_0238,train,src_softsign_laplace,softsign,laplace,238,100239,0.75,1000,10,data/tasks/train_src_softsign_laplace_0238.npz
train_src_interaction_studentt8_0239,train,src_interaction_studentt8,interaction,student_t8,239,100240,1.0,1000,10,data/tasks/train_src_interaction_studentt8_0239.npz
train_src_rff_laplace_0240,train,src_rff_laplace,rff,laplace,240,100241,0.0,1000,10,data/tasks/train_src_rff_laplace_0240.npz
train_src_rff_gaussian_0241,train,src_rff_gaussian,rff,gaussian,241,100242,0.25,1000,10,data/tasks/train_src_rff_gaussian_0241.npz
train_src_tanh_laplace_0242,train,src_tanh_laplace,tanh,laplace,242,100243,0.5,1000,10,data/tasks/train_src_tanh_laplace_0242.npz
train_src_tanh_gaussian_0243,train,src_tanh_gaussian,tanh,gaussian,243,100244,0.75,1000,10,data/tasks/train_src_tanh_gaussian_0243.npz
train_src_softsign_laplace_0244,train,src_softsign_laplace,softsign,laplace,244,100245,1.0,1000,10,data/tasks/train_src_softsign_laplace_0244.npz
train_src_interaction_studentt8_0245,train,src_interaction_studentt8,interaction,student_t8,245,100246,0.0,1000,10,data/tasks/train_src_interaction_studentt8_0245.npz
train_src_rff_laplace_0246,train,src_rff_laplace,rff,laplace,246,100247,0.25,1000,10,data/tasks/train_src_rff_laplace_0246.npz
train_src_rff_gaussian_0247,train,src_rff_gaussian,rff,gaussian,247,100248,0.5,1000,10,data/tasks/train_src_rff_gaussian_0247.npz
train_src_tanh_laplace_0248,train,src_tanh_laplace,tanh,laplace,248,100249,0.75,1000,10,data/tasks/train_src_tanh_laplace_0248.npz
train_src_tanh_gaussian_0249,train,src_tanh_gaussian,tanh,gaussian,249,100250,1.0,1000,10,data/tasks/train_src_tanh_gaussian_0249.npz
train_src_softsign_laplace_0250,train,src_softsign_laplace,softsign,laplace,250,100251,0.0,1000,10,data/tasks/train_src_softsign_laplace_0250.npz
train_src_interaction_studentt8_0251,train,src_interaction_studentt8,interaction,student_t8,251,100252,0.25,1000,10,data/tasks/train_src_interaction_studentt8_0251.npz
train_src_rff_laplace_0252,train,src_rff_laplace,rff,laplace,252,100253,0.5,1000,10,data/tasks/train_src_rff_laplace_0252.npz
train_src_rff_gaussian_0253,train,src_rff_gaussian,rff,gaussian,253,100254,0.75,1000,10,data/tasks/train_src_rff_gaussian_0253.npz
train_src_tanh_laplace_0254,train,src_tanh_laplace,tanh,laplace,254,100255,1.0,1000,10,data/tasks/train_src_tanh_laplace_0254.npz
train_src_tanh_gaussian_0255,train,src_tanh_gaussian,tanh,gaussian,255,100256,0.0,1000,10,data/tasks/train_src_tanh_gaussian_0255.npz
train_src_softsign_laplace_0256,train,src_softsign_laplace,softsign,laplace,256,100257,0.25,1000,10,data/tasks/train_src_softsign_laplace_0256.npz
train_src_interaction_studentt8_0257,train,src_interaction_studentt8,interaction,student_t8,257,100258,0.5,1000,10,data/tasks/train_src_interaction_studentt8_0257.npz
train_src_rff_laplace_0258,train,src_rff_laplace,rff,laplace,258,100259,0.75,1000,10,data/tasks/train_src_rff_laplace_0258.npz
train_src_rff_gaussian_0259,train,src_rff_gaussian,rff,gaussian,259,100260,1.0,1000,10,data/tasks/train_src_rff_gaussian_0259.npz
train_src_tanh_laplace_0260,train,src_tanh_laplace,tanh,laplace,260,100261,0.0,1000,10,data/tasks/train_src_tanh_laplace_0260.npz
train_src_tanh_gaussian_0261,train,src_tanh_gaussian,tanh,gaussian,261,100262,0.25,1000,10,data/tasks/train_src_tanh_gaussian_0261.npz
train_src_softsign_laplace_0262,train,src_softsign_laplace,softsign,laplace,262,100263,0.5,1000,10,data/tasks/train_src_softsign_laplace_0262.npz
train_src_interaction_studentt8_0263,train,src_interaction_studentt8,interaction,student_t8,263,100264,0.75,1000,10,data/tasks/train_src_interaction_studentt8_0263.npz
train_src_rff_laplace_0264,train,src_rff_laplace,rff,laplace,264,100265,1.0,1000,10,data/tasks/train_src_rff_laplace_0264.npz
train_src_rff_gaussian_0265,train,src_rff_gaussian,rff,gaussian,265,100266,0.0,1000,10,data/tasks/train_src_rff_gaussian_0265.npz
train_src_tanh_laplace_0266,train,src_tanh_laplace,tanh,laplace,266,100267,0.25,1000,10,data/tasks/train_src_tanh_laplace_0266.npz
train_src_tanh_gaussian_0267,train,src_tanh_gaussian,tanh,gaussian,267,100268,0.5,1000,10,data/tasks/train_src_tanh_gaussian_0267.npz
train_src_softsign_laplace_0268,train,src_softsign_laplace,softsign,laplace,268,100269,0.75,1000,10,data/tasks/train_src_softsign_laplace_0268.npz
train_src_interaction_studentt8_0269,train,src_interaction_studentt8,interaction,student_t8,269,100270,1.0,1000,10,data/tasks/train_src_interaction_studentt8_0269.npz
train_src_rff_laplace_0270,train,src_rff_laplace,rff,laplace,270,100271,0.0,1000,10,data/tasks/train_src_rff_laplace_0270.npz
train_src_rff_gaussian_0271,train,src_rff_gaussian,rff,gaussian,271,100272,0.25,1000,10,data/tasks/train_src_rff_gaussian_0271.npz
train_src_tanh_laplace_0272,train,src_tanh_laplace,tanh,laplace,272,100273,0.5,1000,10,data/tasks/train_src_tanh_laplace_0272.npz
train_src_tanh_gaussian_0273,train,src_tanh_gaussian,tanh,gaussian,273,100274,0.75,1000,10,data/tasks/train_src_tanh_gaussian_0273.npz
train_src_softsign_laplace_0274,train,src_softsign_laplace,softsign,laplace,274,100275,1.0,1000,10,data/tasks/train_src_softsign_laplace_0274.npz
train_src_interaction_studentt8_0275,train,src_interaction_studentt8,interaction,student_t8,275,100276,0.0,1000,10,data/tasks/train_src_interaction_studentt8_0275.npz
train_src_rff_laplace_0276,train,src_rff_laplace,rff,laplace,276,100277,0.25,1000,10,data/tasks/train_src_rff_laplace_0276.npz
train_src_rff_gaussian_0277,train,src_rff_gaussian,rff,gaussian,277,100278,0.5,1000,10,data/tasks/train_src_rff_gaussian_0277.npz
train_src_tanh_laplace_0278,train,src_tanh_laplace,tanh,laplace,278,100279,0.75,1000,10,data/tasks/train_src_tanh_laplace_0278.npz
train_src_tanh_gaussian_0279,train,src_tanh_gaussian,tanh,gaussian,279,100280,1.0,1000,10,data/tasks/train_src_tanh_gaussian_0279.npz
train_src_softsign_laplace_0280,train,src_softsign_laplace,softsign,laplace,280,100281,0.0,1000,10,data/tasks/train_src_softsign_laplace_0280.npz
train_src_interaction_studentt8_0281,train,src_interaction_studentt8,interaction,student_t8,281,100282,0.25,1000,10,data/tasks/train_src_interaction_studentt8_0281.npz
train_src_rff_laplace_0282,train,src_rff_laplace,rff,laplace,282,100283,0.5,1000,10,data/tasks/train_src_rff_laplace_0282.npz
train_src_rff_gaussian_0283,train,src_rff_gaussian,rff,gaussian,283,100284,0.75,1000,10,data/tasks/train_src_rff_gaussian_0283.npz
train_src_tanh_laplace_0284,train,src_tanh_laplace,tanh,laplace,284,100285,1.0,1000,10,data/tasks/train_src_tanh_laplace_0284.npz
train_src_tanh_gaussian_0285,train,src_tanh_gaussian,tanh,gaussian,285,100286,0.0,1000,10,data/tasks/train_src_tanh_gaussian_0285.npz
train_src_softsign_laplace_0286,train,src_softsign_laplace,softsign,laplace,286,100287,0.25,1000,10,data/tasks/train_src_softsign_laplace_0286.npz
train_src_interaction_studentt8_0287,train,src_interaction_studentt8,interaction,student_t8,287,100288,0.5,1000,10,data/tasks/train_src_interaction_studentt8_0287.npz
train_src_rff_laplace_0288,train,src_rff_laplace,rff,laplace,288,100289,0.75,1000,10,data/tasks/train_src_rff_laplace_0288.npz
train_src_rff_gaussian_0289,train,src_rff_gaussian,rff,gaussian,289,100290,1.0,1000,10,data/tasks/train_src_rff_gaussian_0289.npz
train_src_tanh_laplace_0290,train,src_tanh_laplace,tanh,laplace,290,100291,0.0,1000,10,data/tasks/train_src_tanh_laplace_0290.npz
train_src_tanh_gaussian_0291,train,src_tanh_gaussian,tanh,gaussian,291,100292,0.25,1000,10,data/tasks/train_src_tanh_gaussian_0291.npz
train_src_softsign_laplace_0292,train,src_softsign_laplace,softsign,laplace,292,100293,0.5,1000,10,data/tasks/train_src_softsign_laplace_0292.npz
train_src_interaction_studentt8_0293,train,src_interaction_studentt8,interaction,student_t8,293,100294,0.75,1000,10,data/tasks/train_src_interaction_studentt8_0293.npz
train_src_rff_laplace_0294,train,src_rff_laplace,rff,laplace,294,100295,1.0,1000,10,data/tasks/train_src_rff_laplace_0294.npz
train_src_rff_gaussian_0295,train,src_rff_gaussian,rff,gaussian,295,100296,0.0,1000,10,data/tasks/train_src_rff_gaussian_0295.npz
train_src_tanh_laplace_0296,train,src_tanh_laplace,tanh,laplace,296,100297,0.25,1000,10,data/tasks/train_src_tanh_laplace_0296.npz
train_src_tanh_gaussian_0297,train,src_tanh_gaussian,tanh,gaussian,297,100298,0.5,1000,10,data/tasks/train_src_tanh_gaussian_0297.npz
train_src_softsign_laplace_0298,train,src_softsign_laplace,softsign,laplace,298,100299,0.75,1000,10,data/tasks/train_src_softsign_laplace_0298.npz
train_src_interaction_studentt8_0299,train,src_interaction_studentt8,interaction,student_t8,299,100300,1.0,1000,10,data/tasks/train_src_interaction_studentt8_0299.npz
train_src_rff_laplace_0300,train,src_rff_laplace,rff,laplace,300,100301,0.0,1000,10,data/tasks/train_src_rff_laplace_0300.npz
train_src_rff_gaussian_0301,train,src_rff_gaussian,rff,gaussian,301,100302,0.25,1000,10,data/tasks/train_src_rff_gaussian_0301.npz
train_src_tanh_laplace_0302,train,src_tanh_laplace,tanh,laplace,302,100303,0.5,1000,10,data/tasks/train_src_tanh_laplace_0302.npz
train_src_tanh_gaussian_0303,train,src_tanh_gaussian,tanh,gaussian,303,100304,0.75,1000,10,data/tasks/train_src_tanh_gaussian_0303.npz
train_src_softsign_laplace_0304,train,src_softsign_laplace,softsign,laplace,304,100305,1.0,1000,10,data/tasks/train_src_softsign_laplace_0304.npz
train_src_interaction_studentt8_0305,train,src_interaction_studentt8,interaction,student_t8,305,100306,0.0,1000,10,data/tasks/train_src_interaction_studentt8_0305.npz
train_src_rff_laplace_0306,train,src_rff_laplace,rff,laplace,306,100307,0.25,1000,10,data/tasks/train_src_rff_laplace_0306.npz
train_src_rff_gaussian_0307,train,src_rff_gaussian,rff,gaussian,307,100308,0.5,1000,10,data/tasks/train_src_rff_gaussian_0307.npz
train_src_tanh_laplace_0308,train,src_tanh_laplace,tanh,laplace,308,100309,0.75,1000,10,data/tasks/train_src_tanh_laplace_0308.npz
train_src_tanh_gaussian_0309,train,src_tanh_gaussian,tanh,gaussian,309,100310,1.0,1000,10,data/tasks/train_src_tanh_gaussian_0309.npz
train_src_softsign_laplace_0310,train,src_softsign_laplace,softsign,laplace,310,100311,0.0,1000,10,data/tasks/train_src_softsign_laplace_0310.npz
train_src_interaction_studentt8_0311,train,src_interaction_studentt8,interaction,student_t8,311,100312,0.25,1000,10,data/tasks/train_src_interaction_studentt8_0311.npz
train_src_rff_laplace_0312,train,src_rff_laplace,rff,laplace,312,100313,0.5,1000,10,data/tasks/train_src_rff_laplace_0312.npz
train_src_rff_gaussian_0313,train,src_rff_gaussian,rff,gaussian,313,100314,0.75,1000,10,data/tasks/train_src_rff_gaussian_0313.npz
train_src_tanh_laplace_0314,train,src_tanh_laplace,tanh,laplace,314,100315,1.0,1000,10,data/tasks/train_src_tanh_laplace_0314.npz
train_src_tanh_gaussian_0315,train,src_tanh_gaussian,tanh,gaussian,315,100316,0.0,1000,10,data/tasks/train_src_tanh_gaussian_0315.npz
train_src_softsign_laplace_0316,train,src_softsign_laplace,softsign,laplace,316,100317,0.25,1000,10,data/tasks/train_src_softsign_laplace_0316.npz
train_src_interaction_studentt8_0317,train,src_interaction_studentt8,interaction,student_t8,317,100318,0.5,1000,10,data/tasks/train_src_interaction_studentt8_0317.npz
train_src_rff_laplace_0318,train,src_rff_laplace,rff,laplace,318,100319,0.75,1000,10,data/tasks/train_src_rff_laplace_0318.npz
train_src_rff_gaussian_0319,train,src_rff_gaussian,rff,gaussian,319,100320,1.0,1000,10,data/tasks/train_src_rff_gaussian_0319.npz
train_src_tanh_laplace_0320,train,src_tanh_laplace,tanh,laplace,320,100321,0.0,1000,10,data/tasks/train_src_tanh_laplace_0320.npz
train_src_tanh_gaussian_0321,train,src_tanh_gaussian,tanh,gaussian,321,100322,0.25,1000,10,data/tasks/train_src_tanh_gaussian_0321.npz
train_src_softsign_laplace_0322,train,src_softsign_laplace,softsign,laplace,322,100323,0.5,1000,10,data/tasks/train_src_softsign_laplace_0322.npz
train_src_interaction_studentt8_0323,train,src_interaction_studentt8,interaction,student_t8,323,100324,0.75,1000,10,data/tasks/train_src_interaction_studentt8_0323.npz
train_src_rff_laplace_0324,train,src_rff_laplace,rff,laplace,324,100325,1.0,1000,10,data/tasks/train_src_rff_laplace_0324.npz
train_src_rff_gaussian_0325,train,src_rff_gaussian,rff,gaussian,325,100326,0.0,1000,10,data/tasks/train_src_rff_gaussian_0325.npz
train_src_tanh_laplace_0326,train,src_tanh_laplace,tanh,laplace,326,100327,0.25,1000,10,data/tasks/train_src_tanh_laplace_0326.npz
train_src_tanh_gaussian_0327,train,src_tanh_gaussian,tanh,gaussian,327,100328,0.5,1000,10,data/tasks/train_src_tanh_gaussian_0327.npz
train_src_softsign_laplace_0328,train,src_softsign_laplace,softsign,laplace,328,100329,0.75,1000,10,data/tasks/train_src_softsign_laplace_0328.npz
train_src_interaction_studentt8_0329,train,src_interaction_studentt8,interaction,student_t8,329,100330,1.0,1000,10,data/tasks/train_src_interaction_studentt8_0329.npz
train_src_rff_laplace_0330,train,src_rff_laplace,rff,laplace,330,100331,0.0,1000,10,data/tasks/train_src_rff_laplace_0330.npz
train_src_rff_gaussian_0331,train,src_rff_gaussian,rff,gaussian,331,100332,0.25,1000,10,data/tasks/train_src_rff_gaussian_0331.npz
train_src_tanh_laplace_0332,train,src_tanh_laplace,tanh,laplace,332,100333,0.5,1000,10,data/tasks/train_src_tanh_laplace_0332.npz
train_src_tanh_gaussian_0333,train,src_tanh_gaussian,tanh,gaussian,333,100334,0.75,1000,10,data/tasks/train_src_tanh_gaussian_0333.npz
train_src_softsign_laplace_0334,train,src_softsign_laplace,softsign,laplace,334,100335,1.0,1000,10,data/tasks/train_src_softsign_laplace_0334.npz
train_src_interaction_studentt8_0335,train,src_interaction_studentt8,interaction,student_t8,335,100336,0.0,1000,10,data/tasks/train_src_interaction_studentt8_0335.npz
train_src_rff_laplace_0336,train,src_rff_laplace,rff,laplace,336,100337,0.25,1000,10,data/tasks/train_src_rff_laplace_0336.npz
train_src_rff_gaussian_0337,train,src_rff_gaussian,rff,gaussian,337,100338,0.5,1000,10,data/tasks/train_src_rff_gaussian_0337.npz
train_src_tanh_laplace_0338,train,src_tanh_laplace,tanh,laplace,338,100339,0.75,1000,10,data/tasks/train_src_tanh_laplace_0338.npz
train_src_tanh_gaussian_0339,train,src_tanh_gaussian,tanh,gaussian,339,100340,1.0,1000,10,data/tasks/train_src_tanh_gaussian_0339.npz
train_src_softsign_laplace_0340,train,src_softsign_laplace,softsign,laplace,340,100341,0.0,1000,10,data/tasks/train_src_softsign_laplace_0340.npz
train_src_interaction_studentt8_0341,train,src_interaction_studentt8,interaction,student_t8,341,100342,0.25,1000,10,data/tasks/train_src_interaction_studentt8_0341.npz
train_src_rff_laplace_0342,train,src_rff_laplace,rff,laplace,342,100343,0.5,1000,10,data/tasks/train_src_rff_laplace_0342.npz
train_src_rff_gaussian_0343,train,src_rff_gaussian,rff,gaussian,343,100344,0.75,1000,10,data/tasks/train_src_rff_gaussian_0343.npz
train_src_tanh_laplace_0344,train,src_tanh_laplace,tanh,laplace,344,100345,1.0,1000,10,data/tasks/train_src_tanh_laplace_0344.npz
train_src_tanh_gaussian_0345,train,src_tanh_gaussian,tanh,gaussian,345,100346,0.0,1000,10,data/tasks/train_src_tanh_gaussian_0345.npz
train_src_softsign_laplace_0346,train,src_softsign_laplace,softsign,laplace,346,100347,0.25,1000,10,data/tasks/train_src_softsign_laplace_0346.npz
train_src_interaction_studentt8_0347,train,src_interaction_studentt8,interaction,student_t8,347,100348,0.5,1000,10,data/tasks/train_src_interaction_studentt8_0347.npz
train_src_rff_laplace_0348,train,src_rff_laplace,rff,laplace,348,100349,0.75,1000,10,data/tasks/train_src_rff_laplace_0348.npz
train_src_rff_gaussian_0349,train,src_rff_gaussian,rff,gaussian,349,100350,1.0,1000,10,data/tasks/train_src_rff_gaussian_0349.npz
train_src_tanh_laplace_0350,train,src_tanh_laplace,tanh,laplace,350,100351,0.0,1000,10,data/tasks/train_src_tanh_laplace_0350.npz
train_src_tanh_gaussian_0351,train,src_tanh_gaussian,tanh,gaussian,351,100352,0.25,1000,10,data/tasks/train_src_tanh_gaussian_0351.npz
train_src_softsign_laplace_0352,train,src_softsign_laplace,softsign,laplace,352,100353,0.5,1000,10,data/tasks/train_src_softsign_laplace_0352.npz
train_src_interaction_studentt8_0353,train,src_interaction_studentt8,interaction,student_t8,353,100354,0.75,1000,10,data/tasks/train_src_interaction_studentt8_0353.npz
train_src_rff_laplace_0354,train,src_rff_laplace,rff,laplace,354,100355,1.0,1000,10,data/tasks/train_src_rff_laplace_0354.npz
train_src_rff_gaussian_0355,train,src_rff_gaussian,rff,gaussian,355,100356,0.0,1000,10,data/tasks/train_src_rff_gaussian_0355.npz
train_src_tanh_laplace_0356,train,src_tanh_laplace,tanh,laplace,356,100357,0.25,1000,10,data/tasks/train_src_tanh_laplace_0356.npz
train_src_tanh_gaussian_0357,train,src_tanh_gaussian,tanh,gaussian,357,100358,0.5,1000,10,data/tasks/train_src_tanh_gaussian_0357.npz
train_src_softsign_laplace_0358,train,src_softsign_laplace,softsign,laplace,358,100359,0.75,1000,10,data/tasks/train_src_softsign_laplace_0358.npz
train_src_interaction_studentt8_0359,train,src_interaction_studentt8,interaction,student_t8,359,100360,1.0,1000,10,data/tasks/train_src_interaction_studentt8_0359.npz
train_src_rff_laplace_0360,train,src_rff_laplace,rff,laplace,360,100361,0.0,1000,10,data/tasks/train_src_rff_laplace_0360.npz
train_src_rff_gaussian_0361,train,src_rff_gaussian,rff,gaussian,361,100362,0.25,1000,10,data/tasks/train_src_rff_gaussian_0361.npz
train_src_tanh_laplace_0362,train,src_tanh_laplace,tanh,laplace,362,100363,0.5,1000,10,data/tasks/train_src_tanh_laplace_0362.npz
train_src_tanh_gaussian_0363,train,src_tanh_gaussian,tanh,gaussian,363,100364,0.75,1000,10,data/tasks/train_src_tanh_gaussian_0363.npz
train_src_softsign_laplace_0364,train,src_softsign_laplace,softsign,laplace,364,100365,1.0,1000,10,data/tasks/train_src_softsign_laplace_0364.npz
train_src_interaction_studentt8_0365,train,src_interaction_studentt8,interaction,student_t8,365,100366,0.0,1000,10,data/tasks/train_src_interaction_studentt8_0365.npz
train_src_rff_laplace_0366,train,src_rff_laplace,rff,laplace,366,100367,0.25,1000,10,data/tasks/train_src_rff_laplace_0366.npz
train_src_rff_gaussian_0367,train,src_rff_gaussian,rff,gaussian,367,100368,0.5,1000,10,data/tasks/train_src_rff_gaussian_0367.npz
train_src_tanh_laplace_0368,train,src_tanh_laplace,tanh,laplace,368,100369,0.75,1000,10,data/tasks/train_src_tanh_laplace_0368.npz
train_src_tanh_gaussian_0369,train,src_tanh_gaussian,tanh,gaussian,369,100370,1.0,1000,10,data/tasks/train_src_tanh_gaussian_0369.npz
train_src_softsign_laplace_0370,train,src_softsign_laplace,softsign,laplace,370,100371,0.0,1000,10,data/tasks/train_src_softsign_laplace_0370.npz
train_src_interaction_studentt8_0371,train,src_interaction_studentt8,interaction,student_t8,371,100372,0.25,1000,10,data/tasks/train_src_interaction_studentt8_0371.npz
train_src_rff_laplace_0372,train,src_rff_laplace,rff,laplace,372,100373,0.5,1000,10,data/tasks/train_src_rff_laplace_0372.npz
train_src_rff_gaussian_0373,train,src_rff_gaussian,rff,gaussian,373,100374,0.75,1000,10,data/tasks/train_src_rff_gaussian_0373.npz
train_src_tanh_laplace_0374,train,src_tanh_laplace,tanh,laplace,374,100375,1.0,1000,10,data/tasks/train_src_tanh_laplace_0374.npz
train_src_tanh_gaussian_0375,train,src_tanh_gaussian,tanh,gaussian,375,100376,0.0,1000,10,data/tasks/train_src_tanh_gaussian_0375.npz
train_src_softsign_laplace_0376,train,src_softsign_laplace,softsign,laplace,376,100377,0.25,1000,10,data/tasks/train_src_softsign_laplace_0376.npz
train_src_interaction_studentt8_0377,train,src_interaction_studentt8,interaction,student_t8,377,100378,0.5,1000,10,data/tasks/train_src_interaction_studentt8_0377.npz
train_src_rff_laplace_0378,train,src_rff_laplace,rff,laplace,378,100379,0.75,1000,10,data/tasks/train_src_rff_laplace_0378.npz
train_src_rff_gaussian_0379,train,src_rff_gaussian,rff,gaussian,379,100380,1.0,1000,10,data/tasks/train_src_rff_gaussian_0379.npz
train_src_tanh_laplace_0380,train,src_tanh_laplace,tanh,laplace,380,100381,0.0,1000,10,data/tasks/train_src_tanh_laplace_0380.npz
train_src_tanh_gaussian_0381,train,src_tanh_gaussian,tanh,gaussian,381,100382,0.25,1000,10,data/tasks/train_src_tanh_gaussian_0381.npz
train_src_softsign_laplace_0382,train,src_softsign_laplace,softsign,laplace,382,100383,0.5,1000,10,data/tasks/train_src_softsign_laplace_0382.npz
train_src_interaction_studentt8_0383,train,src_interaction_studentt8,interaction,student_t8,383,100384,0.75,1000,10,data/tasks/train_src_interaction_studentt8_0383.npz
train_src_rff_laplace_0384,train,src_rff_laplace,rff,laplace,384,100385,1.0,1000,10,data/tasks/train_src_rff_laplace_0384.npz
train_src_rff_gaussian_0385,train,src_rff_gaussian,rff,gaussian,385,100386,0.0,1000,10,data/tasks/train_src_rff_gaussian_0385.npz
train_src_tanh_laplace_0386,train,src_tanh_laplace,tanh,laplace,386,100387,0.25,1000,10,data/tasks/train_src_tanh_laplace_0386.npz
train_src_tanh_gaussian_0387,train,src_tanh_gaussian,tanh,gaussian,387,100388,0.5,1000,10,data/tasks/train_src_tanh_gaussian_0387.npz
train_src_softsign_laplace_0388,train,src_softsign_laplace,softsign,laplace,388,100389,0.75,1000,10,data/tasks/train_src_softsign_laplace_0388.npz
train_src_interaction_studentt8_0389,train,src_interaction_studentt8,interaction,student_t8,389,100390,1.0,1000,10,data/tasks/train_src_interaction_studentt8_0389.npz
train_src_rff_laplace_0390,train,src_rff_laplace,rff,laplace,390,100391,0.0,1000,10,data/tasks/train_src_rff_laplace_0390.npz
train_src_rff_gaussian_0391,train,src_rff_gaussian,rff,gaussian,391,100392,0.25,1000,10,data/tasks/train_src_rff_gaussian_0391.npz
train_src_tanh_laplace_0392,train,src_tanh_laplace,tanh,laplace,392,100393,0.5,1000,10,data/tasks/train_src_tanh_laplace_0392.npz
train_src_tanh_gaussian_0393,train,src_tanh_gaussian,tanh,gaussian,393,100394,0.75,1000,10,data/tasks/train_src_tanh_gaussian_0393.npz
train_src_softsign_laplace_0394,train,src_softsign_laplace,softsign,laplace,394,100395,1.0,1000,10,data/tasks/train_src_softsign_laplace_0394.npz
train_src_interaction_studentt8_0395,train,src_interaction_studentt8,interaction,student_t8,395,100396,0.0,1000,10,data/tasks/train_src_interaction_studentt8_0395.npz
train_src_rff_laplace_0396,train,src_rff_laplace,rff,laplace,396,100397,0.25,1000,10,data/tasks/train_src_rff_laplace_0396.npz
train_src_rff_gaussian_0397,train,src_rff_gaussian,rff,gaussian,397,100398,0.5,1000,10,data/tasks/train_src_rff_gaussian_0397.npz
train_src_tanh_laplace_0398,train,src_tanh_laplace,tanh,laplace,398,100399,0.75,1000,10,data/tasks/train_src_tanh_laplace_0398.npz
train_src_tanh_gaussian_0399,train,src_tanh_gaussian,tanh,gaussian,399,100400,1.0,1000,10,data/tasks/train_src_tanh_gaussian_0399.npz
train_src_softsign_laplace_0400,train,src_softsign_laplace,softsign,laplace,400,100401,0.0,1000,10,data/tasks/train_src_softsign_laplace_0400.npz
train_src_interaction_studentt8_0401,train,src_interaction_studentt8,interaction,student_t8,401,100402,0.25,1000,10,data/tasks/train_src_interaction_studentt8_0401.npz
train_src_rff_laplace_0402,train,src_rff_laplace,rff,laplace,402,100403,0.5,1000,10,data/tasks/train_src_rff_laplace_0402.npz
train_src_rff_gaussian_0403,train,src_rff_gaussian,rff,gaussian,403,100404,0.75,1000,10,data/tasks/train_src_rff_gaussian_0403.npz
train_src_tanh_laplace_0404,train,src_tanh_laplace,tanh,laplace,404,100405,1.0,1000,10,data/tasks/train_src_tanh_laplace_0404.npz
train_src_tanh_gaussian_0405,train,src_tanh_gaussian,tanh,gaussian,405,100406,0.0,1000,10,data/tasks/train_src_tanh_gaussian_0405.npz
train_src_softsign_laplace_0406,train,src_softsign_laplace,softsign,laplace,406,100407,0.25,1000,10,data/tasks/train_src_softsign_laplace_0406.npz
train_src_interaction_studentt8_0407,train,src_interaction_studentt8,interaction,student_t8,407,100408,0.5,1000,10,data/tasks/train_src_interaction_studentt8_0407.npz
train_src_rff_laplace_0408,train,src_rff_laplace,rff,laplace,408,100409,0.75,1000,10,data/tasks/train_src_rff_laplace_0408.npz
train_src_rff_gaussian_0409,train,src_rff_gaussian,rff,gaussian,409,100410,1.0,1000,10,data/tasks/train_src_rff_gaussian_0409.npz
train_src_tanh_laplace_0410,train,src_tanh_laplace,tanh,laplace,410,100411,0.0,1000,10,data/tasks/train_src_tanh_laplace_0410.npz
train_src_tanh_gaussian_0411,train,src_tanh_gaussian,tanh,gaussian,411,100412,0.25,1000,10,data/tasks/train_src_tanh_gaussian_0411.npz
train_src_softsign_laplace_0412,train,src_softsign_laplace,softsign,laplace,412,100413,0.5,1000,10,data/tasks/train_src_softsign_laplace_0412.npz
train_src_interaction_studentt8_0413,train,src_interaction_studentt8,interaction,student_t8,413,100414,0.75,1000,10,data/tasks/train_src_interaction_studentt8_0413.npz
train_src_rff_laplace_0414,train,src_rff_laplace,rff,laplace,414,100415,1.0,1000,10,data/tasks/train_src_rff_laplace_0414.npz
train_src_rff_gaussian_0415,train,src_rff_gaussian,rff,gaussian,415,100416,0.0,1000,10,data/tasks/train_src_rff_gaussian_0415.npz
train_src_tanh_laplace_0416,train,src_tanh_laplace,tanh,laplace,416,100417,0.25,1000,10,data/tasks/train_src_tanh_laplace_0416.npz
train_src_tanh_gaussian_0417,train,src_tanh_gaussian,tanh,gaussian,417,100418,0.5,1000,10,data/tasks/train_src_tanh_gaussian_0417.npz
train_src_softsign_laplace_0418,train,src_softsign_laplace,softsign,laplace,418,100419,0.75,1000,10,data/tasks/train_src_softsign_laplace_0418.npz
train_src_interaction_studentt8_0419,train,src_interaction_studentt8,interaction,student_t8,419,100420,1.0,1000,10,data/tasks/train_src_interaction_studentt8_0419.npz
train_src_rff_laplace_0420,train,src_rff_laplace,rff,laplace,420,100421,0.0,1000,10,data/tasks/train_src_rff_laplace_0420.npz
train_src_rff_gaussian_0421,train,src_rff_gaussian,rff,gaussian,421,100422,0.25,1000,10,data/tasks/train_src_rff_gaussian_0421.npz
train_src_tanh_laplace_0422,train,src_tanh_laplace,tanh,laplace,422,100423,0.5,1000,10,data/tasks/train_src_tanh_laplace_0422.npz
train_src_tanh_gaussian_0423,train,src_tanh_gaussian,tanh,gaussian,423,100424,0.75,1000,10,data/tasks/train_src_tanh_gaussian_0423.npz
train_src_softsign_laplace_0424,train,src_softsign_laplace,softsign,laplace,424,100425,1.0,1000,10,data/tasks/train_src_softsign_laplace_0424.npz
train_src_interaction_studentt8_0425,train,src_interaction_studentt8,interaction,student_t8,425,100426,0.0,1000,10,data/tasks/train_src_interaction_studentt8_0425.npz
train_src_rff_laplace_0426,train,src_rff_laplace,rff,laplace,426,100427,0.25,1000,10,data/tasks/train_src_rff_laplace_0426.npz
train_src_rff_gaussian_0427,train,src_rff_gaussian,rff,gaussian,427,100428,0.5,1000,10,data/tasks/train_src_rff_gaussian_0427.npz
train_src_tanh_laplace_0428,train,src_tanh_laplace,tanh,laplace,428,100429,0.75,1000,10,data/tasks/train_src_tanh_laplace_0428.npz
train_src_tanh_gaussian_0429,train,src_tanh_gaussian,tanh,gaussian,429,100430,1.0,1000,10,data/tasks/train_src_tanh_gaussian_0429.npz
train_src_softsign_laplace_0430,train,src_softsign_laplace,softsign,laplace,430,100431,0.0,1000,10,data/tasks/train_src_softsign_laplace_0430.npz
train_src_interaction_studentt8_0431,train,src_interaction_studentt8,interaction,student_t8,431,100432,0.25,1000,10,data/tasks/train_src_interaction_studentt8_0431.npz
train_src_rff_laplace_0432,train,src_rff_laplace,rff,laplace,432,100433,0.5,1000,10,data/tasks/train_src_rff_laplace_0432.npz
train_src_rff_gaussian_0433,train,src_rff_gaussian,rff,gaussian,433,100434,0.75,1000,10,data/tasks/train_src_rff_gaussian_0433.npz
train_src_tanh_laplace_0434,train,src_tanh_laplace,tanh,laplace,434,100435,1.0,1000,10,data/tasks/train_src_tanh_laplace_0434.npz
train_src_tanh_gaussian_0435,train,src_tanh_gaussian,tanh,gaussian,435,100436,0.0,1000,10,data/tasks/train_src_tanh_gaussian_0435.npz
train_src_softsign_laplace_0436,train,src_softsign_laplace,softsign,laplace,436,100437,0.25,1000,10,data/tasks/train_src_softsign_laplace_0436.npz
train_src_interaction_studentt8_0437,train,src_interaction_studentt8,interaction,student_t8,437,100438,0.5,1000,10,data/tasks/train_src_interaction_studentt8_0437.npz
train_src_rff_laplace_0438,train,src_rff_laplace,rff,laplace,438,100439,0.75,1000,10,data/tasks/train_src_rff_laplace_0438.npz
train_src_rff_gaussian_0439,train,src_rff_gaussian,rff,gaussian,439,100440,1.0,1000,10,data/tasks/train_src_rff_gaussian_0439.npz
train_src_tanh_laplace_0440,train,src_tanh_laplace,tanh,laplace,440,100441,0.0,1000,10,data/tasks/train_src_tanh_laplace_0440.npz
train_src_tanh_gaussian_0441,train,src_tanh_gaussian,tanh,gaussian,441,100442,0.25,1000,10,data/tasks/train_src_tanh_gaussian_0441.npz
train_src_softsign_laplace_0442,train,src_softsign_laplace,softsign,laplace,442,100443,0.5,1000,10,data/tasks/train_src_softsign_laplace_0442.npz
train_src_interaction_studentt8_0443,train,src_interaction_studentt8,interaction,student_t8,443,100444,0.75,1000,10,data/tasks/train_src_interaction_studentt8_0443.npz
train_src_rff_laplace_0444,train,src_rff_laplace,rff,laplace,444,100445,1.0,1000,10,data/tasks/train_src_rff_laplace_0444.npz
train_src_rff_gaussian_0445,train,src_rff_gaussian,rff,gaussian,445,100446,0.0,1000,10,data/tasks/train_src_rff_gaussian_0445.npz
train_src_tanh_laplace_0446,train,src_tanh_laplace,tanh,laplace,446,100447,0.25,1000,10,data/tasks/train_src_tanh_laplace_0446.npz
train_src_tanh_gaussian_0447,train,src_tanh_gaussian,tanh,gaussian,447,100448,0.5,1000,10,data/tasks/train_src_tanh_gaussian_0447.npz
train_src_softsign_laplace_0448,train,src_softsign_laplace,softsign,laplace,448,100449,0.75,1000,10,data/tasks/train_src_softsign_laplace_0448.npz
train_src_interaction_studentt8_0449,train,src_interaction_studentt8,interaction,student_t8,449,100450,1.0,1000,10,data/tasks/train_src_interaction_studentt8_0449.npz
train_src_rff_laplace_0450,train,src_rff_laplace,rff,laplace,450,100451,0.0,1000,10,data/tasks/train_src_rff_laplace_0450.npz
train_src_rff_gaussian_0451,train,src_rff_gaussian,rff,gaussian,451,100452,0.25,1000,10,data/tasks/train_src_rff_gaussian_0451.npz
train_src_tanh_laplace_0452,train,src_tanh_laplace,tanh,laplace,452,100453,0.5,1000,10,data/tasks/train_src_tanh_laplace_0452.npz
train_src_tanh_gaussian_0453,train,src_tanh_gaussian,tanh,gaussian,453,100454,0.75,1000,10,data/tasks/train_src_tanh_gaussian_0453.npz
train_src_softsign_laplace_0454,train,src_softsign_laplace,softsign,laplace,454,100455,1.0,1000,10,data/tasks/train_src_softsign_laplace_0454.npz
train_src_interaction_studentt8_0455,train,src_interaction_studentt8,interaction,student_t8,455,100456,0.0,1000,10,data/tasks/train_src_interaction_studentt8_0455.npz
train_src_rff_laplace_0456,train,src_rff_laplace,rff,laplace,456,100457,0.25,1000,10,data/tasks/train_src_rff_laplace_0456.npz
train_src_rff_gaussian_0457,train,src_rff_gaussian,rff,gaussian,457,100458,0.5,1000,10,data/tasks/train_src_rff_gaussian_0457.npz
train_src_tanh_laplace_0458,train,src_tanh_laplace,tanh,laplace,458,100459,0.75,1000,10,data/tasks/train_src_tanh_laplace_0458.npz
train_src_tanh_gaussian_0459,train,src_tanh_gaussian,tanh,gaussian,459,100460,1.0,1000,10,data/tasks/train_src_tanh_gaussian_0459.npz
train_src_softsign_laplace_0460,train,src_softsign_laplace,softsign,laplace,460,100461,0.0,1000,10,data/tasks/train_src_softsign_laplace_0460.npz
train_src_interaction_studentt8_0461,train,src_interaction_studentt8,interaction,student_t8,461,100462,0.25,1000,10,data/tasks/train_src_interaction_studentt8_0461.npz
train_src_rff_laplace_0462,train,src_rff_laplace,rff,laplace,462,100463,0.5,1000,10,data/tasks/train_src_rff_laplace_0462.npz
train_src_rff_gaussian_0463,train,src_rff_gaussian,rff,gaussian,463,100464,0.75,1000,10,data/tasks/train_src_rff_gaussian_0463.npz
train_src_tanh_laplace_0464,train,src_tanh_laplace,tanh,laplace,464,100465,1.0,1000,10,data/tasks/train_src_tanh_laplace_0464.npz
train_src_tanh_gaussian_0465,train,src_tanh_gaussian,tanh,gaussian,465,100466,0.0,1000,10,data/tasks/train_src_tanh_gaussian_0465.npz
train_src_softsign_laplace_0466,train,src_softsign_laplace,softsign,laplace,466,100467,0.25,1000,10,data/tasks/train_src_softsign_laplace_0466.npz
train_src_interaction_studentt8_0467,train,src_interaction_studentt8,interaction,student_t8,467,100468,0.5,1000,10,data/tasks/train_src_interaction_studentt8_0467.npz
train_src_rff_laplace_0468,train,src_rff_laplace,rff,laplace,468,100469,0.75,1000,10,data/tasks/train_src_rff_laplace_0468.npz
train_src_rff_gaussian_0469,train,src_rff_gaussian,rff,gaussian,469,100470,1.0,1000,10,data/tasks/train_src_rff_gaussian_0469.npz
train_src_tanh_laplace_0470,train,src_tanh_laplace,tanh,laplace,470,100471,0.0,1000,10,data/tasks/train_src_tanh_laplace_0470.npz
train_src_tanh_gaussian_0471,train,src_tanh_gaussian,tanh,gaussian,471,100472,0.25,1000,10,data/tasks/train_src_tanh_gaussian_0471.npz
train_src_softsign_laplace_0472,train,src_softsign_laplace,softsign,laplace,472,100473,0.5,1000,10,data/tasks/train_src_softsign_laplace_0472.npz
train_src_interaction_studentt8_0473,train,src_interaction_studentt8,interaction,student_t8,473,100474,0.75,1000,10,data/tasks/train_src_interaction_studentt8_0473.npz
train_src_rff_laplace_0474,train,src_rff_laplace,rff,laplace,474,100475,1.0,1000,10,data/tasks/train_src_rff_laplace_0474.npz
train_src_rff_gaussian_0475,train,src_rff_gaussian,rff,gaussian,475,100476,0.0,1000,10,data/tasks/train_src_rff_gaussian_0475.npz
train_src_tanh_laplace_0476,train,src_tanh_laplace,tanh,laplace,476,100477,0.25,1000,10,data/tasks/train_src_tanh_laplace_0476.npz
train_src_tanh_gaussian_0477,train,src_tanh_gaussian,tanh,gaussian,477,100478,0.5,1000,10,data/tasks/train_src_tanh_gaussian_0477.npz
train_src_softsign_laplace_0478,train,src_softsign_laplace,softsign,laplace,478,100479,0.75,1000,10,data/tasks/train_src_softsign_laplace_0478.npz
train_src_interaction_studentt8_0479,train,src_interaction_studentt8,interaction,student_t8,479,100480,1.0,1000,10,data/tasks/train_src_interaction_studentt8_0479.npz
train_src_rff_laplace_0480,train,src_rff_laplace,rff,laplace,480,100481,0.0,1000,10,data/tasks/train_src_rff_laplace_0480.npz
train_src_rff_gaussian_0481,train,src_rff_gaussian,rff,gaussian,481,100482,0.25,1000,10,data/tasks/train_src_rff_gaussian_0481.npz
train_src_tanh_laplace_0482,train,src_tanh_laplace,tanh,laplace,482,100483,0.5,1000,10,data/tasks/train_src_tanh_laplace_0482.npz
train_src_tanh_gaussian_0483,train,src_tanh_gaussian,tanh,gaussian,483,100484,0.75,1000,10,data/tasks/train_src_tanh_gaussian_0483.npz
train_src_softsign_laplace_0484,train,src_softsign_laplace,softsign,laplace,484,100485,1.0,1000,10,data/tasks/train_src_softsign_laplace_0484.npz
train_src_interaction_studentt8_0485,train,src_interaction_studentt8,interaction,student_t8,485,100486,0.0,1000,10,data/tasks/train_src_interaction_studentt8_0485.npz
train_src_rff_laplace_0486,train,src_rff_laplace,rff,laplace,486,100487,0.25,1000,10,data/tasks/train_src_rff_laplace_0486.npz
train_src_rff_gaussian_0487,train,src_rff_gaussian,rff,gaussian,487,100488,0.5,1000,10,data/tasks/train_src_rff_gaussian_0487.npz
train_src_tanh_laplace_0488,train,src_tanh_laplace,tanh,laplace,488,100489,0.75,1000,10,data/tasks/train_src_tanh_laplace_0488.npz
train_src_tanh_gaussian_0489,train,src_tanh_gaussian,tanh,gaussian,489,100490,1.0,1000,10,data/tasks/train_src_tanh_gaussian_0489.npz
train_src_softsign_laplace_0490,train,src_softsign_laplace,softsign,laplace,490,100491,0.0,1000,10,data/tasks/train_src_softsign_laplace_0490.npz
train_src_interaction_studentt8_0491,train,src_interaction_studentt8,interaction,student_t8,491,100492,0.25,1000,10,data/tasks/train_src_interaction_studentt8_0491.npz
train_src_rff_laplace_0492,train,src_rff_laplace,rff,laplace,492,100493,0.5,1000,10,data/tasks/train_src_rff_laplace_0492.npz
train_src_rff_gaussian_0493,train,src_rff_gaussian,rff,gaussian,493,100494,0.75,1000,10,data/tasks/train_src_rff_gaussian_0493.npz
train_src_tanh_laplace_0494,train,src_tanh_laplace,tanh,laplace,494,100495,1.0,1000,10,data/tasks/train_src_tanh_laplace_0494.npz
train_src_tanh_gaussian_0495,train,src_tanh_gaussian,tanh,gaussian,495,100496,0.0,1000,10,data/tasks/train_src_tanh_gaussian_0495.npz
train_src_softsign_laplace_0496,train,src_softsign_laplace,softsign,laplace,496,100497,0.25,1000,10,data/tasks/train_src_softsign_laplace_0496.npz
train_src_interaction_studentt8_0497,train,src_interaction_studentt8,interaction,student_t8,497,100498,0.5,1000,10,data/tasks/train_src_interaction_studentt8_0497.npz
train_src_rff_laplace_0498,train,src_rff_laplace,rff,laplace,498,100499,0.75,1000,10,data/tasks/train_src_rff_laplace_0498.npz
train_src_rff_gaussian_0499,train,src_rff_gaussian,rff,gaussian,499,100500,1.0,1000,10,data/tasks/train_src_rff_gaussian_0499.npz
train_src_tanh_laplace_0500,train,src_tanh_laplace,tanh,laplace,500,100501,0.0,1000,10,data/tasks/train_src_tanh_laplace_0500.npz
train_src_tanh_gaussian_0501,train,src_tanh_gaussian,tanh,gaussian,501,100502,0.25,1000,10,data/tasks/train_src_tanh_gaussian_0501.npz
train_src_softsign_laplace_0502,train,src_softsign_laplace,softsign,laplace,502,100503,0.5,1000,10,data/tasks/train_src_softsign_laplace_0502.npz
train_src_interaction_studentt8_0503,train,src_interaction_studentt8,interaction,student_t8,503,100504,0.75,1000,10,data/tasks/train_src_interaction_studentt8_0503.npz
train_src_rff_laplace_0504,train,src_rff_laplace,rff,laplace,504,100505,1.0,1000,10,data/tasks/train_src_rff_laplace_0504.npz
train_src_rff_gaussian_0505,train,src_rff_gaussian,rff,gaussian,505,100506,0.0,1000,10,data/tasks/train_src_rff_gaussian_0505.npz
train_src_tanh_laplace_0506,train,src_tanh_laplace,tanh,laplace,506,100507,0.25,1000,10,data/tasks/train_src_tanh_laplace_0506.npz
train_src_tanh_gaussian_0507,train,src_tanh_gaussian,tanh,gaussian,507,100508,0.5,1000,10,data/tasks/train_src_tanh_gaussian_0507.npz
train_src_softsign_laplace_0508,train,src_softsign_laplace,softsign,laplace,508,100509,0.75,1000,10,data/tasks/train_src_softsign_laplace_0508.npz
train_src_interaction_studentt8_0509,train,src_interaction_studentt8,interaction,student_t8,509,100510,1.0,1000,10,data/tasks/train_src_interaction_studentt8_0509.npz
train_src_rff_laplace_0510,train,src_rff_laplace,rff,laplace,510,100511,0.0,1000,10,data/tasks/train_src_rff_laplace_0510.npz
train_src_rff_gaussian_0511,train,src_rff_gaussian,rff,gaussian,511,100512,0.25,1000,10,data/tasks/train_src_rff_gaussian_0511.npz
train_src_tanh_laplace_0512,train,src_tanh_laplace,tanh,laplace,512,100513,0.5,1000,10,data/tasks/train_src_tanh_laplace_0512.npz
train_src_tanh_gaussian_0513,train,src_tanh_gaussian,tanh,gaussian,513,100514,0.75,1000,10,data/tasks/train_src_tanh_gaussian_0513.npz
train_src_softsign_laplace_0514,train,src_softsign_laplace,softsign,laplace,514,100515,1.0,1000,10,data/tasks/train_src_softsign_laplace_0514.npz
train_src_interaction_studentt8_0515,train,src_interaction_studentt8,interaction,student_t8,515,100516,0.0,1000,10,data/tasks/train_src_interaction_studentt8_0515.npz
train_src_rff_laplace_0516,train,src_rff_laplace,rff,laplace,516,100517,0.25,1000,10,data/tasks/train_src_rff_laplace_0516.npz
train_src_rff_gaussian_0517,train,src_rff_gaussian,rff,gaussian,517,100518,0.5,1000,10,data/tasks/train_src_rff_gaussian_0517.npz
train_src_tanh_laplace_0518,train,src_tanh_laplace,tanh,laplace,518,100519,0.75,1000,10,data/tasks/train_src_tanh_laplace_0518.npz
train_src_tanh_gaussian_0519,train,src_tanh_gaussian,tanh,gaussian,519,100520,1.0,1000,10,data/tasks/train_src_tanh_gaussian_0519.npz
train_src_softsign_laplace_0520,train,src_softsign_laplace,softsign,laplace,520,100521,0.0,1000,10,data/tasks/train_src_softsign_laplace_0520.npz
train_src_interaction_studentt8_0521,train,src_interaction_studentt8,interaction,student_t8,521,100522,0.25,1000,10,data/tasks/train_src_interaction_studentt8_0521.npz
train_src_rff_laplace_0522,train,src_rff_laplace,rff,laplace,522,100523,0.5,1000,10,data/tasks/train_src_rff_laplace_0522.npz
train_src_rff_gaussian_0523,train,src_rff_gaussian,rff,gaussian,523,100524,0.75,1000,10,data/tasks/train_src_rff_gaussian_0523.npz
train_src_tanh_laplace_0524,train,src_tanh_laplace,tanh,laplace,524,100525,1.0,1000,10,data/tasks/train_src_tanh_laplace_0524.npz
train_src_tanh_gaussian_0525,train,src_tanh_gaussian,tanh,gaussian,525,100526,0.0,1000,10,data/tasks/train_src_tanh_gaussian_0525.npz
train_src_softsign_laplace_0526,train,src_softsign_laplace,softsign,laplace,526,100527,0.25,1000,10,data/tasks/train_src_softsign_laplace_0526.npz
train_src_interaction_studentt8_0527,train,src_interaction_studentt8,interaction,student_t8,527,100528,0.5,1000,10,data/tasks/train_src_interaction_studentt8_0527.npz
train_src_rff_laplace_0528,train,src_rff_laplace,rff,laplace,528,100529,0.75,1000,10,data/tasks/train_src_rff_laplace_0528.npz
train_src_rff_gaussian_0529,train,src_rff_gaussian,rff,gaussian,529,100530,1.0,1000,10,data/tasks/train_src_rff_gaussian_0529.npz
train_src_tanh_laplace_0530,train,src_tanh_laplace,tanh,laplace,530,100531,0.0,1000,10,data/tasks/train_src_tanh_laplace_0530.npz
train_src_tanh_gaussian_0531,train,src_tanh_gaussian,tanh,gaussian,531,100532,0.25,1000,10,data/tasks/train_src_tanh_gaussian_0531.npz
train_src_softsign_laplace_0532,train,src_softsign_laplace,softsign,laplace,532,100533,0.5,1000,10,data/tasks/train_src_softsign_laplace_0532.npz
train_src_interaction_studentt8_0533,train,src_interaction_studentt8,interaction,student_t8,533,100534,0.75,1000,10,data/tasks/train_src_interaction_studentt8_0533.npz
train_src_rff_laplace_0534,train,src_rff_laplace,rff,laplace,534,100535,1.0,1000,10,data/tasks/train_src_rff_laplace_0534.npz
train_src_rff_gaussian_0535,train,src_rff_gaussian,rff,gaussian,535,100536,0.0,1000,10,data/tasks/train_src_rff_gaussian_0535.npz
train_src_tanh_laplace_0536,train,src_tanh_laplace,tanh,laplace,536,100537,0.25,1000,10,data/tasks/train_src_tanh_laplace_0536.npz
train_src_tanh_gaussian_0537,train,src_tanh_gaussian,tanh,gaussian,537,100538,0.5,1000,10,data/tasks/train_src_tanh_gaussian_0537.npz
train_src_softsign_laplace_0538,train,src_softsign_laplace,softsign,laplace,538,100539,0.75,1000,10,data/tasks/train_src_softsign_laplace_0538.npz
train_src_interaction_studentt8_0539,train,src_interaction_studentt8,interaction,student_t8,539,100540,1.0,1000,10,data/tasks/train_src_interaction_studentt8_0539.npz
train_src_rff_laplace_0540,train,src_rff_laplace,rff,laplace,540,100541,0.0,1000,10,data/tasks/train_src_rff_laplace_0540.npz
train_src_rff_gaussian_0541,train,src_rff_gaussian,rff,gaussian,541,100542,0.25,1000,10,data/tasks/train_src_rff_gaussian_0541.npz
train_src_tanh_laplace_0542,train,src_tanh_laplace,tanh,laplace,542,100543,0.5,1000,10,data/tasks/train_src_tanh_laplace_0542.npz
train_src_tanh_gaussian_0543,train,src_tanh_gaussian,tanh,gaussian,543,100544,0.75,1000,10,data/tasks/train_src_tanh_gaussian_0543.npz
train_src_softsign_laplace_0544,train,src_softsign_laplace,softsign,laplace,544,100545,1.0,1000,10,data/tasks/train_src_softsign_laplace_0544.npz
train_src_interaction_studentt8_0545,train,src_interaction_studentt8,interaction,student_t8,545,100546,0.0,1000,10,data/tasks/train_src_interaction_studentt8_0545.npz
train_src_rff_laplace_0546,train,src_rff_laplace,rff,laplace,546,100547,0.25,1000,10,data/tasks/train_src_rff_laplace_0546.npz
train_src_rff_gaussian_0547,train,src_rff_gaussian,rff,gaussian,547,100548,0.5,1000,10,data/tasks/train_src_rff_gaussian_0547.npz
train_src_tanh_laplace_0548,train,src_tanh_laplace,tanh,laplace,548,100549,0.75,1000,10,data/tasks/train_src_tanh_laplace_0548.npz
train_src_tanh_gaussian_0549,train,src_tanh_gaussian,tanh,gaussian,549,100550,1.0,1000,10,data/tasks/train_src_tanh_gaussian_0549.npz
train_src_softsign_laplace_0550,train,src_softsign_laplace,softsign,laplace,550,100551,0.0,1000,10,data/tasks/train_src_softsign_laplace_0550.npz
train_src_interaction_studentt8_0551,train,src_interaction_studentt8,interaction,student_t8,551,100552,0.25,1000,10,data/tasks/train_src_interaction_studentt8_0551.npz
train_src_rff_laplace_0552,train,src_rff_laplace,rff,laplace,552,100553,0.5,1000,10,data/tasks/train_src_rff_laplace_0552.npz
train_src_rff_gaussian_0553,train,src_rff_gaussian,rff,gaussian,553,100554,0.75,1000,10,data/tasks/train_src_rff_gaussian_0553.npz
train_src_tanh_laplace_0554,train,src_tanh_laplace,tanh,laplace,554,100555,1.0,1000,10,data/tasks/train_src_tanh_laplace_0554.npz
train_src_tanh_gaussian_0555,train,src_tanh_gaussian,tanh,gaussian,555,100556,0.0,1000,10,data/tasks/train_src_tanh_gaussian_0555.npz
train_src_softsign_laplace_0556,train,src_softsign_laplace,softsign,laplace,556,100557,0.25,1000,10,data/tasks/train_src_softsign_laplace_0556.npz
train_src_interaction_studentt8_0557,train,src_interaction_studentt8,interaction,student_t8,557,100558,0.5,1000,10,data/tasks/train_src_interaction_studentt8_0557.npz
train_src_rff_laplace_0558,train,src_rff_laplace,rff,laplace,558,100559,0.75,1000,10,data/tasks/train_src_rff_laplace_0558.npz
train_src_rff_gaussian_0559,train,src_rff_gaussian,rff,gaussian,559,100560,1.0,1000,10,data/tasks/train_src_rff_gaussian_0559.npz
train_src_tanh_laplace_0560,train,src_tanh_laplace,tanh,laplace,560,100561,0.0,1000,10,data/tasks/train_src_tanh_laplace_0560.npz
train_src_tanh_gaussian_0561,train,src_tanh_gaussian,tanh,gaussian,561,100562,0.25,1000,10,data/tasks/train_src_tanh_gaussian_0561.npz
train_src_softsign_laplace_0562,train,src_softsign_laplace,softsign,laplace,562,100563,0.5,1000,10,data/tasks/train_src_softsign_laplace_0562.npz
train_src_interaction_studentt8_0563,train,src_interaction_studentt8,interaction,student_t8,563,100564,0.75,1000,10,data/tasks/train_src_interaction_studentt8_0563.npz
train_src_rff_laplace_0564,train,src_rff_laplace,rff,laplace,564,100565,1.0,1000,10,data/tasks/train_src_rff_laplace_0564.npz
train_src_rff_gaussian_0565,train,src_rff_gaussian,rff,gaussian,565,100566,0.0,1000,10,data/tasks/train_src_rff_gaussian_0565.npz
train_src_tanh_laplace_0566,train,src_tanh_laplace,tanh,laplace,566,100567,0.25,1000,10,data/tasks/train_src_tanh_laplace_0566.npz
train_src_tanh_gaussian_0567,train,src_tanh_gaussian,tanh,gaussian,567,100568,0.5,1000,10,data/tasks/train_src_tanh_gaussian_0567.npz
train_src_softsign_laplace_0568,train,src_softsign_laplace,softsign,laplace,568,100569,0.75,1000,10,data/tasks/train_src_softsign_laplace_0568.npz
train_src_interaction_studentt8_0569,train,src_interaction_studentt8,interaction,student_t8,569,100570,1.0,1000,10,data/tasks/train_src_interaction_studentt8_0569.npz
train_src_rff_laplace_0570,train,src_rff_laplace,rff,laplace,570,100571,0.0,1000,10,data/tasks/train_src_rff_laplace_0570.npz
train_src_rff_gaussian_0571,train,src_rff_gaussian,rff,gaussian,571,100572,0.25,1000,10,data/tasks/train_src_rff_gaussian_0571.npz
train_src_tanh_laplace_0572,train,src_tanh_laplace,tanh,laplace,572,100573,0.5,1000,10,data/tasks/train_src_tanh_laplace_0572.npz
train_src_tanh_gaussian_0573,train,src_tanh_gaussian,tanh,gaussian,573,100574,0.75,1000,10,data/tasks/train_src_tanh_gaussian_0573.npz
train_src_softsign_laplace_0574,train,src_softsign_laplace,softsign,laplace,574,100575,1.0,1000,10,data/tasks/train_src_softsign_laplace_0574.npz
train_src_interaction_studentt8_0575,train,src_interaction_studentt8,interaction,student_t8,575,100576,0.0,1000,10,data/tasks/train_src_interaction_studentt8_0575.npz
train_src_rff_laplace_0576,train,src_rff_laplace,rff,laplace,576,100577,0.25,1000,10,data/tasks/train_src_rff_laplace_0576.npz
train_src_rff_gaussian_0577,train,src_rff_gaussian,rff,gaussian,577,100578,0.5,1000,10,data/tasks/train_src_rff_gaussian_0577.npz
train_src_tanh_laplace_0578,train,src_tanh_laplace,tanh,laplace,578,100579,0.75,1000,10,data/tasks/train_src_tanh_laplace_0578.npz
train_src_tanh_gaussian_0579,train,src_tanh_gaussian,tanh,gaussian,579,100580,1.0,1000,10,data/tasks/train_src_tanh_gaussian_0579.npz
train_src_softsign_laplace_0580,train,src_softsign_laplace,softsign,laplace,580,100581,0.0,1000,10,data/tasks/train_src_softsign_laplace_0580.npz
train_src_interaction_studentt8_0581,train,src_interaction_studentt8,interaction,student_t8,581,100582,0.25,1000,10,data/tasks/train_src_interaction_studentt8_0581.npz
train_src_rff_laplace_0582,train,src_rff_laplace,rff,laplace,582,100583,0.5,1000,10,data/tasks/train_src_rff_laplace_0582.npz
train_src_rff_gaussian_0583,train,src_rff_gaussian,rff,gaussian,583,100584,0.75,1000,10,data/tasks/train_src_rff_gaussian_0583.npz
train_src_tanh_laplace_0584,train,src_tanh_laplace,tanh,laplace,584,100585,1.0,1000,10,data/tasks/train_src_tanh_laplace_0584.npz
train_src_tanh_gaussian_0585,train,src_tanh_gaussian,tanh,gaussian,585,100586,0.0,1000,10,data/tasks/train_src_tanh_gaussian_0585.npz
train_src_softsign_laplace_0586,train,src_softsign_laplace,softsign,laplace,586,100587,0.25,1000,10,data/tasks/train_src_softsign_laplace_0586.npz
train_src_interaction_studentt8_0587,train,src_interaction_studentt8,interaction,student_t8,587,100588,0.5,1000,10,data/tasks/train_src_interaction_studentt8_0587.npz
train_src_rff_laplace_0588,train,src_rff_laplace,rff,laplace,588,100589,0.75,1000,10,data/tasks/train_src_rff_laplace_0588.npz
train_src_rff_gaussian_0589,train,src_rff_gaussian,rff,gaussian,589,100590,1.0,1000,10,data/tasks/train_src_rff_gaussian_0589.npz
train_src_tanh_laplace_0590,train,src_tanh_laplace,tanh,laplace,590,100591,0.0,1000,10,data/tasks/train_src_tanh_laplace_0590.npz
train_src_tanh_gaussian_0591,train,src_tanh_gaussian,tanh,gaussian,591,100592,0.25,1000,10,data/tasks/train_src_tanh_gaussian_0591.npz
train_src_softsign_laplace_0592,train,src_softsign_laplace,softsign,laplace,592,100593,0.5,1000,10,data/tasks/train_src_softsign_laplace_0592.npz
train_src_interaction_studentt8_0593,train,src_interaction_studentt8,interaction,student_t8,593,100594,0.75,1000,10,data/tasks/train_src_interaction_studentt8_0593.npz
train_src_rff_laplace_0594,train,src_rff_laplace,rff,laplace,594,100595,1.0,1000,10,data/tasks/train_src_rff_laplace_0594.npz
train_src_rff_gaussian_0595,train,src_rff_gaussian,rff,gaussian,595,100596,0.0,1000,10,data/tasks/train_src_rff_gaussian_0595.npz
train_src_tanh_laplace_0596,train,src_tanh_laplace,tanh,laplace,596,100597,0.25,1000,10,data/tasks/train_src_tanh_laplace_0596.npz
train_src_tanh_gaussian_0597,train,src_tanh_gaussian,tanh,gaussian,597,100598,0.5,1000,10,data/tasks/train_src_tanh_gaussian_0597.npz
train_src_softsign_laplace_0598,train,src_softsign_laplace,softsign,laplace,598,100599,0.75,1000,10,data/tasks/train_src_softsign_laplace_0598.npz
train_src_interaction_studentt8_0599,train,src_interaction_studentt8,interaction,student_t8,599,100600,1.0,1000,10,data/tasks/train_src_interaction_studentt8_0599.npz
dev_src_rff_laplace_0000,dev,src_rff_laplace,rff,laplace,0,100601,0.0,1000,10,data/tasks/dev_src_rff_laplace_0000.npz
dev_src_rff_gaussian_0001,dev,src_rff_gaussian,rff,gaussian,1,100602,0.25,1000,10,data/tasks/dev_src_rff_gaussian_0001.npz
dev_src_tanh_laplace_0002,dev,src_tanh_laplace,tanh,laplace,2,100603,0.5,1000,10,data/tasks/dev_src_tanh_laplace_0002.npz
dev_src_tanh_gaussian_0003,dev,src_tanh_gaussian,tanh,gaussian,3,100604,0.75,1000,10,data/tasks/dev_src_tanh_gaussian_0003.npz
dev_src_softsign_laplace_0004,dev,src_softsign_laplace,softsign,laplace,4,100605,1.0,1000,10,data/tasks/dev_src_softsign_laplace_0004.npz
dev_src_interaction_studentt8_0005,dev,src_interaction_studentt8,interaction,student_t8,5,100606,0.0,1000,10,data/tasks/dev_src_interaction_studentt8_0005.npz
dev_src_rff_laplace_0006,dev,src_rff_laplace,rff,laplace,6,100607,0.25,1000,10,data/tasks/dev_src_rff_laplace_0006.npz
dev_src_rff_gaussian_0007,dev,src_rff_gaussian,rff,gaussian,7,100608,0.5,1000,10,data/tasks/dev_src_rff_gaussian_0007.npz
dev_src_tanh_laplace_0008,dev,src_tanh_laplace,tanh,laplace,8,100609,0.75,1000,10,data/tasks/dev_src_tanh_laplace_0008.npz
dev_src_tanh_gaussian_0009,dev,src_tanh_gaussian,tanh,gaussian,9,100610,1.0,1000,10,data/tasks/dev_src_tanh_gaussian_0009.npz
dev_src_softsign_laplace_0010,dev,src_softsign_laplace,softsign,laplace,10,100611,0.0,1000,10,data/tasks/dev_src_softsign_laplace_0010.npz
dev_src_interaction_studentt8_0011,dev,src_interaction_studentt8,interaction,student_t8,11,100612,0.25,1000,10,data/tasks/dev_src_interaction_studentt8_0011.npz
dev_src_rff_laplace_0012,dev,src_rff_laplace,rff,laplace,12,100613,0.5,1000,10,data/tasks/dev_src_rff_laplace_0012.npz
dev_src_rff_gaussian_0013,dev,src_rff_gaussian,rff,gaussian,13,100614,0.75,1000,10,data/tasks/dev_src_rff_gaussian_0013.npz
dev_src_tanh_laplace_0014,dev,src_tanh_laplace,tanh,laplace,14,100615,1.0,1000,10,data/tasks/dev_src_tanh_laplace_0014.npz
dev_src_tanh_gaussian_0015,dev,src_tanh_gaussian,tanh,gaussian,15,100616,0.0,1000,10,data/tasks/dev_src_tanh_gaussian_0015.npz
dev_src_softsign_laplace_0016,dev,src_softsign_laplace,softsign,laplace,16,100617,0.25,1000,10,data/tasks/dev_src_softsign_laplace_0016.npz
dev_src_interaction_studentt8_0017,dev,src_interaction_studentt8,interaction,student_t8,17,100618,0.5,1000,10,data/tasks/dev_src_interaction_studentt8_0017.npz
dev_src_rff_laplace_0018,dev,src_rff_laplace,rff,laplace,18,100619,0.75,1000,10,data/tasks/dev_src_rff_laplace_0018.npz
dev_src_rff_gaussian_0019,dev,src_rff_gaussian,rff,gaussian,19,100620,1.0,1000,10,data/tasks/dev_src_rff_gaussian_0019.npz
dev_src_tanh_laplace_0020,dev,src_tanh_laplace,tanh,laplace,20,100621,0.0,1000,10,data/tasks/dev_src_tanh_laplace_0020.npz
dev_src_tanh_gaussian_0021,dev,src_tanh_gaussian,tanh,gaussian,21,100622,0.25,1000,10,data/tasks/dev_src_tanh_gaussian_0021.npz
dev_src_softsign_laplace_0022,dev,src_softsign_laplace,softsign,laplace,22,100623,0.5,1000,10,data/tasks/dev_src_softsign_laplace_0022.npz
dev_src_interaction_studentt8_0023,dev,src_interaction_studentt8,interaction,student_t8,23,100624,0.75,1000,10,data/tasks/dev_src_interaction_studentt8_0023.npz
dev_src_rff_laplace_0024,dev,src_rff_laplace,rff,laplace,24,100625,1.0,1000,10,data/tasks/dev_src_rff_laplace_0024.npz
dev_src_rff_gaussian_0025,dev,src_rff_gaussian,rff,gaussian,25,100626,0.0,1000,10,data/tasks/dev_src_rff_gaussian_0025.npz
dev_src_tanh_laplace_0026,dev,src_tanh_laplace,tanh,laplace,26,100627,0.25,1000,10,data/tasks/dev_src_tanh_laplace_0026.npz
dev_src_tanh_gaussian_0027,dev,src_tanh_gaussian,tanh,gaussian,27,100628,0.5,1000,10,data/tasks/dev_src_tanh_gaussian_0027.npz
dev_src_softsign_laplace_0028,dev,src_softsign_laplace,softsign,laplace,28,100629,0.75,1000,10,data/tasks/dev_src_softsign_laplace_0028.npz
dev_src_interaction_studentt8_0029,dev,src_interaction_studentt8,interaction,student_t8,29,100630,1.0,1000,10,data/tasks/dev_src_interaction_studentt8_0029.npz
dev_src_rff_laplace_0030,dev,src_rff_laplace,rff,laplace,30,100631,0.0,1000,10,data/tasks/dev_src_rff_laplace_0030.npz
dev_src_rff_gaussian_0031,dev,src_rff_gaussian,rff,gaussian,31,100632,0.25,1000,10,data/tasks/dev_src_rff_gaussian_0031.npz
dev_src_tanh_laplace_0032,dev,src_tanh_laplace,tanh,laplace,32,100633,0.5,1000,10,data/tasks/dev_src_tanh_laplace_0032.npz
dev_src_tanh_gaussian_0033,dev,src_tanh_gaussian,tanh,gaussian,33,100634,0.75,1000,10,data/tasks/dev_src_tanh_gaussian_0033.npz
dev_src_softsign_laplace_0034,dev,src_softsign_laplace,softsign,laplace,34,100635,1.0,1000,10,data/tasks/dev_src_softsign_laplace_0034.npz
dev_src_interaction_studentt8_0035,dev,src_interaction_studentt8,interaction,student_t8,35,100636,0.0,1000,10,data/tasks/dev_src_interaction_studentt8_0035.npz
dev_src_rff_laplace_0036,dev,src_rff_laplace,rff,laplace,36,100637,0.25,1000,10,data/tasks/dev_src_rff_laplace_0036.npz
dev_src_rff_gaussian_0037,dev,src_rff_gaussian,rff,gaussian,37,100638,0.5,1000,10,data/tasks/dev_src_rff_gaussian_0037.npz
dev_src_tanh_laplace_0038,dev,src_tanh_laplace,tanh,laplace,38,100639,0.75,1000,10,data/tasks/dev_src_tanh_laplace_0038.npz
dev_src_tanh_gaussian_0039,dev,src_tanh_gaussian,tanh,gaussian,39,100640,1.0,1000,10,data/tasks/dev_src_tanh_gaussian_0039.npz
dev_src_softsign_laplace_0040,dev,src_softsign_laplace,softsign,laplace,40,100641,0.0,1000,10,data/tasks/dev_src_softsign_laplace_0040.npz
dev_src_interaction_studentt8_0041,dev,src_interaction_studentt8,interaction,student_t8,41,100642,0.25,1000,10,data/tasks/dev_src_interaction_studentt8_0041.npz
dev_src_rff_laplace_0042,dev,src_rff_laplace,rff,laplace,42,100643,0.5,1000,10,data/tasks/dev_src_rff_laplace_0042.npz
dev_src_rff_gaussian_0043,dev,src_rff_gaussian,rff,gaussian,43,100644,0.75,1000,10,data/tasks/dev_src_rff_gaussian_0043.npz
dev_src_tanh_laplace_0044,dev,src_tanh_laplace,tanh,laplace,44,100645,1.0,1000,10,data/tasks/dev_src_tanh_laplace_0044.npz
dev_src_tanh_gaussian_0045,dev,src_tanh_gaussian,tanh,gaussian,45,100646,0.0,1000,10,data/tasks/dev_src_tanh_gaussian_0045.npz
dev_src_softsign_laplace_0046,dev,src_softsign_laplace,softsign,laplace,46,100647,0.25,1000,10,data/tasks/dev_src_softsign_laplace_0046.npz
dev_src_interaction_studentt8_0047,dev,src_interaction_studentt8,interaction,student_t8,47,100648,0.5,1000,10,data/tasks/dev_src_interaction_studentt8_0047.npz
dev_src_rff_laplace_0048,dev,src_rff_laplace,rff,laplace,48,100649,0.75,1000,10,data/tasks/dev_src_rff_laplace_0048.npz
dev_src_rff_gaussian_0049,dev,src_rff_gaussian,rff,gaussian,49,100650,1.0,1000,10,data/tasks/dev_src_rff_gaussian_0049.npz
dev_src_tanh_laplace_0050,dev,src_tanh_laplace,tanh,laplace,50,100651,0.0,1000,10,data/tasks/dev_src_tanh_laplace_0050.npz
dev_src_tanh_gaussian_0051,dev,src_tanh_gaussian,tanh,gaussian,51,100652,0.25,1000,10,data/tasks/dev_src_tanh_gaussian_0051.npz
dev_src_softsign_laplace_0052,dev,src_softsign_laplace,softsign,laplace,52,100653,0.5,1000,10,data/tasks/dev_src_softsign_laplace_0052.npz
dev_src_interaction_studentt8_0053,dev,src_interaction_studentt8,interaction,student_t8,53,100654,0.75,1000,10,data/tasks/dev_src_interaction_studentt8_0053.npz
dev_src_rff_laplace_0054,dev,src_rff_laplace,rff,laplace,54,100655,1.0,1000,10,data/tasks/dev_src_rff_laplace_0054.npz
dev_src_rff_gaussian_0055,dev,src_rff_gaussian,rff,gaussian,55,100656,0.0,1000,10,data/tasks/dev_src_rff_gaussian_0055.npz
dev_src_tanh_laplace_0056,dev,src_tanh_laplace,tanh,laplace,56,100657,0.25,1000,10,data/tasks/dev_src_tanh_laplace_0056.npz
dev_src_tanh_gaussian_0057,dev,src_tanh_gaussian,tanh,gaussian,57,100658,0.5,1000,10,data/tasks/dev_src_tanh_gaussian_0057.npz
dev_src_softsign_laplace_0058,dev,src_softsign_laplace,softsign,laplace,58,100659,0.75,1000,10,data/tasks/dev_src_softsign_laplace_0058.npz
dev_src_interaction_studentt8_0059,dev,src_interaction_studentt8,interaction,student_t8,59,100660,1.0,1000,10,data/tasks/dev_src_interaction_studentt8_0059.npz
dev_src_rff_laplace_0060,dev,src_rff_laplace,rff,laplace,60,100661,0.0,1000,10,data/tasks/dev_src_rff_laplace_0060.npz
dev_src_rff_gaussian_0061,dev,src_rff_gaussian,rff,gaussian,61,100662,0.25,1000,10,data/tasks/dev_src_rff_gaussian_0061.npz
dev_src_tanh_laplace_0062,dev,src_tanh_laplace,tanh,laplace,62,100663,0.5,1000,10,data/tasks/dev_src_tanh_laplace_0062.npz
dev_src_tanh_gaussian_0063,dev,src_tanh_gaussian,tanh,gaussian,63,100664,0.75,1000,10,data/tasks/dev_src_tanh_gaussian_0063.npz
dev_src_softsign_laplace_0064,dev,src_softsign_laplace,softsign,laplace,64,100665,1.0,1000,10,data/tasks/dev_src_softsign_laplace_0064.npz
dev_src_interaction_studentt8_0065,dev,src_interaction_studentt8,interaction,student_t8,65,100666,0.0,1000,10,data/tasks/dev_src_interaction_studentt8_0065.npz
dev_src_rff_laplace_0066,dev,src_rff_laplace,rff,laplace,66,100667,0.25,1000,10,data/tasks/dev_src_rff_laplace_0066.npz
dev_src_rff_gaussian_0067,dev,src_rff_gaussian,rff,gaussian,67,100668,0.5,1000,10,data/tasks/dev_src_rff_gaussian_0067.npz
dev_src_tanh_laplace_0068,dev,src_tanh_laplace,tanh,laplace,68,100669,0.75,1000,10,data/tasks/dev_src_tanh_laplace_0068.npz
dev_src_tanh_gaussian_0069,dev,src_tanh_gaussian,tanh,gaussian,69,100670,1.0,1000,10,data/tasks/dev_src_tanh_gaussian_0069.npz
dev_src_softsign_laplace_0070,dev,src_softsign_laplace,softsign,laplace,70,100671,0.0,1000,10,data/tasks/dev_src_softsign_laplace_0070.npz
dev_src_interaction_studentt8_0071,dev,src_interaction_studentt8,interaction,student_t8,71,100672,0.25,1000,10,data/tasks/dev_src_interaction_studentt8_0071.npz
dev_src_rff_laplace_0072,dev,src_rff_laplace,rff,laplace,72,100673,0.5,1000,10,data/tasks/dev_src_rff_laplace_0072.npz
dev_src_rff_gaussian_0073,dev,src_rff_gaussian,rff,gaussian,73,100674,0.75,1000,10,data/tasks/dev_src_rff_gaussian_0073.npz
dev_src_tanh_laplace_0074,dev,src_tanh_laplace,tanh,laplace,74,100675,1.0,1000,10,data/tasks/dev_src_tanh_laplace_0074.npz
dev_src_tanh_gaussian_0075,dev,src_tanh_gaussian,tanh,gaussian,75,100676,0.0,1000,10,data/tasks/dev_src_tanh_gaussian_0075.npz
dev_src_softsign_laplace_0076,dev,src_softsign_laplace,softsign,laplace,76,100677,0.25,1000,10,data/tasks/dev_src_softsign_laplace_0076.npz
dev_src_interaction_studentt8_0077,dev,src_interaction_studentt8,interaction,student_t8,77,100678,0.5,1000,10,data/tasks/dev_src_interaction_studentt8_0077.npz
dev_src_rff_laplace_0078,dev,src_rff_laplace,rff,laplace,78,100679,0.75,1000,10,data/tasks/dev_src_rff_laplace_0078.npz
dev_src_rff_gaussian_0079,dev,src_rff_gaussian,rff,gaussian,79,100680,1.0,1000,10,data/tasks/dev_src_rff_gaussian_0079.npz
dev_src_tanh_laplace_0080,dev,src_tanh_laplace,tanh,laplace,80,100681,0.0,1000,10,data/tasks/dev_src_tanh_laplace_0080.npz
dev_src_tanh_gaussian_0081,dev,src_tanh_gaussian,tanh,gaussian,81,100682,0.25,1000,10,data/tasks/dev_src_tanh_gaussian_0081.npz
dev_src_softsign_laplace_0082,dev,src_softsign_laplace,softsign,laplace,82,100683,0.5,1000,10,data/tasks/dev_src_softsign_laplace_0082.npz
dev_src_interaction_studentt8_0083,dev,src_interaction_studentt8,interaction,student_t8,83,100684,0.75,1000,10,data/tasks/dev_src_interaction_studentt8_0083.npz
dev_src_rff_laplace_0084,dev,src_rff_laplace,rff,laplace,84,100685,1.0,1000,10,data/tasks/dev_src_rff_laplace_0084.npz
dev_src_rff_gaussian_0085,dev,src_rff_gaussian,rff,gaussian,85,100686,0.0,1000,10,data/tasks/dev_src_rff_gaussian_0085.npz
dev_src_tanh_laplace_0086,dev,src_tanh_laplace,tanh,laplace,86,100687,0.25,1000,10,data/tasks/dev_src_tanh_laplace_0086.npz
dev_src_tanh_gaussian_0087,dev,src_tanh_gaussian,tanh,gaussian,87,100688,0.5,1000,10,data/tasks/dev_src_tanh_gaussian_0087.npz
dev_src_softsign_laplace_0088,dev,src_softsign_laplace,softsign,laplace,88,100689,0.75,1000,10,data/tasks/dev_src_softsign_laplace_0088.npz
dev_src_interaction_studentt8_0089,dev,src_interaction_studentt8,interaction,student_t8,89,100690,1.0,1000,10,data/tasks/dev_src_interaction_studentt8_0089.npz
dev_src_rff_laplace_0090,dev,src_rff_laplace,rff,laplace,90,100691,0.0,1000,10,data/tasks/dev_src_rff_laplace_0090.npz
dev_src_rff_gaussian_0091,dev,src_rff_gaussian,rff,gaussian,91,100692,0.25,1000,10,data/tasks/dev_src_rff_gaussian_0091.npz
dev_src_tanh_laplace_0092,dev,src_tanh_laplace,tanh,laplace,92,100693,0.5,1000,10,data/tasks/dev_src_tanh_laplace_0092.npz
dev_src_tanh_gaussian_0093,dev,src_tanh_gaussian,tanh,gaussian,93,100694,0.75,1000,10,data/tasks/dev_src_tanh_gaussian_0093.npz
dev_src_softsign_laplace_0094,dev,src_softsign_laplace,softsign,laplace,94,100695,1.0,1000,10,data/tasks/dev_src_softsign_laplace_0094.npz
dev_src_interaction_studentt8_0095,dev,src_interaction_studentt8,interaction,student_t8,95,100696,0.0,1000,10,data/tasks/dev_src_interaction_studentt8_0095.npz
dev_src_rff_laplace_0096,dev,src_rff_laplace,rff,laplace,96,100697,0.25,1000,10,data/tasks/dev_src_rff_laplace_0096.npz
dev_src_rff_gaussian_0097,dev,src_rff_gaussian,rff,gaussian,97,100698,0.5,1000,10,data/tasks/dev_src_rff_gaussian_0097.npz
dev_src_tanh_laplace_0098,dev,src_tanh_laplace,tanh,laplace,98,100699,0.75,1000,10,data/tasks/dev_src_tanh_laplace_0098.npz
dev_src_tanh_gaussian_0099,dev,src_tanh_gaussian,tanh,gaussian,99,100700,1.0,1000,10,data/tasks/dev_src_tanh_gaussian_0099.npz
dev_src_softsign_laplace_0100,dev,src_softsign_laplace,softsign,laplace,100,100701,0.0,1000,10,data/tasks/dev_src_softsign_laplace_0100.npz
dev_src_interaction_studentt8_0101,dev,src_interaction_studentt8,interaction,student_t8,101,100702,0.25,1000,10,data/tasks/dev_src_interaction_studentt8_0101.npz
dev_src_rff_laplace_0102,dev,src_rff_laplace,rff,laplace,102,100703,0.5,1000,10,data/tasks/dev_src_rff_laplace_0102.npz
dev_src_rff_gaussian_0103,dev,src_rff_gaussian,rff,gaussian,103,100704,0.75,1000,10,data/tasks/dev_src_rff_gaussian_0103.npz
dev_src_tanh_laplace_0104,dev,src_tanh_laplace,tanh,laplace,104,100705,1.0,1000,10,data/tasks/dev_src_tanh_laplace_0104.npz
dev_src_tanh_gaussian_0105,dev,src_tanh_gaussian,tanh,gaussian,105,100706,0.0,1000,10,data/tasks/dev_src_tanh_gaussian_0105.npz
dev_src_softsign_laplace_0106,dev,src_softsign_laplace,softsign,laplace,106,100707,0.25,1000,10,data/tasks/dev_src_softsign_laplace_0106.npz
dev_src_interaction_studentt8_0107,dev,src_interaction_studentt8,interaction,student_t8,107,100708,0.5,1000,10,data/tasks/dev_src_interaction_studentt8_0107.npz
dev_src_rff_laplace_0108,dev,src_rff_laplace,rff,laplace,108,100709,0.75,1000,10,data/tasks/dev_src_rff_laplace_0108.npz
dev_src_rff_gaussian_0109,dev,src_rff_gaussian,rff,gaussian,109,100710,1.0,1000,10,data/tasks/dev_src_rff_gaussian_0109.npz
dev_src_tanh_laplace_0110,dev,src_tanh_laplace,tanh,laplace,110,100711,0.0,1000,10,data/tasks/dev_src_tanh_laplace_0110.npz
dev_src_tanh_gaussian_0111,dev,src_tanh_gaussian,tanh,gaussian,111,100712,0.25,1000,10,data/tasks/dev_src_tanh_gaussian_0111.npz
dev_src_softsign_laplace_0112,dev,src_softsign_laplace,softsign,laplace,112,100713,0.5,1000,10,data/tasks/dev_src_softsign_laplace_0112.npz
dev_src_interaction_studentt8_0113,dev,src_interaction_studentt8,interaction,student_t8,113,100714,0.75,1000,10,data/tasks/dev_src_interaction_studentt8_0113.npz
dev_src_rff_laplace_0114,dev,src_rff_laplace,rff,laplace,114,100715,1.0,1000,10,data/tasks/dev_src_rff_laplace_0114.npz
dev_src_rff_gaussian_0115,dev,src_rff_gaussian,rff,gaussian,115,100716,0.0,1000,10,data/tasks/dev_src_rff_gaussian_0115.npz
dev_src_tanh_laplace_0116,dev,src_tanh_laplace,tanh,laplace,116,100717,0.25,1000,10,data/tasks/dev_src_tanh_laplace_0116.npz
dev_src_tanh_gaussian_0117,dev,src_tanh_gaussian,tanh,gaussian,117,100718,0.5,1000,10,data/tasks/dev_src_tanh_gaussian_0117.npz
dev_src_softsign_laplace_0118,dev,src_softsign_laplace,softsign,laplace,118,100719,0.75,1000,10,data/tasks/dev_src_softsign_laplace_0118.npz
dev_src_interaction_studentt8_0119,dev,src_interaction_studentt8,interaction,student_t8,119,100720,1.0,1000,10,data/tasks/dev_src_interaction_studentt8_0119.npz
dev_src_rff_laplace_0120,dev,src_rff_laplace,rff,laplace,120,100721,0.0,1000,10,data/tasks/dev_src_rff_laplace_0120.npz
dev_src_rff_gaussian_0121,dev,src_rff_gaussian,rff,gaussian,121,100722,0.25,1000,10,data/tasks/dev_src_rff_gaussian_0121.npz
dev_src_tanh_laplace_0122,dev,src_tanh_laplace,tanh,laplace,122,100723,0.5,1000,10,data/tasks/dev_src_tanh_laplace_0122.npz
dev_src_tanh_gaussian_0123,dev,src_tanh_gaussian,tanh,gaussian,123,100724,0.75,1000,10,data/tasks/dev_src_tanh_gaussian_0123.npz
dev_src_softsign_laplace_0124,dev,src_softsign_laplace,softsign,laplace,124,100725,1.0,1000,10,data/tasks/dev_src_softsign_laplace_0124.npz
dev_src_interaction_studentt8_0125,dev,src_interaction_studentt8,interaction,student_t8,125,100726,0.0,1000,10,data/tasks/dev_src_interaction_studentt8_0125.npz
dev_src_rff_laplace_0126,dev,src_rff_laplace,rff,laplace,126,100727,0.25,1000,10,data/tasks/dev_src_rff_laplace_0126.npz
dev_src_rff_gaussian_0127,dev,src_rff_gaussian,rff,gaussian,127,100728,0.5,1000,10,data/tasks/dev_src_rff_gaussian_0127.npz
dev_src_tanh_laplace_0128,dev,src_tanh_laplace,tanh,laplace,128,100729,0.75,1000,10,data/tasks/dev_src_tanh_laplace_0128.npz
dev_src_tanh_gaussian_0129,dev,src_tanh_gaussian,tanh,gaussian,129,100730,1.0,1000,10,data/tasks/dev_src_tanh_gaussian_0129.npz
dev_src_softsign_laplace_0130,dev,src_softsign_laplace,softsign,laplace,130,100731,0.0,1000,10,data/tasks/dev_src_softsign_laplace_0130.npz
dev_src_interaction_studentt8_0131,dev,src_interaction_studentt8,interaction,student_t8,131,100732,0.25,1000,10,data/tasks/dev_src_interaction_studentt8_0131.npz
dev_src_rff_laplace_0132,dev,src_rff_laplace,rff,laplace,132,100733,0.5,1000,10,data/tasks/dev_src_rff_laplace_0132.npz
dev_src_rff_gaussian_0133,dev,src_rff_gaussian,rff,gaussian,133,100734,0.75,1000,10,data/tasks/dev_src_rff_gaussian_0133.npz
dev_src_tanh_laplace_0134,dev,src_tanh_laplace,tanh,laplace,134,100735,1.0,1000,10,data/tasks/dev_src_tanh_laplace_0134.npz
dev_src_tanh_gaussian_0135,dev,src_tanh_gaussian,tanh,gaussian,135,100736,0.0,1000,10,data/tasks/dev_src_tanh_gaussian_0135.npz
dev_src_softsign_laplace_0136,dev,src_softsign_laplace,softsign,laplace,136,100737,0.25,1000,10,data/tasks/dev_src_softsign_laplace_0136.npz
dev_src_interaction_studentt8_0137,dev,src_interaction_studentt8,interaction,student_t8,137,100738,0.5,1000,10,data/tasks/dev_src_interaction_studentt8_0137.npz
dev_src_rff_laplace_0138,dev,src_rff_laplace,rff,laplace,138,100739,0.75,1000,10,data/tasks/dev_src_rff_laplace_0138.npz
dev_src_rff_gaussian_0139,dev,src_rff_gaussian,rff,gaussian,139,100740,1.0,1000,10,data/tasks/dev_src_rff_gaussian_0139.npz
dev_src_tanh_laplace_0140,dev,src_tanh_laplace,tanh,laplace,140,100741,0.0,1000,10,data/tasks/dev_src_tanh_laplace_0140.npz
dev_src_tanh_gaussian_0141,dev,src_tanh_gaussian,tanh,gaussian,141,100742,0.25,1000,10,data/tasks/dev_src_tanh_gaussian_0141.npz
dev_src_softsign_laplace_0142,dev,src_softsign_laplace,softsign,laplace,142,100743,0.5,1000,10,data/tasks/dev_src_softsign_laplace_0142.npz
dev_src_interaction_studentt8_0143,dev,src_interaction_studentt8,interaction,student_t8,143,100744,0.75,1000,10,data/tasks/dev_src_interaction_studentt8_0143.npz
dev_src_rff_laplace_0144,dev,src_rff_laplace,rff,laplace,144,100745,1.0,1000,10,data/tasks/dev_src_rff_laplace_0144.npz
dev_src_rff_gaussian_0145,dev,src_rff_gaussian,rff,gaussian,145,100746,0.0,1000,10,data/tasks/dev_src_rff_gaussian_0145.npz
dev_src_tanh_laplace_0146,dev,src_tanh_laplace,tanh,laplace,146,100747,0.25,1000,10,data/tasks/dev_src_tanh_laplace_0146.npz
dev_src_tanh_gaussian_0147,dev,src_tanh_gaussian,tanh,gaussian,147,100748,0.5,1000,10,data/tasks/dev_src_tanh_gaussian_0147.npz
dev_src_softsign_laplace_0148,dev,src_softsign_laplace,softsign,laplace,148,100749,0.75,1000,10,data/tasks/dev_src_softsign_laplace_0148.npz
dev_src_interaction_studentt8_0149,dev,src_interaction_studentt8,interaction,student_t8,149,100750,1.0,1000,10,data/tasks/dev_src_interaction_studentt8_0149.npz
dev_src_rff_laplace_0150,dev,src_rff_laplace,rff,laplace,150,100751,0.0,1000,10,data/tasks/dev_src_rff_laplace_0150.npz
dev_src_rff_gaussian_0151,dev,src_rff_gaussian,rff,gaussian,151,100752,0.25,1000,10,data/tasks/dev_src_rff_gaussian_0151.npz
dev_src_tanh_laplace_0152,dev,src_tanh_laplace,tanh,laplace,152,100753,0.5,1000,10,data/tasks/dev_src_tanh_laplace_0152.npz
dev_src_tanh_gaussian_0153,dev,src_tanh_gaussian,tanh,gaussian,153,100754,0.75,1000,10,data/tasks/dev_src_tanh_gaussian_0153.npz
dev_src_softsign_laplace_0154,dev,src_softsign_laplace,softsign,laplace,154,100755,1.0,1000,10,data/tasks/dev_src_softsign_laplace_0154.npz
dev_src_interaction_studentt8_0155,dev,src_interaction_studentt8,interaction,student_t8,155,100756,0.0,1000,10,data/tasks/dev_src_interaction_studentt8_0155.npz
dev_src_rff_laplace_0156,dev,src_rff_laplace,rff,laplace,156,100757,0.25,1000,10,data/tasks/dev_src_rff_laplace_0156.npz
dev_src_rff_gaussian_0157,dev,src_rff_gaussian,rff,gaussian,157,100758,0.5,1000,10,data/tasks/dev_src_rff_gaussian_0157.npz
dev_src_tanh_laplace_0158,dev,src_tanh_laplace,tanh,laplace,158,100759,0.75,1000,10,data/tasks/dev_src_tanh_laplace_0158.npz
dev_src_tanh_gaussian_0159,dev,src_tanh_gaussian,tanh,gaussian,159,100760,1.0,1000,10,data/tasks/dev_src_tanh_gaussian_0159.npz
dev_src_softsign_laplace_0160,dev,src_softsign_laplace,softsign,laplace,160,100761,0.0,1000,10,data/tasks/dev_src_softsign_laplace_0160.npz
dev_src_interaction_studentt8_0161,dev,src_interaction_studentt8,interaction,student_t8,161,100762,0.25,1000,10,data/tasks/dev_src_interaction_studentt8_0161.npz
dev_src_rff_laplace_0162,dev,src_rff_laplace,rff,laplace,162,100763,0.5,1000,10,data/tasks/dev_src_rff_laplace_0162.npz
dev_src_rff_gaussian_0163,dev,src_rff_gaussian,rff,gaussian,163,100764,0.75,1000,10,data/tasks/dev_src_rff_gaussian_0163.npz
dev_src_tanh_laplace_0164,dev,src_tanh_laplace,tanh,laplace,164,100765,1.0,1000,10,data/tasks/dev_src_tanh_laplace_0164.npz
dev_src_tanh_gaussian_0165,dev,src_tanh_gaussian,tanh,gaussian,165,100766,0.0,1000,10,data/tasks/dev_src_tanh_gaussian_0165.npz
dev_src_softsign_laplace_0166,dev,src_softsign_laplace,softsign,laplace,166,100767,0.25,1000,10,data/tasks/dev_src_softsign_laplace_0166.npz
dev_src_interaction_studentt8_0167,dev,src_interaction_studentt8,interaction,student_t8,167,100768,0.5,1000,10,data/tasks/dev_src_interaction_studentt8_0167.npz
dev_src_rff_laplace_0168,dev,src_rff_laplace,rff,laplace,168,100769,0.75,1000,10,data/tasks/dev_src_rff_laplace_0168.npz
dev_src_rff_gaussian_0169,dev,src_rff_gaussian,rff,gaussian,169,100770,1.0,1000,10,data/tasks/dev_src_rff_gaussian_0169.npz
dev_src_tanh_laplace_0170,dev,src_tanh_laplace,tanh,laplace,170,100771,0.0,1000,10,data/tasks/dev_src_tanh_laplace_0170.npz
dev_src_tanh_gaussian_0171,dev,src_tanh_gaussian,tanh,gaussian,171,100772,0.25,1000,10,data/tasks/dev_src_tanh_gaussian_0171.npz
dev_src_softsign_laplace_0172,dev,src_softsign_laplace,softsign,laplace,172,100773,0.5,1000,10,data/tasks/dev_src_softsign_laplace_0172.npz
dev_src_interaction_studentt8_0173,dev,src_interaction_studentt8,interaction,student_t8,173,100774,0.75,1000,10,data/tasks/dev_src_interaction_studentt8_0173.npz
dev_src_rff_laplace_0174,dev,src_rff_laplace,rff,laplace,174,100775,1.0,1000,10,data/tasks/dev_src_rff_laplace_0174.npz
dev_src_rff_gaussian_0175,dev,src_rff_gaussian,rff,gaussian,175,100776,0.0,1000,10,data/tasks/dev_src_rff_gaussian_0175.npz
dev_src_tanh_laplace_0176,dev,src_tanh_laplace,tanh,laplace,176,100777,0.25,1000,10,data/tasks/dev_src_tanh_laplace_0176.npz
dev_src_tanh_gaussian_0177,dev,src_tanh_gaussian,tanh,gaussian,177,100778,0.5,1000,10,data/tasks/dev_src_tanh_gaussian_0177.npz
dev_src_softsign_laplace_0178,dev,src_softsign_laplace,softsign,laplace,178,100779,0.75,1000,10,data/tasks/dev_src_softsign_laplace_0178.npz
dev_src_interaction_studentt8_0179,dev,src_interaction_studentt8,interaction,student_t8,179,100780,1.0,1000,10,data/tasks/dev_src_interaction_studentt8_0179.npz
dev_src_rff_laplace_0180,dev,src_rff_laplace,rff,laplace,180,100781,0.0,1000,10,data/tasks/dev_src_rff_laplace_0180.npz
dev_src_rff_gaussian_0181,dev,src_rff_gaussian,rff,gaussian,181,100782,0.25,1000,10,data/tasks/dev_src_rff_gaussian_0181.npz
dev_src_tanh_laplace_0182,dev,src_tanh_laplace,tanh,laplace,182,100783,0.5,1000,10,data/tasks/dev_src_tanh_laplace_0182.npz
dev_src_tanh_gaussian_0183,dev,src_tanh_gaussian,tanh,gaussian,183,100784,0.75,1000,10,data/tasks/dev_src_tanh_gaussian_0183.npz
dev_src_softsign_laplace_0184,dev,src_softsign_laplace,softsign,laplace,184,100785,1.0,1000,10,data/tasks/dev_src_softsign_laplace_0184.npz
dev_src_interaction_studentt8_0185,dev,src_interaction_studentt8,interaction,student_t8,185,100786,0.0,1000,10,data/tasks/dev_src_interaction_studentt8_0185.npz
dev_src_rff_laplace_0186,dev,src_rff_laplace,rff,laplace,186,100787,0.25,1000,10,data/tasks/dev_src_rff_laplace_0186.npz
dev_src_rff_gaussian_0187,dev,src_rff_gaussian,rff,gaussian,187,100788,0.5,1000,10,data/tasks/dev_src_rff_gaussian_0187.npz
dev_src_tanh_laplace_0188,dev,src_tanh_laplace,tanh,laplace,188,100789,0.75,1000,10,data/tasks/dev_src_tanh_laplace_0188.npz
dev_src_tanh_gaussian_0189,dev,src_tanh_gaussian,tanh,gaussian,189,100790,1.0,1000,10,data/tasks/dev_src_tanh_gaussian_0189.npz
dev_src_softsign_laplace_0190,dev,src_softsign_laplace,softsign,laplace,190,100791,0.0,1000,10,data/tasks/dev_src_softsign_laplace_0190.npz
dev_src_interaction_studentt8_0191,dev,src_interaction_studentt8,interaction,student_t8,191,100792,0.25,1000,10,data/tasks/dev_src_interaction_studentt8_0191.npz
dev_src_rff_laplace_0192,dev,src_rff_laplace,rff,laplace,192,100793,0.5,1000,10,data/tasks/dev_src_rff_laplace_0192.npz
dev_src_rff_gaussian_0193,dev,src_rff_gaussian,rff,gaussian,193,100794,0.75,1000,10,data/tasks/dev_src_rff_gaussian_0193.npz
dev_src_tanh_laplace_0194,dev,src_tanh_laplace,tanh,laplace,194,100795,1.0,1000,10,data/tasks/dev_src_tanh_laplace_0194.npz
dev_src_tanh_gaussian_0195,dev,src_tanh_gaussian,tanh,gaussian,195,100796,0.0,1000,10,data/tasks/dev_src_tanh_gaussian_0195.npz
dev_src_softsign_laplace_0196,dev,src_softsign_laplace,softsign,laplace,196,100797,0.25,1000,10,data/tasks/dev_src_softsign_laplace_0196.npz
dev_src_interaction_studentt8_0197,dev,src_interaction_studentt8,interaction,student_t8,197,100798,0.5,1000,10,data/tasks/dev_src_interaction_studentt8_0197.npz
dev_src_rff_laplace_0198,dev,src_rff_laplace,rff,laplace,198,100799,0.75,1000,10,data/tasks/dev_src_rff_laplace_0198.npz
dev_src_rff_gaussian_0199,dev,src_rff_gaussian,rff,gaussian,199,100800,1.0,1000,10,data/tasks/dev_src_rff_gaussian_0199.npz
dev_src_tanh_laplace_0200,dev,src_tanh_laplace,tanh,laplace,200,100801,0.0,1000,10,data/tasks/dev_src_tanh_laplace_0200.npz
dev_src_tanh_gaussian_0201,dev,src_tanh_gaussian,tanh,gaussian,201,100802,0.25,1000,10,data/tasks/dev_src_tanh_gaussian_0201.npz
dev_src_softsign_laplace_0202,dev,src_softsign_laplace,softsign,laplace,202,100803,0.5,1000,10,data/tasks/dev_src_softsign_laplace_0202.npz
dev_src_interaction_studentt8_0203,dev,src_interaction_studentt8,interaction,student_t8,203,100804,0.75,1000,10,data/tasks/dev_src_interaction_studentt8_0203.npz
dev_src_rff_laplace_0204,dev,src_rff_laplace,rff,laplace,204,100805,1.0,1000,10,data/tasks/dev_src_rff_laplace_0204.npz
dev_src_rff_gaussian_0205,dev,src_rff_gaussian,rff,gaussian,205,100806,0.0,1000,10,data/tasks/dev_src_rff_gaussian_0205.npz
dev_src_tanh_laplace_0206,dev,src_tanh_laplace,tanh,laplace,206,100807,0.25,1000,10,data/tasks/dev_src_tanh_laplace_0206.npz
dev_src_tanh_gaussian_0207,dev,src_tanh_gaussian,tanh,gaussian,207,100808,0.5,1000,10,data/tasks/dev_src_tanh_gaussian_0207.npz
dev_src_softsign_laplace_0208,dev,src_softsign_laplace,softsign,laplace,208,100809,0.75,1000,10,data/tasks/dev_src_softsign_laplace_0208.npz
dev_src_interaction_studentt8_0209,dev,src_interaction_studentt8,interaction,student_t8,209,100810,1.0,1000,10,data/tasks/dev_src_interaction_studentt8_0209.npz
dev_src_rff_laplace_0210,dev,src_rff_laplace,rff,laplace,210,100811,0.0,1000,10,data/tasks/dev_src_rff_laplace_0210.npz
dev_src_rff_gaussian_0211,dev,src_rff_gaussian,rff,gaussian,211,100812,0.25,1000,10,data/tasks/dev_src_rff_gaussian_0211.npz
dev_src_tanh_laplace_0212,dev,src_tanh_laplace,tanh,laplace,212,100813,0.5,1000,10,data/tasks/dev_src_tanh_laplace_0212.npz
dev_src_tanh_gaussian_0213,dev,src_tanh_gaussian,tanh,gaussian,213,100814,0.75,1000,10,data/tasks/dev_src_tanh_gaussian_0213.npz
dev_src_softsign_laplace_0214,dev,src_softsign_laplace,softsign,laplace,214,100815,1.0,1000,10,data/tasks/dev_src_softsign_laplace_0214.npz
dev_src_interaction_studentt8_0215,dev,src_interaction_studentt8,interaction,student_t8,215,100816,0.0,1000,10,data/tasks/dev_src_interaction_studentt8_0215.npz
dev_src_rff_laplace_0216,dev,src_rff_laplace,rff,laplace,216,100817,0.25,1000,10,data/tasks/dev_src_rff_laplace_0216.npz
dev_src_rff_gaussian_0217,dev,src_rff_gaussian,rff,gaussian,217,100818,0.5,1000,10,data/tasks/dev_src_rff_gaussian_0217.npz
dev_src_tanh_laplace_0218,dev,src_tanh_laplace,tanh,laplace,218,100819,0.75,1000,10,data/tasks/dev_src_tanh_laplace_0218.npz
dev_src_tanh_gaussian_0219,dev,src_tanh_gaussian,tanh,gaussian,219,100820,1.0,1000,10,data/tasks/dev_src_tanh_gaussian_0219.npz
dev_src_softsign_laplace_0220,dev,src_softsign_laplace,softsign,laplace,220,100821,0.0,1000,10,data/tasks/dev_src_softsign_laplace_0220.npz
dev_src_interaction_studentt8_0221,dev,src_interaction_studentt8,interaction,student_t8,221,100822,0.25,1000,10,data/tasks/dev_src_interaction_studentt8_0221.npz
dev_src_rff_laplace_0222,dev,src_rff_laplace,rff,laplace,222,100823,0.5,1000,10,data/tasks/dev_src_rff_laplace_0222.npz
dev_src_rff_gaussian_0223,dev,src_rff_gaussian,rff,gaussian,223,100824,0.75,1000,10,data/tasks/dev_src_rff_gaussian_0223.npz
dev_src_tanh_laplace_0224,dev,src_tanh_laplace,tanh,laplace,224,100825,1.0,1000,10,data/tasks/dev_src_tanh_laplace_0224.npz
dev_src_tanh_gaussian_0225,dev,src_tanh_gaussian,tanh,gaussian,225,100826,0.0,1000,10,data/tasks/dev_src_tanh_gaussian_0225.npz
dev_src_softsign_laplace_0226,dev,src_softsign_laplace,softsign,laplace,226,100827,0.25,1000,10,data/tasks/dev_src_softsign_laplace_0226.npz
dev_src_interaction_studentt8_0227,dev,src_interaction_studentt8,interaction,student_t8,227,100828,0.5,1000,10,data/tasks/dev_src_interaction_studentt8_0227.npz
dev_src_rff_laplace_0228,dev,src_rff_laplace,rff,laplace,228,100829,0.75,1000,10,data/tasks/dev_src_rff_laplace_0228.npz
dev_src_rff_gaussian_0229,dev,src_rff_gaussian,rff,gaussian,229,100830,1.0,1000,10,data/tasks/dev_src_rff_gaussian_0229.npz
dev_src_tanh_laplace_0230,dev,src_tanh_laplace,tanh,laplace,230,100831,0.0,1000,10,data/tasks/dev_src_tanh_laplace_0230.npz
dev_src_tanh_gaussian_0231,dev,src_tanh_gaussian,tanh,gaussian,231,100832,0.25,1000,10,data/tasks/dev_src_tanh_gaussian_0231.npz
dev_src_softsign_laplace_0232,dev,src_softsign_laplace,softsign,laplace,232,100833,0.5,1000,10,data/tasks/dev_src_softsign_laplace_0232.npz
dev_src_interaction_studentt8_0233,dev,src_interaction_studentt8,interaction,student_t8,233,100834,0.75,1000,10,data/tasks/dev_src_interaction_studentt8_0233.npz
dev_src_rff_laplace_0234,dev,src_rff_laplace,rff,laplace,234,100835,1.0,1000,10,data/tasks/dev_src_rff_laplace_0234.npz
dev_src_rff_gaussian_0235,dev,src_rff_gaussian,rff,gaussian,235,100836,0.0,1000,10,data/tasks/dev_src_rff_gaussian_0235.npz
dev_src_tanh_laplace_0236,dev,src_tanh_laplace,tanh,laplace,236,100837,0.25,1000,10,data/tasks/dev_src_tanh_laplace_0236.npz
dev_src_tanh_gaussian_0237,dev,src_tanh_gaussian,tanh,gaussian,237,100838,0.5,1000,10,data/tasks/dev_src_tanh_gaussian_0237.npz
dev_src_softsign_laplace_0238,dev,src_softsign_laplace,softsign,laplace,238,100839,0.75,1000,10,data/tasks/dev_src_softsign_laplace_0238.npz
dev_src_interaction_studentt8_0239,dev,src_interaction_studentt8,interaction,student_t8,239,100840,1.0,1000,10,data/tasks/dev_src_interaction_studentt8_0239.npz
dev_src_rff_laplace_0240,dev,src_rff_laplace,rff,laplace,240,100841,0.0,1000,10,data/tasks/dev_src_rff_laplace_0240.npz
dev_src_rff_gaussian_0241,dev,src_rff_gaussian,rff,gaussian,241,100842,0.25,1000,10,data/tasks/dev_src_rff_gaussian_0241.npz
dev_src_tanh_laplace_0242,dev,src_tanh_laplace,tanh,laplace,242,100843,0.5,1000,10,data/tasks/dev_src_tanh_laplace_0242.npz
dev_src_tanh_gaussian_0243,dev,src_tanh_gaussian,tanh,gaussian,243,100844,0.75,1000,10,data/tasks/dev_src_tanh_gaussian_0243.npz
dev_src_softsign_laplace_0244,dev,src_softsign_laplace,softsign,laplace,244,100845,1.0,1000,10,data/tasks/dev_src_softsign_laplace_0244.npz
dev_src_interaction_studentt8_0245,dev,src_interaction_studentt8,interaction,student_t8,245,100846,0.0,1000,10,data/tasks/dev_src_interaction_studentt8_0245.npz
dev_src_rff_laplace_0246,dev,src_rff_laplace,rff,laplace,246,100847,0.25,1000,10,data/tasks/dev_src_rff_laplace_0246.npz
dev_src_rff_gaussian_0247,dev,src_rff_gaussian,rff,gaussian,247,100848,0.5,1000,10,data/tasks/dev_src_rff_gaussian_0247.npz
dev_src_tanh_laplace_0248,dev,src_tanh_laplace,tanh,laplace,248,100849,0.75,1000,10,data/tasks/dev_src_tanh_laplace_0248.npz
dev_src_tanh_gaussian_0249,dev,src_tanh_gaussian,tanh,gaussian,249,100850,1.0,1000,10,data/tasks/dev_src_tanh_gaussian_0249.npz
dev_src_softsign_laplace_0250,dev,src_softsign_laplace,softsign,laplace,250,100851,0.0,1000,10,data/tasks/dev_src_softsign_laplace_0250.npz
dev_src_interaction_studentt8_0251,dev,src_interaction_studentt8,interaction,student_t8,251,100852,0.25,1000,10,data/tasks/dev_src_interaction_studentt8_0251.npz
dev_src_rff_laplace_0252,dev,src_rff_laplace,rff,laplace,252,100853,0.5,1000,10,data/tasks/dev_src_rff_laplace_0252.npz
dev_src_rff_gaussian_0253,dev,src_rff_gaussian,rff,gaussian,253,100854,0.75,1000,10,data/tasks/dev_src_rff_gaussian_0253.npz
dev_src_tanh_laplace_0254,dev,src_tanh_laplace,tanh,laplace,254,100855,1.0,1000,10,data/tasks/dev_src_tanh_laplace_0254.npz
dev_src_tanh_gaussian_0255,dev,src_tanh_gaussian,tanh,gaussian,255,100856,0.0,1000,10,data/tasks/dev_src_tanh_gaussian_0255.npz
dev_src_softsign_laplace_0256,dev,src_softsign_laplace,softsign,laplace,256,100857,0.25,1000,10,data/tasks/dev_src_softsign_laplace_0256.npz
dev_src_interaction_studentt8_0257,dev,src_interaction_studentt8,interaction,student_t8,257,100858,0.5,1000,10,data/tasks/dev_src_interaction_studentt8_0257.npz
dev_src_rff_laplace_0258,dev,src_rff_laplace,rff,laplace,258,100859,0.75,1000,10,data/tasks/dev_src_rff_laplace_0258.npz
dev_src_rff_gaussian_0259,dev,src_rff_gaussian,rff,gaussian,259,100860,1.0,1000,10,data/tasks/dev_src_rff_gaussian_0259.npz
dev_src_tanh_laplace_0260,dev,src_tanh_laplace,tanh,laplace,260,100861,0.0,1000,10,data/tasks/dev_src_tanh_laplace_0260.npz
dev_src_tanh_gaussian_0261,dev,src_tanh_gaussian,tanh,gaussian,261,100862,0.25,1000,10,data/tasks/dev_src_tanh_gaussian_0261.npz
dev_src_softsign_laplace_0262,dev,src_softsign_laplace,softsign,laplace,262,100863,0.5,1000,10,data/tasks/dev_src_softsign_laplace_0262.npz
dev_src_interaction_studentt8_0263,dev,src_interaction_studentt8,interaction,student_t8,263,100864,0.75,1000,10,data/tasks/dev_src_interaction_studentt8_0263.npz
dev_src_rff_laplace_0264,dev,src_rff_laplace,rff,laplace,264,100865,1.0,1000,10,data/tasks/dev_src_rff_laplace_0264.npz
dev_src_rff_gaussian_0265,dev,src_rff_gaussian,rff,gaussian,265,100866,0.0,1000,10,data/tasks/dev_src_rff_gaussian_0265.npz
dev_src_tanh_laplace_0266,dev,src_tanh_laplace,tanh,laplace,266,100867,0.25,1000,10,data/tasks/dev_src_tanh_laplace_0266.npz
dev_src_tanh_gaussian_0267,dev,src_tanh_gaussian,tanh,gaussian,267,100868,0.5,1000,10,data/tasks/dev_src_tanh_gaussian_0267.npz
dev_src_softsign_laplace_0268,dev,src_softsign_laplace,softsign,laplace,268,100869,0.75,1000,10,data/tasks/dev_src_softsign_laplace_0268.npz
dev_src_interaction_studentt8_0269,dev,src_interaction_studentt8,interaction,student_t8,269,100870,1.0,1000,10,data/tasks/dev_src_interaction_studentt8_0269.npz
dev_src_rff_laplace_0270,dev,src_rff_laplace,rff,laplace,270,100871,0.0,1000,10,data/tasks/dev_src_rff_laplace_0270.npz
dev_src_rff_gaussian_0271,dev,src_rff_gaussian,rff,gaussian,271,100872,0.25,1000,10,data/tasks/dev_src_rff_gaussian_0271.npz
dev_src_tanh_laplace_0272,dev,src_tanh_laplace,tanh,laplace,272,100873,0.5,1000,10,data/tasks/dev_src_tanh_laplace_0272.npz
dev_src_tanh_gaussian_0273,dev,src_tanh_gaussian,tanh,gaussian,273,100874,0.75,1000,10,data/tasks/dev_src_tanh_gaussian_0273.npz
dev_src_softsign_laplace_0274,dev,src_softsign_laplace,softsign,laplace,274,100875,1.0,1000,10,data/tasks/dev_src_softsign_laplace_0274.npz
dev_src_interaction_studentt8_0275,dev,src_interaction_studentt8,interaction,student_t8,275,100876,0.0,1000,10,data/tasks/dev_src_interaction_studentt8_0275.npz
dev_src_rff_laplace_0276,dev,src_rff_laplace,rff,laplace,276,100877,0.25,1000,10,data/tasks/dev_src_rff_laplace_0276.npz
dev_src_rff_gaussian_0277,dev,src_rff_gaussian,rff,gaussian,277,100878,0.5,1000,10,data/tasks/dev_src_rff_gaussian_0277.npz
dev_src_tanh_laplace_0278,dev,src_tanh_laplace,tanh,laplace,278,100879,0.75,1000,10,data/tasks/dev_src_tanh_laplace_0278.npz
dev_src_tanh_gaussian_0279,dev,src_tanh_gaussian,tanh,gaussian,279,100880,1.0,1000,10,data/tasks/dev_src_tanh_gaussian_0279.npz
dev_src_softsign_laplace_0280,dev,src_softsign_laplace,softsign,laplace,280,100881,0.0,1000,10,data/tasks/dev_src_softsign_laplace_0280.npz
dev_src_interaction_studentt8_0281,dev,src_interaction_studentt8,interaction,student_t8,281,100882,0.25,1000,10,data/tasks/dev_src_interaction_studentt8_0281.npz
dev_src_rff_laplace_0282,dev,src_rff_laplace,rff,laplace,282,100883,0.5,1000,10,data/tasks/dev_src_rff_laplace_0282.npz
dev_src_rff_gaussian_0283,dev,src_rff_gaussian,rff,gaussian,283,100884,0.75,1000,10,data/tasks/dev_src_rff_gaussian_0283.npz
dev_src_tanh_laplace_0284,dev,src_tanh_laplace,tanh,laplace,284,100885,1.0,1000,10,data/tasks/dev_src_tanh_laplace_0284.npz
dev_src_tanh_gaussian_0285,dev,src_tanh_gaussian,tanh,gaussian,285,100886,0.0,1000,10,data/tasks/dev_src_tanh_gaussian_0285.npz
dev_src_softsign_laplace_0286,dev,src_softsign_laplace,softsign,laplace,286,100887,0.25,1000,10,data/tasks/dev_src_softsign_laplace_0286.npz
dev_src_interaction_studentt8_0287,dev,src_interaction_studentt8,interaction,student_t8,287,100888,0.5,1000,10,data/tasks/dev_src_interaction_studentt8_0287.npz
dev_src_rff_laplace_0288,dev,src_rff_laplace,rff,laplace,288,100889,0.75,1000,10,data/tasks/dev_src_rff_laplace_0288.npz
dev_src_rff_gaussian_0289,dev,src_rff_gaussian,rff,gaussian,289,100890,1.0,1000,10,data/tasks/dev_src_rff_gaussian_0289.npz
dev_src_tanh_laplace_0290,dev,src_tanh_laplace,tanh,laplace,290,100891,0.0,1000,10,data/tasks/dev_src_tanh_laplace_0290.npz
dev_src_tanh_gaussian_0291,dev,src_tanh_gaussian,tanh,gaussian,291,100892,0.25,1000,10,data/tasks/dev_src_tanh_gaussian_0291.npz
dev_src_softsign_laplace_0292,dev,src_softsign_laplace,softsign,laplace,292,100893,0.5,1000,10,data/tasks/dev_src_softsign_laplace_0292.npz
dev_src_interaction_studentt8_0293,dev,src_interaction_studentt8,interaction,student_t8,293,100894,0.75,1000,10,data/tasks/dev_src_interaction_studentt8_0293.npz
dev_src_rff_laplace_0294,dev,src_rff_laplace,rff,laplace,294,100895,1.0,1000,10,data/tasks/dev_src_rff_laplace_0294.npz
dev_src_rff_gaussian_0295,dev,src_rff_gaussian,rff,gaussian,295,100896,0.0,1000,10,data/tasks/dev_src_rff_gaussian_0295.npz
dev_src_tanh_laplace_0296,dev,src_tanh_laplace,tanh,laplace,296,100897,0.25,1000,10,data/tasks/dev_src_tanh_laplace_0296.npz
dev_src_tanh_gaussian_0297,dev,src_tanh_gaussian,tanh,gaussian,297,100898,0.5,1000,10,data/tasks/dev_src_tanh_gaussian_0297.npz
dev_src_softsign_laplace_0298,dev,src_softsign_laplace,softsign,laplace,298,100899,0.75,1000,10,data/tasks/dev_src_softsign_laplace_0298.npz
dev_src_interaction_studentt8_0299,dev,src_interaction_studentt8,interaction,student_t8,299,100900,1.0,1000,10,data/tasks/dev_src_interaction_studentt8_0299.npz
calibration_src_rff_laplace_0000,calibration,src_rff_laplace,rff,laplace,0,100901,0.0,1000,10,data/tasks/calibration_src_rff_laplace_0000.npz
calibration_src_rff_gaussian_0001,calibration,src_rff_gaussian,rff,gaussian,1,100902,0.25,1000,10,data/tasks/calibration_src_rff_gaussian_0001.npz
calibration_src_tanh_laplace_0002,calibration,src_tanh_laplace,tanh,laplace,2,100903,0.5,1000,10,data/tasks/calibration_src_tanh_laplace_0002.npz
calibration_src_tanh_gaussian_0003,calibration,src_tanh_gaussian,tanh,gaussian,3,100904,0.75,1000,10,data/tasks/calibration_src_tanh_gaussian_0003.npz
calibration_src_softsign_laplace_0004,calibration,src_softsign_laplace,softsign,laplace,4,100905,1.0,1000,10,data/tasks/calibration_src_softsign_laplace_0004.npz
calibration_src_interaction_studentt8_0005,calibration,src_interaction_studentt8,interaction,student_t8,5,100906,0.0,1000,10,data/tasks/calibration_src_interaction_studentt8_0005.npz
calibration_src_rff_laplace_0006,calibration,src_rff_laplace,rff,laplace,6,100907,0.25,1000,10,data/tasks/calibration_src_rff_laplace_0006.npz
calibration_src_rff_gaussian_0007,calibration,src_rff_gaussian,rff,gaussian,7,100908,0.5,1000,10,data/tasks/calibration_src_rff_gaussian_0007.npz
calibration_src_tanh_laplace_0008,calibration,src_tanh_laplace,tanh,laplace,8,100909,0.75,1000,10,data/tasks/calibration_src_tanh_laplace_0008.npz
calibration_src_tanh_gaussian_0009,calibration,src_tanh_gaussian,tanh,gaussian,9,100910,1.0,1000,10,data/tasks/calibration_src_tanh_gaussian_0009.npz
calibration_src_softsign_laplace_0010,calibration,src_softsign_laplace,softsign,laplace,10,100911,0.0,1000,10,data/tasks/calibration_src_softsign_laplace_0010.npz
calibration_src_interaction_studentt8_0011,calibration,src_interaction_studentt8,interaction,student_t8,11,100912,0.25,1000,10,data/tasks/calibration_src_interaction_studentt8_0011.npz
calibration_src_rff_laplace_0012,calibration,src_rff_laplace,rff,laplace,12,100913,0.5,1000,10,data/tasks/calibration_src_rff_laplace_0012.npz
calibration_src_rff_gaussian_0013,calibration,src_rff_gaussian,rff,gaussian,13,100914,0.75,1000,10,data/tasks/calibration_src_rff_gaussian_0013.npz
calibration_src_tanh_laplace_0014,calibration,src_tanh_laplace,tanh,laplace,14,100915,1.0,1000,10,data/tasks/calibration_src_tanh_laplace_0014.npz
calibration_src_tanh_gaussian_0015,calibration,src_tanh_gaussian,tanh,gaussian,15,100916,0.0,1000,10,data/tasks/calibration_src_tanh_gaussian_0015.npz
calibration_src_softsign_laplace_0016,calibration,src_softsign_laplace,softsign,laplace,16,100917,0.25,1000,10,data/tasks/calibration_src_softsign_laplace_0016.npz
calibration_src_interaction_studentt8_0017,calibration,src_interaction_studentt8,interaction,student_t8,17,100918,0.5,1000,10,data/tasks/calibration_src_interaction_studentt8_0017.npz
calibration_src_rff_laplace_0018,calibration,src_rff_laplace,rff,laplace,18,100919,0.75,1000,10,data/tasks/calibration_src_rff_laplace_0018.npz
calibration_src_rff_gaussian_0019,calibration,src_rff_gaussian,rff,gaussian,19,100920,1.0,1000,10,data/tasks/calibration_src_rff_gaussian_0019.npz
calibration_src_tanh_laplace_0020,calibration,src_tanh_laplace,tanh,laplace,20,100921,0.0,1000,10,data/tasks/calibration_src_tanh_laplace_0020.npz
calibration_src_tanh_gaussian_0021,calibration,src_tanh_gaussian,tanh,gaussian,21,100922,0.25,1000,10,data/tasks/calibration_src_tanh_gaussian_0021.npz
calibration_src_softsign_laplace_0022,calibration,src_softsign_laplace,softsign,laplace,22,100923,0.5,1000,10,data/tasks/calibration_src_softsign_laplace_0022.npz
calibration_src_interaction_studentt8_0023,calibration,src_interaction_studentt8,interaction,student_t8,23,100924,0.75,1000,10,data/tasks/calibration_src_interaction_studentt8_0023.npz
calibration_src_rff_laplace_0024,calibration,src_rff_laplace,rff,laplace,24,100925,1.0,1000,10,data/tasks/calibration_src_rff_laplace_0024.npz
calibration_src_rff_gaussian_0025,calibration,src_rff_gaussian,rff,gaussian,25,100926,0.0,1000,10,data/tasks/calibration_src_rff_gaussian_0025.npz
calibration_src_tanh_laplace_0026,calibration,src_tanh_laplace,tanh,laplace,26,100927,0.25,1000,10,data/tasks/calibration_src_tanh_laplace_0026.npz
calibration_src_tanh_gaussian_0027,calibration,src_tanh_gaussian,tanh,gaussian,27,100928,0.5,1000,10,data/tasks/calibration_src_tanh_gaussian_0027.npz
calibration_src_softsign_laplace_0028,calibration,src_softsign_laplace,softsign,laplace,28,100929,0.75,1000,10,data/tasks/calibration_src_softsign_laplace_0028.npz
calibration_src_interaction_studentt8_0029,calibration,src_interaction_studentt8,interaction,student_t8,29,100930,1.0,1000,10,data/tasks/calibration_src_interaction_studentt8_0029.npz
calibration_src_rff_laplace_0030,calibration,src_rff_laplace,rff,laplace,30,100931,0.0,1000,10,data/tasks/calibration_src_rff_laplace_0030.npz
calibration_src_rff_gaussian_0031,calibration,src_rff_gaussian,rff,gaussian,31,100932,0.25,1000,10,data/tasks/calibration_src_rff_gaussian_0031.npz
calibration_src_tanh_laplace_0032,calibration,src_tanh_laplace,tanh,laplace,32,100933,0.5,1000,10,data/tasks/calibration_src_tanh_laplace_0032.npz
calibration_src_tanh_gaussian_0033,calibration,src_tanh_gaussian,tanh,gaussian,33,100934,0.75,1000,10,data/tasks/calibration_src_tanh_gaussian_0033.npz
calibration_src_softsign_laplace_0034,calibration,src_softsign_laplace,softsign,laplace,34,100935,1.0,1000,10,data/tasks/calibration_src_softsign_laplace_0034.npz
calibration_src_interaction_studentt8_0035,calibration,src_interaction_studentt8,interaction,student_t8,35,100936,0.0,1000,10,data/tasks/calibration_src_interaction_studentt8_0035.npz
calibration_src_rff_laplace_0036,calibration,src_rff_laplace,rff,laplace,36,100937,0.25,1000,10,data/tasks/calibration_src_rff_laplace_0036.npz
calibration_src_rff_gaussian_0037,calibration,src_rff_gaussian,rff,gaussian,37,100938,0.5,1000,10,data/tasks/calibration_src_rff_gaussian_0037.npz
calibration_src_tanh_laplace_0038,calibration,src_tanh_laplace,tanh,laplace,38,100939,0.75,1000,10,data/tasks/calibration_src_tanh_laplace_0038.npz
calibration_src_tanh_gaussian_0039,calibration,src_tanh_gaussian,tanh,gaussian,39,100940,1.0,1000,10,data/tasks/calibration_src_tanh_gaussian_0039.npz
calibration_src_softsign_laplace_0040,calibration,src_softsign_laplace,softsign,laplace,40,100941,0.0,1000,10,data/tasks/calibration_src_softsign_laplace_0040.npz
calibration_src_interaction_studentt8_0041,calibration,src_interaction_studentt8,interaction,student_t8,41,100942,0.25,1000,10,data/tasks/calibration_src_interaction_studentt8_0041.npz
calibration_src_rff_laplace_0042,calibration,src_rff_laplace,rff,laplace,42,100943,0.5,1000,10,data/tasks/calibration_src_rff_laplace_0042.npz
calibration_src_rff_gaussian_0043,calibration,src_rff_gaussian,rff,gaussian,43,100944,0.75,1000,10,data/tasks/calibration_src_rff_gaussian_0043.npz
calibration_src_tanh_laplace_0044,calibration,src_tanh_laplace,tanh,laplace,44,100945,1.0,1000,10,data/tasks/calibration_src_tanh_laplace_0044.npz
calibration_src_tanh_gaussian_0045,calibration,src_tanh_gaussian,tanh,gaussian,45,100946,0.0,1000,10,data/tasks/calibration_src_tanh_gaussian_0045.npz
calibration_src_softsign_laplace_0046,calibration,src_softsign_laplace,softsign,laplace,46,100947,0.25,1000,10,data/tasks/calibration_src_softsign_laplace_0046.npz
calibration_src_interaction_studentt8_0047,calibration,src_interaction_studentt8,interaction,student_t8,47,100948,0.5,1000,10,data/tasks/calibration_src_interaction_studentt8_0047.npz
calibration_src_rff_laplace_0048,calibration,src_rff_laplace,rff,laplace,48,100949,0.75,1000,10,data/tasks/calibration_src_rff_laplace_0048.npz
calibration_src_rff_gaussian_0049,calibration,src_rff_gaussian,rff,gaussian,49,100950,1.0,1000,10,data/tasks/calibration_src_rff_gaussian_0049.npz
calibration_src_tanh_laplace_0050,calibration,src_tanh_laplace,tanh,laplace,50,100951,0.0,1000,10,data/tasks/calibration_src_tanh_laplace_0050.npz
calibration_src_tanh_gaussian_0051,calibration,src_tanh_gaussian,tanh,gaussian,51,100952,0.25,1000,10,data/tasks/calibration_src_tanh_gaussian_0051.npz
calibration_src_softsign_laplace_0052,calibration,src_softsign_laplace,softsign,laplace,52,100953,0.5,1000,10,data/tasks/calibration_src_softsign_laplace_0052.npz
calibration_src_interaction_studentt8_0053,calibration,src_interaction_studentt8,interaction,student_t8,53,100954,0.75,1000,10,data/tasks/calibration_src_interaction_studentt8_0053.npz
calibration_src_rff_laplace_0054,calibration,src_rff_laplace,rff,laplace,54,100955,1.0,1000,10,data/tasks/calibration_src_rff_laplace_0054.npz
calibration_src_rff_gaussian_0055,calibration,src_rff_gaussian,rff,gaussian,55,100956,0.0,1000,10,data/tasks/calibration_src_rff_gaussian_0055.npz
calibration_src_tanh_laplace_0056,calibration,src_tanh_laplace,tanh,laplace,56,100957,0.25,1000,10,data/tasks/calibration_src_tanh_laplace_0056.npz
calibration_src_tanh_gaussian_0057,calibration,src_tanh_gaussian,tanh,gaussian,57,100958,0.5,1000,10,data/tasks/calibration_src_tanh_gaussian_0057.npz
calibration_src_softsign_laplace_0058,calibration,src_softsign_laplace,softsign,laplace,58,100959,0.75,1000,10,data/tasks/calibration_src_softsign_laplace_0058.npz
calibration_src_interaction_studentt8_0059,calibration,src_interaction_studentt8,interaction,student_t8,59,100960,1.0,1000,10,data/tasks/calibration_src_interaction_studentt8_0059.npz
calibration_src_rff_laplace_0060,calibration,src_rff_laplace,rff,laplace,60,100961,0.0,1000,10,data/tasks/calibration_src_rff_laplace_0060.npz
calibration_src_rff_gaussian_0061,calibration,src_rff_gaussian,rff,gaussian,61,100962,0.25,1000,10,data/tasks/calibration_src_rff_gaussian_0061.npz
calibration_src_tanh_laplace_0062,calibration,src_tanh_laplace,tanh,laplace,62,100963,0.5,1000,10,data/tasks/calibration_src_tanh_laplace_0062.npz
calibration_src_tanh_gaussian_0063,calibration,src_tanh_gaussian,tanh,gaussian,63,100964,0.75,1000,10,data/tasks/calibration_src_tanh_gaussian_0063.npz
calibration_src_softsign_laplace_0064,calibration,src_softsign_laplace,softsign,laplace,64,100965,1.0,1000,10,data/tasks/calibration_src_softsign_laplace_0064.npz
calibration_src_interaction_studentt8_0065,calibration,src_interaction_studentt8,interaction,student_t8,65,100966,0.0,1000,10,data/tasks/calibration_src_interaction_studentt8_0065.npz
calibration_src_rff_laplace_0066,calibration,src_rff_laplace,rff,laplace,66,100967,0.25,1000,10,data/tasks/calibration_src_rff_laplace_0066.npz
calibration_src_rff_gaussian_0067,calibration,src_rff_gaussian,rff,gaussian,67,100968,0.5,1000,10,data/tasks/calibration_src_rff_gaussian_0067.npz
calibration_src_tanh_laplace_0068,calibration,src_tanh_laplace,tanh,laplace,68,100969,0.75,1000,10,data/tasks/calibration_src_tanh_laplace_0068.npz
calibration_src_tanh_gaussian_0069,calibration,src_tanh_gaussian,tanh,gaussian,69,100970,1.0,1000,10,data/tasks/calibration_src_tanh_gaussian_0069.npz
calibration_src_softsign_laplace_0070,calibration,src_softsign_laplace,softsign,laplace,70,100971,0.0,1000,10,data/tasks/calibration_src_softsign_laplace_0070.npz
calibration_src_interaction_studentt8_0071,calibration,src_interaction_studentt8,interaction,student_t8,71,100972,0.25,1000,10,data/tasks/calibration_src_interaction_studentt8_0071.npz
calibration_src_rff_laplace_0072,calibration,src_rff_laplace,rff,laplace,72,100973,0.5,1000,10,data/tasks/calibration_src_rff_laplace_0072.npz
calibration_src_rff_gaussian_0073,calibration,src_rff_gaussian,rff,gaussian,73,100974,0.75,1000,10,data/tasks/calibration_src_rff_gaussian_0073.npz
calibration_src_tanh_laplace_0074,calibration,src_tanh_laplace,tanh,laplace,74,100975,1.0,1000,10,data/tasks/calibration_src_tanh_laplace_0074.npz
calibration_src_tanh_gaussian_0075,calibration,src_tanh_gaussian,tanh,gaussian,75,100976,0.0,1000,10,data/tasks/calibration_src_tanh_gaussian_0075.npz
calibration_src_softsign_laplace_0076,calibration,src_softsign_laplace,softsign,laplace,76,100977,0.25,1000,10,data/tasks/calibration_src_softsign_laplace_0076.npz
calibration_src_interaction_studentt8_0077,calibration,src_interaction_studentt8,interaction,student_t8,77,100978,0.5,1000,10,data/tasks/calibration_src_interaction_studentt8_0077.npz
calibration_src_rff_laplace_0078,calibration,src_rff_laplace,rff,laplace,78,100979,0.75,1000,10,data/tasks/calibration_src_rff_laplace_0078.npz
calibration_src_rff_gaussian_0079,calibration,src_rff_gaussian,rff,gaussian,79,100980,1.0,1000,10,data/tasks/calibration_src_rff_gaussian_0079.npz
calibration_src_tanh_laplace_0080,calibration,src_tanh_laplace,tanh,laplace,80,100981,0.0,1000,10,data/tasks/calibration_src_tanh_laplace_0080.npz
calibration_src_tanh_gaussian_0081,calibration,src_tanh_gaussian,tanh,gaussian,81,100982,0.25,1000,10,data/tasks/calibration_src_tanh_gaussian_0081.npz
calibration_src_softsign_laplace_0082,calibration,src_softsign_laplace,softsign,laplace,82,100983,0.5,1000,10,data/tasks/calibration_src_softsign_laplace_0082.npz
calibration_src_interaction_studentt8_0083,calibration,src_interaction_studentt8,interaction,student_t8,83,100984,0.75,1000,10,data/tasks/calibration_src_interaction_studentt8_0083.npz
calibration_src_rff_laplace_0084,calibration,src_rff_laplace,rff,laplace,84,100985,1.0,1000,10,data/tasks/calibration_src_rff_laplace_0084.npz
calibration_src_rff_gaussian_0085,calibration,src_rff_gaussian,rff,gaussian,85,100986,0.0,1000,10,data/tasks/calibration_src_rff_gaussian_0085.npz
calibration_src_tanh_laplace_0086,calibration,src_tanh_laplace,tanh,laplace,86,100987,0.25,1000,10,data/tasks/calibration_src_tanh_laplace_0086.npz
calibration_src_tanh_gaussian_0087,calibration,src_tanh_gaussian,tanh,gaussian,87,100988,0.5,1000,10,data/tasks/calibration_src_tanh_gaussian_0087.npz
calibration_src_softsign_laplace_0088,calibration,src_softsign_laplace,softsign,laplace,88,100989,0.75,1000,10,data/tasks/calibration_src_softsign_laplace_0088.npz
calibration_src_interaction_studentt8_0089,calibration,src_interaction_studentt8,interaction,student_t8,89,100990,1.0,1000,10,data/tasks/calibration_src_interaction_studentt8_0089.npz
calibration_src_rff_laplace_0090,calibration,src_rff_laplace,rff,laplace,90,100991,0.0,1000,10,data/tasks/calibration_src_rff_laplace_0090.npz
calibration_src_rff_gaussian_0091,calibration,src_rff_gaussian,rff,gaussian,91,100992,0.25,1000,10,data/tasks/calibration_src_rff_gaussian_0091.npz
calibration_src_tanh_laplace_0092,calibration,src_tanh_laplace,tanh,laplace,92,100993,0.5,1000,10,data/tasks/calibration_src_tanh_laplace_0092.npz
calibration_src_tanh_gaussian_0093,calibration,src_tanh_gaussian,tanh,gaussian,93,100994,0.75,1000,10,data/tasks/calibration_src_tanh_gaussian_0093.npz
calibration_src_softsign_laplace_0094,calibration,src_softsign_laplace,softsign,laplace,94,100995,1.0,1000,10,data/tasks/calibration_src_softsign_laplace_0094.npz
calibration_src_interaction_studentt8_0095,calibration,src_interaction_studentt8,interaction,student_t8,95,100996,0.0,1000,10,data/tasks/calibration_src_interaction_studentt8_0095.npz
calibration_src_rff_laplace_0096,calibration,src_rff_laplace,rff,laplace,96,100997,0.25,1000,10,data/tasks/calibration_src_rff_laplace_0096.npz
calibration_src_rff_gaussian_0097,calibration,src_rff_gaussian,rff,gaussian,97,100998,0.5,1000,10,data/tasks/calibration_src_rff_gaussian_0097.npz
calibration_src_tanh_laplace_0098,calibration,src_tanh_laplace,tanh,laplace,98,100999,0.75,1000,10,data/tasks/calibration_src_tanh_laplace_0098.npz
calibration_src_tanh_gaussian_0099,calibration,src_tanh_gaussian,tanh,gaussian,99,101000,1.0,1000,10,data/tasks/calibration_src_tanh_gaussian_0099.npz
calibration_src_softsign_laplace_0100,calibration,src_softsign_laplace,softsign,laplace,100,101001,0.0,1000,10,data/tasks/calibration_src_softsign_laplace_0100.npz
calibration_src_interaction_studentt8_0101,calibration,src_interaction_studentt8,interaction,student_t8,101,101002,0.25,1000,10,data/tasks/calibration_src_interaction_studentt8_0101.npz
calibration_src_rff_laplace_0102,calibration,src_rff_laplace,rff,laplace,102,101003,0.5,1000,10,data/tasks/calibration_src_rff_laplace_0102.npz
calibration_src_rff_gaussian_0103,calibration,src_rff_gaussian,rff,gaussian,103,101004,0.75,1000,10,data/tasks/calibration_src_rff_gaussian_0103.npz
calibration_src_tanh_laplace_0104,calibration,src_tanh_laplace,tanh,laplace,104,101005,1.0,1000,10,data/tasks/calibration_src_tanh_laplace_0104.npz
calibration_src_tanh_gaussian_0105,calibration,src_tanh_gaussian,tanh,gaussian,105,101006,0.0,1000,10,data/tasks/calibration_src_tanh_gaussian_0105.npz
calibration_src_softsign_laplace_0106,calibration,src_softsign_laplace,softsign,laplace,106,101007,0.25,1000,10,data/tasks/calibration_src_softsign_laplace_0106.npz
calibration_src_interaction_studentt8_0107,calibration,src_interaction_studentt8,interaction,student_t8,107,101008,0.5,1000,10,data/tasks/calibration_src_interaction_studentt8_0107.npz
calibration_src_rff_laplace_0108,calibration,src_rff_laplace,rff,laplace,108,101009,0.75,1000,10,data/tasks/calibration_src_rff_laplace_0108.npz
calibration_src_rff_gaussian_0109,calibration,src_rff_gaussian,rff,gaussian,109,101010,1.0,1000,10,data/tasks/calibration_src_rff_gaussian_0109.npz
calibration_src_tanh_laplace_0110,calibration,src_tanh_laplace,tanh,laplace,110,101011,0.0,1000,10,data/tasks/calibration_src_tanh_laplace_0110.npz
calibration_src_tanh_gaussian_0111,calibration,src_tanh_gaussian,tanh,gaussian,111,101012,0.25,1000,10,data/tasks/calibration_src_tanh_gaussian_0111.npz
calibration_src_softsign_laplace_0112,calibration,src_softsign_laplace,softsign,laplace,112,101013,0.5,1000,10,data/tasks/calibration_src_softsign_laplace_0112.npz
calibration_src_interaction_studentt8_0113,calibration,src_interaction_studentt8,interaction,student_t8,113,101014,0.75,1000,10,data/tasks/calibration_src_interaction_studentt8_0113.npz
calibration_src_rff_laplace_0114,calibration,src_rff_laplace,rff,laplace,114,101015,1.0,1000,10,data/tasks/calibration_src_rff_laplace_0114.npz
calibration_src_rff_gaussian_0115,calibration,src_rff_gaussian,rff,gaussian,115,101016,0.0,1000,10,data/tasks/calibration_src_rff_gaussian_0115.npz
calibration_src_tanh_laplace_0116,calibration,src_tanh_laplace,tanh,laplace,116,101017,0.25,1000,10,data/tasks/calibration_src_tanh_laplace_0116.npz
calibration_src_tanh_gaussian_0117,calibration,src_tanh_gaussian,tanh,gaussian,117,101018,0.5,1000,10,data/tasks/calibration_src_tanh_gaussian_0117.npz
calibration_src_softsign_laplace_0118,calibration,src_softsign_laplace,softsign,laplace,118,101019,0.75,1000,10,data/tasks/calibration_src_softsign_laplace_0118.npz
calibration_src_interaction_studentt8_0119,calibration,src_interaction_studentt8,interaction,student_t8,119,101020,1.0,1000,10,data/tasks/calibration_src_interaction_studentt8_0119.npz
calibration_src_rff_laplace_0120,calibration,src_rff_laplace,rff,laplace,120,101021,0.0,1000,10,data/tasks/calibration_src_rff_laplace_0120.npz
calibration_src_rff_gaussian_0121,calibration,src_rff_gaussian,rff,gaussian,121,101022,0.25,1000,10,data/tasks/calibration_src_rff_gaussian_0121.npz
calibration_src_tanh_laplace_0122,calibration,src_tanh_laplace,tanh,laplace,122,101023,0.5,1000,10,data/tasks/calibration_src_tanh_laplace_0122.npz
calibration_src_tanh_gaussian_0123,calibration,src_tanh_gaussian,tanh,gaussian,123,101024,0.75,1000,10,data/tasks/calibration_src_tanh_gaussian_0123.npz
calibration_src_softsign_laplace_0124,calibration,src_softsign_laplace,softsign,laplace,124,101025,1.0,1000,10,data/tasks/calibration_src_softsign_laplace_0124.npz
calibration_src_interaction_studentt8_0125,calibration,src_interaction_studentt8,interaction,student_t8,125,101026,0.0,1000,10,data/tasks/calibration_src_interaction_studentt8_0125.npz
calibration_src_rff_laplace_0126,calibration,src_rff_laplace,rff,laplace,126,101027,0.25,1000,10,data/tasks/calibration_src_rff_laplace_0126.npz
calibration_src_rff_gaussian_0127,calibration,src_rff_gaussian,rff,gaussian,127,101028,0.5,1000,10,data/tasks/calibration_src_rff_gaussian_0127.npz
calibration_src_tanh_laplace_0128,calibration,src_tanh_laplace,tanh,laplace,128,101029,0.75,1000,10,data/tasks/calibration_src_tanh_laplace_0128.npz
calibration_src_tanh_gaussian_0129,calibration,src_tanh_gaussian,tanh,gaussian,129,101030,1.0,1000,10,data/tasks/calibration_src_tanh_gaussian_0129.npz
calibration_src_softsign_laplace_0130,calibration,src_softsign_laplace,softsign,laplace,130,101031,0.0,1000,10,data/tasks/calibration_src_softsign_laplace_0130.npz
calibration_src_interaction_studentt8_0131,calibration,src_interaction_studentt8,interaction,student_t8,131,101032,0.25,1000,10,data/tasks/calibration_src_interaction_studentt8_0131.npz
calibration_src_rff_laplace_0132,calibration,src_rff_laplace,rff,laplace,132,101033,0.5,1000,10,data/tasks/calibration_src_rff_laplace_0132.npz
calibration_src_rff_gaussian_0133,calibration,src_rff_gaussian,rff,gaussian,133,101034,0.75,1000,10,data/tasks/calibration_src_rff_gaussian_0133.npz
calibration_src_tanh_laplace_0134,calibration,src_tanh_laplace,tanh,laplace,134,101035,1.0,1000,10,data/tasks/calibration_src_tanh_laplace_0134.npz
calibration_src_tanh_gaussian_0135,calibration,src_tanh_gaussian,tanh,gaussian,135,101036,0.0,1000,10,data/tasks/calibration_src_tanh_gaussian_0135.npz
calibration_src_softsign_laplace_0136,calibration,src_softsign_laplace,softsign,laplace,136,101037,0.25,1000,10,data/tasks/calibration_src_softsign_laplace_0136.npz
calibration_src_interaction_studentt8_0137,calibration,src_interaction_studentt8,interaction,student_t8,137,101038,0.5,1000,10,data/tasks/calibration_src_interaction_studentt8_0137.npz
calibration_src_rff_laplace_0138,calibration,src_rff_laplace,rff,laplace,138,101039,0.75,1000,10,data/tasks/calibration_src_rff_laplace_0138.npz
calibration_src_rff_gaussian_0139,calibration,src_rff_gaussian,rff,gaussian,139,101040,1.0,1000,10,data/tasks/calibration_src_rff_gaussian_0139.npz
calibration_src_tanh_laplace_0140,calibration,src_tanh_laplace,tanh,laplace,140,101041,0.0,1000,10,data/tasks/calibration_src_tanh_laplace_0140.npz
calibration_src_tanh_gaussian_0141,calibration,src_tanh_gaussian,tanh,gaussian,141,101042,0.25,1000,10,data/tasks/calibration_src_tanh_gaussian_0141.npz
calibration_src_softsign_laplace_0142,calibration,src_softsign_laplace,softsign,laplace,142,101043,0.5,1000,10,data/tasks/calibration_src_softsign_laplace_0142.npz
calibration_src_interaction_studentt8_0143,calibration,src_interaction_studentt8,interaction,student_t8,143,101044,0.75,1000,10,data/tasks/calibration_src_interaction_studentt8_0143.npz
calibration_src_rff_laplace_0144,calibration,src_rff_laplace,rff,laplace,144,101045,1.0,1000,10,data/tasks/calibration_src_rff_laplace_0144.npz
calibration_src_rff_gaussian_0145,calibration,src_rff_gaussian,rff,gaussian,145,101046,0.0,1000,10,data/tasks/calibration_src_rff_gaussian_0145.npz
calibration_src_tanh_laplace_0146,calibration,src_tanh_laplace,tanh,laplace,146,101047,0.25,1000,10,data/tasks/calibration_src_tanh_laplace_0146.npz
calibration_src_tanh_gaussian_0147,calibration,src_tanh_gaussian,tanh,gaussian,147,101048,0.5,1000,10,data/tasks/calibration_src_tanh_gaussian_0147.npz
calibration_src_softsign_laplace_0148,calibration,src_softsign_laplace,softsign,laplace,148,101049,0.75,1000,10,data/tasks/calibration_src_softsign_laplace_0148.npz
calibration_src_interaction_studentt8_0149,calibration,src_interaction_studentt8,interaction,student_t8,149,101050,1.0,1000,10,data/tasks/calibration_src_interaction_studentt8_0149.npz
calibration_src_rff_laplace_0150,calibration,src_rff_laplace,rff,laplace,150,101051,0.0,1000,10,data/tasks/calibration_src_rff_laplace_0150.npz
calibration_src_rff_gaussian_0151,calibration,src_rff_gaussian,rff,gaussian,151,101052,0.25,1000,10,data/tasks/calibration_src_rff_gaussian_0151.npz
calibration_src_tanh_laplace_0152,calibration,src_tanh_laplace,tanh,laplace,152,101053,0.5,1000,10,data/tasks/calibration_src_tanh_laplace_0152.npz
calibration_src_tanh_gaussian_0153,calibration,src_tanh_gaussian,tanh,gaussian,153,101054,0.75,1000,10,data/tasks/calibration_src_tanh_gaussian_0153.npz
calibration_src_softsign_laplace_0154,calibration,src_softsign_laplace,softsign,laplace,154,101055,1.0,1000,10,data/tasks/calibration_src_softsign_laplace_0154.npz
calibration_src_interaction_studentt8_0155,calibration,src_interaction_studentt8,interaction,student_t8,155,101056,0.0,1000,10,data/tasks/calibration_src_interaction_studentt8_0155.npz
calibration_src_rff_laplace_0156,calibration,src_rff_laplace,rff,laplace,156,101057,0.25,1000,10,data/tasks/calibration_src_rff_laplace_0156.npz
calibration_src_rff_gaussian_0157,calibration,src_rff_gaussian,rff,gaussian,157,101058,0.5,1000,10,data/tasks/calibration_src_rff_gaussian_0157.npz
calibration_src_tanh_laplace_0158,calibration,src_tanh_laplace,tanh,laplace,158,101059,0.75,1000,10,data/tasks/calibration_src_tanh_laplace_0158.npz
calibration_src_tanh_gaussian_0159,calibration,src_tanh_gaussian,tanh,gaussian,159,101060,1.0,1000,10,data/tasks/calibration_src_tanh_gaussian_0159.npz
calibration_src_softsign_laplace_0160,calibration,src_softsign_laplace,softsign,laplace,160,101061,0.0,1000,10,data/tasks/calibration_src_softsign_laplace_0160.npz
calibration_src_interaction_studentt8_0161,calibration,src_interaction_studentt8,interaction,student_t8,161,101062,0.25,1000,10,data/tasks/calibration_src_interaction_studentt8_0161.npz
calibration_src_rff_laplace_0162,calibration,src_rff_laplace,rff,laplace,162,101063,0.5,1000,10,data/tasks/calibration_src_rff_laplace_0162.npz
calibration_src_rff_gaussian_0163,calibration,src_rff_gaussian,rff,gaussian,163,101064,0.75,1000,10,data/tasks/calibration_src_rff_gaussian_0163.npz
calibration_src_tanh_laplace_0164,calibration,src_tanh_laplace,tanh,laplace,164,101065,1.0,1000,10,data/tasks/calibration_src_tanh_laplace_0164.npz
calibration_src_tanh_gaussian_0165,calibration,src_tanh_gaussian,tanh,gaussian,165,101066,0.0,1000,10,data/tasks/calibration_src_tanh_gaussian_0165.npz
calibration_src_softsign_laplace_0166,calibration,src_softsign_laplace,softsign,laplace,166,101067,0.25,1000,10,data/tasks/calibration_src_softsign_laplace_0166.npz
calibration_src_interaction_studentt8_0167,calibration,src_interaction_studentt8,interaction,student_t8,167,101068,0.5,1000,10,data/tasks/calibration_src_interaction_studentt8_0167.npz
calibration_src_rff_laplace_0168,calibration,src_rff_laplace,rff,laplace,168,101069,0.75,1000,10,data/tasks/calibration_src_rff_laplace_0168.npz
calibration_src_rff_gaussian_0169,calibration,src_rff_gaussian,rff,gaussian,169,101070,1.0,1000,10,data/tasks/calibration_src_rff_gaussian_0169.npz
calibration_src_tanh_laplace_0170,calibration,src_tanh_laplace,tanh,laplace,170,101071,0.0,1000,10,data/tasks/calibration_src_tanh_laplace_0170.npz
calibration_src_tanh_gaussian_0171,calibration,src_tanh_gaussian,tanh,gaussian,171,101072,0.25,1000,10,data/tasks/calibration_src_tanh_gaussian_0171.npz
calibration_src_softsign_laplace_0172,calibration,src_softsign_laplace,softsign,laplace,172,101073,0.5,1000,10,data/tasks/calibration_src_softsign_laplace_0172.npz
calibration_src_interaction_studentt8_0173,calibration,src_interaction_studentt8,interaction,student_t8,173,101074,0.75,1000,10,data/tasks/calibration_src_interaction_studentt8_0173.npz
calibration_src_rff_laplace_0174,calibration,src_rff_laplace,rff,laplace,174,101075,1.0,1000,10,data/tasks/calibration_src_rff_laplace_0174.npz
calibration_src_rff_gaussian_0175,calibration,src_rff_gaussian,rff,gaussian,175,101076,0.0,1000,10,data/tasks/calibration_src_rff_gaussian_0175.npz
calibration_src_tanh_laplace_0176,calibration,src_tanh_laplace,tanh,laplace,176,101077,0.25,1000,10,data/tasks/calibration_src_tanh_laplace_0176.npz
calibration_src_tanh_gaussian_0177,calibration,src_tanh_gaussian,tanh,gaussian,177,101078,0.5,1000,10,data/tasks/calibration_src_tanh_gaussian_0177.npz
calibration_src_softsign_laplace_0178,calibration,src_softsign_laplace,softsign,laplace,178,101079,0.75,1000,10,data/tasks/calibration_src_softsign_laplace_0178.npz
calibration_src_interaction_studentt8_0179,calibration,src_interaction_studentt8,interaction,student_t8,179,101080,1.0,1000,10,data/tasks/calibration_src_interaction_studentt8_0179.npz
calibration_src_rff_laplace_0180,calibration,src_rff_laplace,rff,laplace,180,101081,0.0,1000,10,data/tasks/calibration_src_rff_laplace_0180.npz
calibration_src_rff_gaussian_0181,calibration,src_rff_gaussian,rff,gaussian,181,101082,0.25,1000,10,data/tasks/calibration_src_rff_gaussian_0181.npz
calibration_src_tanh_laplace_0182,calibration,src_tanh_laplace,tanh,laplace,182,101083,0.5,1000,10,data/tasks/calibration_src_tanh_laplace_0182.npz
calibration_src_tanh_gaussian_0183,calibration,src_tanh_gaussian,tanh,gaussian,183,101084,0.75,1000,10,data/tasks/calibration_src_tanh_gaussian_0183.npz
calibration_src_softsign_laplace_0184,calibration,src_softsign_laplace,softsign,laplace,184,101085,1.0,1000,10,data/tasks/calibration_src_softsign_laplace_0184.npz
calibration_src_interaction_studentt8_0185,calibration,src_interaction_studentt8,interaction,student_t8,185,101086,0.0,1000,10,data/tasks/calibration_src_interaction_studentt8_0185.npz
calibration_src_rff_laplace_0186,calibration,src_rff_laplace,rff,laplace,186,101087,0.25,1000,10,data/tasks/calibration_src_rff_laplace_0186.npz
calibration_src_rff_gaussian_0187,calibration,src_rff_gaussian,rff,gaussian,187,101088,0.5,1000,10,data/tasks/calibration_src_rff_gaussian_0187.npz
calibration_src_tanh_laplace_0188,calibration,src_tanh_laplace,tanh,laplace,188,101089,0.75,1000,10,data/tasks/calibration_src_tanh_laplace_0188.npz
calibration_src_tanh_gaussian_0189,calibration,src_tanh_gaussian,tanh,gaussian,189,101090,1.0,1000,10,data/tasks/calibration_src_tanh_gaussian_0189.npz
calibration_src_softsign_laplace_0190,calibration,src_softsign_laplace,softsign,laplace,190,101091,0.0,1000,10,data/tasks/calibration_src_softsign_laplace_0190.npz
calibration_src_interaction_studentt8_0191,calibration,src_interaction_studentt8,interaction,student_t8,191,101092,0.25,1000,10,data/tasks/calibration_src_interaction_studentt8_0191.npz
calibration_src_rff_laplace_0192,calibration,src_rff_laplace,rff,laplace,192,101093,0.5,1000,10,data/tasks/calibration_src_rff_laplace_0192.npz
calibration_src_rff_gaussian_0193,calibration,src_rff_gaussian,rff,gaussian,193,101094,0.75,1000,10,data/tasks/calibration_src_rff_gaussian_0193.npz
calibration_src_tanh_laplace_0194,calibration,src_tanh_laplace,tanh,laplace,194,101095,1.0,1000,10,data/tasks/calibration_src_tanh_laplace_0194.npz
calibration_src_tanh_gaussian_0195,calibration,src_tanh_gaussian,tanh,gaussian,195,101096,0.0,1000,10,data/tasks/calibration_src_tanh_gaussian_0195.npz
calibration_src_softsign_laplace_0196,calibration,src_softsign_laplace,softsign,laplace,196,101097,0.25,1000,10,data/tasks/calibration_src_softsign_laplace_0196.npz
calibration_src_interaction_studentt8_0197,calibration,src_interaction_studentt8,interaction,student_t8,197,101098,0.5,1000,10,data/tasks/calibration_src_interaction_studentt8_0197.npz
calibration_src_rff_laplace_0198,calibration,src_rff_laplace,rff,laplace,198,101099,0.75,1000,10,data/tasks/calibration_src_rff_laplace_0198.npz
calibration_src_rff_gaussian_0199,calibration,src_rff_gaussian,rff,gaussian,199,101100,1.0,1000,10,data/tasks/calibration_src_rff_gaussian_0199.npz
calibration_src_tanh_laplace_0200,calibration,src_tanh_laplace,tanh,laplace,200,101101,0.0,1000,10,data/tasks/calibration_src_tanh_laplace_0200.npz
calibration_src_tanh_gaussian_0201,calibration,src_tanh_gaussian,tanh,gaussian,201,101102,0.25,1000,10,data/tasks/calibration_src_tanh_gaussian_0201.npz
calibration_src_softsign_laplace_0202,calibration,src_softsign_laplace,softsign,laplace,202,101103,0.5,1000,10,data/tasks/calibration_src_softsign_laplace_0202.npz
calibration_src_interaction_studentt8_0203,calibration,src_interaction_studentt8,interaction,student_t8,203,101104,0.75,1000,10,data/tasks/calibration_src_interaction_studentt8_0203.npz
calibration_src_rff_laplace_0204,calibration,src_rff_laplace,rff,laplace,204,101105,1.0,1000,10,data/tasks/calibration_src_rff_laplace_0204.npz
calibration_src_rff_gaussian_0205,calibration,src_rff_gaussian,rff,gaussian,205,101106,0.0,1000,10,data/tasks/calibration_src_rff_gaussian_0205.npz
calibration_src_tanh_laplace_0206,calibration,src_tanh_laplace,tanh,laplace,206,101107,0.25,1000,10,data/tasks/calibration_src_tanh_laplace_0206.npz
calibration_src_tanh_gaussian_0207,calibration,src_tanh_gaussian,tanh,gaussian,207,101108,0.5,1000,10,data/tasks/calibration_src_tanh_gaussian_0207.npz
calibration_src_softsign_laplace_0208,calibration,src_softsign_laplace,softsign,laplace,208,101109,0.75,1000,10,data/tasks/calibration_src_softsign_laplace_0208.npz
calibration_src_interaction_studentt8_0209,calibration,src_interaction_studentt8,interaction,student_t8,209,101110,1.0,1000,10,data/tasks/calibration_src_interaction_studentt8_0209.npz
calibration_src_rff_laplace_0210,calibration,src_rff_laplace,rff,laplace,210,101111,0.0,1000,10,data/tasks/calibration_src_rff_laplace_0210.npz
calibration_src_rff_gaussian_0211,calibration,src_rff_gaussian,rff,gaussian,211,101112,0.25,1000,10,data/tasks/calibration_src_rff_gaussian_0211.npz
calibration_src_tanh_laplace_0212,calibration,src_tanh_laplace,tanh,laplace,212,101113,0.5,1000,10,data/tasks/calibration_src_tanh_laplace_0212.npz
calibration_src_tanh_gaussian_0213,calibration,src_tanh_gaussian,tanh,gaussian,213,101114,0.75,1000,10,data/tasks/calibration_src_tanh_gaussian_0213.npz
calibration_src_softsign_laplace_0214,calibration,src_softsign_laplace,softsign,laplace,214,101115,1.0,1000,10,data/tasks/calibration_src_softsign_laplace_0214.npz
calibration_src_interaction_studentt8_0215,calibration,src_interaction_studentt8,interaction,student_t8,215,101116,0.0,1000,10,data/tasks/calibration_src_interaction_studentt8_0215.npz
calibration_src_rff_laplace_0216,calibration,src_rff_laplace,rff,laplace,216,101117,0.25,1000,10,data/tasks/calibration_src_rff_laplace_0216.npz
calibration_src_rff_gaussian_0217,calibration,src_rff_gaussian,rff,gaussian,217,101118,0.5,1000,10,data/tasks/calibration_src_rff_gaussian_0217.npz
calibration_src_tanh_laplace_0218,calibration,src_tanh_laplace,tanh,laplace,218,101119,0.75,1000,10,data/tasks/calibration_src_tanh_laplace_0218.npz
calibration_src_tanh_gaussian_0219,calibration,src_tanh_gaussian,tanh,gaussian,219,101120,1.0,1000,10,data/tasks/calibration_src_tanh_gaussian_0219.npz
calibration_src_softsign_laplace_0220,calibration,src_softsign_laplace,softsign,laplace,220,101121,0.0,1000,10,data/tasks/calibration_src_softsign_laplace_0220.npz
calibration_src_interaction_studentt8_0221,calibration,src_interaction_studentt8,interaction,student_t8,221,101122,0.25,1000,10,data/tasks/calibration_src_interaction_studentt8_0221.npz
calibration_src_rff_laplace_0222,calibration,src_rff_laplace,rff,laplace,222,101123,0.5,1000,10,data/tasks/calibration_src_rff_laplace_0222.npz
calibration_src_rff_gaussian_0223,calibration,src_rff_gaussian,rff,gaussian,223,101124,0.75,1000,10,data/tasks/calibration_src_rff_gaussian_0223.npz
calibration_src_tanh_laplace_0224,calibration,src_tanh_laplace,tanh,laplace,224,101125,1.0,1000,10,data/tasks/calibration_src_tanh_laplace_0224.npz
calibration_src_tanh_gaussian_0225,calibration,src_tanh_gaussian,tanh,gaussian,225,101126,0.0,1000,10,data/tasks/calibration_src_tanh_gaussian_0225.npz
calibration_src_softsign_laplace_0226,calibration,src_softsign_laplace,softsign,laplace,226,101127,0.25,1000,10,data/tasks/calibration_src_softsign_laplace_0226.npz
calibration_src_interaction_studentt8_0227,calibration,src_interaction_studentt8,interaction,student_t8,227,101128,0.5,1000,10,data/tasks/calibration_src_interaction_studentt8_0227.npz
calibration_src_rff_laplace_0228,calibration,src_rff_laplace,rff,laplace,228,101129,0.75,1000,10,data/tasks/calibration_src_rff_laplace_0228.npz
calibration_src_rff_gaussian_0229,calibration,src_rff_gaussian,rff,gaussian,229,101130,1.0,1000,10,data/tasks/calibration_src_rff_gaussian_0229.npz
calibration_src_tanh_laplace_0230,calibration,src_tanh_laplace,tanh,laplace,230,101131,0.0,1000,10,data/tasks/calibration_src_tanh_laplace_0230.npz
calibration_src_tanh_gaussian_0231,calibration,src_tanh_gaussian,tanh,gaussian,231,101132,0.25,1000,10,data/tasks/calibration_src_tanh_gaussian_0231.npz
calibration_src_softsign_laplace_0232,calibration,src_softsign_laplace,softsign,laplace,232,101133,0.5,1000,10,data/tasks/calibration_src_softsign_laplace_0232.npz
calibration_src_interaction_studentt8_0233,calibration,src_interaction_studentt8,interaction,student_t8,233,101134,0.75,1000,10,data/tasks/calibration_src_interaction_studentt8_0233.npz
calibration_src_rff_laplace_0234,calibration,src_rff_laplace,rff,laplace,234,101135,1.0,1000,10,data/tasks/calibration_src_rff_laplace_0234.npz
calibration_src_rff_gaussian_0235,calibration,src_rff_gaussian,rff,gaussian,235,101136,0.0,1000,10,data/tasks/calibration_src_rff_gaussian_0235.npz
calibration_src_tanh_laplace_0236,calibration,src_tanh_laplace,tanh,laplace,236,101137,0.25,1000,10,data/tasks/calibration_src_tanh_laplace_0236.npz
calibration_src_tanh_gaussian_0237,calibration,src_tanh_gaussian,tanh,gaussian,237,101138,0.5,1000,10,data/tasks/calibration_src_tanh_gaussian_0237.npz
calibration_src_softsign_laplace_0238,calibration,src_softsign_laplace,softsign,laplace,238,101139,0.75,1000,10,data/tasks/calibration_src_softsign_laplace_0238.npz
calibration_src_interaction_studentt8_0239,calibration,src_interaction_studentt8,interaction,student_t8,239,101140,1.0,1000,10,data/tasks/calibration_src_interaction_studentt8_0239.npz
calibration_src_rff_laplace_0240,calibration,src_rff_laplace,rff,laplace,240,101141,0.0,1000,10,data/tasks/calibration_src_rff_laplace_0240.npz
calibration_src_rff_gaussian_0241,calibration,src_rff_gaussian,rff,gaussian,241,101142,0.25,1000,10,data/tasks/calibration_src_rff_gaussian_0241.npz
calibration_src_tanh_laplace_0242,calibration,src_tanh_laplace,tanh,laplace,242,101143,0.5,1000,10,data/tasks/calibration_src_tanh_laplace_0242.npz
calibration_src_tanh_gaussian_0243,calibration,src_tanh_gaussian,tanh,gaussian,243,101144,0.75,1000,10,data/tasks/calibration_src_tanh_gaussian_0243.npz
calibration_src_softsign_laplace_0244,calibration,src_softsign_laplace,softsign,laplace,244,101145,1.0,1000,10,data/tasks/calibration_src_softsign_laplace_0244.npz
calibration_src_interaction_studentt8_0245,calibration,src_interaction_studentt8,interaction,student_t8,245,101146,0.0,1000,10,data/tasks/calibration_src_interaction_studentt8_0245.npz
calibration_src_rff_laplace_0246,calibration,src_rff_laplace,rff,laplace,246,101147,0.25,1000,10,data/tasks/calibration_src_rff_laplace_0246.npz
calibration_src_rff_gaussian_0247,calibration,src_rff_gaussian,rff,gaussian,247,101148,0.5,1000,10,data/tasks/calibration_src_rff_gaussian_0247.npz
calibration_src_tanh_laplace_0248,calibration,src_tanh_laplace,tanh,laplace,248,101149,0.75,1000,10,data/tasks/calibration_src_tanh_laplace_0248.npz
calibration_src_tanh_gaussian_0249,calibration,src_tanh_gaussian,tanh,gaussian,249,101150,1.0,1000,10,data/tasks/calibration_src_tanh_gaussian_0249.npz
calibration_src_softsign_laplace_0250,calibration,src_softsign_laplace,softsign,laplace,250,101151,0.0,1000,10,data/tasks/calibration_src_softsign_laplace_0250.npz
calibration_src_interaction_studentt8_0251,calibration,src_interaction_studentt8,interaction,student_t8,251,101152,0.25,1000,10,data/tasks/calibration_src_interaction_studentt8_0251.npz
calibration_src_rff_laplace_0252,calibration,src_rff_laplace,rff,laplace,252,101153,0.5,1000,10,data/tasks/calibration_src_rff_laplace_0252.npz
calibration_src_rff_gaussian_0253,calibration,src_rff_gaussian,rff,gaussian,253,101154,0.75,1000,10,data/tasks/calibration_src_rff_gaussian_0253.npz
calibration_src_tanh_laplace_0254,calibration,src_tanh_laplace,tanh,laplace,254,101155,1.0,1000,10,data/tasks/calibration_src_tanh_laplace_0254.npz
calibration_src_tanh_gaussian_0255,calibration,src_tanh_gaussian,tanh,gaussian,255,101156,0.0,1000,10,data/tasks/calibration_src_tanh_gaussian_0255.npz
calibration_src_softsign_laplace_0256,calibration,src_softsign_laplace,softsign,laplace,256,101157,0.25,1000,10,data/tasks/calibration_src_softsign_laplace_0256.npz
calibration_src_interaction_studentt8_0257,calibration,src_interaction_studentt8,interaction,student_t8,257,101158,0.5,1000,10,data/tasks/calibration_src_interaction_studentt8_0257.npz
calibration_src_rff_laplace_0258,calibration,src_rff_laplace,rff,laplace,258,101159,0.75,1000,10,data/tasks/calibration_src_rff_laplace_0258.npz
calibration_src_rff_gaussian_0259,calibration,src_rff_gaussian,rff,gaussian,259,101160,1.0,1000,10,data/tasks/calibration_src_rff_gaussian_0259.npz
calibration_src_tanh_laplace_0260,calibration,src_tanh_laplace,tanh,laplace,260,101161,0.0,1000,10,data/tasks/calibration_src_tanh_laplace_0260.npz
calibration_src_tanh_gaussian_0261,calibration,src_tanh_gaussian,tanh,gaussian,261,101162,0.25,1000,10,data/tasks/calibration_src_tanh_gaussian_0261.npz
calibration_src_softsign_laplace_0262,calibration,src_softsign_laplace,softsign,laplace,262,101163,0.5,1000,10,data/tasks/calibration_src_softsign_laplace_0262.npz
calibration_src_interaction_studentt8_0263,calibration,src_interaction_studentt8,interaction,student_t8,263,101164,0.75,1000,10,data/tasks/calibration_src_interaction_studentt8_0263.npz
calibration_src_rff_laplace_0264,calibration,src_rff_laplace,rff,laplace,264,101165,1.0,1000,10,data/tasks/calibration_src_rff_laplace_0264.npz
calibration_src_rff_gaussian_0265,calibration,src_rff_gaussian,rff,gaussian,265,101166,0.0,1000,10,data/tasks/calibration_src_rff_gaussian_0265.npz
calibration_src_tanh_laplace_0266,calibration,src_tanh_laplace,tanh,laplace,266,101167,0.25,1000,10,data/tasks/calibration_src_tanh_laplace_0266.npz
calibration_src_tanh_gaussian_0267,calibration,src_tanh_gaussian,tanh,gaussian,267,101168,0.5,1000,10,data/tasks/calibration_src_tanh_gaussian_0267.npz
calibration_src_softsign_laplace_0268,calibration,src_softsign_laplace,softsign,laplace,268,101169,0.75,1000,10,data/tasks/calibration_src_softsign_laplace_0268.npz
calibration_src_interaction_studentt8_0269,calibration,src_interaction_studentt8,interaction,student_t8,269,101170,1.0,1000,10,data/tasks/calibration_src_interaction_studentt8_0269.npz
calibration_src_rff_laplace_0270,calibration,src_rff_laplace,rff,laplace,270,101171,0.0,1000,10,data/tasks/calibration_src_rff_laplace_0270.npz
calibration_src_rff_gaussian_0271,calibration,src_rff_gaussian,rff,gaussian,271,101172,0.25,1000,10,data/tasks/calibration_src_rff_gaussian_0271.npz
calibration_src_tanh_laplace_0272,calibration,src_tanh_laplace,tanh,laplace,272,101173,0.5,1000,10,data/tasks/calibration_src_tanh_laplace_0272.npz
calibration_src_tanh_gaussian_0273,calibration,src_tanh_gaussian,tanh,gaussian,273,101174,0.75,1000,10,data/tasks/calibration_src_tanh_gaussian_0273.npz
calibration_src_softsign_laplace_0274,calibration,src_softsign_laplace,softsign,laplace,274,101175,1.0,1000,10,data/tasks/calibration_src_softsign_laplace_0274.npz
calibration_src_interaction_studentt8_0275,calibration,src_interaction_studentt8,interaction,student_t8,275,101176,0.0,1000,10,data/tasks/calibration_src_interaction_studentt8_0275.npz
calibration_src_rff_laplace_0276,calibration,src_rff_laplace,rff,laplace,276,101177,0.25,1000,10,data/tasks/calibration_src_rff_laplace_0276.npz
calibration_src_rff_gaussian_0277,calibration,src_rff_gaussian,rff,gaussian,277,101178,0.5,1000,10,data/tasks/calibration_src_rff_gaussian_0277.npz
calibration_src_tanh_laplace_0278,calibration,src_tanh_laplace,tanh,laplace,278,101179,0.75,1000,10,data/tasks/calibration_src_tanh_laplace_0278.npz
calibration_src_tanh_gaussian_0279,calibration,src_tanh_gaussian,tanh,gaussian,279,101180,1.0,1000,10,data/tasks/calibration_src_tanh_gaussian_0279.npz
calibration_src_softsign_laplace_0280,calibration,src_softsign_laplace,softsign,laplace,280,101181,0.0,1000,10,data/tasks/calibration_src_softsign_laplace_0280.npz
calibration_src_interaction_studentt8_0281,calibration,src_interaction_studentt8,interaction,student_t8,281,101182,0.25,1000,10,data/tasks/calibration_src_interaction_studentt8_0281.npz
calibration_src_rff_laplace_0282,calibration,src_rff_laplace,rff,laplace,282,101183,0.5,1000,10,data/tasks/calibration_src_rff_laplace_0282.npz
calibration_src_rff_gaussian_0283,calibration,src_rff_gaussian,rff,gaussian,283,101184,0.75,1000,10,data/tasks/calibration_src_rff_gaussian_0283.npz
calibration_src_tanh_laplace_0284,calibration,src_tanh_laplace,tanh,laplace,284,101185,1.0,1000,10,data/tasks/calibration_src_tanh_laplace_0284.npz
calibration_src_tanh_gaussian_0285,calibration,src_tanh_gaussian,tanh,gaussian,285,101186,0.0,1000,10,data/tasks/calibration_src_tanh_gaussian_0285.npz
calibration_src_softsign_laplace_0286,calibration,src_softsign_laplace,softsign,laplace,286,101187,0.25,1000,10,data/tasks/calibration_src_softsign_laplace_0286.npz
calibration_src_interaction_studentt8_0287,calibration,src_interaction_studentt8,interaction,student_t8,287,101188,0.5,1000,10,data/tasks/calibration_src_interaction_studentt8_0287.npz
calibration_src_rff_laplace_0288,calibration,src_rff_laplace,rff,laplace,288,101189,0.75,1000,10,data/tasks/calibration_src_rff_laplace_0288.npz
calibration_src_rff_gaussian_0289,calibration,src_rff_gaussian,rff,gaussian,289,101190,1.0,1000,10,data/tasks/calibration_src_rff_gaussian_0289.npz
calibration_src_tanh_laplace_0290,calibration,src_tanh_laplace,tanh,laplace,290,101191,0.0,1000,10,data/tasks/calibration_src_tanh_laplace_0290.npz
calibration_src_tanh_gaussian_0291,calibration,src_tanh_gaussian,tanh,gaussian,291,101192,0.25,1000,10,data/tasks/calibration_src_tanh_gaussian_0291.npz
calibration_src_softsign_laplace_0292,calibration,src_softsign_laplace,softsign,laplace,292,101193,0.5,1000,10,data/tasks/calibration_src_softsign_laplace_0292.npz
calibration_src_interaction_studentt8_0293,calibration,src_interaction_studentt8,interaction,student_t8,293,101194,0.75,1000,10,data/tasks/calibration_src_interaction_studentt8_0293.npz
calibration_src_rff_laplace_0294,calibration,src_rff_laplace,rff,laplace,294,101195,1.0,1000,10,data/tasks/calibration_src_rff_laplace_0294.npz
calibration_src_rff_gaussian_0295,calibration,src_rff_gaussian,rff,gaussian,295,101196,0.0,1000,10,data/tasks/calibration_src_rff_gaussian_0295.npz
calibration_src_tanh_laplace_0296,calibration,src_tanh_laplace,tanh,laplace,296,101197,0.25,1000,10,data/tasks/calibration_src_tanh_laplace_0296.npz
calibration_src_tanh_gaussian_0297,calibration,src_tanh_gaussian,tanh,gaussian,297,101198,0.5,1000,10,data/tasks/calibration_src_tanh_gaussian_0297.npz
calibration_src_softsign_laplace_0298,calibration,src_softsign_laplace,softsign,laplace,298,101199,0.75,1000,10,data/tasks/calibration_src_softsign_laplace_0298.npz
calibration_src_interaction_studentt8_0299,calibration,src_interaction_studentt8,interaction,student_t8,299,101200,1.0,1000,10,data/tasks/calibration_src_interaction_studentt8_0299.npz
calibration_src_rff_laplace_0300,calibration,src_rff_laplace,rff,laplace,300,101201,0.0,1000,10,data/tasks/calibration_src_rff_laplace_0300.npz
calibration_src_rff_gaussian_0301,calibration,src_rff_gaussian,rff,gaussian,301,101202,0.25,1000,10,data/tasks/calibration_src_rff_gaussian_0301.npz
calibration_src_tanh_laplace_0302,calibration,src_tanh_laplace,tanh,laplace,302,101203,0.5,1000,10,data/tasks/calibration_src_tanh_laplace_0302.npz
calibration_src_tanh_gaussian_0303,calibration,src_tanh_gaussian,tanh,gaussian,303,101204,0.75,1000,10,data/tasks/calibration_src_tanh_gaussian_0303.npz
calibration_src_softsign_laplace_0304,calibration,src_softsign_laplace,softsign,laplace,304,101205,1.0,1000,10,data/tasks/calibration_src_softsign_laplace_0304.npz
calibration_src_interaction_studentt8_0305,calibration,src_interaction_studentt8,interaction,student_t8,305,101206,0.0,1000,10,data/tasks/calibration_src_interaction_studentt8_0305.npz
calibration_src_rff_laplace_0306,calibration,src_rff_laplace,rff,laplace,306,101207,0.25,1000,10,data/tasks/calibration_src_rff_laplace_0306.npz
calibration_src_rff_gaussian_0307,calibration,src_rff_gaussian,rff,gaussian,307,101208,0.5,1000,10,data/tasks/calibration_src_rff_gaussian_0307.npz
calibration_src_tanh_laplace_0308,calibration,src_tanh_laplace,tanh,laplace,308,101209,0.75,1000,10,data/tasks/calibration_src_tanh_laplace_0308.npz
calibration_src_tanh_gaussian_0309,calibration,src_tanh_gaussian,tanh,gaussian,309,101210,1.0,1000,10,data/tasks/calibration_src_tanh_gaussian_0309.npz
calibration_src_softsign_laplace_0310,calibration,src_softsign_laplace,softsign,laplace,310,101211,0.0,1000,10,data/tasks/calibration_src_softsign_laplace_0310.npz
calibration_src_interaction_studentt8_0311,calibration,src_interaction_studentt8,interaction,student_t8,311,101212,0.25,1000,10,data/tasks/calibration_src_interaction_studentt8_0311.npz
calibration_src_rff_laplace_0312,calibration,src_rff_laplace,rff,laplace,312,101213,0.5,1000,10,data/tasks/calibration_src_rff_laplace_0312.npz
calibration_src_rff_gaussian_0313,calibration,src_rff_gaussian,rff,gaussian,313,101214,0.75,1000,10,data/tasks/calibration_src_rff_gaussian_0313.npz
calibration_src_tanh_laplace_0314,calibration,src_tanh_laplace,tanh,laplace,314,101215,1.0,1000,10,data/tasks/calibration_src_tanh_laplace_0314.npz
calibration_src_tanh_gaussian_0315,calibration,src_tanh_gaussian,tanh,gaussian,315,101216,0.0,1000,10,data/tasks/calibration_src_tanh_gaussian_0315.npz
calibration_src_softsign_laplace_0316,calibration,src_softsign_laplace,softsign,laplace,316,101217,0.25,1000,10,data/tasks/calibration_src_softsign_laplace_0316.npz
calibration_src_interaction_studentt8_0317,calibration,src_interaction_studentt8,interaction,student_t8,317,101218,0.5,1000,10,data/tasks/calibration_src_interaction_studentt8_0317.npz
calibration_src_rff_laplace_0318,calibration,src_rff_laplace,rff,laplace,318,101219,0.75,1000,10,data/tasks/calibration_src_rff_laplace_0318.npz
calibration_src_rff_gaussian_0319,calibration,src_rff_gaussian,rff,gaussian,319,101220,1.0,1000,10,data/tasks/calibration_src_rff_gaussian_0319.npz
calibration_src_tanh_laplace_0320,calibration,src_tanh_laplace,tanh,laplace,320,101221,0.0,1000,10,data/tasks/calibration_src_tanh_laplace_0320.npz
calibration_src_tanh_gaussian_0321,calibration,src_tanh_gaussian,tanh,gaussian,321,101222,0.25,1000,10,data/tasks/calibration_src_tanh_gaussian_0321.npz
calibration_src_softsign_laplace_0322,calibration,src_softsign_laplace,softsign,laplace,322,101223,0.5,1000,10,data/tasks/calibration_src_softsign_laplace_0322.npz
calibration_src_interaction_studentt8_0323,calibration,src_interaction_studentt8,interaction,student_t8,323,101224,0.75,1000,10,data/tasks/calibration_src_interaction_studentt8_0323.npz
calibration_src_rff_laplace_0324,calibration,src_rff_laplace,rff,laplace,324,101225,1.0,1000,10,data/tasks/calibration_src_rff_laplace_0324.npz
calibration_src_rff_gaussian_0325,calibration,src_rff_gaussian,rff,gaussian,325,101226,0.0,1000,10,data/tasks/calibration_src_rff_gaussian_0325.npz
calibration_src_tanh_laplace_0326,calibration,src_tanh_laplace,tanh,laplace,326,101227,0.25,1000,10,data/tasks/calibration_src_tanh_laplace_0326.npz
calibration_src_tanh_gaussian_0327,calibration,src_tanh_gaussian,tanh,gaussian,327,101228,0.5,1000,10,data/tasks/calibration_src_tanh_gaussian_0327.npz
calibration_src_softsign_laplace_0328,calibration,src_softsign_laplace,softsign,laplace,328,101229,0.75,1000,10,data/tasks/calibration_src_softsign_laplace_0328.npz
calibration_src_interaction_studentt8_0329,calibration,src_interaction_studentt8,interaction,student_t8,329,101230,1.0,1000,10,data/tasks/calibration_src_interaction_studentt8_0329.npz
calibration_src_rff_laplace_0330,calibration,src_rff_laplace,rff,laplace,330,101231,0.0,1000,10,data/tasks/calibration_src_rff_laplace_0330.npz
calibration_src_rff_gaussian_0331,calibration,src_rff_gaussian,rff,gaussian,331,101232,0.25,1000,10,data/tasks/calibration_src_rff_gaussian_0331.npz
calibration_src_tanh_laplace_0332,calibration,src_tanh_laplace,tanh,laplace,332,101233,0.5,1000,10,data/tasks/calibration_src_tanh_laplace_0332.npz
calibration_src_tanh_gaussian_0333,calibration,src_tanh_gaussian,tanh,gaussian,333,101234,0.75,1000,10,data/tasks/calibration_src_tanh_gaussian_0333.npz
calibration_src_softsign_laplace_0334,calibration,src_softsign_laplace,softsign,laplace,334,101235,1.0,1000,10,data/tasks/calibration_src_softsign_laplace_0334.npz
calibration_src_interaction_studentt8_0335,calibration,src_interaction_studentt8,interaction,student_t8,335,101236,0.0,1000,10,data/tasks/calibration_src_interaction_studentt8_0335.npz
calibration_src_rff_laplace_0336,calibration,src_rff_laplace,rff,laplace,336,101237,0.25,1000,10,data/tasks/calibration_src_rff_laplace_0336.npz
calibration_src_rff_gaussian_0337,calibration,src_rff_gaussian,rff,gaussian,337,101238,0.5,1000,10,data/tasks/calibration_src_rff_gaussian_0337.npz
calibration_src_tanh_laplace_0338,calibration,src_tanh_laplace,tanh,laplace,338,101239,0.75,1000,10,data/tasks/calibration_src_tanh_laplace_0338.npz
calibration_src_tanh_gaussian_0339,calibration,src_tanh_gaussian,tanh,gaussian,339,101240,1.0,1000,10,data/tasks/calibration_src_tanh_gaussian_0339.npz
calibration_src_softsign_laplace_0340,calibration,src_softsign_laplace,softsign,laplace,340,101241,0.0,1000,10,data/tasks/calibration_src_softsign_laplace_0340.npz
calibration_src_interaction_studentt8_0341,calibration,src_interaction_studentt8,interaction,student_t8,341,101242,0.25,1000,10,data/tasks/calibration_src_interaction_studentt8_0341.npz
calibration_src_rff_laplace_0342,calibration,src_rff_laplace,rff,laplace,342,101243,0.5,1000,10,data/tasks/calibration_src_rff_laplace_0342.npz
calibration_src_rff_gaussian_0343,calibration,src_rff_gaussian,rff,gaussian,343,101244,0.75,1000,10,data/tasks/calibration_src_rff_gaussian_0343.npz
calibration_src_tanh_laplace_0344,calibration,src_tanh_laplace,tanh,laplace,344,101245,1.0,1000,10,data/tasks/calibration_src_tanh_laplace_0344.npz
calibration_src_tanh_gaussian_0345,calibration,src_tanh_gaussian,tanh,gaussian,345,101246,0.0,1000,10,data/tasks/calibration_src_tanh_gaussian_0345.npz
calibration_src_softsign_laplace_0346,calibration,src_softsign_laplace,softsign,laplace,346,101247,0.25,1000,10,data/tasks/calibration_src_softsign_laplace_0346.npz
calibration_src_interaction_studentt8_0347,calibration,src_interaction_studentt8,interaction,student_t8,347,101248,0.5,1000,10,data/tasks/calibration_src_interaction_studentt8_0347.npz
calibration_src_rff_laplace_0348,calibration,src_rff_laplace,rff,laplace,348,101249,0.75,1000,10,data/tasks/calibration_src_rff_laplace_0348.npz
calibration_src_rff_gaussian_0349,calibration,src_rff_gaussian,rff,gaussian,349,101250,1.0,1000,10,data/tasks/calibration_src_rff_gaussian_0349.npz
calibration_src_tanh_laplace_0350,calibration,src_tanh_laplace,tanh,laplace,350,101251,0.0,1000,10,data/tasks/calibration_src_tanh_laplace_0350.npz
calibration_src_tanh_gaussian_0351,calibration,src_tanh_gaussian,tanh,gaussian,351,101252,0.25,1000,10,data/tasks/calibration_src_tanh_gaussian_0351.npz
calibration_src_softsign_laplace_0352,calibration,src_softsign_laplace,softsign,laplace,352,101253,0.5,1000,10,data/tasks/calibration_src_softsign_laplace_0352.npz
calibration_src_interaction_studentt8_0353,calibration,src_interaction_studentt8,interaction,student_t8,353,101254,0.75,1000,10,data/tasks/calibration_src_interaction_studentt8_0353.npz
calibration_src_rff_laplace_0354,calibration,src_rff_laplace,rff,laplace,354,101255,1.0,1000,10,data/tasks/calibration_src_rff_laplace_0354.npz
calibration_src_rff_gaussian_0355,calibration,src_rff_gaussian,rff,gaussian,355,101256,0.0,1000,10,data/tasks/calibration_src_rff_gaussian_0355.npz
calibration_src_tanh_laplace_0356,calibration,src_tanh_laplace,tanh,laplace,356,101257,0.25,1000,10,data/tasks/calibration_src_tanh_laplace_0356.npz
calibration_src_tanh_gaussian_0357,calibration,src_tanh_gaussian,tanh,gaussian,357,101258,0.5,1000,10,data/tasks/calibration_src_tanh_gaussian_0357.npz
calibration_src_softsign_laplace_0358,calibration,src_softsign_laplace,softsign,laplace,358,101259,0.75,1000,10,data/tasks/calibration_src_softsign_laplace_0358.npz
calibration_src_interaction_studentt8_0359,calibration,src_interaction_studentt8,interaction,student_t8,359,101260,1.0,1000,10,data/tasks/calibration_src_interaction_studentt8_0359.npz
calibration_src_rff_laplace_0360,calibration,src_rff_laplace,rff,laplace,360,101261,0.0,1000,10,data/tasks/calibration_src_rff_laplace_0360.npz
calibration_src_rff_gaussian_0361,calibration,src_rff_gaussian,rff,gaussian,361,101262,0.25,1000,10,data/tasks/calibration_src_rff_gaussian_0361.npz
calibration_src_tanh_laplace_0362,calibration,src_tanh_laplace,tanh,laplace,362,101263,0.5,1000,10,data/tasks/calibration_src_tanh_laplace_0362.npz
calibration_src_tanh_gaussian_0363,calibration,src_tanh_gaussian,tanh,gaussian,363,101264,0.75,1000,10,data/tasks/calibration_src_tanh_gaussian_0363.npz
calibration_src_softsign_laplace_0364,calibration,src_softsign_laplace,softsign,laplace,364,101265,1.0,1000,10,data/tasks/calibration_src_softsign_laplace_0364.npz
calibration_src_interaction_studentt8_0365,calibration,src_interaction_studentt8,interaction,student_t8,365,101266,0.0,1000,10,data/tasks/calibration_src_interaction_studentt8_0365.npz
calibration_src_rff_laplace_0366,calibration,src_rff_laplace,rff,laplace,366,101267,0.25,1000,10,data/tasks/calibration_src_rff_laplace_0366.npz
calibration_src_rff_gaussian_0367,calibration,src_rff_gaussian,rff,gaussian,367,101268,0.5,1000,10,data/tasks/calibration_src_rff_gaussian_0367.npz
calibration_src_tanh_laplace_0368,calibration,src_tanh_laplace,tanh,laplace,368,101269,0.75,1000,10,data/tasks/calibration_src_tanh_laplace_0368.npz
calibration_src_tanh_gaussian_0369,calibration,src_tanh_gaussian,tanh,gaussian,369,101270,1.0,1000,10,data/tasks/calibration_src_tanh_gaussian_0369.npz
calibration_src_softsign_laplace_0370,calibration,src_softsign_laplace,softsign,laplace,370,101271,0.0,1000,10,data/tasks/calibration_src_softsign_laplace_0370.npz
calibration_src_interaction_studentt8_0371,calibration,src_interaction_studentt8,interaction,student_t8,371,101272,0.25,1000,10,data/tasks/calibration_src_interaction_studentt8_0371.npz
calibration_src_rff_laplace_0372,calibration,src_rff_laplace,rff,laplace,372,101273,0.5,1000,10,data/tasks/calibration_src_rff_laplace_0372.npz
calibration_src_rff_gaussian_0373,calibration,src_rff_gaussian,rff,gaussian,373,101274,0.75,1000,10,data/tasks/calibration_src_rff_gaussian_0373.npz
calibration_src_tanh_laplace_0374,calibration,src_tanh_laplace,tanh,laplace,374,101275,1.0,1000,10,data/tasks/calibration_src_tanh_laplace_0374.npz
calibration_src_tanh_gaussian_0375,calibration,src_tanh_gaussian,tanh,gaussian,375,101276,0.0,1000,10,data/tasks/calibration_src_tanh_gaussian_0375.npz
calibration_src_softsign_laplace_0376,calibration,src_softsign_laplace,softsign,laplace,376,101277,0.25,1000,10,data/tasks/calibration_src_softsign_laplace_0376.npz
calibration_src_interaction_studentt8_0377,calibration,src_interaction_studentt8,interaction,student_t8,377,101278,0.5,1000,10,data/tasks/calibration_src_interaction_studentt8_0377.npz
calibration_src_rff_laplace_0378,calibration,src_rff_laplace,rff,laplace,378,101279,0.75,1000,10,data/tasks/calibration_src_rff_laplace_0378.npz
calibration_src_rff_gaussian_0379,calibration,src_rff_gaussian,rff,gaussian,379,101280,1.0,1000,10,data/tasks/calibration_src_rff_gaussian_0379.npz
calibration_src_tanh_laplace_0380,calibration,src_tanh_laplace,tanh,laplace,380,101281,0.0,1000,10,data/tasks/calibration_src_tanh_laplace_0380.npz
calibration_src_tanh_gaussian_0381,calibration,src_tanh_gaussian,tanh,gaussian,381,101282,0.25,1000,10,data/tasks/calibration_src_tanh_gaussian_0381.npz
calibration_src_softsign_laplace_0382,calibration,src_softsign_laplace,softsign,laplace,382,101283,0.5,1000,10,data/tasks/calibration_src_softsign_laplace_0382.npz
calibration_src_interaction_studentt8_0383,calibration,src_interaction_studentt8,interaction,student_t8,383,101284,0.75,1000,10,data/tasks/calibration_src_interaction_studentt8_0383.npz
calibration_src_rff_laplace_0384,calibration,src_rff_laplace,rff,laplace,384,101285,1.0,1000,10,data/tasks/calibration_src_rff_laplace_0384.npz
calibration_src_rff_gaussian_0385,calibration,src_rff_gaussian,rff,gaussian,385,101286,0.0,1000,10,data/tasks/calibration_src_rff_gaussian_0385.npz
calibration_src_tanh_laplace_0386,calibration,src_tanh_laplace,tanh,laplace,386,101287,0.25,1000,10,data/tasks/calibration_src_tanh_laplace_0386.npz
calibration_src_tanh_gaussian_0387,calibration,src_tanh_gaussian,tanh,gaussian,387,101288,0.5,1000,10,data/tasks/calibration_src_tanh_gaussian_0387.npz
calibration_src_softsign_laplace_0388,calibration,src_softsign_laplace,softsign,laplace,388,101289,0.75,1000,10,data/tasks/calibration_src_softsign_laplace_0388.npz
calibration_src_interaction_studentt8_0389,calibration,src_interaction_studentt8,interaction,student_t8,389,101290,1.0,1000,10,data/tasks/calibration_src_interaction_studentt8_0389.npz
calibration_src_rff_laplace_0390,calibration,src_rff_laplace,rff,laplace,390,101291,0.0,1000,10,data/tasks/calibration_src_rff_laplace_0390.npz
calibration_src_rff_gaussian_0391,calibration,src_rff_gaussian,rff,gaussian,391,101292,0.25,1000,10,data/tasks/calibration_src_rff_gaussian_0391.npz
calibration_src_tanh_laplace_0392,calibration,src_tanh_laplace,tanh,laplace,392,101293,0.5,1000,10,data/tasks/calibration_src_tanh_laplace_0392.npz
calibration_src_tanh_gaussian_0393,calibration,src_tanh_gaussian,tanh,gaussian,393,101294,0.75,1000,10,data/tasks/calibration_src_tanh_gaussian_0393.npz
calibration_src_softsign_laplace_0394,calibration,src_softsign_laplace,softsign,laplace,394,101295,1.0,1000,10,data/tasks/calibration_src_softsign_laplace_0394.npz
calibration_src_interaction_studentt8_0395,calibration,src_interaction_studentt8,interaction,student_t8,395,101296,0.0,1000,10,data/tasks/calibration_src_interaction_studentt8_0395.npz
calibration_src_rff_laplace_0396,calibration,src_rff_laplace,rff,laplace,396,101297,0.25,1000,10,data/tasks/calibration_src_rff_laplace_0396.npz
calibration_src_rff_gaussian_0397,calibration,src_rff_gaussian,rff,gaussian,397,101298,0.5,1000,10,data/tasks/calibration_src_rff_gaussian_0397.npz
calibration_src_tanh_laplace_0398,calibration,src_tanh_laplace,tanh,laplace,398,101299,0.75,1000,10,data/tasks/calibration_src_tanh_laplace_0398.npz
calibration_src_tanh_gaussian_0399,calibration,src_tanh_gaussian,tanh,gaussian,399,101300,1.0,1000,10,data/tasks/calibration_src_tanh_gaussian_0399.npz
calibration_src_softsign_laplace_0400,calibration,src_softsign_laplace,softsign,laplace,400,101301,0.0,1000,10,data/tasks/calibration_src_softsign_laplace_0400.npz
calibration_src_interaction_studentt8_0401,calibration,src_interaction_studentt8,interaction,student_t8,401,101302,0.25,1000,10,data/tasks/calibration_src_interaction_studentt8_0401.npz
calibration_src_rff_laplace_0402,calibration,src_rff_laplace,rff,laplace,402,101303,0.5,1000,10,data/tasks/calibration_src_rff_laplace_0402.npz
calibration_src_rff_gaussian_0403,calibration,src_rff_gaussian,rff,gaussian,403,101304,0.75,1000,10,data/tasks/calibration_src_rff_gaussian_0403.npz
calibration_src_tanh_laplace_0404,calibration,src_tanh_laplace,tanh,laplace,404,101305,1.0,1000,10,data/tasks/calibration_src_tanh_laplace_0404.npz
calibration_src_tanh_gaussian_0405,calibration,src_tanh_gaussian,tanh,gaussian,405,101306,0.0,1000,10,data/tasks/calibration_src_tanh_gaussian_0405.npz
calibration_src_softsign_laplace_0406,calibration,src_softsign_laplace,softsign,laplace,406,101307,0.25,1000,10,data/tasks/calibration_src_softsign_laplace_0406.npz
calibration_src_interaction_studentt8_0407,calibration,src_interaction_studentt8,interaction,student_t8,407,101308,0.5,1000,10,data/tasks/calibration_src_interaction_studentt8_0407.npz
calibration_src_rff_laplace_0408,calibration,src_rff_laplace,rff,laplace,408,101309,0.75,1000,10,data/tasks/calibration_src_rff_laplace_0408.npz
calibration_src_rff_gaussian_0409,calibration,src_rff_gaussian,rff,gaussian,409,101310,1.0,1000,10,data/tasks/calibration_src_rff_gaussian_0409.npz
calibration_src_tanh_laplace_0410,calibration,src_tanh_laplace,tanh,laplace,410,101311,0.0,1000,10,data/tasks/calibration_src_tanh_laplace_0410.npz
calibration_src_tanh_gaussian_0411,calibration,src_tanh_gaussian,tanh,gaussian,411,101312,0.25,1000,10,data/tasks/calibration_src_tanh_gaussian_0411.npz
calibration_src_softsign_laplace_0412,calibration,src_softsign_laplace,softsign,laplace,412,101313,0.5,1000,10,data/tasks/calibration_src_softsign_laplace_0412.npz
calibration_src_interaction_studentt8_0413,calibration,src_interaction_studentt8,interaction,student_t8,413,101314,0.75,1000,10,data/tasks/calibration_src_interaction_studentt8_0413.npz
calibration_src_rff_laplace_0414,calibration,src_rff_laplace,rff,laplace,414,101315,1.0,1000,10,data/tasks/calibration_src_rff_laplace_0414.npz
calibration_src_rff_gaussian_0415,calibration,src_rff_gaussian,rff,gaussian,415,101316,0.0,1000,10,data/tasks/calibration_src_rff_gaussian_0415.npz
calibration_src_tanh_laplace_0416,calibration,src_tanh_laplace,tanh,laplace,416,101317,0.25,1000,10,data/tasks/calibration_src_tanh_laplace_0416.npz
calibration_src_tanh_gaussian_0417,calibration,src_tanh_gaussian,tanh,gaussian,417,101318,0.5,1000,10,data/tasks/calibration_src_tanh_gaussian_0417.npz
calibration_src_softsign_laplace_0418,calibration,src_softsign_laplace,softsign,laplace,418,101319,0.75,1000,10,data/tasks/calibration_src_softsign_laplace_0418.npz
calibration_src_interaction_studentt8_0419,calibration,src_interaction_studentt8,interaction,student_t8,419,101320,1.0,1000,10,data/tasks/calibration_src_interaction_studentt8_0419.npz
calibration_src_rff_laplace_0420,calibration,src_rff_laplace,rff,laplace,420,101321,0.0,1000,10,data/tasks/calibration_src_rff_laplace_0420.npz
calibration_src_rff_gaussian_0421,calibration,src_rff_gaussian,rff,gaussian,421,101322,0.25,1000,10,data/tasks/calibration_src_rff_gaussian_0421.npz
calibration_src_tanh_laplace_0422,calibration,src_tanh_laplace,tanh,laplace,422,101323,0.5,1000,10,data/tasks/calibration_src_tanh_laplace_0422.npz
calibration_src_tanh_gaussian_0423,calibration,src_tanh_gaussian,tanh,gaussian,423,101324,0.75,1000,10,data/tasks/calibration_src_tanh_gaussian_0423.npz
calibration_src_softsign_laplace_0424,calibration,src_softsign_laplace,softsign,laplace,424,101325,1.0,1000,10,data/tasks/calibration_src_softsign_laplace_0424.npz
calibration_src_interaction_studentt8_0425,calibration,src_interaction_studentt8,interaction,student_t8,425,101326,0.0,1000,10,data/tasks/calibration_src_interaction_studentt8_0425.npz
calibration_src_rff_laplace_0426,calibration,src_rff_laplace,rff,laplace,426,101327,0.25,1000,10,data/tasks/calibration_src_rff_laplace_0426.npz
calibration_src_rff_gaussian_0427,calibration,src_rff_gaussian,rff,gaussian,427,101328,0.5,1000,10,data/tasks/calibration_src_rff_gaussian_0427.npz
calibration_src_tanh_laplace_0428,calibration,src_tanh_laplace,tanh,laplace,428,101329,0.75,1000,10,data/tasks/calibration_src_tanh_laplace_0428.npz
calibration_src_tanh_gaussian_0429,calibration,src_tanh_gaussian,tanh,gaussian,429,101330,1.0,1000,10,data/tasks/calibration_src_tanh_gaussian_0429.npz
calibration_src_softsign_laplace_0430,calibration,src_softsign_laplace,softsign,laplace,430,101331,0.0,1000,10,data/tasks/calibration_src_softsign_laplace_0430.npz
calibration_src_interaction_studentt8_0431,calibration,src_interaction_studentt8,interaction,student_t8,431,101332,0.25,1000,10,data/tasks/calibration_src_interaction_studentt8_0431.npz
calibration_src_rff_laplace_0432,calibration,src_rff_laplace,rff,laplace,432,101333,0.5,1000,10,data/tasks/calibration_src_rff_laplace_0432.npz
calibration_src_rff_gaussian_0433,calibration,src_rff_gaussian,rff,gaussian,433,101334,0.75,1000,10,data/tasks/calibration_src_rff_gaussian_0433.npz
calibration_src_tanh_laplace_0434,calibration,src_tanh_laplace,tanh,laplace,434,101335,1.0,1000,10,data/tasks/calibration_src_tanh_laplace_0434.npz
calibration_src_tanh_gaussian_0435,calibration,src_tanh_gaussian,tanh,gaussian,435,101336,0.0,1000,10,data/tasks/calibration_src_tanh_gaussian_0435.npz
calibration_src_softsign_laplace_0436,calibration,src_softsign_laplace,softsign,laplace,436,101337,0.25,1000,10,data/tasks/calibration_src_softsign_laplace_0436.npz
calibration_src_interaction_studentt8_0437,calibration,src_interaction_studentt8,interaction,student_t8,437,101338,0.5,1000,10,data/tasks/calibration_src_interaction_studentt8_0437.npz
calibration_src_rff_laplace_0438,calibration,src_rff_laplace,rff,laplace,438,101339,0.75,1000,10,data/tasks/calibration_src_rff_laplace_0438.npz
calibration_src_rff_gaussian_0439,calibration,src_rff_gaussian,rff,gaussian,439,101340,1.0,1000,10,data/tasks/calibration_src_rff_gaussian_0439.npz
calibration_src_tanh_laplace_0440,calibration,src_tanh_laplace,tanh,laplace,440,101341,0.0,1000,10,data/tasks/calibration_src_tanh_laplace_0440.npz
calibration_src_tanh_gaussian_0441,calibration,src_tanh_gaussian,tanh,gaussian,441,101342,0.25,1000,10,data/tasks/calibration_src_tanh_gaussian_0441.npz
calibration_src_softsign_laplace_0442,calibration,src_softsign_laplace,softsign,laplace,442,101343,0.5,1000,10,data/tasks/calibration_src_softsign_laplace_0442.npz
calibration_src_interaction_studentt8_0443,calibration,src_interaction_studentt8,interaction,student_t8,443,101344,0.75,1000,10,data/tasks/calibration_src_interaction_studentt8_0443.npz
calibration_src_rff_laplace_0444,calibration,src_rff_laplace,rff,laplace,444,101345,1.0,1000,10,data/tasks/calibration_src_rff_laplace_0444.npz
calibration_src_rff_gaussian_0445,calibration,src_rff_gaussian,rff,gaussian,445,101346,0.0,1000,10,data/tasks/calibration_src_rff_gaussian_0445.npz
calibration_src_tanh_laplace_0446,calibration,src_tanh_laplace,tanh,laplace,446,101347,0.25,1000,10,data/tasks/calibration_src_tanh_laplace_0446.npz
calibration_src_tanh_gaussian_0447,calibration,src_tanh_gaussian,tanh,gaussian,447,101348,0.5,1000,10,data/tasks/calibration_src_tanh_gaussian_0447.npz
calibration_src_softsign_laplace_0448,calibration,src_softsign_laplace,softsign,laplace,448,101349,0.75,1000,10,data/tasks/calibration_src_softsign_laplace_0448.npz
calibration_src_interaction_studentt8_0449,calibration,src_interaction_studentt8,interaction,student_t8,449,101350,1.0,1000,10,data/tasks/calibration_src_interaction_studentt8_0449.npz
calibration_src_rff_laplace_0450,calibration,src_rff_laplace,rff,laplace,450,101351,0.0,1000,10,data/tasks/calibration_src_rff_laplace_0450.npz
calibration_src_rff_gaussian_0451,calibration,src_rff_gaussian,rff,gaussian,451,101352,0.25,1000,10,data/tasks/calibration_src_rff_gaussian_0451.npz
calibration_src_tanh_laplace_0452,calibration,src_tanh_laplace,tanh,laplace,452,101353,0.5,1000,10,data/tasks/calibration_src_tanh_laplace_0452.npz
calibration_src_tanh_gaussian_0453,calibration,src_tanh_gaussian,tanh,gaussian,453,101354,0.75,1000,10,data/tasks/calibration_src_tanh_gaussian_0453.npz
calibration_src_softsign_laplace_0454,calibration,src_softsign_laplace,softsign,laplace,454,101355,1.0,1000,10,data/tasks/calibration_src_softsign_laplace_0454.npz
calibration_src_interaction_studentt8_0455,calibration,src_interaction_studentt8,interaction,student_t8,455,101356,0.0,1000,10,data/tasks/calibration_src_interaction_studentt8_0455.npz
calibration_src_rff_laplace_0456,calibration,src_rff_laplace,rff,laplace,456,101357,0.25,1000,10,data/tasks/calibration_src_rff_laplace_0456.npz
calibration_src_rff_gaussian_0457,calibration,src_rff_gaussian,rff,gaussian,457,101358,0.5,1000,10,data/tasks/calibration_src_rff_gaussian_0457.npz
calibration_src_tanh_laplace_0458,calibration,src_tanh_laplace,tanh,laplace,458,101359,0.75,1000,10,data/tasks/calibration_src_tanh_laplace_0458.npz
calibration_src_tanh_gaussian_0459,calibration,src_tanh_gaussian,tanh,gaussian,459,101360,1.0,1000,10,data/tasks/calibration_src_tanh_gaussian_0459.npz
calibration_src_softsign_laplace_0460,calibration,src_softsign_laplace,softsign,laplace,460,101361,0.0,1000,10,data/tasks/calibration_src_softsign_laplace_0460.npz
calibration_src_interaction_studentt8_0461,calibration,src_interaction_studentt8,interaction,student_t8,461,101362,0.25,1000,10,data/tasks/calibration_src_interaction_studentt8_0461.npz
calibration_src_rff_laplace_0462,calibration,src_rff_laplace,rff,laplace,462,101363,0.5,1000,10,data/tasks/calibration_src_rff_laplace_0462.npz
calibration_src_rff_gaussian_0463,calibration,src_rff_gaussian,rff,gaussian,463,101364,0.75,1000,10,data/tasks/calibration_src_rff_gaussian_0463.npz
calibration_src_tanh_laplace_0464,calibration,src_tanh_laplace,tanh,laplace,464,101365,1.0,1000,10,data/tasks/calibration_src_tanh_laplace_0464.npz
calibration_src_tanh_gaussian_0465,calibration,src_tanh_gaussian,tanh,gaussian,465,101366,0.0,1000,10,data/tasks/calibration_src_tanh_gaussian_0465.npz
calibration_src_softsign_laplace_0466,calibration,src_softsign_laplace,softsign,laplace,466,101367,0.25,1000,10,data/tasks/calibration_src_softsign_laplace_0466.npz
calibration_src_interaction_studentt8_0467,calibration,src_interaction_studentt8,interaction,student_t8,467,101368,0.5,1000,10,data/tasks/calibration_src_interaction_studentt8_0467.npz
calibration_src_rff_laplace_0468,calibration,src_rff_laplace,rff,laplace,468,101369,0.75,1000,10,data/tasks/calibration_src_rff_laplace_0468.npz
calibration_src_rff_gaussian_0469,calibration,src_rff_gaussian,rff,gaussian,469,101370,1.0,1000,10,data/tasks/calibration_src_rff_gaussian_0469.npz
calibration_src_tanh_laplace_0470,calibration,src_tanh_laplace,tanh,laplace,470,101371,0.0,1000,10,data/tasks/calibration_src_tanh_laplace_0470.npz
calibration_src_tanh_gaussian_0471,calibration,src_tanh_gaussian,tanh,gaussian,471,101372,0.25,1000,10,data/tasks/calibration_src_tanh_gaussian_0471.npz
calibration_src_softsign_laplace_0472,calibration,src_softsign_laplace,softsign,laplace,472,101373,0.5,1000,10,data/tasks/calibration_src_softsign_laplace_0472.npz
calibration_src_interaction_studentt8_0473,calibration,src_interaction_studentt8,interaction,student_t8,473,101374,0.75,1000,10,data/tasks/calibration_src_interaction_studentt8_0473.npz
calibration_src_rff_laplace_0474,calibration,src_rff_laplace,rff,laplace,474,101375,1.0,1000,10,data/tasks/calibration_src_rff_laplace_0474.npz
calibration_src_rff_gaussian_0475,calibration,src_rff_gaussian,rff,gaussian,475,101376,0.0,1000,10,data/tasks/calibration_src_rff_gaussian_0475.npz
calibration_src_tanh_laplace_0476,calibration,src_tanh_laplace,tanh,laplace,476,101377,0.25,1000,10,data/tasks/calibration_src_tanh_laplace_0476.npz
calibration_src_tanh_gaussian_0477,calibration,src_tanh_gaussian,tanh,gaussian,477,101378,0.5,1000,10,data/tasks/calibration_src_tanh_gaussian_0477.npz
calibration_src_softsign_laplace_0478,calibration,src_softsign_laplace,softsign,laplace,478,101379,0.75,1000,10,data/tasks/calibration_src_softsign_laplace_0478.npz
calibration_src_interaction_studentt8_0479,calibration,src_interaction_studentt8,interaction,student_t8,479,101380,1.0,1000,10,data/tasks/calibration_src_interaction_studentt8_0479.npz
calibration_src_rff_laplace_0480,calibration,src_rff_laplace,rff,laplace,480,101381,0.0,1000,10,data/tasks/calibration_src_rff_laplace_0480.npz
calibration_src_rff_gaussian_0481,calibration,src_rff_gaussian,rff,gaussian,481,101382,0.25,1000,10,data/tasks/calibration_src_rff_gaussian_0481.npz
calibration_src_tanh_laplace_0482,calibration,src_tanh_laplace,tanh,laplace,482,101383,0.5,1000,10,data/tasks/calibration_src_tanh_laplace_0482.npz
calibration_src_tanh_gaussian_0483,calibration,src_tanh_gaussian,tanh,gaussian,483,101384,0.75,1000,10,data/tasks/calibration_src_tanh_gaussian_0483.npz
calibration_src_softsign_laplace_0484,calibration,src_softsign_laplace,softsign,laplace,484,101385,1.0,1000,10,data/tasks/calibration_src_softsign_laplace_0484.npz
calibration_src_interaction_studentt8_0485,calibration,src_interaction_studentt8,interaction,student_t8,485,101386,0.0,1000,10,data/tasks/calibration_src_interaction_studentt8_0485.npz
calibration_src_rff_laplace_0486,calibration,src_rff_laplace,rff,laplace,486,101387,0.25,1000,10,data/tasks/calibration_src_rff_laplace_0486.npz
calibration_src_rff_gaussian_0487,calibration,src_rff_gaussian,rff,gaussian,487,101388,0.5,1000,10,data/tasks/calibration_src_rff_gaussian_0487.npz
calibration_src_tanh_laplace_0488,calibration,src_tanh_laplace,tanh,laplace,488,101389,0.75,1000,10,data/tasks/calibration_src_tanh_laplace_0488.npz
calibration_src_tanh_gaussian_0489,calibration,src_tanh_gaussian,tanh,gaussian,489,101390,1.0,1000,10,data/tasks/calibration_src_tanh_gaussian_0489.npz
calibration_src_softsign_laplace_0490,calibration,src_softsign_laplace,softsign,laplace,490,101391,0.0,1000,10,data/tasks/calibration_src_softsign_laplace_0490.npz
calibration_src_interaction_studentt8_0491,calibration,src_interaction_studentt8,interaction,student_t8,491,101392,0.25,1000,10,data/tasks/calibration_src_interaction_studentt8_0491.npz
calibration_src_rff_laplace_0492,calibration,src_rff_laplace,rff,laplace,492,101393,0.5,1000,10,data/tasks/calibration_src_rff_laplace_0492.npz
calibration_src_rff_gaussian_0493,calibration,src_rff_gaussian,rff,gaussian,493,101394,0.75,1000,10,data/tasks/calibration_src_rff_gaussian_0493.npz
calibration_src_tanh_laplace_0494,calibration,src_tanh_laplace,tanh,laplace,494,101395,1.0,1000,10,data/tasks/calibration_src_tanh_laplace_0494.npz
calibration_src_tanh_gaussian_0495,calibration,src_tanh_gaussian,tanh,gaussian,495,101396,0.0,1000,10,data/tasks/calibration_src_tanh_gaussian_0495.npz
calibration_src_softsign_laplace_0496,calibration,src_softsign_laplace,softsign,laplace,496,101397,0.25,1000,10,data/tasks/calibration_src_softsign_laplace_0496.npz
calibration_src_interaction_studentt8_0497,calibration,src_interaction_studentt8,interaction,student_t8,497,101398,0.5,1000,10,data/tasks/calibration_src_interaction_studentt8_0497.npz
calibration_src_rff_laplace_0498,calibration,src_rff_laplace,rff,laplace,498,101399,0.75,1000,10,data/tasks/calibration_src_rff_laplace_0498.npz
calibration_src_rff_gaussian_0499,calibration,src_rff_gaussian,rff,gaussian,499,101400,1.0,1000,10,data/tasks/calibration_src_rff_gaussian_0499.npz
calibration_src_tanh_laplace_0500,calibration,src_tanh_laplace,tanh,laplace,500,101401,0.0,1000,10,data/tasks/calibration_src_tanh_laplace_0500.npz
calibration_src_tanh_gaussian_0501,calibration,src_tanh_gaussian,tanh,gaussian,501,101402,0.25,1000,10,data/tasks/calibration_src_tanh_gaussian_0501.npz
calibration_src_softsign_laplace_0502,calibration,src_softsign_laplace,softsign,laplace,502,101403,0.5,1000,10,data/tasks/calibration_src_softsign_laplace_0502.npz
calibration_src_interaction_studentt8_0503,calibration,src_interaction_studentt8,interaction,student_t8,503,101404,0.75,1000,10,data/tasks/calibration_src_interaction_studentt8_0503.npz
calibration_src_rff_laplace_0504,calibration,src_rff_laplace,rff,laplace,504,101405,1.0,1000,10,data/tasks/calibration_src_rff_laplace_0504.npz
calibration_src_rff_gaussian_0505,calibration,src_rff_gaussian,rff,gaussian,505,101406,0.0,1000,10,data/tasks/calibration_src_rff_gaussian_0505.npz
calibration_src_tanh_laplace_0506,calibration,src_tanh_laplace,tanh,laplace,506,101407,0.25,1000,10,data/tasks/calibration_src_tanh_laplace_0506.npz
calibration_src_tanh_gaussian_0507,calibration,src_tanh_gaussian,tanh,gaussian,507,101408,0.5,1000,10,data/tasks/calibration_src_tanh_gaussian_0507.npz
calibration_src_softsign_laplace_0508,calibration,src_softsign_laplace,softsign,laplace,508,101409,0.75,1000,10,data/tasks/calibration_src_softsign_laplace_0508.npz
calibration_src_interaction_studentt8_0509,calibration,src_interaction_studentt8,interaction,student_t8,509,101410,1.0,1000,10,data/tasks/calibration_src_interaction_studentt8_0509.npz
calibration_src_rff_laplace_0510,calibration,src_rff_laplace,rff,laplace,510,101411,0.0,1000,10,data/tasks/calibration_src_rff_laplace_0510.npz
calibration_src_rff_gaussian_0511,calibration,src_rff_gaussian,rff,gaussian,511,101412,0.25,1000,10,data/tasks/calibration_src_rff_gaussian_0511.npz
calibration_src_tanh_laplace_0512,calibration,src_tanh_laplace,tanh,laplace,512,101413,0.5,1000,10,data/tasks/calibration_src_tanh_laplace_0512.npz
calibration_src_tanh_gaussian_0513,calibration,src_tanh_gaussian,tanh,gaussian,513,101414,0.75,1000,10,data/tasks/calibration_src_tanh_gaussian_0513.npz
calibration_src_softsign_laplace_0514,calibration,src_softsign_laplace,softsign,laplace,514,101415,1.0,1000,10,data/tasks/calibration_src_softsign_laplace_0514.npz
calibration_src_interaction_studentt8_0515,calibration,src_interaction_studentt8,interaction,student_t8,515,101416,0.0,1000,10,data/tasks/calibration_src_interaction_studentt8_0515.npz
calibration_src_rff_laplace_0516,calibration,src_rff_laplace,rff,laplace,516,101417,0.25,1000,10,data/tasks/calibration_src_rff_laplace_0516.npz
calibration_src_rff_gaussian_0517,calibration,src_rff_gaussian,rff,gaussian,517,101418,0.5,1000,10,data/tasks/calibration_src_rff_gaussian_0517.npz
calibration_src_tanh_laplace_0518,calibration,src_tanh_laplace,tanh,laplace,518,101419,0.75,1000,10,data/tasks/calibration_src_tanh_laplace_0518.npz
calibration_src_tanh_gaussian_0519,calibration,src_tanh_gaussian,tanh,gaussian,519,101420,1.0,1000,10,data/tasks/calibration_src_tanh_gaussian_0519.npz
calibration_src_softsign_laplace_0520,calibration,src_softsign_laplace,softsign,laplace,520,101421,0.0,1000,10,data/tasks/calibration_src_softsign_laplace_0520.npz
calibration_src_interaction_studentt8_0521,calibration,src_interaction_studentt8,interaction,student_t8,521,101422,0.25,1000,10,data/tasks/calibration_src_interaction_studentt8_0521.npz
calibration_src_rff_laplace_0522,calibration,src_rff_laplace,rff,laplace,522,101423,0.5,1000,10,data/tasks/calibration_src_rff_laplace_0522.npz
calibration_src_rff_gaussian_0523,calibration,src_rff_gaussian,rff,gaussian,523,101424,0.75,1000,10,data/tasks/calibration_src_rff_gaussian_0523.npz
calibration_src_tanh_laplace_0524,calibration,src_tanh_laplace,tanh,laplace,524,101425,1.0,1000,10,data/tasks/calibration_src_tanh_laplace_0524.npz
calibration_src_tanh_gaussian_0525,calibration,src_tanh_gaussian,tanh,gaussian,525,101426,0.0,1000,10,data/tasks/calibration_src_tanh_gaussian_0525.npz
calibration_src_softsign_laplace_0526,calibration,src_softsign_laplace,softsign,laplace,526,101427,0.25,1000,10,data/tasks/calibration_src_softsign_laplace_0526.npz
calibration_src_interaction_studentt8_0527,calibration,src_interaction_studentt8,interaction,student_t8,527,101428,0.5,1000,10,data/tasks/calibration_src_interaction_studentt8_0527.npz
calibration_src_rff_laplace_0528,calibration,src_rff_laplace,rff,laplace,528,101429,0.75,1000,10,data/tasks/calibration_src_rff_laplace_0528.npz
calibration_src_rff_gaussian_0529,calibration,src_rff_gaussian,rff,gaussian,529,101430,1.0,1000,10,data/tasks/calibration_src_rff_gaussian_0529.npz
calibration_src_tanh_laplace_0530,calibration,src_tanh_laplace,tanh,laplace,530,101431,0.0,1000,10,data/tasks/calibration_src_tanh_laplace_0530.npz
calibration_src_tanh_gaussian_0531,calibration,src_tanh_gaussian,tanh,gaussian,531,101432,0.25,1000,10,data/tasks/calibration_src_tanh_gaussian_0531.npz
calibration_src_softsign_laplace_0532,calibration,src_softsign_laplace,softsign,laplace,532,101433,0.5,1000,10,data/tasks/calibration_src_softsign_laplace_0532.npz
calibration_src_interaction_studentt8_0533,calibration,src_interaction_studentt8,interaction,student_t8,533,101434,0.75,1000,10,data/tasks/calibration_src_interaction_studentt8_0533.npz
calibration_src_rff_laplace_0534,calibration,src_rff_laplace,rff,laplace,534,101435,1.0,1000,10,data/tasks/calibration_src_rff_laplace_0534.npz
calibration_src_rff_gaussian_0535,calibration,src_rff_gaussian,rff,gaussian,535,101436,0.0,1000,10,data/tasks/calibration_src_rff_gaussian_0535.npz
calibration_src_tanh_laplace_0536,calibration,src_tanh_laplace,tanh,laplace,536,101437,0.25,1000,10,data/tasks/calibration_src_tanh_laplace_0536.npz
calibration_src_tanh_gaussian_0537,calibration,src_tanh_gaussian,tanh,gaussian,537,101438,0.5,1000,10,data/tasks/calibration_src_tanh_gaussian_0537.npz
calibration_src_softsign_laplace_0538,calibration,src_softsign_laplace,softsign,laplace,538,101439,0.75,1000,10,data/tasks/calibration_src_softsign_laplace_0538.npz
calibration_src_interaction_studentt8_0539,calibration,src_interaction_studentt8,interaction,student_t8,539,101440,1.0,1000,10,data/tasks/calibration_src_interaction_studentt8_0539.npz
calibration_src_rff_laplace_0540,calibration,src_rff_laplace,rff,laplace,540,101441,0.0,1000,10,data/tasks/calibration_src_rff_laplace_0540.npz
calibration_src_rff_gaussian_0541,calibration,src_rff_gaussian,rff,gaussian,541,101442,0.25,1000,10,data/tasks/calibration_src_rff_gaussian_0541.npz
calibration_src_tanh_laplace_0542,calibration,src_tanh_laplace,tanh,laplace,542,101443,0.5,1000,10,data/tasks/calibration_src_tanh_laplace_0542.npz
calibration_src_tanh_gaussian_0543,calibration,src_tanh_gaussian,tanh,gaussian,543,101444,0.75,1000,10,data/tasks/calibration_src_tanh_gaussian_0543.npz
calibration_src_softsign_laplace_0544,calibration,src_softsign_laplace,softsign,laplace,544,101445,1.0,1000,10,data/tasks/calibration_src_softsign_laplace_0544.npz
calibration_src_interaction_studentt8_0545,calibration,src_interaction_studentt8,interaction,student_t8,545,101446,0.0,1000,10,data/tasks/calibration_src_interaction_studentt8_0545.npz
calibration_src_rff_laplace_0546,calibration,src_rff_laplace,rff,laplace,546,101447,0.25,1000,10,data/tasks/calibration_src_rff_laplace_0546.npz
calibration_src_rff_gaussian_0547,calibration,src_rff_gaussian,rff,gaussian,547,101448,0.5,1000,10,data/tasks/calibration_src_rff_gaussian_0547.npz
calibration_src_tanh_laplace_0548,calibration,src_tanh_laplace,tanh,laplace,548,101449,0.75,1000,10,data/tasks/calibration_src_tanh_laplace_0548.npz
calibration_src_tanh_gaussian_0549,calibration,src_tanh_gaussian,tanh,gaussian,549,101450,1.0,1000,10,data/tasks/calibration_src_tanh_gaussian_0549.npz
calibration_src_softsign_laplace_0550,calibration,src_softsign_laplace,softsign,laplace,550,101451,0.0,1000,10,data/tasks/calibration_src_softsign_laplace_0550.npz
calibration_src_interaction_studentt8_0551,calibration,src_interaction_studentt8,interaction,student_t8,551,101452,0.25,1000,10,data/tasks/calibration_src_interaction_studentt8_0551.npz
calibration_src_rff_laplace_0552,calibration,src_rff_laplace,rff,laplace,552,101453,0.5,1000,10,data/tasks/calibration_src_rff_laplace_0552.npz
calibration_src_rff_gaussian_0553,calibration,src_rff_gaussian,rff,gaussian,553,101454,0.75,1000,10,data/tasks/calibration_src_rff_gaussian_0553.npz
calibration_src_tanh_laplace_0554,calibration,src_tanh_laplace,tanh,laplace,554,101455,1.0,1000,10,data/tasks/calibration_src_tanh_laplace_0554.npz
calibration_src_tanh_gaussian_0555,calibration,src_tanh_gaussian,tanh,gaussian,555,101456,0.0,1000,10,data/tasks/calibration_src_tanh_gaussian_0555.npz
calibration_src_softsign_laplace_0556,calibration,src_softsign_laplace,softsign,laplace,556,101457,0.25,1000,10,data/tasks/calibration_src_softsign_laplace_0556.npz
calibration_src_interaction_studentt8_0557,calibration,src_interaction_studentt8,interaction,student_t8,557,101458,0.5,1000,10,data/tasks/calibration_src_interaction_studentt8_0557.npz
calibration_src_rff_laplace_0558,calibration,src_rff_laplace,rff,laplace,558,101459,0.75,1000,10,data/tasks/calibration_src_rff_laplace_0558.npz
calibration_src_rff_gaussian_0559,calibration,src_rff_gaussian,rff,gaussian,559,101460,1.0,1000,10,data/tasks/calibration_src_rff_gaussian_0559.npz
calibration_src_tanh_laplace_0560,calibration,src_tanh_laplace,tanh,laplace,560,101461,0.0,1000,10,data/tasks/calibration_src_tanh_laplace_0560.npz
calibration_src_tanh_gaussian_0561,calibration,src_tanh_gaussian,tanh,gaussian,561,101462,0.25,1000,10,data/tasks/calibration_src_tanh_gaussian_0561.npz
calibration_src_softsign_laplace_0562,calibration,src_softsign_laplace,softsign,laplace,562,101463,0.5,1000,10,data/tasks/calibration_src_softsign_laplace_0562.npz
calibration_src_interaction_studentt8_0563,calibration,src_interaction_studentt8,interaction,student_t8,563,101464,0.75,1000,10,data/tasks/calibration_src_interaction_studentt8_0563.npz
calibration_src_rff_laplace_0564,calibration,src_rff_laplace,rff,laplace,564,101465,1.0,1000,10,data/tasks/calibration_src_rff_laplace_0564.npz
calibration_src_rff_gaussian_0565,calibration,src_rff_gaussian,rff,gaussian,565,101466,0.0,1000,10,data/tasks/calibration_src_rff_gaussian_0565.npz
calibration_src_tanh_laplace_0566,calibration,src_tanh_laplace,tanh,laplace,566,101467,0.25,1000,10,data/tasks/calibration_src_tanh_laplace_0566.npz
calibration_src_tanh_gaussian_0567,calibration,src_tanh_gaussian,tanh,gaussian,567,101468,0.5,1000,10,data/tasks/calibration_src_tanh_gaussian_0567.npz
calibration_src_softsign_laplace_0568,calibration,src_softsign_laplace,softsign,laplace,568,101469,0.75,1000,10,data/tasks/calibration_src_softsign_laplace_0568.npz
calibration_src_interaction_studentt8_0569,calibration,src_interaction_studentt8,interaction,student_t8,569,101470,1.0,1000,10,data/tasks/calibration_src_interaction_studentt8_0569.npz
calibration_src_rff_laplace_0570,calibration,src_rff_laplace,rff,laplace,570,101471,0.0,1000,10,data/tasks/calibration_src_rff_laplace_0570.npz
calibration_src_rff_gaussian_0571,calibration,src_rff_gaussian,rff,gaussian,571,101472,0.25,1000,10,data/tasks/calibration_src_rff_gaussian_0571.npz
calibration_src_tanh_laplace_0572,calibration,src_tanh_laplace,tanh,laplace,572,101473,0.5,1000,10,data/tasks/calibration_src_tanh_laplace_0572.npz
calibration_src_tanh_gaussian_0573,calibration,src_tanh_gaussian,tanh,gaussian,573,101474,0.75,1000,10,data/tasks/calibration_src_tanh_gaussian_0573.npz
calibration_src_softsign_laplace_0574,calibration,src_softsign_laplace,softsign,laplace,574,101475,1.0,1000,10,data/tasks/calibration_src_softsign_laplace_0574.npz
calibration_src_interaction_studentt8_0575,calibration,src_interaction_studentt8,interaction,student_t8,575,101476,0.0,1000,10,data/tasks/calibration_src_interaction_studentt8_0575.npz
calibration_src_rff_laplace_0576,calibration,src_rff_laplace,rff,laplace,576,101477,0.25,1000,10,data/tasks/calibration_src_rff_laplace_0576.npz
calibration_src_rff_gaussian_0577,calibration,src_rff_gaussian,rff,gaussian,577,101478,0.5,1000,10,data/tasks/calibration_src_rff_gaussian_0577.npz
calibration_src_tanh_laplace_0578,calibration,src_tanh_laplace,tanh,laplace,578,101479,0.75,1000,10,data/tasks/calibration_src_tanh_laplace_0578.npz
calibration_src_tanh_gaussian_0579,calibration,src_tanh_gaussian,tanh,gaussian,579,101480,1.0,1000,10,data/tasks/calibration_src_tanh_gaussian_0579.npz
calibration_src_softsign_laplace_0580,calibration,src_softsign_laplace,softsign,laplace,580,101481,0.0,1000,10,data/tasks/calibration_src_softsign_laplace_0580.npz
calibration_src_interaction_studentt8_0581,calibration,src_interaction_studentt8,interaction,student_t8,581,101482,0.25,1000,10,data/tasks/calibration_src_interaction_studentt8_0581.npz
calibration_src_rff_laplace_0582,calibration,src_rff_laplace,rff,laplace,582,101483,0.5,1000,10,data/tasks/calibration_src_rff_laplace_0582.npz
calibration_src_rff_gaussian_0583,calibration,src_rff_gaussian,rff,gaussian,583,101484,0.75,1000,10,data/tasks/calibration_src_rff_gaussian_0583.npz
calibration_src_tanh_laplace_0584,calibration,src_tanh_laplace,tanh,laplace,584,101485,1.0,1000,10,data/tasks/calibration_src_tanh_laplace_0584.npz
calibration_src_tanh_gaussian_0585,calibration,src_tanh_gaussian,tanh,gaussian,585,101486,0.0,1000,10,data/tasks/calibration_src_tanh_gaussian_0585.npz
calibration_src_softsign_laplace_0586,calibration,src_softsign_laplace,softsign,laplace,586,101487,0.25,1000,10,data/tasks/calibration_src_softsign_laplace_0586.npz
calibration_src_interaction_studentt8_0587,calibration,src_interaction_studentt8,interaction,student_t8,587,101488,0.5,1000,10,data/tasks/calibration_src_interaction_studentt8_0587.npz
calibration_src_rff_laplace_0588,calibration,src_rff_laplace,rff,laplace,588,101489,0.75,1000,10,data/tasks/calibration_src_rff_laplace_0588.npz
calibration_src_rff_gaussian_0589,calibration,src_rff_gaussian,rff,gaussian,589,101490,1.0,1000,10,data/tasks/calibration_src_rff_gaussian_0589.npz
calibration_src_tanh_laplace_0590,calibration,src_tanh_laplace,tanh,laplace,590,101491,0.0,1000,10,data/tasks/calibration_src_tanh_laplace_0590.npz
calibration_src_tanh_gaussian_0591,calibration,src_tanh_gaussian,tanh,gaussian,591,101492,0.25,1000,10,data/tasks/calibration_src_tanh_gaussian_0591.npz
calibration_src_softsign_laplace_0592,calibration,src_softsign_laplace,softsign,laplace,592,101493,0.5,1000,10,data/tasks/calibration_src_softsign_laplace_0592.npz
calibration_src_interaction_studentt8_0593,calibration,src_interaction_studentt8,interaction,student_t8,593,101494,0.75,1000,10,data/tasks/calibration_src_interaction_studentt8_0593.npz
calibration_src_rff_laplace_0594,calibration,src_rff_laplace,rff,laplace,594,101495,1.0,1000,10,data/tasks/calibration_src_rff_laplace_0594.npz
calibration_src_rff_gaussian_0595,calibration,src_rff_gaussian,rff,gaussian,595,101496,0.0,1000,10,data/tasks/calibration_src_rff_gaussian_0595.npz
calibration_src_tanh_laplace_0596,calibration,src_tanh_laplace,tanh,laplace,596,101497,0.25,1000,10,data/tasks/calibration_src_tanh_laplace_0596.npz
calibration_src_tanh_gaussian_0597,calibration,src_tanh_gaussian,tanh,gaussian,597,101498,0.5,1000,10,data/tasks/calibration_src_tanh_gaussian_0597.npz
calibration_src_softsign_laplace_0598,calibration,src_softsign_laplace,softsign,laplace,598,101499,0.75,1000,10,data/tasks/calibration_src_softsign_laplace_0598.npz
calibration_src_interaction_studentt8_0599,calibration,src_interaction_studentt8,interaction,student_t8,599,101500,1.0,1000,10,data/tasks/calibration_src_interaction_studentt8_0599.npz
test_tgt_rff_studentt3_0000,test,tgt_rff_studentt3,rff,student_t3,0,200000,0.0,1000,10,data/tasks/test_tgt_rff_studentt3_0000.npz
test_tgt_rff_studentt3_0001,test,tgt_rff_studentt3,rff,student_t3,1,200001,0.25,1000,10,data/tasks/test_tgt_rff_studentt3_0001.npz
test_tgt_rff_studentt3_0002,test,tgt_rff_studentt3,rff,student_t3,2,200002,0.5,1000,10,data/tasks/test_tgt_rff_studentt3_0002.npz
test_tgt_rff_studentt3_0003,test,tgt_rff_studentt3,rff,student_t3,3,200003,0.75,1000,10,data/tasks/test_tgt_rff_studentt3_0003.npz
test_tgt_rff_studentt3_0004,test,tgt_rff_studentt3,rff,student_t3,4,200004,1.0,1000,10,data/tasks/test_tgt_rff_studentt3_0004.npz
test_tgt_rff_studentt3_0005,test,tgt_rff_studentt3,rff,student_t3,5,200005,0.0,1000,10,data/tasks/test_tgt_rff_studentt3_0005.npz
test_tgt_rff_studentt3_0006,test,tgt_rff_studentt3,rff,student_t3,6,200006,0.25,1000,10,data/tasks/test_tgt_rff_studentt3_0006.npz
test_tgt_rff_studentt3_0007,test,tgt_rff_studentt3,rff,student_t3,7,200007,0.5,1000,10,data/tasks/test_tgt_rff_studentt3_0007.npz
test_tgt_rff_studentt3_0008,test,tgt_rff_studentt3,rff,student_t3,8,200008,0.75,1000,10,data/tasks/test_tgt_rff_studentt3_0008.npz
test_tgt_rff_studentt3_0009,test,tgt_rff_studentt3,rff,student_t3,9,200009,1.0,1000,10,data/tasks/test_tgt_rff_studentt3_0009.npz
test_tgt_rff_studentt3_0010,test,tgt_rff_studentt3,rff,student_t3,10,200010,0.0,1000,10,data/tasks/test_tgt_rff_studentt3_0010.npz
test_tgt_rff_studentt3_0011,test,tgt_rff_studentt3,rff,student_t3,11,200011,0.25,1000,10,data/tasks/test_tgt_rff_studentt3_0011.npz
test_tgt_rff_studentt3_0012,test,tgt_rff_studentt3,rff,student_t3,12,200012,0.5,1000,10,data/tasks/test_tgt_rff_studentt3_0012.npz
test_tgt_rff_studentt3_0013,test,tgt_rff_studentt3,rff,student_t3,13,200013,0.75,1000,10,data/tasks/test_tgt_rff_studentt3_0013.npz
test_tgt_rff_studentt3_0014,test,tgt_rff_studentt3,rff,student_t3,14,200014,1.0,1000,10,data/tasks/test_tgt_rff_studentt3_0014.npz
test_tgt_rff_studentt3_0015,test,tgt_rff_studentt3,rff,student_t3,15,200015,0.0,1000,10,data/tasks/test_tgt_rff_studentt3_0015.npz
test_tgt_rff_studentt3_0016,test,tgt_rff_studentt3,rff,student_t3,16,200016,0.25,1000,10,data/tasks/test_tgt_rff_studentt3_0016.npz
test_tgt_rff_studentt3_0017,test,tgt_rff_studentt3,rff,student_t3,17,200017,0.5,1000,10,data/tasks/test_tgt_rff_studentt3_0017.npz
test_tgt_rff_studentt3_0018,test,tgt_rff_studentt3,rff,student_t3,18,200018,0.75,1000,10,data/tasks/test_tgt_rff_studentt3_0018.npz
test_tgt_rff_studentt3_0019,test,tgt_rff_studentt3,rff,student_t3,19,200019,1.0,1000,10,data/tasks/test_tgt_rff_studentt3_0019.npz
test_tgt_rff_studentt3_0020,test,tgt_rff_studentt3,rff,student_t3,20,200020,0.0,1000,10,data/tasks/test_tgt_rff_studentt3_0020.npz
test_tgt_rff_studentt3_0021,test,tgt_rff_studentt3,rff,student_t3,21,200021,0.25,1000,10,data/tasks/test_tgt_rff_studentt3_0021.npz
test_tgt_rff_studentt3_0022,test,tgt_rff_studentt3,rff,student_t3,22,200022,0.5,1000,10,data/tasks/test_tgt_rff_studentt3_0022.npz
test_tgt_rff_studentt3_0023,test,tgt_rff_studentt3,rff,student_t3,23,200023,0.75,1000,10,data/tasks/test_tgt_rff_studentt3_0023.npz
test_tgt_rff_studentt3_0024,test,tgt_rff_studentt3,rff,student_t3,24,200024,1.0,1000,10,data/tasks/test_tgt_rff_studentt3_0024.npz
test_tgt_rff_studentt3_0025,test,tgt_rff_studentt3,rff,student_t3,25,200025,0.0,1000,10,data/tasks/test_tgt_rff_studentt3_0025.npz
test_tgt_rff_studentt3_0026,test,tgt_rff_studentt3,rff,student_t3,26,200026,0.25,1000,10,data/tasks/test_tgt_rff_studentt3_0026.npz
test_tgt_rff_studentt3_0027,test,tgt_rff_studentt3,rff,student_t3,27,200027,0.5,1000,10,data/tasks/test_tgt_rff_studentt3_0027.npz
test_tgt_rff_studentt3_0028,test,tgt_rff_studentt3,rff,student_t3,28,200028,0.75,1000,10,data/tasks/test_tgt_rff_studentt3_0028.npz
test_tgt_rff_studentt3_0029,test,tgt_rff_studentt3,rff,student_t3,29,200029,1.0,1000,10,data/tasks/test_tgt_rff_studentt3_0029.npz
test_tgt_rff_studentt3_0030,test,tgt_rff_studentt3,rff,student_t3,30,200030,0.0,1000,10,data/tasks/test_tgt_rff_studentt3_0030.npz
test_tgt_rff_studentt3_0031,test,tgt_rff_studentt3,rff,student_t3,31,200031,0.25,1000,10,data/tasks/test_tgt_rff_studentt3_0031.npz
test_tgt_rff_studentt3_0032,test,tgt_rff_studentt3,rff,student_t3,32,200032,0.5,1000,10,data/tasks/test_tgt_rff_studentt3_0032.npz
test_tgt_rff_studentt3_0033,test,tgt_rff_studentt3,rff,student_t3,33,200033,0.75,1000,10,data/tasks/test_tgt_rff_studentt3_0033.npz
test_tgt_rff_studentt3_0034,test,tgt_rff_studentt3,rff,student_t3,34,200034,1.0,1000,10,data/tasks/test_tgt_rff_studentt3_0034.npz
test_tgt_rff_studentt3_0035,test,tgt_rff_studentt3,rff,student_t3,35,200035,0.0,1000,10,data/tasks/test_tgt_rff_studentt3_0035.npz
test_tgt_rff_studentt3_0036,test,tgt_rff_studentt3,rff,student_t3,36,200036,0.25,1000,10,data/tasks/test_tgt_rff_studentt3_0036.npz
test_tgt_rff_studentt3_0037,test,tgt_rff_studentt3,rff,student_t3,37,200037,0.5,1000,10,data/tasks/test_tgt_rff_studentt3_0037.npz
test_tgt_rff_studentt3_0038,test,tgt_rff_studentt3,rff,student_t3,38,200038,0.75,1000,10,data/tasks/test_tgt_rff_studentt3_0038.npz
test_tgt_rff_studentt3_0039,test,tgt_rff_studentt3,rff,student_t3,39,200039,1.0,1000,10,data/tasks/test_tgt_rff_studentt3_0039.npz
test_tgt_rff_studentt3_0040,test,tgt_rff_studentt3,rff,student_t3,40,200040,0.0,1000,10,data/tasks/test_tgt_rff_studentt3_0040.npz
test_tgt_rff_studentt3_0041,test,tgt_rff_studentt3,rff,student_t3,41,200041,0.25,1000,10,data/tasks/test_tgt_rff_studentt3_0041.npz
test_tgt_rff_studentt3_0042,test,tgt_rff_studentt3,rff,student_t3,42,200042,0.5,1000,10,data/tasks/test_tgt_rff_studentt3_0042.npz
test_tgt_rff_studentt3_0043,test,tgt_rff_studentt3,rff,student_t3,43,200043,0.75,1000,10,data/tasks/test_tgt_rff_studentt3_0043.npz
test_tgt_rff_studentt3_0044,test,tgt_rff_studentt3,rff,student_t3,44,200044,1.0,1000,10,data/tasks/test_tgt_rff_studentt3_0044.npz
test_tgt_rff_studentt3_0045,test,tgt_rff_studentt3,rff,student_t3,45,200045,0.0,1000,10,data/tasks/test_tgt_rff_studentt3_0045.npz
test_tgt_rff_studentt3_0046,test,tgt_rff_studentt3,rff,student_t3,46,200046,0.25,1000,10,data/tasks/test_tgt_rff_studentt3_0046.npz
test_tgt_rff_studentt3_0047,test,tgt_rff_studentt3,rff,student_t3,47,200047,0.5,1000,10,data/tasks/test_tgt_rff_studentt3_0047.npz
test_tgt_rff_studentt3_0048,test,tgt_rff_studentt3,rff,student_t3,48,200048,0.75,1000,10,data/tasks/test_tgt_rff_studentt3_0048.npz
test_tgt_rff_studentt3_0049,test,tgt_rff_studentt3,rff,student_t3,49,200049,1.0,1000,10,data/tasks/test_tgt_rff_studentt3_0049.npz
test_tgt_rff_studentt3_0050,test,tgt_rff_studentt3,rff,student_t3,50,200050,0.0,1000,10,data/tasks/test_tgt_rff_studentt3_0050.npz
test_tgt_rff_studentt3_0051,test,tgt_rff_studentt3,rff,student_t3,51,200051,0.25,1000,10,data/tasks/test_tgt_rff_studentt3_0051.npz
test_tgt_rff_studentt3_0052,test,tgt_rff_studentt3,rff,student_t3,52,200052,0.5,1000,10,data/tasks/test_tgt_rff_studentt3_0052.npz
test_tgt_rff_studentt3_0053,test,tgt_rff_studentt3,rff,student_t3,53,200053,0.75,1000,10,data/tasks/test_tgt_rff_studentt3_0053.npz
test_tgt_rff_studentt3_0054,test,tgt_rff_studentt3,rff,student_t3,54,200054,1.0,1000,10,data/tasks/test_tgt_rff_studentt3_0054.npz
test_tgt_rff_studentt3_0055,test,tgt_rff_studentt3,rff,student_t3,55,200055,0.0,1000,10,data/tasks/test_tgt_rff_studentt3_0055.npz
test_tgt_rff_studentt3_0056,test,tgt_rff_studentt3,rff,student_t3,56,200056,0.25,1000,10,data/tasks/test_tgt_rff_studentt3_0056.npz
test_tgt_rff_studentt3_0057,test,tgt_rff_studentt3,rff,student_t3,57,200057,0.5,1000,10,data/tasks/test_tgt_rff_studentt3_0057.npz
test_tgt_rff_studentt3_0058,test,tgt_rff_studentt3,rff,student_t3,58,200058,0.75,1000,10,data/tasks/test_tgt_rff_studentt3_0058.npz
test_tgt_rff_studentt3_0059,test,tgt_rff_studentt3,rff,student_t3,59,200059,1.0,1000,10,data/tasks/test_tgt_rff_studentt3_0059.npz
test_tgt_rff_studentt3_0060,test,tgt_rff_studentt3,rff,student_t3,60,200060,0.0,1000,10,data/tasks/test_tgt_rff_studentt3_0060.npz
test_tgt_rff_studentt3_0061,test,tgt_rff_studentt3,rff,student_t3,61,200061,0.25,1000,10,data/tasks/test_tgt_rff_studentt3_0061.npz
test_tgt_rff_studentt3_0062,test,tgt_rff_studentt3,rff,student_t3,62,200062,0.5,1000,10,data/tasks/test_tgt_rff_studentt3_0062.npz
test_tgt_rff_studentt3_0063,test,tgt_rff_studentt3,rff,student_t3,63,200063,0.75,1000,10,data/tasks/test_tgt_rff_studentt3_0063.npz
test_tgt_rff_studentt3_0064,test,tgt_rff_studentt3,rff,student_t3,64,200064,1.0,1000,10,data/tasks/test_tgt_rff_studentt3_0064.npz
test_tgt_rff_studentt3_0065,test,tgt_rff_studentt3,rff,student_t3,65,200065,0.0,1000,10,data/tasks/test_tgt_rff_studentt3_0065.npz
test_tgt_rff_studentt3_0066,test,tgt_rff_studentt3,rff,student_t3,66,200066,0.25,1000,10,data/tasks/test_tgt_rff_studentt3_0066.npz
test_tgt_rff_studentt3_0067,test,tgt_rff_studentt3,rff,student_t3,67,200067,0.5,1000,10,data/tasks/test_tgt_rff_studentt3_0067.npz
test_tgt_rff_studentt3_0068,test,tgt_rff_studentt3,rff,student_t3,68,200068,0.75,1000,10,data/tasks/test_tgt_rff_studentt3_0068.npz
test_tgt_rff_studentt3_0069,test,tgt_rff_studentt3,rff,student_t3,69,200069,1.0,1000,10,data/tasks/test_tgt_rff_studentt3_0069.npz
test_tgt_rff_studentt3_0070,test,tgt_rff_studentt3,rff,student_t3,70,200070,0.0,1000,10,data/tasks/test_tgt_rff_studentt3_0070.npz
test_tgt_rff_studentt3_0071,test,tgt_rff_studentt3,rff,student_t3,71,200071,0.25,1000,10,data/tasks/test_tgt_rff_studentt3_0071.npz
test_tgt_rff_studentt3_0072,test,tgt_rff_studentt3,rff,student_t3,72,200072,0.5,1000,10,data/tasks/test_tgt_rff_studentt3_0072.npz
test_tgt_rff_studentt3_0073,test,tgt_rff_studentt3,rff,student_t3,73,200073,0.75,1000,10,data/tasks/test_tgt_rff_studentt3_0073.npz
test_tgt_rff_studentt3_0074,test,tgt_rff_studentt3,rff,student_t3,74,200074,1.0,1000,10,data/tasks/test_tgt_rff_studentt3_0074.npz
test_tgt_rff_studentt3_0075,test,tgt_rff_studentt3,rff,student_t3,75,200075,0.0,1000,10,data/tasks/test_tgt_rff_studentt3_0075.npz
test_tgt_rff_studentt3_0076,test,tgt_rff_studentt3,rff,student_t3,76,200076,0.25,1000,10,data/tasks/test_tgt_rff_studentt3_0076.npz
test_tgt_rff_studentt3_0077,test,tgt_rff_studentt3,rff,student_t3,77,200077,0.5,1000,10,data/tasks/test_tgt_rff_studentt3_0077.npz
test_tgt_rff_studentt3_0078,test,tgt_rff_studentt3,rff,student_t3,78,200078,0.75,1000,10,data/tasks/test_tgt_rff_studentt3_0078.npz
test_tgt_rff_studentt3_0079,test,tgt_rff_studentt3,rff,student_t3,79,200079,1.0,1000,10,data/tasks/test_tgt_rff_studentt3_0079.npz
test_tgt_rff_studentt3_0080,test,tgt_rff_studentt3,rff,student_t3,80,200080,0.0,1000,10,data/tasks/test_tgt_rff_studentt3_0080.npz
test_tgt_rff_studentt3_0081,test,tgt_rff_studentt3,rff,student_t3,81,200081,0.25,1000,10,data/tasks/test_tgt_rff_studentt3_0081.npz
test_tgt_rff_studentt3_0082,test,tgt_rff_studentt3,rff,student_t3,82,200082,0.5,1000,10,data/tasks/test_tgt_rff_studentt3_0082.npz
test_tgt_rff_studentt3_0083,test,tgt_rff_studentt3,rff,student_t3,83,200083,0.75,1000,10,data/tasks/test_tgt_rff_studentt3_0083.npz
test_tgt_rff_studentt3_0084,test,tgt_rff_studentt3,rff,student_t3,84,200084,1.0,1000,10,data/tasks/test_tgt_rff_studentt3_0084.npz
test_tgt_rff_studentt3_0085,test,tgt_rff_studentt3,rff,student_t3,85,200085,0.0,1000,10,data/tasks/test_tgt_rff_studentt3_0085.npz
test_tgt_rff_studentt3_0086,test,tgt_rff_studentt3,rff,student_t3,86,200086,0.25,1000,10,data/tasks/test_tgt_rff_studentt3_0086.npz
test_tgt_rff_studentt3_0087,test,tgt_rff_studentt3,rff,student_t3,87,200087,0.5,1000,10,data/tasks/test_tgt_rff_studentt3_0087.npz
test_tgt_rff_studentt3_0088,test,tgt_rff_studentt3,rff,student_t3,88,200088,0.75,1000,10,data/tasks/test_tgt_rff_studentt3_0088.npz
test_tgt_rff_studentt3_0089,test,tgt_rff_studentt3,rff,student_t3,89,200089,1.0,1000,10,data/tasks/test_tgt_rff_studentt3_0089.npz
test_tgt_rff_studentt3_0090,test,tgt_rff_studentt3,rff,student_t3,90,200090,0.0,1000,10,data/tasks/test_tgt_rff_studentt3_0090.npz
test_tgt_rff_studentt3_0091,test,tgt_rff_studentt3,rff,student_t3,91,200091,0.25,1000,10,data/tasks/test_tgt_rff_studentt3_0091.npz
test_tgt_rff_studentt3_0092,test,tgt_rff_studentt3,rff,student_t3,92,200092,0.5,1000,10,data/tasks/test_tgt_rff_studentt3_0092.npz
test_tgt_rff_studentt3_0093,test,tgt_rff_studentt3,rff,student_t3,93,200093,0.75,1000,10,data/tasks/test_tgt_rff_studentt3_0093.npz
test_tgt_rff_studentt3_0094,test,tgt_rff_studentt3,rff,student_t3,94,200094,1.0,1000,10,data/tasks/test_tgt_rff_studentt3_0094.npz
test_tgt_rff_studentt3_0095,test,tgt_rff_studentt3,rff,student_t3,95,200095,0.0,1000,10,data/tasks/test_tgt_rff_studentt3_0095.npz
test_tgt_rff_studentt3_0096,test,tgt_rff_studentt3,rff,student_t3,96,200096,0.25,1000,10,data/tasks/test_tgt_rff_studentt3_0096.npz
test_tgt_rff_studentt3_0097,test,tgt_rff_studentt3,rff,student_t3,97,200097,0.5,1000,10,data/tasks/test_tgt_rff_studentt3_0097.npz
test_tgt_rff_studentt3_0098,test,tgt_rff_studentt3,rff,student_t3,98,200098,0.75,1000,10,data/tasks/test_tgt_rff_studentt3_0098.npz
test_tgt_rff_studentt3_0099,test,tgt_rff_studentt3,rff,student_t3,99,200099,1.0,1000,10,data/tasks/test_tgt_rff_studentt3_0099.npz
test_tgt_rff_studentt3_0100,test,tgt_rff_studentt3,rff,student_t3,100,200100,0.0,1000,10,data/tasks/test_tgt_rff_studentt3_0100.npz
test_tgt_rff_studentt3_0101,test,tgt_rff_studentt3,rff,student_t3,101,200101,0.25,1000,10,data/tasks/test_tgt_rff_studentt3_0101.npz
test_tgt_rff_studentt3_0102,test,tgt_rff_studentt3,rff,student_t3,102,200102,0.5,1000,10,data/tasks/test_tgt_rff_studentt3_0102.npz
test_tgt_rff_studentt3_0103,test,tgt_rff_studentt3,rff,student_t3,103,200103,0.75,1000,10,data/tasks/test_tgt_rff_studentt3_0103.npz
test_tgt_rff_studentt3_0104,test,tgt_rff_studentt3,rff,student_t3,104,200104,1.0,1000,10,data/tasks/test_tgt_rff_studentt3_0104.npz
test_tgt_rff_studentt3_0105,test,tgt_rff_studentt3,rff,student_t3,105,200105,0.0,1000,10,data/tasks/test_tgt_rff_studentt3_0105.npz
test_tgt_rff_studentt3_0106,test,tgt_rff_studentt3,rff,student_t3,106,200106,0.25,1000,10,data/tasks/test_tgt_rff_studentt3_0106.npz
test_tgt_rff_studentt3_0107,test,tgt_rff_studentt3,rff,student_t3,107,200107,0.5,1000,10,data/tasks/test_tgt_rff_studentt3_0107.npz
test_tgt_rff_studentt3_0108,test,tgt_rff_studentt3,rff,student_t3,108,200108,0.75,1000,10,data/tasks/test_tgt_rff_studentt3_0108.npz
test_tgt_rff_studentt3_0109,test,tgt_rff_studentt3,rff,student_t3,109,200109,1.0,1000,10,data/tasks/test_tgt_rff_studentt3_0109.npz
test_tgt_rff_studentt3_0110,test,tgt_rff_studentt3,rff,student_t3,110,200110,0.0,1000,10,data/tasks/test_tgt_rff_studentt3_0110.npz
test_tgt_rff_studentt3_0111,test,tgt_rff_studentt3,rff,student_t3,111,200111,0.25,1000,10,data/tasks/test_tgt_rff_studentt3_0111.npz
test_tgt_rff_studentt3_0112,test,tgt_rff_studentt3,rff,student_t3,112,200112,0.5,1000,10,data/tasks/test_tgt_rff_studentt3_0112.npz
test_tgt_rff_studentt3_0113,test,tgt_rff_studentt3,rff,student_t3,113,200113,0.75,1000,10,data/tasks/test_tgt_rff_studentt3_0113.npz
test_tgt_rff_studentt3_0114,test,tgt_rff_studentt3,rff,student_t3,114,200114,1.0,1000,10,data/tasks/test_tgt_rff_studentt3_0114.npz
test_tgt_rff_studentt3_0115,test,tgt_rff_studentt3,rff,student_t3,115,200115,0.0,1000,10,data/tasks/test_tgt_rff_studentt3_0115.npz
test_tgt_rff_studentt3_0116,test,tgt_rff_studentt3,rff,student_t3,116,200116,0.25,1000,10,data/tasks/test_tgt_rff_studentt3_0116.npz
test_tgt_rff_studentt3_0117,test,tgt_rff_studentt3,rff,student_t3,117,200117,0.5,1000,10,data/tasks/test_tgt_rff_studentt3_0117.npz
test_tgt_rff_studentt3_0118,test,tgt_rff_studentt3,rff,student_t3,118,200118,0.75,1000,10,data/tasks/test_tgt_rff_studentt3_0118.npz
test_tgt_rff_studentt3_0119,test,tgt_rff_studentt3,rff,student_t3,119,200119,1.0,1000,10,data/tasks/test_tgt_rff_studentt3_0119.npz
test_tgt_rff_studentt3_0120,test,tgt_rff_studentt3,rff,student_t3,120,200120,0.0,1000,10,data/tasks/test_tgt_rff_studentt3_0120.npz
test_tgt_rff_studentt3_0121,test,tgt_rff_studentt3,rff,student_t3,121,200121,0.25,1000,10,data/tasks/test_tgt_rff_studentt3_0121.npz
test_tgt_rff_studentt3_0122,test,tgt_rff_studentt3,rff,student_t3,122,200122,0.5,1000,10,data/tasks/test_tgt_rff_studentt3_0122.npz
test_tgt_rff_studentt3_0123,test,tgt_rff_studentt3,rff,student_t3,123,200123,0.75,1000,10,data/tasks/test_tgt_rff_studentt3_0123.npz
test_tgt_rff_studentt3_0124,test,tgt_rff_studentt3,rff,student_t3,124,200124,1.0,1000,10,data/tasks/test_tgt_rff_studentt3_0124.npz
test_tgt_rff_studentt3_0125,test,tgt_rff_studentt3,rff,student_t3,125,200125,0.0,1000,10,data/tasks/test_tgt_rff_studentt3_0125.npz
test_tgt_rff_studentt3_0126,test,tgt_rff_studentt3,rff,student_t3,126,200126,0.25,1000,10,data/tasks/test_tgt_rff_studentt3_0126.npz
test_tgt_rff_studentt3_0127,test,tgt_rff_studentt3,rff,student_t3,127,200127,0.5,1000,10,data/tasks/test_tgt_rff_studentt3_0127.npz
test_tgt_rff_studentt3_0128,test,tgt_rff_studentt3,rff,student_t3,128,200128,0.75,1000,10,data/tasks/test_tgt_rff_studentt3_0128.npz
test_tgt_rff_studentt3_0129,test,tgt_rff_studentt3,rff,student_t3,129,200129,1.0,1000,10,data/tasks/test_tgt_rff_studentt3_0129.npz
test_tgt_rff_studentt3_0130,test,tgt_rff_studentt3,rff,student_t3,130,200130,0.0,1000,10,data/tasks/test_tgt_rff_studentt3_0130.npz
test_tgt_rff_studentt3_0131,test,tgt_rff_studentt3,rff,student_t3,131,200131,0.25,1000,10,data/tasks/test_tgt_rff_studentt3_0131.npz
test_tgt_rff_studentt3_0132,test,tgt_rff_studentt3,rff,student_t3,132,200132,0.5,1000,10,data/tasks/test_tgt_rff_studentt3_0132.npz
test_tgt_rff_studentt3_0133,test,tgt_rff_studentt3,rff,student_t3,133,200133,0.75,1000,10,data/tasks/test_tgt_rff_studentt3_0133.npz
test_tgt_rff_studentt3_0134,test,tgt_rff_studentt3,rff,student_t3,134,200134,1.0,1000,10,data/tasks/test_tgt_rff_studentt3_0134.npz
test_tgt_rff_studentt3_0135,test,tgt_rff_studentt3,rff,student_t3,135,200135,0.0,1000,10,data/tasks/test_tgt_rff_studentt3_0135.npz
test_tgt_rff_studentt3_0136,test,tgt_rff_studentt3,rff,student_t3,136,200136,0.25,1000,10,data/tasks/test_tgt_rff_studentt3_0136.npz
test_tgt_rff_studentt3_0137,test,tgt_rff_studentt3,rff,student_t3,137,200137,0.5,1000,10,data/tasks/test_tgt_rff_studentt3_0137.npz
test_tgt_rff_studentt3_0138,test,tgt_rff_studentt3,rff,student_t3,138,200138,0.75,1000,10,data/tasks/test_tgt_rff_studentt3_0138.npz
test_tgt_rff_studentt3_0139,test,tgt_rff_studentt3,rff,student_t3,139,200139,1.0,1000,10,data/tasks/test_tgt_rff_studentt3_0139.npz
test_tgt_rff_studentt3_0140,test,tgt_rff_studentt3,rff,student_t3,140,200140,0.0,1000,10,data/tasks/test_tgt_rff_studentt3_0140.npz
test_tgt_rff_studentt3_0141,test,tgt_rff_studentt3,rff,student_t3,141,200141,0.25,1000,10,data/tasks/test_tgt_rff_studentt3_0141.npz
test_tgt_rff_studentt3_0142,test,tgt_rff_studentt3,rff,student_t3,142,200142,0.5,1000,10,data/tasks/test_tgt_rff_studentt3_0142.npz
test_tgt_rff_studentt3_0143,test,tgt_rff_studentt3,rff,student_t3,143,200143,0.75,1000,10,data/tasks/test_tgt_rff_studentt3_0143.npz
test_tgt_rff_studentt3_0144,test,tgt_rff_studentt3,rff,student_t3,144,200144,1.0,1000,10,data/tasks/test_tgt_rff_studentt3_0144.npz
test_tgt_rff_studentt3_0145,test,tgt_rff_studentt3,rff,student_t3,145,200145,0.0,1000,10,data/tasks/test_tgt_rff_studentt3_0145.npz
test_tgt_rff_studentt3_0146,test,tgt_rff_studentt3,rff,student_t3,146,200146,0.25,1000,10,data/tasks/test_tgt_rff_studentt3_0146.npz
test_tgt_rff_studentt3_0147,test,tgt_rff_studentt3,rff,student_t3,147,200147,0.5,1000,10,data/tasks/test_tgt_rff_studentt3_0147.npz
test_tgt_rff_studentt3_0148,test,tgt_rff_studentt3,rff,student_t3,148,200148,0.75,1000,10,data/tasks/test_tgt_rff_studentt3_0148.npz
test_tgt_rff_studentt3_0149,test,tgt_rff_studentt3,rff,student_t3,149,200149,1.0,1000,10,data/tasks/test_tgt_rff_studentt3_0149.npz
test_tgt_rff_studentt3_0150,test,tgt_rff_studentt3,rff,student_t3,150,200150,0.0,1000,10,data/tasks/test_tgt_rff_studentt3_0150.npz
test_tgt_rff_studentt3_0151,test,tgt_rff_studentt3,rff,student_t3,151,200151,0.25,1000,10,data/tasks/test_tgt_rff_studentt3_0151.npz
test_tgt_rff_studentt3_0152,test,tgt_rff_studentt3,rff,student_t3,152,200152,0.5,1000,10,data/tasks/test_tgt_rff_studentt3_0152.npz
test_tgt_rff_studentt3_0153,test,tgt_rff_studentt3,rff,student_t3,153,200153,0.75,1000,10,data/tasks/test_tgt_rff_studentt3_0153.npz
test_tgt_rff_studentt3_0154,test,tgt_rff_studentt3,rff,student_t3,154,200154,1.0,1000,10,data/tasks/test_tgt_rff_studentt3_0154.npz
test_tgt_rff_studentt3_0155,test,tgt_rff_studentt3,rff,student_t3,155,200155,0.0,1000,10,data/tasks/test_tgt_rff_studentt3_0155.npz
test_tgt_rff_studentt3_0156,test,tgt_rff_studentt3,rff,student_t3,156,200156,0.25,1000,10,data/tasks/test_tgt_rff_studentt3_0156.npz
test_tgt_rff_studentt3_0157,test,tgt_rff_studentt3,rff,student_t3,157,200157,0.5,1000,10,data/tasks/test_tgt_rff_studentt3_0157.npz
test_tgt_rff_studentt3_0158,test,tgt_rff_studentt3,rff,student_t3,158,200158,0.75,1000,10,data/tasks/test_tgt_rff_studentt3_0158.npz
test_tgt_rff_studentt3_0159,test,tgt_rff_studentt3,rff,student_t3,159,200159,1.0,1000,10,data/tasks/test_tgt_rff_studentt3_0159.npz
test_tgt_rff_studentt3_0160,test,tgt_rff_studentt3,rff,student_t3,160,200160,0.0,1000,10,data/tasks/test_tgt_rff_studentt3_0160.npz
test_tgt_rff_studentt3_0161,test,tgt_rff_studentt3,rff,student_t3,161,200161,0.25,1000,10,data/tasks/test_tgt_rff_studentt3_0161.npz
test_tgt_rff_studentt3_0162,test,tgt_rff_studentt3,rff,student_t3,162,200162,0.5,1000,10,data/tasks/test_tgt_rff_studentt3_0162.npz
test_tgt_rff_studentt3_0163,test,tgt_rff_studentt3,rff,student_t3,163,200163,0.75,1000,10,data/tasks/test_tgt_rff_studentt3_0163.npz
test_tgt_rff_studentt3_0164,test,tgt_rff_studentt3,rff,student_t3,164,200164,1.0,1000,10,data/tasks/test_tgt_rff_studentt3_0164.npz
test_tgt_rff_studentt3_0165,test,tgt_rff_studentt3,rff,student_t3,165,200165,0.0,1000,10,data/tasks/test_tgt_rff_studentt3_0165.npz
test_tgt_rff_studentt3_0166,test,tgt_rff_studentt3,rff,student_t3,166,200166,0.25,1000,10,data/tasks/test_tgt_rff_studentt3_0166.npz
test_tgt_rff_studentt3_0167,test,tgt_rff_studentt3,rff,student_t3,167,200167,0.5,1000,10,data/tasks/test_tgt_rff_studentt3_0167.npz
test_tgt_rff_studentt3_0168,test,tgt_rff_studentt3,rff,student_t3,168,200168,0.75,1000,10,data/tasks/test_tgt_rff_studentt3_0168.npz
test_tgt_rff_studentt3_0169,test,tgt_rff_studentt3,rff,student_t3,169,200169,1.0,1000,10,data/tasks/test_tgt_rff_studentt3_0169.npz
test_tgt_rff_studentt3_0170,test,tgt_rff_studentt3,rff,student_t3,170,200170,0.0,1000,10,data/tasks/test_tgt_rff_studentt3_0170.npz
test_tgt_rff_studentt3_0171,test,tgt_rff_studentt3,rff,student_t3,171,200171,0.25,1000,10,data/tasks/test_tgt_rff_studentt3_0171.npz
test_tgt_rff_studentt3_0172,test,tgt_rff_studentt3,rff,student_t3,172,200172,0.5,1000,10,data/tasks/test_tgt_rff_studentt3_0172.npz
test_tgt_rff_studentt3_0173,test,tgt_rff_studentt3,rff,student_t3,173,200173,0.75,1000,10,data/tasks/test_tgt_rff_studentt3_0173.npz
test_tgt_rff_studentt3_0174,test,tgt_rff_studentt3,rff,student_t3,174,200174,1.0,1000,10,data/tasks/test_tgt_rff_studentt3_0174.npz
test_tgt_rff_studentt3_0175,test,tgt_rff_studentt3,rff,student_t3,175,200175,0.0,1000,10,data/tasks/test_tgt_rff_studentt3_0175.npz
test_tgt_rff_studentt3_0176,test,tgt_rff_studentt3,rff,student_t3,176,200176,0.25,1000,10,data/tasks/test_tgt_rff_studentt3_0176.npz
test_tgt_rff_studentt3_0177,test,tgt_rff_studentt3,rff,student_t3,177,200177,0.5,1000,10,data/tasks/test_tgt_rff_studentt3_0177.npz
test_tgt_rff_studentt3_0178,test,tgt_rff_studentt3,rff,student_t3,178,200178,0.75,1000,10,data/tasks/test_tgt_rff_studentt3_0178.npz
test_tgt_rff_studentt3_0179,test,tgt_rff_studentt3,rff,student_t3,179,200179,1.0,1000,10,data/tasks/test_tgt_rff_studentt3_0179.npz
test_tgt_rff_studentt3_0180,test,tgt_rff_studentt3,rff,student_t3,180,200180,0.0,1000,10,data/tasks/test_tgt_rff_studentt3_0180.npz
test_tgt_rff_studentt3_0181,test,tgt_rff_studentt3,rff,student_t3,181,200181,0.25,1000,10,data/tasks/test_tgt_rff_studentt3_0181.npz
test_tgt_rff_studentt3_0182,test,tgt_rff_studentt3,rff,student_t3,182,200182,0.5,1000,10,data/tasks/test_tgt_rff_studentt3_0182.npz
test_tgt_rff_studentt3_0183,test,tgt_rff_studentt3,rff,student_t3,183,200183,0.75,1000,10,data/tasks/test_tgt_rff_studentt3_0183.npz
test_tgt_rff_studentt3_0184,test,tgt_rff_studentt3,rff,student_t3,184,200184,1.0,1000,10,data/tasks/test_tgt_rff_studentt3_0184.npz
test_tgt_rff_studentt3_0185,test,tgt_rff_studentt3,rff,student_t3,185,200185,0.0,1000,10,data/tasks/test_tgt_rff_studentt3_0185.npz
test_tgt_rff_studentt3_0186,test,tgt_rff_studentt3,rff,student_t3,186,200186,0.25,1000,10,data/tasks/test_tgt_rff_studentt3_0186.npz
test_tgt_rff_studentt3_0187,test,tgt_rff_studentt3,rff,student_t3,187,200187,0.5,1000,10,data/tasks/test_tgt_rff_studentt3_0187.npz
test_tgt_rff_studentt3_0188,test,tgt_rff_studentt3,rff,student_t3,188,200188,0.75,1000,10,data/tasks/test_tgt_rff_studentt3_0188.npz
test_tgt_rff_studentt3_0189,test,tgt_rff_studentt3,rff,student_t3,189,200189,1.0,1000,10,data/tasks/test_tgt_rff_studentt3_0189.npz
test_tgt_rff_studentt3_0190,test,tgt_rff_studentt3,rff,student_t3,190,200190,0.0,1000,10,data/tasks/test_tgt_rff_studentt3_0190.npz
test_tgt_rff_studentt3_0191,test,tgt_rff_studentt3,rff,student_t3,191,200191,0.25,1000,10,data/tasks/test_tgt_rff_studentt3_0191.npz
test_tgt_rff_studentt3_0192,test,tgt_rff_studentt3,rff,student_t3,192,200192,0.5,1000,10,data/tasks/test_tgt_rff_studentt3_0192.npz
test_tgt_rff_studentt3_0193,test,tgt_rff_studentt3,rff,student_t3,193,200193,0.75,1000,10,data/tasks/test_tgt_rff_studentt3_0193.npz
test_tgt_rff_studentt3_0194,test,tgt_rff_studentt3,rff,student_t3,194,200194,1.0,1000,10,data/tasks/test_tgt_rff_studentt3_0194.npz
test_tgt_rff_studentt3_0195,test,tgt_rff_studentt3,rff,student_t3,195,200195,0.0,1000,10,data/tasks/test_tgt_rff_studentt3_0195.npz
test_tgt_rff_studentt3_0196,test,tgt_rff_studentt3,rff,student_t3,196,200196,0.25,1000,10,data/tasks/test_tgt_rff_studentt3_0196.npz
test_tgt_rff_studentt3_0197,test,tgt_rff_studentt3,rff,student_t3,197,200197,0.5,1000,10,data/tasks/test_tgt_rff_studentt3_0197.npz
test_tgt_rff_studentt3_0198,test,tgt_rff_studentt3,rff,student_t3,198,200198,0.75,1000,10,data/tasks/test_tgt_rff_studentt3_0198.npz
test_tgt_rff_studentt3_0199,test,tgt_rff_studentt3,rff,student_t3,199,200199,1.0,1000,10,data/tasks/test_tgt_rff_studentt3_0199.npz
test_tgt_rff_studentt3_0200,test,tgt_rff_studentt3,rff,student_t3,200,200200,0.0,1000,10,data/tasks/test_tgt_rff_studentt3_0200.npz
test_tgt_rff_studentt3_0201,test,tgt_rff_studentt3,rff,student_t3,201,200201,0.25,1000,10,data/tasks/test_tgt_rff_studentt3_0201.npz
test_tgt_rff_studentt3_0202,test,tgt_rff_studentt3,rff,student_t3,202,200202,0.5,1000,10,data/tasks/test_tgt_rff_studentt3_0202.npz
test_tgt_rff_studentt3_0203,test,tgt_rff_studentt3,rff,student_t3,203,200203,0.75,1000,10,data/tasks/test_tgt_rff_studentt3_0203.npz
test_tgt_rff_studentt3_0204,test,tgt_rff_studentt3,rff,student_t3,204,200204,1.0,1000,10,data/tasks/test_tgt_rff_studentt3_0204.npz
test_tgt_rff_studentt3_0205,test,tgt_rff_studentt3,rff,student_t3,205,200205,0.0,1000,10,data/tasks/test_tgt_rff_studentt3_0205.npz
test_tgt_rff_studentt3_0206,test,tgt_rff_studentt3,rff,student_t3,206,200206,0.25,1000,10,data/tasks/test_tgt_rff_studentt3_0206.npz
test_tgt_rff_studentt3_0207,test,tgt_rff_studentt3,rff,student_t3,207,200207,0.5,1000,10,data/tasks/test_tgt_rff_studentt3_0207.npz
test_tgt_rff_studentt3_0208,test,tgt_rff_studentt3,rff,student_t3,208,200208,0.75,1000,10,data/tasks/test_tgt_rff_studentt3_0208.npz
test_tgt_rff_studentt3_0209,test,tgt_rff_studentt3,rff,student_t3,209,200209,1.0,1000,10,data/tasks/test_tgt_rff_studentt3_0209.npz
test_tgt_rff_studentt3_0210,test,tgt_rff_studentt3,rff,student_t3,210,200210,0.0,1000,10,data/tasks/test_tgt_rff_studentt3_0210.npz
test_tgt_rff_studentt3_0211,test,tgt_rff_studentt3,rff,student_t3,211,200211,0.25,1000,10,data/tasks/test_tgt_rff_studentt3_0211.npz
test_tgt_rff_studentt3_0212,test,tgt_rff_studentt3,rff,student_t3,212,200212,0.5,1000,10,data/tasks/test_tgt_rff_studentt3_0212.npz
test_tgt_rff_studentt3_0213,test,tgt_rff_studentt3,rff,student_t3,213,200213,0.75,1000,10,data/tasks/test_tgt_rff_studentt3_0213.npz
test_tgt_rff_studentt3_0214,test,tgt_rff_studentt3,rff,student_t3,214,200214,1.0,1000,10,data/tasks/test_tgt_rff_studentt3_0214.npz
test_tgt_rff_studentt3_0215,test,tgt_rff_studentt3,rff,student_t3,215,200215,0.0,1000,10,data/tasks/test_tgt_rff_studentt3_0215.npz
test_tgt_rff_studentt3_0216,test,tgt_rff_studentt3,rff,student_t3,216,200216,0.25,1000,10,data/tasks/test_tgt_rff_studentt3_0216.npz
test_tgt_rff_studentt3_0217,test,tgt_rff_studentt3,rff,student_t3,217,200217,0.5,1000,10,data/tasks/test_tgt_rff_studentt3_0217.npz
test_tgt_rff_studentt3_0218,test,tgt_rff_studentt3,rff,student_t3,218,200218,0.75,1000,10,data/tasks/test_tgt_rff_studentt3_0218.npz
test_tgt_rff_studentt3_0219,test,tgt_rff_studentt3,rff,student_t3,219,200219,1.0,1000,10,data/tasks/test_tgt_rff_studentt3_0219.npz
test_tgt_rff_studentt3_0220,test,tgt_rff_studentt3,rff,student_t3,220,200220,0.0,1000,10,data/tasks/test_tgt_rff_studentt3_0220.npz
test_tgt_rff_studentt3_0221,test,tgt_rff_studentt3,rff,student_t3,221,200221,0.25,1000,10,data/tasks/test_tgt_rff_studentt3_0221.npz
test_tgt_rff_studentt3_0222,test,tgt_rff_studentt3,rff,student_t3,222,200222,0.5,1000,10,data/tasks/test_tgt_rff_studentt3_0222.npz
test_tgt_rff_studentt3_0223,test,tgt_rff_studentt3,rff,student_t3,223,200223,0.75,1000,10,data/tasks/test_tgt_rff_studentt3_0223.npz
test_tgt_rff_studentt3_0224,test,tgt_rff_studentt3,rff,student_t3,224,200224,1.0,1000,10,data/tasks/test_tgt_rff_studentt3_0224.npz
test_tgt_rff_studentt3_0225,test,tgt_rff_studentt3,rff,student_t3,225,200225,0.0,1000,10,data/tasks/test_tgt_rff_studentt3_0225.npz
test_tgt_rff_studentt3_0226,test,tgt_rff_studentt3,rff,student_t3,226,200226,0.25,1000,10,data/tasks/test_tgt_rff_studentt3_0226.npz
test_tgt_rff_studentt3_0227,test,tgt_rff_studentt3,rff,student_t3,227,200227,0.5,1000,10,data/tasks/test_tgt_rff_studentt3_0227.npz
test_tgt_rff_studentt3_0228,test,tgt_rff_studentt3,rff,student_t3,228,200228,0.75,1000,10,data/tasks/test_tgt_rff_studentt3_0228.npz
test_tgt_rff_studentt3_0229,test,tgt_rff_studentt3,rff,student_t3,229,200229,1.0,1000,10,data/tasks/test_tgt_rff_studentt3_0229.npz
test_tgt_rff_studentt3_0230,test,tgt_rff_studentt3,rff,student_t3,230,200230,0.0,1000,10,data/tasks/test_tgt_rff_studentt3_0230.npz
test_tgt_rff_studentt3_0231,test,tgt_rff_studentt3,rff,student_t3,231,200231,0.25,1000,10,data/tasks/test_tgt_rff_studentt3_0231.npz
test_tgt_rff_studentt3_0232,test,tgt_rff_studentt3,rff,student_t3,232,200232,0.5,1000,10,data/tasks/test_tgt_rff_studentt3_0232.npz
test_tgt_rff_studentt3_0233,test,tgt_rff_studentt3,rff,student_t3,233,200233,0.75,1000,10,data/tasks/test_tgt_rff_studentt3_0233.npz
test_tgt_rff_studentt3_0234,test,tgt_rff_studentt3,rff,student_t3,234,200234,1.0,1000,10,data/tasks/test_tgt_rff_studentt3_0234.npz
test_tgt_rff_studentt3_0235,test,tgt_rff_studentt3,rff,student_t3,235,200235,0.0,1000,10,data/tasks/test_tgt_rff_studentt3_0235.npz
test_tgt_rff_studentt3_0236,test,tgt_rff_studentt3,rff,student_t3,236,200236,0.25,1000,10,data/tasks/test_tgt_rff_studentt3_0236.npz
test_tgt_rff_studentt3_0237,test,tgt_rff_studentt3,rff,student_t3,237,200237,0.5,1000,10,data/tasks/test_tgt_rff_studentt3_0237.npz
test_tgt_rff_studentt3_0238,test,tgt_rff_studentt3,rff,student_t3,238,200238,0.75,1000,10,data/tasks/test_tgt_rff_studentt3_0238.npz
test_tgt_rff_studentt3_0239,test,tgt_rff_studentt3,rff,student_t3,239,200239,1.0,1000,10,data/tasks/test_tgt_rff_studentt3_0239.npz
test_tgt_rff_studentt3_0240,test,tgt_rff_studentt3,rff,student_t3,240,200240,0.0,1000,10,data/tasks/test_tgt_rff_studentt3_0240.npz
test_tgt_rff_studentt3_0241,test,tgt_rff_studentt3,rff,student_t3,241,200241,0.25,1000,10,data/tasks/test_tgt_rff_studentt3_0241.npz
test_tgt_rff_studentt3_0242,test,tgt_rff_studentt3,rff,student_t3,242,200242,0.5,1000,10,data/tasks/test_tgt_rff_studentt3_0242.npz
test_tgt_rff_studentt3_0243,test,tgt_rff_studentt3,rff,student_t3,243,200243,0.75,1000,10,data/tasks/test_tgt_rff_studentt3_0243.npz
test_tgt_rff_studentt3_0244,test,tgt_rff_studentt3,rff,student_t3,244,200244,1.0,1000,10,data/tasks/test_tgt_rff_studentt3_0244.npz
test_tgt_rff_studentt3_0245,test,tgt_rff_studentt3,rff,student_t3,245,200245,0.0,1000,10,data/tasks/test_tgt_rff_studentt3_0245.npz
test_tgt_rff_studentt3_0246,test,tgt_rff_studentt3,rff,student_t3,246,200246,0.25,1000,10,data/tasks/test_tgt_rff_studentt3_0246.npz
test_tgt_rff_studentt3_0247,test,tgt_rff_studentt3,rff,student_t3,247,200247,0.5,1000,10,data/tasks/test_tgt_rff_studentt3_0247.npz
test_tgt_rff_studentt3_0248,test,tgt_rff_studentt3,rff,student_t3,248,200248,0.75,1000,10,data/tasks/test_tgt_rff_studentt3_0248.npz
test_tgt_rff_studentt3_0249,test,tgt_rff_studentt3,rff,student_t3,249,200249,1.0,1000,10,data/tasks/test_tgt_rff_studentt3_0249.npz
test_tgt_rff_studentt3_0250,test,tgt_rff_studentt3,rff,student_t3,250,200250,0.0,1000,10,data/tasks/test_tgt_rff_studentt3_0250.npz
test_tgt_rff_studentt3_0251,test,tgt_rff_studentt3,rff,student_t3,251,200251,0.25,1000,10,data/tasks/test_tgt_rff_studentt3_0251.npz
test_tgt_rff_studentt3_0252,test,tgt_rff_studentt3,rff,student_t3,252,200252,0.5,1000,10,data/tasks/test_tgt_rff_studentt3_0252.npz
test_tgt_rff_studentt3_0253,test,tgt_rff_studentt3,rff,student_t3,253,200253,0.75,1000,10,data/tasks/test_tgt_rff_studentt3_0253.npz
test_tgt_rff_studentt3_0254,test,tgt_rff_studentt3,rff,student_t3,254,200254,1.0,1000,10,data/tasks/test_tgt_rff_studentt3_0254.npz
test_tgt_rff_studentt3_0255,test,tgt_rff_studentt3,rff,student_t3,255,200255,0.0,1000,10,data/tasks/test_tgt_rff_studentt3_0255.npz
test_tgt_rff_studentt3_0256,test,tgt_rff_studentt3,rff,student_t3,256,200256,0.25,1000,10,data/tasks/test_tgt_rff_studentt3_0256.npz
test_tgt_rff_studentt3_0257,test,tgt_rff_studentt3,rff,student_t3,257,200257,0.5,1000,10,data/tasks/test_tgt_rff_studentt3_0257.npz
test_tgt_rff_studentt3_0258,test,tgt_rff_studentt3,rff,student_t3,258,200258,0.75,1000,10,data/tasks/test_tgt_rff_studentt3_0258.npz
test_tgt_rff_studentt3_0259,test,tgt_rff_studentt3,rff,student_t3,259,200259,1.0,1000,10,data/tasks/test_tgt_rff_studentt3_0259.npz
test_tgt_rff_studentt3_0260,test,tgt_rff_studentt3,rff,student_t3,260,200260,0.0,1000,10,data/tasks/test_tgt_rff_studentt3_0260.npz
test_tgt_rff_studentt3_0261,test,tgt_rff_studentt3,rff,student_t3,261,200261,0.25,1000,10,data/tasks/test_tgt_rff_studentt3_0261.npz
test_tgt_rff_studentt3_0262,test,tgt_rff_studentt3,rff,student_t3,262,200262,0.5,1000,10,data/tasks/test_tgt_rff_studentt3_0262.npz
test_tgt_rff_studentt3_0263,test,tgt_rff_studentt3,rff,student_t3,263,200263,0.75,1000,10,data/tasks/test_tgt_rff_studentt3_0263.npz
test_tgt_rff_studentt3_0264,test,tgt_rff_studentt3,rff,student_t3,264,200264,1.0,1000,10,data/tasks/test_tgt_rff_studentt3_0264.npz
test_tgt_rff_studentt3_0265,test,tgt_rff_studentt3,rff,student_t3,265,200265,0.0,1000,10,data/tasks/test_tgt_rff_studentt3_0265.npz
test_tgt_rff_studentt3_0266,test,tgt_rff_studentt3,rff,student_t3,266,200266,0.25,1000,10,data/tasks/test_tgt_rff_studentt3_0266.npz
test_tgt_rff_studentt3_0267,test,tgt_rff_studentt3,rff,student_t3,267,200267,0.5,1000,10,data/tasks/test_tgt_rff_studentt3_0267.npz
test_tgt_rff_studentt3_0268,test,tgt_rff_studentt3,rff,student_t3,268,200268,0.75,1000,10,data/tasks/test_tgt_rff_studentt3_0268.npz
test_tgt_rff_studentt3_0269,test,tgt_rff_studentt3,rff,student_t3,269,200269,1.0,1000,10,data/tasks/test_tgt_rff_studentt3_0269.npz
test_tgt_rff_studentt3_0270,test,tgt_rff_studentt3,rff,student_t3,270,200270,0.0,1000,10,data/tasks/test_tgt_rff_studentt3_0270.npz
test_tgt_rff_studentt3_0271,test,tgt_rff_studentt3,rff,student_t3,271,200271,0.25,1000,10,data/tasks/test_tgt_rff_studentt3_0271.npz
test_tgt_rff_studentt3_0272,test,tgt_rff_studentt3,rff,student_t3,272,200272,0.5,1000,10,data/tasks/test_tgt_rff_studentt3_0272.npz
test_tgt_rff_studentt3_0273,test,tgt_rff_studentt3,rff,student_t3,273,200273,0.75,1000,10,data/tasks/test_tgt_rff_studentt3_0273.npz
test_tgt_rff_studentt3_0274,test,tgt_rff_studentt3,rff,student_t3,274,200274,1.0,1000,10,data/tasks/test_tgt_rff_studentt3_0274.npz
test_tgt_rff_studentt3_0275,test,tgt_rff_studentt3,rff,student_t3,275,200275,0.0,1000,10,data/tasks/test_tgt_rff_studentt3_0275.npz
test_tgt_rff_studentt3_0276,test,tgt_rff_studentt3,rff,student_t3,276,200276,0.25,1000,10,data/tasks/test_tgt_rff_studentt3_0276.npz
test_tgt_rff_studentt3_0277,test,tgt_rff_studentt3,rff,student_t3,277,200277,0.5,1000,10,data/tasks/test_tgt_rff_studentt3_0277.npz
test_tgt_rff_studentt3_0278,test,tgt_rff_studentt3,rff,student_t3,278,200278,0.75,1000,10,data/tasks/test_tgt_rff_studentt3_0278.npz
test_tgt_rff_studentt3_0279,test,tgt_rff_studentt3,rff,student_t3,279,200279,1.0,1000,10,data/tasks/test_tgt_rff_studentt3_0279.npz
test_tgt_rff_studentt3_0280,test,tgt_rff_studentt3,rff,student_t3,280,200280,0.0,1000,10,data/tasks/test_tgt_rff_studentt3_0280.npz
test_tgt_rff_studentt3_0281,test,tgt_rff_studentt3,rff,student_t3,281,200281,0.25,1000,10,data/tasks/test_tgt_rff_studentt3_0281.npz
test_tgt_rff_studentt3_0282,test,tgt_rff_studentt3,rff,student_t3,282,200282,0.5,1000,10,data/tasks/test_tgt_rff_studentt3_0282.npz
test_tgt_rff_studentt3_0283,test,tgt_rff_studentt3,rff,student_t3,283,200283,0.75,1000,10,data/tasks/test_tgt_rff_studentt3_0283.npz
test_tgt_rff_studentt3_0284,test,tgt_rff_studentt3,rff,student_t3,284,200284,1.0,1000,10,data/tasks/test_tgt_rff_studentt3_0284.npz
test_tgt_rff_studentt3_0285,test,tgt_rff_studentt3,rff,student_t3,285,200285,0.0,1000,10,data/tasks/test_tgt_rff_studentt3_0285.npz
test_tgt_rff_studentt3_0286,test,tgt_rff_studentt3,rff,student_t3,286,200286,0.25,1000,10,data/tasks/test_tgt_rff_studentt3_0286.npz
test_tgt_rff_studentt3_0287,test,tgt_rff_studentt3,rff,student_t3,287,200287,0.5,1000,10,data/tasks/test_tgt_rff_studentt3_0287.npz
test_tgt_rff_studentt3_0288,test,tgt_rff_studentt3,rff,student_t3,288,200288,0.75,1000,10,data/tasks/test_tgt_rff_studentt3_0288.npz
test_tgt_rff_studentt3_0289,test,tgt_rff_studentt3,rff,student_t3,289,200289,1.0,1000,10,data/tasks/test_tgt_rff_studentt3_0289.npz
test_tgt_rff_studentt3_0290,test,tgt_rff_studentt3,rff,student_t3,290,200290,0.0,1000,10,data/tasks/test_tgt_rff_studentt3_0290.npz
test_tgt_rff_studentt3_0291,test,tgt_rff_studentt3,rff,student_t3,291,200291,0.25,1000,10,data/tasks/test_tgt_rff_studentt3_0291.npz
test_tgt_rff_studentt3_0292,test,tgt_rff_studentt3,rff,student_t3,292,200292,0.5,1000,10,data/tasks/test_tgt_rff_studentt3_0292.npz
test_tgt_rff_studentt3_0293,test,tgt_rff_studentt3,rff,student_t3,293,200293,0.75,1000,10,data/tasks/test_tgt_rff_studentt3_0293.npz
test_tgt_rff_studentt3_0294,test,tgt_rff_studentt3,rff,student_t3,294,200294,1.0,1000,10,data/tasks/test_tgt_rff_studentt3_0294.npz
test_tgt_rff_studentt3_0295,test,tgt_rff_studentt3,rff,student_t3,295,200295,0.0,1000,10,data/tasks/test_tgt_rff_studentt3_0295.npz
test_tgt_rff_studentt3_0296,test,tgt_rff_studentt3,rff,student_t3,296,200296,0.25,1000,10,data/tasks/test_tgt_rff_studentt3_0296.npz
test_tgt_rff_studentt3_0297,test,tgt_rff_studentt3,rff,student_t3,297,200297,0.5,1000,10,data/tasks/test_tgt_rff_studentt3_0297.npz
test_tgt_rff_studentt3_0298,test,tgt_rff_studentt3,rff,student_t3,298,200298,0.75,1000,10,data/tasks/test_tgt_rff_studentt3_0298.npz
test_tgt_rff_studentt3_0299,test,tgt_rff_studentt3,rff,student_t3,299,200299,1.0,1000,10,data/tasks/test_tgt_rff_studentt3_0299.npz
test_tgt_tanh_studentt3_0000,test,tgt_tanh_studentt3,tanh,student_t3,0,200300,0.0,1000,10,data/tasks/test_tgt_tanh_studentt3_0000.npz
test_tgt_tanh_studentt3_0001,test,tgt_tanh_studentt3,tanh,student_t3,1,200301,0.25,1000,10,data/tasks/test_tgt_tanh_studentt3_0001.npz
test_tgt_tanh_studentt3_0002,test,tgt_tanh_studentt3,tanh,student_t3,2,200302,0.5,1000,10,data/tasks/test_tgt_tanh_studentt3_0002.npz
test_tgt_tanh_studentt3_0003,test,tgt_tanh_studentt3,tanh,student_t3,3,200303,0.75,1000,10,data/tasks/test_tgt_tanh_studentt3_0003.npz
test_tgt_tanh_studentt3_0004,test,tgt_tanh_studentt3,tanh,student_t3,4,200304,1.0,1000,10,data/tasks/test_tgt_tanh_studentt3_0004.npz
test_tgt_tanh_studentt3_0005,test,tgt_tanh_studentt3,tanh,student_t3,5,200305,0.0,1000,10,data/tasks/test_tgt_tanh_studentt3_0005.npz
test_tgt_tanh_studentt3_0006,test,tgt_tanh_studentt3,tanh,student_t3,6,200306,0.25,1000,10,data/tasks/test_tgt_tanh_studentt3_0006.npz
test_tgt_tanh_studentt3_0007,test,tgt_tanh_studentt3,tanh,student_t3,7,200307,0.5,1000,10,data/tasks/test_tgt_tanh_studentt3_0007.npz
test_tgt_tanh_studentt3_0008,test,tgt_tanh_studentt3,tanh,student_t3,8,200308,0.75,1000,10,data/tasks/test_tgt_tanh_studentt3_0008.npz
test_tgt_tanh_studentt3_0009,test,tgt_tanh_studentt3,tanh,student_t3,9,200309,1.0,1000,10,data/tasks/test_tgt_tanh_studentt3_0009.npz
test_tgt_tanh_studentt3_0010,test,tgt_tanh_studentt3,tanh,student_t3,10,200310,0.0,1000,10,data/tasks/test_tgt_tanh_studentt3_0010.npz
test_tgt_tanh_studentt3_0011,test,tgt_tanh_studentt3,tanh,student_t3,11,200311,0.25,1000,10,data/tasks/test_tgt_tanh_studentt3_0011.npz
test_tgt_tanh_studentt3_0012,test,tgt_tanh_studentt3,tanh,student_t3,12,200312,0.5,1000,10,data/tasks/test_tgt_tanh_studentt3_0012.npz
test_tgt_tanh_studentt3_0013,test,tgt_tanh_studentt3,tanh,student_t3,13,200313,0.75,1000,10,data/tasks/test_tgt_tanh_studentt3_0013.npz
test_tgt_tanh_studentt3_0014,test,tgt_tanh_studentt3,tanh,student_t3,14,200314,1.0,1000,10,data/tasks/test_tgt_tanh_studentt3_0014.npz
test_tgt_tanh_studentt3_0015,test,tgt_tanh_studentt3,tanh,student_t3,15,200315,0.0,1000,10,data/tasks/test_tgt_tanh_studentt3_0015.npz
test_tgt_tanh_studentt3_0016,test,tgt_tanh_studentt3,tanh,student_t3,16,200316,0.25,1000,10,data/tasks/test_tgt_tanh_studentt3_0016.npz
test_tgt_tanh_studentt3_0017,test,tgt_tanh_studentt3,tanh,student_t3,17,200317,0.5,1000,10,data/tasks/test_tgt_tanh_studentt3_0017.npz
test_tgt_tanh_studentt3_0018,test,tgt_tanh_studentt3,tanh,student_t3,18,200318,0.75,1000,10,data/tasks/test_tgt_tanh_studentt3_0018.npz
test_tgt_tanh_studentt3_0019,test,tgt_tanh_studentt3,tanh,student_t3,19,200319,1.0,1000,10,data/tasks/test_tgt_tanh_studentt3_0019.npz
test_tgt_tanh_studentt3_0020,test,tgt_tanh_studentt3,tanh,student_t3,20,200320,0.0,1000,10,data/tasks/test_tgt_tanh_studentt3_0020.npz
test_tgt_tanh_studentt3_0021,test,tgt_tanh_studentt3,tanh,student_t3,21,200321,0.25,1000,10,data/tasks/test_tgt_tanh_studentt3_0021.npz
test_tgt_tanh_studentt3_0022,test,tgt_tanh_studentt3,tanh,student_t3,22,200322,0.5,1000,10,data/tasks/test_tgt_tanh_studentt3_0022.npz
test_tgt_tanh_studentt3_0023,test,tgt_tanh_studentt3,tanh,student_t3,23,200323,0.75,1000,10,data/tasks/test_tgt_tanh_studentt3_0023.npz
test_tgt_tanh_studentt3_0024,test,tgt_tanh_studentt3,tanh,student_t3,24,200324,1.0,1000,10,data/tasks/test_tgt_tanh_studentt3_0024.npz
test_tgt_tanh_studentt3_0025,test,tgt_tanh_studentt3,tanh,student_t3,25,200325,0.0,1000,10,data/tasks/test_tgt_tanh_studentt3_0025.npz
test_tgt_tanh_studentt3_0026,test,tgt_tanh_studentt3,tanh,student_t3,26,200326,0.25,1000,10,data/tasks/test_tgt_tanh_studentt3_0026.npz
test_tgt_tanh_studentt3_0027,test,tgt_tanh_studentt3,tanh,student_t3,27,200327,0.5,1000,10,data/tasks/test_tgt_tanh_studentt3_0027.npz
test_tgt_tanh_studentt3_0028,test,tgt_tanh_studentt3,tanh,student_t3,28,200328,0.75,1000,10,data/tasks/test_tgt_tanh_studentt3_0028.npz
test_tgt_tanh_studentt3_0029,test,tgt_tanh_studentt3,tanh,student_t3,29,200329,1.0,1000,10,data/tasks/test_tgt_tanh_studentt3_0029.npz
test_tgt_tanh_studentt3_0030,test,tgt_tanh_studentt3,tanh,student_t3,30,200330,0.0,1000,10,data/tasks/test_tgt_tanh_studentt3_0030.npz
test_tgt_tanh_studentt3_0031,test,tgt_tanh_studentt3,tanh,student_t3,31,200331,0.25,1000,10,data/tasks/test_tgt_tanh_studentt3_0031.npz
test_tgt_tanh_studentt3_0032,test,tgt_tanh_studentt3,tanh,student_t3,32,200332,0.5,1000,10,data/tasks/test_tgt_tanh_studentt3_0032.npz
test_tgt_tanh_studentt3_0033,test,tgt_tanh_studentt3,tanh,student_t3,33,200333,0.75,1000,10,data/tasks/test_tgt_tanh_studentt3_0033.npz
test_tgt_tanh_studentt3_0034,test,tgt_tanh_studentt3,tanh,student_t3,34,200334,1.0,1000,10,data/tasks/test_tgt_tanh_studentt3_0034.npz
test_tgt_tanh_studentt3_0035,test,tgt_tanh_studentt3,tanh,student_t3,35,200335,0.0,1000,10,data/tasks/test_tgt_tanh_studentt3_0035.npz
test_tgt_tanh_studentt3_0036,test,tgt_tanh_studentt3,tanh,student_t3,36,200336,0.25,1000,10,data/tasks/test_tgt_tanh_studentt3_0036.npz
test_tgt_tanh_studentt3_0037,test,tgt_tanh_studentt3,tanh,student_t3,37,200337,0.5,1000,10,data/tasks/test_tgt_tanh_studentt3_0037.npz
test_tgt_tanh_studentt3_0038,test,tgt_tanh_studentt3,tanh,student_t3,38,200338,0.75,1000,10,data/tasks/test_tgt_tanh_studentt3_0038.npz
test_tgt_tanh_studentt3_0039,test,tgt_tanh_studentt3,tanh,student_t3,39,200339,1.0,1000,10,data/tasks/test_tgt_tanh_studentt3_0039.npz
test_tgt_tanh_studentt3_0040,test,tgt_tanh_studentt3,tanh,student_t3,40,200340,0.0,1000,10,data/tasks/test_tgt_tanh_studentt3_0040.npz
test_tgt_tanh_studentt3_0041,test,tgt_tanh_studentt3,tanh,student_t3,41,200341,0.25,1000,10,data/tasks/test_tgt_tanh_studentt3_0041.npz
test_tgt_tanh_studentt3_0042,test,tgt_tanh_studentt3,tanh,student_t3,42,200342,0.5,1000,10,data/tasks/test_tgt_tanh_studentt3_0042.npz
test_tgt_tanh_studentt3_0043,test,tgt_tanh_studentt3,tanh,student_t3,43,200343,0.75,1000,10,data/tasks/test_tgt_tanh_studentt3_0043.npz
test_tgt_tanh_studentt3_0044,test,tgt_tanh_studentt3,tanh,student_t3,44,200344,1.0,1000,10,data/tasks/test_tgt_tanh_studentt3_0044.npz
test_tgt_tanh_studentt3_0045,test,tgt_tanh_studentt3,tanh,student_t3,45,200345,0.0,1000,10,data/tasks/test_tgt_tanh_studentt3_0045.npz
test_tgt_tanh_studentt3_0046,test,tgt_tanh_studentt3,tanh,student_t3,46,200346,0.25,1000,10,data/tasks/test_tgt_tanh_studentt3_0046.npz
test_tgt_tanh_studentt3_0047,test,tgt_tanh_studentt3,tanh,student_t3,47,200347,0.5,1000,10,data/tasks/test_tgt_tanh_studentt3_0047.npz
test_tgt_tanh_studentt3_0048,test,tgt_tanh_studentt3,tanh,student_t3,48,200348,0.75,1000,10,data/tasks/test_tgt_tanh_studentt3_0048.npz
test_tgt_tanh_studentt3_0049,test,tgt_tanh_studentt3,tanh,student_t3,49,200349,1.0,1000,10,data/tasks/test_tgt_tanh_studentt3_0049.npz
test_tgt_tanh_studentt3_0050,test,tgt_tanh_studentt3,tanh,student_t3,50,200350,0.0,1000,10,data/tasks/test_tgt_tanh_studentt3_0050.npz
test_tgt_tanh_studentt3_0051,test,tgt_tanh_studentt3,tanh,student_t3,51,200351,0.25,1000,10,data/tasks/test_tgt_tanh_studentt3_0051.npz
test_tgt_tanh_studentt3_0052,test,tgt_tanh_studentt3,tanh,student_t3,52,200352,0.5,1000,10,data/tasks/test_tgt_tanh_studentt3_0052.npz
test_tgt_tanh_studentt3_0053,test,tgt_tanh_studentt3,tanh,student_t3,53,200353,0.75,1000,10,data/tasks/test_tgt_tanh_studentt3_0053.npz
test_tgt_tanh_studentt3_0054,test,tgt_tanh_studentt3,tanh,student_t3,54,200354,1.0,1000,10,data/tasks/test_tgt_tanh_studentt3_0054.npz
test_tgt_tanh_studentt3_0055,test,tgt_tanh_studentt3,tanh,student_t3,55,200355,0.0,1000,10,data/tasks/test_tgt_tanh_studentt3_0055.npz
test_tgt_tanh_studentt3_0056,test,tgt_tanh_studentt3,tanh,student_t3,56,200356,0.25,1000,10,data/tasks/test_tgt_tanh_studentt3_0056.npz
test_tgt_tanh_studentt3_0057,test,tgt_tanh_studentt3,tanh,student_t3,57,200357,0.5,1000,10,data/tasks/test_tgt_tanh_studentt3_0057.npz
test_tgt_tanh_studentt3_0058,test,tgt_tanh_studentt3,tanh,student_t3,58,200358,0.75,1000,10,data/tasks/test_tgt_tanh_studentt3_0058.npz
test_tgt_tanh_studentt3_0059,test,tgt_tanh_studentt3,tanh,student_t3,59,200359,1.0,1000,10,data/tasks/test_tgt_tanh_studentt3_0059.npz
test_tgt_tanh_studentt3_0060,test,tgt_tanh_studentt3,tanh,student_t3,60,200360,0.0,1000,10,data/tasks/test_tgt_tanh_studentt3_0060.npz
test_tgt_tanh_studentt3_0061,test,tgt_tanh_studentt3,tanh,student_t3,61,200361,0.25,1000,10,data/tasks/test_tgt_tanh_studentt3_0061.npz
test_tgt_tanh_studentt3_0062,test,tgt_tanh_studentt3,tanh,student_t3,62,200362,0.5,1000,10,data/tasks/test_tgt_tanh_studentt3_0062.npz
test_tgt_tanh_studentt3_0063,test,tgt_tanh_studentt3,tanh,student_t3,63,200363,0.75,1000,10,data/tasks/test_tgt_tanh_studentt3_0063.npz
test_tgt_tanh_studentt3_0064,test,tgt_tanh_studentt3,tanh,student_t3,64,200364,1.0,1000,10,data/tasks/test_tgt_tanh_studentt3_0064.npz
test_tgt_tanh_studentt3_0065,test,tgt_tanh_studentt3,tanh,student_t3,65,200365,0.0,1000,10,data/tasks/test_tgt_tanh_studentt3_0065.npz
test_tgt_tanh_studentt3_0066,test,tgt_tanh_studentt3,tanh,student_t3,66,200366,0.25,1000,10,data/tasks/test_tgt_tanh_studentt3_0066.npz
test_tgt_tanh_studentt3_0067,test,tgt_tanh_studentt3,tanh,student_t3,67,200367,0.5,1000,10,data/tasks/test_tgt_tanh_studentt3_0067.npz
test_tgt_tanh_studentt3_0068,test,tgt_tanh_studentt3,tanh,student_t3,68,200368,0.75,1000,10,data/tasks/test_tgt_tanh_studentt3_0068.npz
test_tgt_tanh_studentt3_0069,test,tgt_tanh_studentt3,tanh,student_t3,69,200369,1.0,1000,10,data/tasks/test_tgt_tanh_studentt3_0069.npz
test_tgt_tanh_studentt3_0070,test,tgt_tanh_studentt3,tanh,student_t3,70,200370,0.0,1000,10,data/tasks/test_tgt_tanh_studentt3_0070.npz
test_tgt_tanh_studentt3_0071,test,tgt_tanh_studentt3,tanh,student_t3,71,200371,0.25,1000,10,data/tasks/test_tgt_tanh_studentt3_0071.npz
test_tgt_tanh_studentt3_0072,test,tgt_tanh_studentt3,tanh,student_t3,72,200372,0.5,1000,10,data/tasks/test_tgt_tanh_studentt3_0072.npz
test_tgt_tanh_studentt3_0073,test,tgt_tanh_studentt3,tanh,student_t3,73,200373,0.75,1000,10,data/tasks/test_tgt_tanh_studentt3_0073.npz
test_tgt_tanh_studentt3_0074,test,tgt_tanh_studentt3,tanh,student_t3,74,200374,1.0,1000,10,data/tasks/test_tgt_tanh_studentt3_0074.npz
test_tgt_tanh_studentt3_0075,test,tgt_tanh_studentt3,tanh,student_t3,75,200375,0.0,1000,10,data/tasks/test_tgt_tanh_studentt3_0075.npz
test_tgt_tanh_studentt3_0076,test,tgt_tanh_studentt3,tanh,student_t3,76,200376,0.25,1000,10,data/tasks/test_tgt_tanh_studentt3_0076.npz
test_tgt_tanh_studentt3_0077,test,tgt_tanh_studentt3,tanh,student_t3,77,200377,0.5,1000,10,data/tasks/test_tgt_tanh_studentt3_0077.npz
test_tgt_tanh_studentt3_0078,test,tgt_tanh_studentt3,tanh,student_t3,78,200378,0.75,1000,10,data/tasks/test_tgt_tanh_studentt3_0078.npz
test_tgt_tanh_studentt3_0079,test,tgt_tanh_studentt3,tanh,student_t3,79,200379,1.0,1000,10,data/tasks/test_tgt_tanh_studentt3_0079.npz
test_tgt_tanh_studentt3_0080,test,tgt_tanh_studentt3,tanh,student_t3,80,200380,0.0,1000,10,data/tasks/test_tgt_tanh_studentt3_0080.npz
test_tgt_tanh_studentt3_0081,test,tgt_tanh_studentt3,tanh,student_t3,81,200381,0.25,1000,10,data/tasks/test_tgt_tanh_studentt3_0081.npz
test_tgt_tanh_studentt3_0082,test,tgt_tanh_studentt3,tanh,student_t3,82,200382,0.5,1000,10,data/tasks/test_tgt_tanh_studentt3_0082.npz
test_tgt_tanh_studentt3_0083,test,tgt_tanh_studentt3,tanh,student_t3,83,200383,0.75,1000,10,data/tasks/test_tgt_tanh_studentt3_0083.npz
test_tgt_tanh_studentt3_0084,test,tgt_tanh_studentt3,tanh,student_t3,84,200384,1.0,1000,10,data/tasks/test_tgt_tanh_studentt3_0084.npz
test_tgt_tanh_studentt3_0085,test,tgt_tanh_studentt3,tanh,student_t3,85,200385,0.0,1000,10,data/tasks/test_tgt_tanh_studentt3_0085.npz
test_tgt_tanh_studentt3_0086,test,tgt_tanh_studentt3,tanh,student_t3,86,200386,0.25,1000,10,data/tasks/test_tgt_tanh_studentt3_0086.npz
test_tgt_tanh_studentt3_0087,test,tgt_tanh_studentt3,tanh,student_t3,87,200387,0.5,1000,10,data/tasks/test_tgt_tanh_studentt3_0087.npz
test_tgt_tanh_studentt3_0088,test,tgt_tanh_studentt3,tanh,student_t3,88,200388,0.75,1000,10,data/tasks/test_tgt_tanh_studentt3_0088.npz
test_tgt_tanh_studentt3_0089,test,tgt_tanh_studentt3,tanh,student_t3,89,200389,1.0,1000,10,data/tasks/test_tgt_tanh_studentt3_0089.npz
test_tgt_tanh_studentt3_0090,test,tgt_tanh_studentt3,tanh,student_t3,90,200390,0.0,1000,10,data/tasks/test_tgt_tanh_studentt3_0090.npz
test_tgt_tanh_studentt3_0091,test,tgt_tanh_studentt3,tanh,student_t3,91,200391,0.25,1000,10,data/tasks/test_tgt_tanh_studentt3_0091.npz
test_tgt_tanh_studentt3_0092,test,tgt_tanh_studentt3,tanh,student_t3,92,200392,0.5,1000,10,data/tasks/test_tgt_tanh_studentt3_0092.npz
test_tgt_tanh_studentt3_0093,test,tgt_tanh_studentt3,tanh,student_t3,93,200393,0.75,1000,10,data/tasks/test_tgt_tanh_studentt3_0093.npz
test_tgt_tanh_studentt3_0094,test,tgt_tanh_studentt3,tanh,student_t3,94,200394,1.0,1000,10,data/tasks/test_tgt_tanh_studentt3_0094.npz
test_tgt_tanh_studentt3_0095,test,tgt_tanh_studentt3,tanh,student_t3,95,200395,0.0,1000,10,data/tasks/test_tgt_tanh_studentt3_0095.npz
test_tgt_tanh_studentt3_0096,test,tgt_tanh_studentt3,tanh,student_t3,96,200396,0.25,1000,10,data/tasks/test_tgt_tanh_studentt3_0096.npz
test_tgt_tanh_studentt3_0097,test,tgt_tanh_studentt3,tanh,student_t3,97,200397,0.5,1000,10,data/tasks/test_tgt_tanh_studentt3_0097.npz
test_tgt_tanh_studentt3_0098,test,tgt_tanh_studentt3,tanh,student_t3,98,200398,0.75,1000,10,data/tasks/test_tgt_tanh_studentt3_0098.npz
test_tgt_tanh_studentt3_0099,test,tgt_tanh_studentt3,tanh,student_t3,99,200399,1.0,1000,10,data/tasks/test_tgt_tanh_studentt3_0099.npz
test_tgt_tanh_studentt3_0100,test,tgt_tanh_studentt3,tanh,student_t3,100,200400,0.0,1000,10,data/tasks/test_tgt_tanh_studentt3_0100.npz
test_tgt_tanh_studentt3_0101,test,tgt_tanh_studentt3,tanh,student_t3,101,200401,0.25,1000,10,data/tasks/test_tgt_tanh_studentt3_0101.npz
test_tgt_tanh_studentt3_0102,test,tgt_tanh_studentt3,tanh,student_t3,102,200402,0.5,1000,10,data/tasks/test_tgt_tanh_studentt3_0102.npz
test_tgt_tanh_studentt3_0103,test,tgt_tanh_studentt3,tanh,student_t3,103,200403,0.75,1000,10,data/tasks/test_tgt_tanh_studentt3_0103.npz
test_tgt_tanh_studentt3_0104,test,tgt_tanh_studentt3,tanh,student_t3,104,200404,1.0,1000,10,data/tasks/test_tgt_tanh_studentt3_0104.npz
test_tgt_tanh_studentt3_0105,test,tgt_tanh_studentt3,tanh,student_t3,105,200405,0.0,1000,10,data/tasks/test_tgt_tanh_studentt3_0105.npz
test_tgt_tanh_studentt3_0106,test,tgt_tanh_studentt3,tanh,student_t3,106,200406,0.25,1000,10,data/tasks/test_tgt_tanh_studentt3_0106.npz
test_tgt_tanh_studentt3_0107,test,tgt_tanh_studentt3,tanh,student_t3,107,200407,0.5,1000,10,data/tasks/test_tgt_tanh_studentt3_0107.npz
test_tgt_tanh_studentt3_0108,test,tgt_tanh_studentt3,tanh,student_t3,108,200408,0.75,1000,10,data/tasks/test_tgt_tanh_studentt3_0108.npz
test_tgt_tanh_studentt3_0109,test,tgt_tanh_studentt3,tanh,student_t3,109,200409,1.0,1000,10,data/tasks/test_tgt_tanh_studentt3_0109.npz
test_tgt_tanh_studentt3_0110,test,tgt_tanh_studentt3,tanh,student_t3,110,200410,0.0,1000,10,data/tasks/test_tgt_tanh_studentt3_0110.npz
test_tgt_tanh_studentt3_0111,test,tgt_tanh_studentt3,tanh,student_t3,111,200411,0.25,1000,10,data/tasks/test_tgt_tanh_studentt3_0111.npz
test_tgt_tanh_studentt3_0112,test,tgt_tanh_studentt3,tanh,student_t3,112,200412,0.5,1000,10,data/tasks/test_tgt_tanh_studentt3_0112.npz
test_tgt_tanh_studentt3_0113,test,tgt_tanh_studentt3,tanh,student_t3,113,200413,0.75,1000,10,data/tasks/test_tgt_tanh_studentt3_0113.npz
test_tgt_tanh_studentt3_0114,test,tgt_tanh_studentt3,tanh,student_t3,114,200414,1.0,1000,10,data/tasks/test_tgt_tanh_studentt3_0114.npz
test_tgt_tanh_studentt3_0115,test,tgt_tanh_studentt3,tanh,student_t3,115,200415,0.0,1000,10,data/tasks/test_tgt_tanh_studentt3_0115.npz
test_tgt_tanh_studentt3_0116,test,tgt_tanh_studentt3,tanh,student_t3,116,200416,0.25,1000,10,data/tasks/test_tgt_tanh_studentt3_0116.npz
test_tgt_tanh_studentt3_0117,test,tgt_tanh_studentt3,tanh,student_t3,117,200417,0.5,1000,10,data/tasks/test_tgt_tanh_studentt3_0117.npz
test_tgt_tanh_studentt3_0118,test,tgt_tanh_studentt3,tanh,student_t3,118,200418,0.75,1000,10,data/tasks/test_tgt_tanh_studentt3_0118.npz
test_tgt_tanh_studentt3_0119,test,tgt_tanh_studentt3,tanh,student_t3,119,200419,1.0,1000,10,data/tasks/test_tgt_tanh_studentt3_0119.npz
test_tgt_tanh_studentt3_0120,test,tgt_tanh_studentt3,tanh,student_t3,120,200420,0.0,1000,10,data/tasks/test_tgt_tanh_studentt3_0120.npz
test_tgt_tanh_studentt3_0121,test,tgt_tanh_studentt3,tanh,student_t3,121,200421,0.25,1000,10,data/tasks/test_tgt_tanh_studentt3_0121.npz
test_tgt_tanh_studentt3_0122,test,tgt_tanh_studentt3,tanh,student_t3,122,200422,0.5,1000,10,data/tasks/test_tgt_tanh_studentt3_0122.npz
test_tgt_tanh_studentt3_0123,test,tgt_tanh_studentt3,tanh,student_t3,123,200423,0.75,1000,10,data/tasks/test_tgt_tanh_studentt3_0123.npz
test_tgt_tanh_studentt3_0124,test,tgt_tanh_studentt3,tanh,student_t3,124,200424,1.0,1000,10,data/tasks/test_tgt_tanh_studentt3_0124.npz
test_tgt_tanh_studentt3_0125,test,tgt_tanh_studentt3,tanh,student_t3,125,200425,0.0,1000,10,data/tasks/test_tgt_tanh_studentt3_0125.npz
test_tgt_tanh_studentt3_0126,test,tgt_tanh_studentt3,tanh,student_t3,126,200426,0.25,1000,10,data/tasks/test_tgt_tanh_studentt3_0126.npz
test_tgt_tanh_studentt3_0127,test,tgt_tanh_studentt3,tanh,student_t3,127,200427,0.5,1000,10,data/tasks/test_tgt_tanh_studentt3_0127.npz
test_tgt_tanh_studentt3_0128,test,tgt_tanh_studentt3,tanh,student_t3,128,200428,0.75,1000,10,data/tasks/test_tgt_tanh_studentt3_0128.npz
test_tgt_tanh_studentt3_0129,test,tgt_tanh_studentt3,tanh,student_t3,129,200429,1.0,1000,10,data/tasks/test_tgt_tanh_studentt3_0129.npz
test_tgt_tanh_studentt3_0130,test,tgt_tanh_studentt3,tanh,student_t3,130,200430,0.0,1000,10,data/tasks/test_tgt_tanh_studentt3_0130.npz
test_tgt_tanh_studentt3_0131,test,tgt_tanh_studentt3,tanh,student_t3,131,200431,0.25,1000,10,data/tasks/test_tgt_tanh_studentt3_0131.npz
test_tgt_tanh_studentt3_0132,test,tgt_tanh_studentt3,tanh,student_t3,132,200432,0.5,1000,10,data/tasks/test_tgt_tanh_studentt3_0132.npz
test_tgt_tanh_studentt3_0133,test,tgt_tanh_studentt3,tanh,student_t3,133,200433,0.75,1000,10,data/tasks/test_tgt_tanh_studentt3_0133.npz
test_tgt_tanh_studentt3_0134,test,tgt_tanh_studentt3,tanh,student_t3,134,200434,1.0,1000,10,data/tasks/test_tgt_tanh_studentt3_0134.npz
test_tgt_tanh_studentt3_0135,test,tgt_tanh_studentt3,tanh,student_t3,135,200435,0.0,1000,10,data/tasks/test_tgt_tanh_studentt3_0135.npz
test_tgt_tanh_studentt3_0136,test,tgt_tanh_studentt3,tanh,student_t3,136,200436,0.25,1000,10,data/tasks/test_tgt_tanh_studentt3_0136.npz
test_tgt_tanh_studentt3_0137,test,tgt_tanh_studentt3,tanh,student_t3,137,200437,0.5,1000,10,data/tasks/test_tgt_tanh_studentt3_0137.npz
test_tgt_tanh_studentt3_0138,test,tgt_tanh_studentt3,tanh,student_t3,138,200438,0.75,1000,10,data/tasks/test_tgt_tanh_studentt3_0138.npz
test_tgt_tanh_studentt3_0139,test,tgt_tanh_studentt3,tanh,student_t3,139,200439,1.0,1000,10,data/tasks/test_tgt_tanh_studentt3_0139.npz
test_tgt_tanh_studentt3_0140,test,tgt_tanh_studentt3,tanh,student_t3,140,200440,0.0,1000,10,data/tasks/test_tgt_tanh_studentt3_0140.npz
test_tgt_tanh_studentt3_0141,test,tgt_tanh_studentt3,tanh,student_t3,141,200441,0.25,1000,10,data/tasks/test_tgt_tanh_studentt3_0141.npz
test_tgt_tanh_studentt3_0142,test,tgt_tanh_studentt3,tanh,student_t3,142,200442,0.5,1000,10,data/tasks/test_tgt_tanh_studentt3_0142.npz
test_tgt_tanh_studentt3_0143,test,tgt_tanh_studentt3,tanh,student_t3,143,200443,0.75,1000,10,data/tasks/test_tgt_tanh_studentt3_0143.npz
test_tgt_tanh_studentt3_0144,test,tgt_tanh_studentt3,tanh,student_t3,144,200444,1.0,1000,10,data/tasks/test_tgt_tanh_studentt3_0144.npz
test_tgt_tanh_studentt3_0145,test,tgt_tanh_studentt3,tanh,student_t3,145,200445,0.0,1000,10,data/tasks/test_tgt_tanh_studentt3_0145.npz
test_tgt_tanh_studentt3_0146,test,tgt_tanh_studentt3,tanh,student_t3,146,200446,0.25,1000,10,data/tasks/test_tgt_tanh_studentt3_0146.npz
test_tgt_tanh_studentt3_0147,test,tgt_tanh_studentt3,tanh,student_t3,147,200447,0.5,1000,10,data/tasks/test_tgt_tanh_studentt3_0147.npz
test_tgt_tanh_studentt3_0148,test,tgt_tanh_studentt3,tanh,student_t3,148,200448,0.75,1000,10,data/tasks/test_tgt_tanh_studentt3_0148.npz
test_tgt_tanh_studentt3_0149,test,tgt_tanh_studentt3,tanh,student_t3,149,200449,1.0,1000,10,data/tasks/test_tgt_tanh_studentt3_0149.npz
test_tgt_tanh_studentt3_0150,test,tgt_tanh_studentt3,tanh,student_t3,150,200450,0.0,1000,10,data/tasks/test_tgt_tanh_studentt3_0150.npz
test_tgt_tanh_studentt3_0151,test,tgt_tanh_studentt3,tanh,student_t3,151,200451,0.25,1000,10,data/tasks/test_tgt_tanh_studentt3_0151.npz
test_tgt_tanh_studentt3_0152,test,tgt_tanh_studentt3,tanh,student_t3,152,200452,0.5,1000,10,data/tasks/test_tgt_tanh_studentt3_0152.npz
test_tgt_tanh_studentt3_0153,test,tgt_tanh_studentt3,tanh,student_t3,153,200453,0.75,1000,10,data/tasks/test_tgt_tanh_studentt3_0153.npz
test_tgt_tanh_studentt3_0154,test,tgt_tanh_studentt3,tanh,student_t3,154,200454,1.0,1000,10,data/tasks/test_tgt_tanh_studentt3_0154.npz
test_tgt_tanh_studentt3_0155,test,tgt_tanh_studentt3,tanh,student_t3,155,200455,0.0,1000,10,data/tasks/test_tgt_tanh_studentt3_0155.npz
test_tgt_tanh_studentt3_0156,test,tgt_tanh_studentt3,tanh,student_t3,156,200456,0.25,1000,10,data/tasks/test_tgt_tanh_studentt3_0156.npz
test_tgt_tanh_studentt3_0157,test,tgt_tanh_studentt3,tanh,student_t3,157,200457,0.5,1000,10,data/tasks/test_tgt_tanh_studentt3_0157.npz
test_tgt_tanh_studentt3_0158,test,tgt_tanh_studentt3,tanh,student_t3,158,200458,0.75,1000,10,data/tasks/test_tgt_tanh_studentt3_0158.npz
test_tgt_tanh_studentt3_0159,test,tgt_tanh_studentt3,tanh,student_t3,159,200459,1.0,1000,10,data/tasks/test_tgt_tanh_studentt3_0159.npz
test_tgt_tanh_studentt3_0160,test,tgt_tanh_studentt3,tanh,student_t3,160,200460,0.0,1000,10,data/tasks/test_tgt_tanh_studentt3_0160.npz
test_tgt_tanh_studentt3_0161,test,tgt_tanh_studentt3,tanh,student_t3,161,200461,0.25,1000,10,data/tasks/test_tgt_tanh_studentt3_0161.npz
test_tgt_tanh_studentt3_0162,test,tgt_tanh_studentt3,tanh,student_t3,162,200462,0.5,1000,10,data/tasks/test_tgt_tanh_studentt3_0162.npz
test_tgt_tanh_studentt3_0163,test,tgt_tanh_studentt3,tanh,student_t3,163,200463,0.75,1000,10,data/tasks/test_tgt_tanh_studentt3_0163.npz
test_tgt_tanh_studentt3_0164,test,tgt_tanh_studentt3,tanh,student_t3,164,200464,1.0,1000,10,data/tasks/test_tgt_tanh_studentt3_0164.npz
test_tgt_tanh_studentt3_0165,test,tgt_tanh_studentt3,tanh,student_t3,165,200465,0.0,1000,10,data/tasks/test_tgt_tanh_studentt3_0165.npz
test_tgt_tanh_studentt3_0166,test,tgt_tanh_studentt3,tanh,student_t3,166,200466,0.25,1000,10,data/tasks/test_tgt_tanh_studentt3_0166.npz
test_tgt_tanh_studentt3_0167,test,tgt_tanh_studentt3,tanh,student_t3,167,200467,0.5,1000,10,data/tasks/test_tgt_tanh_studentt3_0167.npz
test_tgt_tanh_studentt3_0168,test,tgt_tanh_studentt3,tanh,student_t3,168,200468,0.75,1000,10,data/tasks/test_tgt_tanh_studentt3_0168.npz
test_tgt_tanh_studentt3_0169,test,tgt_tanh_studentt3,tanh,student_t3,169,200469,1.0,1000,10,data/tasks/test_tgt_tanh_studentt3_0169.npz
test_tgt_tanh_studentt3_0170,test,tgt_tanh_studentt3,tanh,student_t3,170,200470,0.0,1000,10,data/tasks/test_tgt_tanh_studentt3_0170.npz
test_tgt_tanh_studentt3_0171,test,tgt_tanh_studentt3,tanh,student_t3,171,200471,0.25,1000,10,data/tasks/test_tgt_tanh_studentt3_0171.npz
test_tgt_tanh_studentt3_0172,test,tgt_tanh_studentt3,tanh,student_t3,172,200472,0.5,1000,10,data/tasks/test_tgt_tanh_studentt3_0172.npz
test_tgt_tanh_studentt3_0173,test,tgt_tanh_studentt3,tanh,student_t3,173,200473,0.75,1000,10,data/tasks/test_tgt_tanh_studentt3_0173.npz
test_tgt_tanh_studentt3_0174,test,tgt_tanh_studentt3,tanh,student_t3,174,200474,1.0,1000,10,data/tasks/test_tgt_tanh_studentt3_0174.npz
test_tgt_tanh_studentt3_0175,test,tgt_tanh_studentt3,tanh,student_t3,175,200475,0.0,1000,10,data/tasks/test_tgt_tanh_studentt3_0175.npz
test_tgt_tanh_studentt3_0176,test,tgt_tanh_studentt3,tanh,student_t3,176,200476,0.25,1000,10,data/tasks/test_tgt_tanh_studentt3_0176.npz
test_tgt_tanh_studentt3_0177,test,tgt_tanh_studentt3,tanh,student_t3,177,200477,0.5,1000,10,data/tasks/test_tgt_tanh_studentt3_0177.npz
test_tgt_tanh_studentt3_0178,test,tgt_tanh_studentt3,tanh,student_t3,178,200478,0.75,1000,10,data/tasks/test_tgt_tanh_studentt3_0178.npz
test_tgt_tanh_studentt3_0179,test,tgt_tanh_studentt3,tanh,student_t3,179,200479,1.0,1000,10,data/tasks/test_tgt_tanh_studentt3_0179.npz
test_tgt_tanh_studentt3_0180,test,tgt_tanh_studentt3,tanh,student_t3,180,200480,0.0,1000,10,data/tasks/test_tgt_tanh_studentt3_0180.npz
test_tgt_tanh_studentt3_0181,test,tgt_tanh_studentt3,tanh,student_t3,181,200481,0.25,1000,10,data/tasks/test_tgt_tanh_studentt3_0181.npz
test_tgt_tanh_studentt3_0182,test,tgt_tanh_studentt3,tanh,student_t3,182,200482,0.5,1000,10,data/tasks/test_tgt_tanh_studentt3_0182.npz
test_tgt_tanh_studentt3_0183,test,tgt_tanh_studentt3,tanh,student_t3,183,200483,0.75,1000,10,data/tasks/test_tgt_tanh_studentt3_0183.npz
test_tgt_tanh_studentt3_0184,test,tgt_tanh_studentt3,tanh,student_t3,184,200484,1.0,1000,10,data/tasks/test_tgt_tanh_studentt3_0184.npz
test_tgt_tanh_studentt3_0185,test,tgt_tanh_studentt3,tanh,student_t3,185,200485,0.0,1000,10,data/tasks/test_tgt_tanh_studentt3_0185.npz
test_tgt_tanh_studentt3_0186,test,tgt_tanh_studentt3,tanh,student_t3,186,200486,0.25,1000,10,data/tasks/test_tgt_tanh_studentt3_0186.npz
test_tgt_tanh_studentt3_0187,test,tgt_tanh_studentt3,tanh,student_t3,187,200487,0.5,1000,10,data/tasks/test_tgt_tanh_studentt3_0187.npz
test_tgt_tanh_studentt3_0188,test,tgt_tanh_studentt3,tanh,student_t3,188,200488,0.75,1000,10,data/tasks/test_tgt_tanh_studentt3_0188.npz
test_tgt_tanh_studentt3_0189,test,tgt_tanh_studentt3,tanh,student_t3,189,200489,1.0,1000,10,data/tasks/test_tgt_tanh_studentt3_0189.npz
test_tgt_tanh_studentt3_0190,test,tgt_tanh_studentt3,tanh,student_t3,190,200490,0.0,1000,10,data/tasks/test_tgt_tanh_studentt3_0190.npz
test_tgt_tanh_studentt3_0191,test,tgt_tanh_studentt3,tanh,student_t3,191,200491,0.25,1000,10,data/tasks/test_tgt_tanh_studentt3_0191.npz
test_tgt_tanh_studentt3_0192,test,tgt_tanh_studentt3,tanh,student_t3,192,200492,0.5,1000,10,data/tasks/test_tgt_tanh_studentt3_0192.npz
test_tgt_tanh_studentt3_0193,test,tgt_tanh_studentt3,tanh,student_t3,193,200493,0.75,1000,10,data/tasks/test_tgt_tanh_studentt3_0193.npz
test_tgt_tanh_studentt3_0194,test,tgt_tanh_studentt3,tanh,student_t3,194,200494,1.0,1000,10,data/tasks/test_tgt_tanh_studentt3_0194.npz
test_tgt_tanh_studentt3_0195,test,tgt_tanh_studentt3,tanh,student_t3,195,200495,0.0,1000,10,data/tasks/test_tgt_tanh_studentt3_0195.npz
test_tgt_tanh_studentt3_0196,test,tgt_tanh_studentt3,tanh,student_t3,196,200496,0.25,1000,10,data/tasks/test_tgt_tanh_studentt3_0196.npz
test_tgt_tanh_studentt3_0197,test,tgt_tanh_studentt3,tanh,student_t3,197,200497,0.5,1000,10,data/tasks/test_tgt_tanh_studentt3_0197.npz
test_tgt_tanh_studentt3_0198,test,tgt_tanh_studentt3,tanh,student_t3,198,200498,0.75,1000,10,data/tasks/test_tgt_tanh_studentt3_0198.npz
test_tgt_tanh_studentt3_0199,test,tgt_tanh_studentt3,tanh,student_t3,199,200499,1.0,1000,10,data/tasks/test_tgt_tanh_studentt3_0199.npz
test_tgt_tanh_studentt3_0200,test,tgt_tanh_studentt3,tanh,student_t3,200,200500,0.0,1000,10,data/tasks/test_tgt_tanh_studentt3_0200.npz
test_tgt_tanh_studentt3_0201,test,tgt_tanh_studentt3,tanh,student_t3,201,200501,0.25,1000,10,data/tasks/test_tgt_tanh_studentt3_0201.npz
test_tgt_tanh_studentt3_0202,test,tgt_tanh_studentt3,tanh,student_t3,202,200502,0.5,1000,10,data/tasks/test_tgt_tanh_studentt3_0202.npz
test_tgt_tanh_studentt3_0203,test,tgt_tanh_studentt3,tanh,student_t3,203,200503,0.75,1000,10,data/tasks/test_tgt_tanh_studentt3_0203.npz
test_tgt_tanh_studentt3_0204,test,tgt_tanh_studentt3,tanh,student_t3,204,200504,1.0,1000,10,data/tasks/test_tgt_tanh_studentt3_0204.npz
test_tgt_tanh_studentt3_0205,test,tgt_tanh_studentt3,tanh,student_t3,205,200505,0.0,1000,10,data/tasks/test_tgt_tanh_studentt3_0205.npz
test_tgt_tanh_studentt3_0206,test,tgt_tanh_studentt3,tanh,student_t3,206,200506,0.25,1000,10,data/tasks/test_tgt_tanh_studentt3_0206.npz
test_tgt_tanh_studentt3_0207,test,tgt_tanh_studentt3,tanh,student_t3,207,200507,0.5,1000,10,data/tasks/test_tgt_tanh_studentt3_0207.npz
test_tgt_tanh_studentt3_0208,test,tgt_tanh_studentt3,tanh,student_t3,208,200508,0.75,1000,10,data/tasks/test_tgt_tanh_studentt3_0208.npz
test_tgt_tanh_studentt3_0209,test,tgt_tanh_studentt3,tanh,student_t3,209,200509,1.0,1000,10,data/tasks/test_tgt_tanh_studentt3_0209.npz
test_tgt_tanh_studentt3_0210,test,tgt_tanh_studentt3,tanh,student_t3,210,200510,0.0,1000,10,data/tasks/test_tgt_tanh_studentt3_0210.npz
test_tgt_tanh_studentt3_0211,test,tgt_tanh_studentt3,tanh,student_t3,211,200511,0.25,1000,10,data/tasks/test_tgt_tanh_studentt3_0211.npz
test_tgt_tanh_studentt3_0212,test,tgt_tanh_studentt3,tanh,student_t3,212,200512,0.5,1000,10,data/tasks/test_tgt_tanh_studentt3_0212.npz
test_tgt_tanh_studentt3_0213,test,tgt_tanh_studentt3,tanh,student_t3,213,200513,0.75,1000,10,data/tasks/test_tgt_tanh_studentt3_0213.npz
test_tgt_tanh_studentt3_0214,test,tgt_tanh_studentt3,tanh,student_t3,214,200514,1.0,1000,10,data/tasks/test_tgt_tanh_studentt3_0214.npz
test_tgt_tanh_studentt3_0215,test,tgt_tanh_studentt3,tanh,student_t3,215,200515,0.0,1000,10,data/tasks/test_tgt_tanh_studentt3_0215.npz
test_tgt_tanh_studentt3_0216,test,tgt_tanh_studentt3,tanh,student_t3,216,200516,0.25,1000,10,data/tasks/test_tgt_tanh_studentt3_0216.npz
test_tgt_tanh_studentt3_0217,test,tgt_tanh_studentt3,tanh,student_t3,217,200517,0.5,1000,10,data/tasks/test_tgt_tanh_studentt3_0217.npz
test_tgt_tanh_studentt3_0218,test,tgt_tanh_studentt3,tanh,student_t3,218,200518,0.75,1000,10,data/tasks/test_tgt_tanh_studentt3_0218.npz
test_tgt_tanh_studentt3_0219,test,tgt_tanh_studentt3,tanh,student_t3,219,200519,1.0,1000,10,data/tasks/test_tgt_tanh_studentt3_0219.npz
test_tgt_tanh_studentt3_0220,test,tgt_tanh_studentt3,tanh,student_t3,220,200520,0.0,1000,10,data/tasks/test_tgt_tanh_studentt3_0220.npz
test_tgt_tanh_studentt3_0221,test,tgt_tanh_studentt3,tanh,student_t3,221,200521,0.25,1000,10,data/tasks/test_tgt_tanh_studentt3_0221.npz
test_tgt_tanh_studentt3_0222,test,tgt_tanh_studentt3,tanh,student_t3,222,200522,0.5,1000,10,data/tasks/test_tgt_tanh_studentt3_0222.npz
test_tgt_tanh_studentt3_0223,test,tgt_tanh_studentt3,tanh,student_t3,223,200523,0.75,1000,10,data/tasks/test_tgt_tanh_studentt3_0223.npz
test_tgt_tanh_studentt3_0224,test,tgt_tanh_studentt3,tanh,student_t3,224,200524,1.0,1000,10,data/tasks/test_tgt_tanh_studentt3_0224.npz
test_tgt_tanh_studentt3_0225,test,tgt_tanh_studentt3,tanh,student_t3,225,200525,0.0,1000,10,data/tasks/test_tgt_tanh_studentt3_0225.npz
test_tgt_tanh_studentt3_0226,test,tgt_tanh_studentt3,tanh,student_t3,226,200526,0.25,1000,10,data/tasks/test_tgt_tanh_studentt3_0226.npz
test_tgt_tanh_studentt3_0227,test,tgt_tanh_studentt3,tanh,student_t3,227,200527,0.5,1000,10,data/tasks/test_tgt_tanh_studentt3_0227.npz
test_tgt_tanh_studentt3_0228,test,tgt_tanh_studentt3,tanh,student_t3,228,200528,0.75,1000,10,data/tasks/test_tgt_tanh_studentt3_0228.npz
test_tgt_tanh_studentt3_0229,test,tgt_tanh_studentt3,tanh,student_t3,229,200529,1.0,1000,10,data/tasks/test_tgt_tanh_studentt3_0229.npz
test_tgt_tanh_studentt3_0230,test,tgt_tanh_studentt3,tanh,student_t3,230,200530,0.0,1000,10,data/tasks/test_tgt_tanh_studentt3_0230.npz
test_tgt_tanh_studentt3_0231,test,tgt_tanh_studentt3,tanh,student_t3,231,200531,0.25,1000,10,data/tasks/test_tgt_tanh_studentt3_0231.npz
test_tgt_tanh_studentt3_0232,test,tgt_tanh_studentt3,tanh,student_t3,232,200532,0.5,1000,10,data/tasks/test_tgt_tanh_studentt3_0232.npz
test_tgt_tanh_studentt3_0233,test,tgt_tanh_studentt3,tanh,student_t3,233,200533,0.75,1000,10,data/tasks/test_tgt_tanh_studentt3_0233.npz
test_tgt_tanh_studentt3_0234,test,tgt_tanh_studentt3,tanh,student_t3,234,200534,1.0,1000,10,data/tasks/test_tgt_tanh_studentt3_0234.npz
test_tgt_tanh_studentt3_0235,test,tgt_tanh_studentt3,tanh,student_t3,235,200535,0.0,1000,10,data/tasks/test_tgt_tanh_studentt3_0235.npz
test_tgt_tanh_studentt3_0236,test,tgt_tanh_studentt3,tanh,student_t3,236,200536,0.25,1000,10,data/tasks/test_tgt_tanh_studentt3_0236.npz
test_tgt_tanh_studentt3_0237,test,tgt_tanh_studentt3,tanh,student_t3,237,200537,0.5,1000,10,data/tasks/test_tgt_tanh_studentt3_0237.npz
test_tgt_tanh_studentt3_0238,test,tgt_tanh_studentt3,tanh,student_t3,238,200538,0.75,1000,10,data/tasks/test_tgt_tanh_studentt3_0238.npz
test_tgt_tanh_studentt3_0239,test,tgt_tanh_studentt3,tanh,student_t3,239,200539,1.0,1000,10,data/tasks/test_tgt_tanh_studentt3_0239.npz
test_tgt_tanh_studentt3_0240,test,tgt_tanh_studentt3,tanh,student_t3,240,200540,0.0,1000,10,data/tasks/test_tgt_tanh_studentt3_0240.npz
test_tgt_tanh_studentt3_0241,test,tgt_tanh_studentt3,tanh,student_t3,241,200541,0.25,1000,10,data/tasks/test_tgt_tanh_studentt3_0241.npz
test_tgt_tanh_studentt3_0242,test,tgt_tanh_studentt3,tanh,student_t3,242,200542,0.5,1000,10,data/tasks/test_tgt_tanh_studentt3_0242.npz
test_tgt_tanh_studentt3_0243,test,tgt_tanh_studentt3,tanh,student_t3,243,200543,0.75,1000,10,data/tasks/test_tgt_tanh_studentt3_0243.npz
test_tgt_tanh_studentt3_0244,test,tgt_tanh_studentt3,tanh,student_t3,244,200544,1.0,1000,10,data/tasks/test_tgt_tanh_studentt3_0244.npz
test_tgt_tanh_studentt3_0245,test,tgt_tanh_studentt3,tanh,student_t3,245,200545,0.0,1000,10,data/tasks/test_tgt_tanh_studentt3_0245.npz
test_tgt_tanh_studentt3_0246,test,tgt_tanh_studentt3,tanh,student_t3,246,200546,0.25,1000,10,data/tasks/test_tgt_tanh_studentt3_0246.npz
test_tgt_tanh_studentt3_0247,test,tgt_tanh_studentt3,tanh,student_t3,247,200547,0.5,1000,10,data/tasks/test_tgt_tanh_studentt3_0247.npz
test_tgt_tanh_studentt3_0248,test,tgt_tanh_studentt3,tanh,student_t3,248,200548,0.75,1000,10,data/tasks/test_tgt_tanh_studentt3_0248.npz
test_tgt_tanh_studentt3_0249,test,tgt_tanh_studentt3,tanh,student_t3,249,200549,1.0,1000,10,data/tasks/test_tgt_tanh_studentt3_0249.npz
test_tgt_tanh_studentt3_0250,test,tgt_tanh_studentt3,tanh,student_t3,250,200550,0.0,1000,10,data/tasks/test_tgt_tanh_studentt3_0250.npz
test_tgt_tanh_studentt3_0251,test,tgt_tanh_studentt3,tanh,student_t3,251,200551,0.25,1000,10,data/tasks/test_tgt_tanh_studentt3_0251.npz
test_tgt_tanh_studentt3_0252,test,tgt_tanh_studentt3,tanh,student_t3,252,200552,0.5,1000,10,data/tasks/test_tgt_tanh_studentt3_0252.npz
test_tgt_tanh_studentt3_0253,test,tgt_tanh_studentt3,tanh,student_t3,253,200553,0.75,1000,10,data/tasks/test_tgt_tanh_studentt3_0253.npz
test_tgt_tanh_studentt3_0254,test,tgt_tanh_studentt3,tanh,student_t3,254,200554,1.0,1000,10,data/tasks/test_tgt_tanh_studentt3_0254.npz
test_tgt_tanh_studentt3_0255,test,tgt_tanh_studentt3,tanh,student_t3,255,200555,0.0,1000,10,data/tasks/test_tgt_tanh_studentt3_0255.npz
test_tgt_tanh_studentt3_0256,test,tgt_tanh_studentt3,tanh,student_t3,256,200556,0.25,1000,10,data/tasks/test_tgt_tanh_studentt3_0256.npz
test_tgt_tanh_studentt3_0257,test,tgt_tanh_studentt3,tanh,student_t3,257,200557,0.5,1000,10,data/tasks/test_tgt_tanh_studentt3_0257.npz
test_tgt_tanh_studentt3_0258,test,tgt_tanh_studentt3,tanh,student_t3,258,200558,0.75,1000,10,data/tasks/test_tgt_tanh_studentt3_0258.npz
test_tgt_tanh_studentt3_0259,test,tgt_tanh_studentt3,tanh,student_t3,259,200559,1.0,1000,10,data/tasks/test_tgt_tanh_studentt3_0259.npz
test_tgt_tanh_studentt3_0260,test,tgt_tanh_studentt3,tanh,student_t3,260,200560,0.0,1000,10,data/tasks/test_tgt_tanh_studentt3_0260.npz
test_tgt_tanh_studentt3_0261,test,tgt_tanh_studentt3,tanh,student_t3,261,200561,0.25,1000,10,data/tasks/test_tgt_tanh_studentt3_0261.npz
test_tgt_tanh_studentt3_0262,test,tgt_tanh_studentt3,tanh,student_t3,262,200562,0.5,1000,10,data/tasks/test_tgt_tanh_studentt3_0262.npz
test_tgt_tanh_studentt3_0263,test,tgt_tanh_studentt3,tanh,student_t3,263,200563,0.75,1000,10,data/tasks/test_tgt_tanh_studentt3_0263.npz
test_tgt_tanh_studentt3_0264,test,tgt_tanh_studentt3,tanh,student_t3,264,200564,1.0,1000,10,data/tasks/test_tgt_tanh_studentt3_0264.npz
test_tgt_tanh_studentt3_0265,test,tgt_tanh_studentt3,tanh,student_t3,265,200565,0.0,1000,10,data/tasks/test_tgt_tanh_studentt3_0265.npz
test_tgt_tanh_studentt3_0266,test,tgt_tanh_studentt3,tanh,student_t3,266,200566,0.25,1000,10,data/tasks/test_tgt_tanh_studentt3_0266.npz
test_tgt_tanh_studentt3_0267,test,tgt_tanh_studentt3,tanh,student_t3,267,200567,0.5,1000,10,data/tasks/test_tgt_tanh_studentt3_0267.npz
test_tgt_tanh_studentt3_0268,test,tgt_tanh_studentt3,tanh,student_t3,268,200568,0.75,1000,10,data/tasks/test_tgt_tanh_studentt3_0268.npz
test_tgt_tanh_studentt3_0269,test,tgt_tanh_studentt3,tanh,student_t3,269,200569,1.0,1000,10,data/tasks/test_tgt_tanh_studentt3_0269.npz
test_tgt_tanh_studentt3_0270,test,tgt_tanh_studentt3,tanh,student_t3,270,200570,0.0,1000,10,data/tasks/test_tgt_tanh_studentt3_0270.npz
test_tgt_tanh_studentt3_0271,test,tgt_tanh_studentt3,tanh,student_t3,271,200571,0.25,1000,10,data/tasks/test_tgt_tanh_studentt3_0271.npz
test_tgt_tanh_studentt3_0272,test,tgt_tanh_studentt3,tanh,student_t3,272,200572,0.5,1000,10,data/tasks/test_tgt_tanh_studentt3_0272.npz
test_tgt_tanh_studentt3_0273,test,tgt_tanh_studentt3,tanh,student_t3,273,200573,0.75,1000,10,data/tasks/test_tgt_tanh_studentt3_0273.npz
test_tgt_tanh_studentt3_0274,test,tgt_tanh_studentt3,tanh,student_t3,274,200574,1.0,1000,10,data/tasks/test_tgt_tanh_studentt3_0274.npz
test_tgt_tanh_studentt3_0275,test,tgt_tanh_studentt3,tanh,student_t3,275,200575,0.0,1000,10,data/tasks/test_tgt_tanh_studentt3_0275.npz
test_tgt_tanh_studentt3_0276,test,tgt_tanh_studentt3,tanh,student_t3,276,200576,0.25,1000,10,data/tasks/test_tgt_tanh_studentt3_0276.npz
test_tgt_tanh_studentt3_0277,test,tgt_tanh_studentt3,tanh,student_t3,277,200577,0.5,1000,10,data/tasks/test_tgt_tanh_studentt3_0277.npz
test_tgt_tanh_studentt3_0278,test,tgt_tanh_studentt3,tanh,student_t3,278,200578,0.75,1000,10,data/tasks/test_tgt_tanh_studentt3_0278.npz
test_tgt_tanh_studentt3_0279,test,tgt_tanh_studentt3,tanh,student_t3,279,200579,1.0,1000,10,data/tasks/test_tgt_tanh_studentt3_0279.npz
test_tgt_tanh_studentt3_0280,test,tgt_tanh_studentt3,tanh,student_t3,280,200580,0.0,1000,10,data/tasks/test_tgt_tanh_studentt3_0280.npz
test_tgt_tanh_studentt3_0281,test,tgt_tanh_studentt3,tanh,student_t3,281,200581,0.25,1000,10,data/tasks/test_tgt_tanh_studentt3_0281.npz
test_tgt_tanh_studentt3_0282,test,tgt_tanh_studentt3,tanh,student_t3,282,200582,0.5,1000,10,data/tasks/test_tgt_tanh_studentt3_0282.npz
test_tgt_tanh_studentt3_0283,test,tgt_tanh_studentt3,tanh,student_t3,283,200583,0.75,1000,10,data/tasks/test_tgt_tanh_studentt3_0283.npz
test_tgt_tanh_studentt3_0284,test,tgt_tanh_studentt3,tanh,student_t3,284,200584,1.0,1000,10,data/tasks/test_tgt_tanh_studentt3_0284.npz
test_tgt_tanh_studentt3_0285,test,tgt_tanh_studentt3,tanh,student_t3,285,200585,0.0,1000,10,data/tasks/test_tgt_tanh_studentt3_0285.npz
test_tgt_tanh_studentt3_0286,test,tgt_tanh_studentt3,tanh,student_t3,286,200586,0.25,1000,10,data/tasks/test_tgt_tanh_studentt3_0286.npz
test_tgt_tanh_studentt3_0287,test,tgt_tanh_studentt3,tanh,student_t3,287,200587,0.5,1000,10,data/tasks/test_tgt_tanh_studentt3_0287.npz
test_tgt_tanh_studentt3_0288,test,tgt_tanh_studentt3,tanh,student_t3,288,200588,0.75,1000,10,data/tasks/test_tgt_tanh_studentt3_0288.npz
test_tgt_tanh_studentt3_0289,test,tgt_tanh_studentt3,tanh,student_t3,289,200589,1.0,1000,10,data/tasks/test_tgt_tanh_studentt3_0289.npz
test_tgt_tanh_studentt3_0290,test,tgt_tanh_studentt3,tanh,student_t3,290,200590,0.0,1000,10,data/tasks/test_tgt_tanh_studentt3_0290.npz
test_tgt_tanh_studentt3_0291,test,tgt_tanh_studentt3,tanh,student_t3,291,200591,0.25,1000,10,data/tasks/test_tgt_tanh_studentt3_0291.npz
test_tgt_tanh_studentt3_0292,test,tgt_tanh_studentt3,tanh,student_t3,292,200592,0.5,1000,10,data/tasks/test_tgt_tanh_studentt3_0292.npz
test_tgt_tanh_studentt3_0293,test,tgt_tanh_studentt3,tanh,student_t3,293,200593,0.75,1000,10,data/tasks/test_tgt_tanh_studentt3_0293.npz
test_tgt_tanh_studentt3_0294,test,tgt_tanh_studentt3,tanh,student_t3,294,200594,1.0,1000,10,data/tasks/test_tgt_tanh_studentt3_0294.npz
test_tgt_tanh_studentt3_0295,test,tgt_tanh_studentt3,tanh,student_t3,295,200595,0.0,1000,10,data/tasks/test_tgt_tanh_studentt3_0295.npz
test_tgt_tanh_studentt3_0296,test,tgt_tanh_studentt3,tanh,student_t3,296,200596,0.25,1000,10,data/tasks/test_tgt_tanh_studentt3_0296.npz
test_tgt_tanh_studentt3_0297,test,tgt_tanh_studentt3,tanh,student_t3,297,200597,0.5,1000,10,data/tasks/test_tgt_tanh_studentt3_0297.npz
test_tgt_tanh_studentt3_0298,test,tgt_tanh_studentt3,tanh,student_t3,298,200598,0.75,1000,10,data/tasks/test_tgt_tanh_studentt3_0298.npz
test_tgt_tanh_studentt3_0299,test,tgt_tanh_studentt3,tanh,student_t3,299,200599,1.0,1000,10,data/tasks/test_tgt_tanh_studentt3_0299.npz
test_tgt_softsign_gaussian_0000,test,tgt_softsign_gaussian,softsign,gaussian,0,200600,0.0,1000,10,data/tasks/test_tgt_softsign_gaussian_0000.npz
test_tgt_softsign_gaussian_0001,test,tgt_softsign_gaussian,softsign,gaussian,1,200601,0.25,1000,10,data/tasks/test_tgt_softsign_gaussian_0001.npz
test_tgt_softsign_gaussian_0002,test,tgt_softsign_gaussian,softsign,gaussian,2,200602,0.5,1000,10,data/tasks/test_tgt_softsign_gaussian_0002.npz
test_tgt_softsign_gaussian_0003,test,tgt_softsign_gaussian,softsign,gaussian,3,200603,0.75,1000,10,data/tasks/test_tgt_softsign_gaussian_0003.npz
test_tgt_softsign_gaussian_0004,test,tgt_softsign_gaussian,softsign,gaussian,4,200604,1.0,1000,10,data/tasks/test_tgt_softsign_gaussian_0004.npz
test_tgt_softsign_gaussian_0005,test,tgt_softsign_gaussian,softsign,gaussian,5,200605,0.0,1000,10,data/tasks/test_tgt_softsign_gaussian_0005.npz
test_tgt_softsign_gaussian_0006,test,tgt_softsign_gaussian,softsign,gaussian,6,200606,0.25,1000,10,data/tasks/test_tgt_softsign_gaussian_0006.npz
test_tgt_softsign_gaussian_0007,test,tgt_softsign_gaussian,softsign,gaussian,7,200607,0.5,1000,10,data/tasks/test_tgt_softsign_gaussian_0007.npz
test_tgt_softsign_gaussian_0008,test,tgt_softsign_gaussian,softsign,gaussian,8,200608,0.75,1000,10,data/tasks/test_tgt_softsign_gaussian_0008.npz
test_tgt_softsign_gaussian_0009,test,tgt_softsign_gaussian,softsign,gaussian,9,200609,1.0,1000,10,data/tasks/test_tgt_softsign_gaussian_0009.npz
test_tgt_softsign_gaussian_0010,test,tgt_softsign_gaussian,softsign,gaussian,10,200610,0.0,1000,10,data/tasks/test_tgt_softsign_gaussian_0010.npz
test_tgt_softsign_gaussian_0011,test,tgt_softsign_gaussian,softsign,gaussian,11,200611,0.25,1000,10,data/tasks/test_tgt_softsign_gaussian_0011.npz
test_tgt_softsign_gaussian_0012,test,tgt_softsign_gaussian,softsign,gaussian,12,200612,0.5,1000,10,data/tasks/test_tgt_softsign_gaussian_0012.npz
test_tgt_softsign_gaussian_0013,test,tgt_softsign_gaussian,softsign,gaussian,13,200613,0.75,1000,10,data/tasks/test_tgt_softsign_gaussian_0013.npz
test_tgt_softsign_gaussian_0014,test,tgt_softsign_gaussian,softsign,gaussian,14,200614,1.0,1000,10,data/tasks/test_tgt_softsign_gaussian_0014.npz
test_tgt_softsign_gaussian_0015,test,tgt_softsign_gaussian,softsign,gaussian,15,200615,0.0,1000,10,data/tasks/test_tgt_softsign_gaussian_0015.npz
test_tgt_softsign_gaussian_0016,test,tgt_softsign_gaussian,softsign,gaussian,16,200616,0.25,1000,10,data/tasks/test_tgt_softsign_gaussian_0016.npz
test_tgt_softsign_gaussian_0017,test,tgt_softsign_gaussian,softsign,gaussian,17,200617,0.5,1000,10,data/tasks/test_tgt_softsign_gaussian_0017.npz
test_tgt_softsign_gaussian_0018,test,tgt_softsign_gaussian,softsign,gaussian,18,200618,0.75,1000,10,data/tasks/test_tgt_softsign_gaussian_0018.npz
test_tgt_softsign_gaussian_0019,test,tgt_softsign_gaussian,softsign,gaussian,19,200619,1.0,1000,10,data/tasks/test_tgt_softsign_gaussian_0019.npz
test_tgt_softsign_gaussian_0020,test,tgt_softsign_gaussian,softsign,gaussian,20,200620,0.0,1000,10,data/tasks/test_tgt_softsign_gaussian_0020.npz
test_tgt_softsign_gaussian_0021,test,tgt_softsign_gaussian,softsign,gaussian,21,200621,0.25,1000,10,data/tasks/test_tgt_softsign_gaussian_0021.npz
test_tgt_softsign_gaussian_0022,test,tgt_softsign_gaussian,softsign,gaussian,22,200622,0.5,1000,10,data/tasks/test_tgt_softsign_gaussian_0022.npz
test_tgt_softsign_gaussian_0023,test,tgt_softsign_gaussian,softsign,gaussian,23,200623,0.75,1000,10,data/tasks/test_tgt_softsign_gaussian_0023.npz
test_tgt_softsign_gaussian_0024,test,tgt_softsign_gaussian,softsign,gaussian,24,200624,1.0,1000,10,data/tasks/test_tgt_softsign_gaussian_0024.npz
test_tgt_softsign_gaussian_0025,test,tgt_softsign_gaussian,softsign,gaussian,25,200625,0.0,1000,10,data/tasks/test_tgt_softsign_gaussian_0025.npz
test_tgt_softsign_gaussian_0026,test,tgt_softsign_gaussian,softsign,gaussian,26,200626,0.25,1000,10,data/tasks/test_tgt_softsign_gaussian_0026.npz
test_tgt_softsign_gaussian_0027,test,tgt_softsign_gaussian,softsign,gaussian,27,200627,0.5,1000,10,data/tasks/test_tgt_softsign_gaussian_0027.npz
test_tgt_softsign_gaussian_0028,test,tgt_softsign_gaussian,softsign,gaussian,28,200628,0.75,1000,10,data/tasks/test_tgt_softsign_gaussian_0028.npz
test_tgt_softsign_gaussian_0029,test,tgt_softsign_gaussian,softsign,gaussian,29,200629,1.0,1000,10,data/tasks/test_tgt_softsign_gaussian_0029.npz
test_tgt_softsign_gaussian_0030,test,tgt_softsign_gaussian,softsign,gaussian,30,200630,0.0,1000,10,data/tasks/test_tgt_softsign_gaussian_0030.npz
test_tgt_softsign_gaussian_0031,test,tgt_softsign_gaussian,softsign,gaussian,31,200631,0.25,1000,10,data/tasks/test_tgt_softsign_gaussian_0031.npz
test_tgt_softsign_gaussian_0032,test,tgt_softsign_gaussian,softsign,gaussian,32,200632,0.5,1000,10,data/tasks/test_tgt_softsign_gaussian_0032.npz
test_tgt_softsign_gaussian_0033,test,tgt_softsign_gaussian,softsign,gaussian,33,200633,0.75,1000,10,data/tasks/test_tgt_softsign_gaussian_0033.npz
test_tgt_softsign_gaussian_0034,test,tgt_softsign_gaussian,softsign,gaussian,34,200634,1.0,1000,10,data/tasks/test_tgt_softsign_gaussian_0034.npz
test_tgt_softsign_gaussian_0035,test,tgt_softsign_gaussian,softsign,gaussian,35,200635,0.0,1000,10,data/tasks/test_tgt_softsign_gaussian_0035.npz
test_tgt_softsign_gaussian_0036,test,tgt_softsign_gaussian,softsign,gaussian,36,200636,0.25,1000,10,data/tasks/test_tgt_softsign_gaussian_0036.npz
test_tgt_softsign_gaussian_0037,test,tgt_softsign_gaussian,softsign,gaussian,37,200637,0.5,1000,10,data/tasks/test_tgt_softsign_gaussian_0037.npz
test_tgt_softsign_gaussian_0038,test,tgt_softsign_gaussian,softsign,gaussian,38,200638,0.75,1000,10,data/tasks/test_tgt_softsign_gaussian_0038.npz
test_tgt_softsign_gaussian_0039,test,tgt_softsign_gaussian,softsign,gaussian,39,200639,1.0,1000,10,data/tasks/test_tgt_softsign_gaussian_0039.npz
test_tgt_softsign_gaussian_0040,test,tgt_softsign_gaussian,softsign,gaussian,40,200640,0.0,1000,10,data/tasks/test_tgt_softsign_gaussian_0040.npz
test_tgt_softsign_gaussian_0041,test,tgt_softsign_gaussian,softsign,gaussian,41,200641,0.25,1000,10,data/tasks/test_tgt_softsign_gaussian_0041.npz
test_tgt_softsign_gaussian_0042,test,tgt_softsign_gaussian,softsign,gaussian,42,200642,0.5,1000,10,data/tasks/test_tgt_softsign_gaussian_0042.npz
test_tgt_softsign_gaussian_0043,test,tgt_softsign_gaussian,softsign,gaussian,43,200643,0.75,1000,10,data/tasks/test_tgt_softsign_gaussian_0043.npz
test_tgt_softsign_gaussian_0044,test,tgt_softsign_gaussian,softsign,gaussian,44,200644,1.0,1000,10,data/tasks/test_tgt_softsign_gaussian_0044.npz
test_tgt_softsign_gaussian_0045,test,tgt_softsign_gaussian,softsign,gaussian,45,200645,0.0,1000,10,data/tasks/test_tgt_softsign_gaussian_0045.npz
test_tgt_softsign_gaussian_0046,test,tgt_softsign_gaussian,softsign,gaussian,46,200646,0.25,1000,10,data/tasks/test_tgt_softsign_gaussian_0046.npz
test_tgt_softsign_gaussian_0047,test,tgt_softsign_gaussian,softsign,gaussian,47,200647,0.5,1000,10,data/tasks/test_tgt_softsign_gaussian_0047.npz
test_tgt_softsign_gaussian_0048,test,tgt_softsign_gaussian,softsign,gaussian,48,200648,0.75,1000,10,data/tasks/test_tgt_softsign_gaussian_0048.npz
test_tgt_softsign_gaussian_0049,test,tgt_softsign_gaussian,softsign,gaussian,49,200649,1.0,1000,10,data/tasks/test_tgt_softsign_gaussian_0049.npz
test_tgt_softsign_gaussian_0050,test,tgt_softsign_gaussian,softsign,gaussian,50,200650,0.0,1000,10,data/tasks/test_tgt_softsign_gaussian_0050.npz
test_tgt_softsign_gaussian_0051,test,tgt_softsign_gaussian,softsign,gaussian,51,200651,0.25,1000,10,data/tasks/test_tgt_softsign_gaussian_0051.npz
test_tgt_softsign_gaussian_0052,test,tgt_softsign_gaussian,softsign,gaussian,52,200652,0.5,1000,10,data/tasks/test_tgt_softsign_gaussian_0052.npz
test_tgt_softsign_gaussian_0053,test,tgt_softsign_gaussian,softsign,gaussian,53,200653,0.75,1000,10,data/tasks/test_tgt_softsign_gaussian_0053.npz
test_tgt_softsign_gaussian_0054,test,tgt_softsign_gaussian,softsign,gaussian,54,200654,1.0,1000,10,data/tasks/test_tgt_softsign_gaussian_0054.npz
test_tgt_softsign_gaussian_0055,test,tgt_softsign_gaussian,softsign,gaussian,55,200655,0.0,1000,10,data/tasks/test_tgt_softsign_gaussian_0055.npz
test_tgt_softsign_gaussian_0056,test,tgt_softsign_gaussian,softsign,gaussian,56,200656,0.25,1000,10,data/tasks/test_tgt_softsign_gaussian_0056.npz
test_tgt_softsign_gaussian_0057,test,tgt_softsign_gaussian,softsign,gaussian,57,200657,0.5,1000,10,data/tasks/test_tgt_softsign_gaussian_0057.npz
test_tgt_softsign_gaussian_0058,test,tgt_softsign_gaussian,softsign,gaussian,58,200658,0.75,1000,10,data/tasks/test_tgt_softsign_gaussian_0058.npz
test_tgt_softsign_gaussian_0059,test,tgt_softsign_gaussian,softsign,gaussian,59,200659,1.0,1000,10,data/tasks/test_tgt_softsign_gaussian_0059.npz
test_tgt_softsign_gaussian_0060,test,tgt_softsign_gaussian,softsign,gaussian,60,200660,0.0,1000,10,data/tasks/test_tgt_softsign_gaussian_0060.npz
test_tgt_softsign_gaussian_0061,test,tgt_softsign_gaussian,softsign,gaussian,61,200661,0.25,1000,10,data/tasks/test_tgt_softsign_gaussian_0061.npz
test_tgt_softsign_gaussian_0062,test,tgt_softsign_gaussian,softsign,gaussian,62,200662,0.5,1000,10,data/tasks/test_tgt_softsign_gaussian_0062.npz
test_tgt_softsign_gaussian_0063,test,tgt_softsign_gaussian,softsign,gaussian,63,200663,0.75,1000,10,data/tasks/test_tgt_softsign_gaussian_0063.npz
test_tgt_softsign_gaussian_0064,test,tgt_softsign_gaussian,softsign,gaussian,64,200664,1.0,1000,10,data/tasks/test_tgt_softsign_gaussian_0064.npz
test_tgt_softsign_gaussian_0065,test,tgt_softsign_gaussian,softsign,gaussian,65,200665,0.0,1000,10,data/tasks/test_tgt_softsign_gaussian_0065.npz
test_tgt_softsign_gaussian_0066,test,tgt_softsign_gaussian,softsign,gaussian,66,200666,0.25,1000,10,data/tasks/test_tgt_softsign_gaussian_0066.npz
test_tgt_softsign_gaussian_0067,test,tgt_softsign_gaussian,softsign,gaussian,67,200667,0.5,1000,10,data/tasks/test_tgt_softsign_gaussian_0067.npz
test_tgt_softsign_gaussian_0068,test,tgt_softsign_gaussian,softsign,gaussian,68,200668,0.75,1000,10,data/tasks/test_tgt_softsign_gaussian_0068.npz
test_tgt_softsign_gaussian_0069,test,tgt_softsign_gaussian,softsign,gaussian,69,200669,1.0,1000,10,data/tasks/test_tgt_softsign_gaussian_0069.npz
test_tgt_softsign_gaussian_0070,test,tgt_softsign_gaussian,softsign,gaussian,70,200670,0.0,1000,10,data/tasks/test_tgt_softsign_gaussian_0070.npz
test_tgt_softsign_gaussian_0071,test,tgt_softsign_gaussian,softsign,gaussian,71,200671,0.25,1000,10,data/tasks/test_tgt_softsign_gaussian_0071.npz
test_tgt_softsign_gaussian_0072,test,tgt_softsign_gaussian,softsign,gaussian,72,200672,0.5,1000,10,data/tasks/test_tgt_softsign_gaussian_0072.npz
test_tgt_softsign_gaussian_0073,test,tgt_softsign_gaussian,softsign,gaussian,73,200673,0.75,1000,10,data/tasks/test_tgt_softsign_gaussian_0073.npz
test_tgt_softsign_gaussian_0074,test,tgt_softsign_gaussian,softsign,gaussian,74,200674,1.0,1000,10,data/tasks/test_tgt_softsign_gaussian_0074.npz
test_tgt_softsign_gaussian_0075,test,tgt_softsign_gaussian,softsign,gaussian,75,200675,0.0,1000,10,data/tasks/test_tgt_softsign_gaussian_0075.npz
test_tgt_softsign_gaussian_0076,test,tgt_softsign_gaussian,softsign,gaussian,76,200676,0.25,1000,10,data/tasks/test_tgt_softsign_gaussian_0076.npz
test_tgt_softsign_gaussian_0077,test,tgt_softsign_gaussian,softsign,gaussian,77,200677,0.5,1000,10,data/tasks/test_tgt_softsign_gaussian_0077.npz
test_tgt_softsign_gaussian_0078,test,tgt_softsign_gaussian,softsign,gaussian,78,200678,0.75,1000,10,data/tasks/test_tgt_softsign_gaussian_0078.npz
test_tgt_softsign_gaussian_0079,test,tgt_softsign_gaussian,softsign,gaussian,79,200679,1.0,1000,10,data/tasks/test_tgt_softsign_gaussian_0079.npz
test_tgt_softsign_gaussian_0080,test,tgt_softsign_gaussian,softsign,gaussian,80,200680,0.0,1000,10,data/tasks/test_tgt_softsign_gaussian_0080.npz
test_tgt_softsign_gaussian_0081,test,tgt_softsign_gaussian,softsign,gaussian,81,200681,0.25,1000,10,data/tasks/test_tgt_softsign_gaussian_0081.npz
test_tgt_softsign_gaussian_0082,test,tgt_softsign_gaussian,softsign,gaussian,82,200682,0.5,1000,10,data/tasks/test_tgt_softsign_gaussian_0082.npz
test_tgt_softsign_gaussian_0083,test,tgt_softsign_gaussian,softsign,gaussian,83,200683,0.75,1000,10,data/tasks/test_tgt_softsign_gaussian_0083.npz
test_tgt_softsign_gaussian_0084,test,tgt_softsign_gaussian,softsign,gaussian,84,200684,1.0,1000,10,data/tasks/test_tgt_softsign_gaussian_0084.npz
test_tgt_softsign_gaussian_0085,test,tgt_softsign_gaussian,softsign,gaussian,85,200685,0.0,1000,10,data/tasks/test_tgt_softsign_gaussian_0085.npz
test_tgt_softsign_gaussian_0086,test,tgt_softsign_gaussian,softsign,gaussian,86,200686,0.25,1000,10,data/tasks/test_tgt_softsign_gaussian_0086.npz
test_tgt_softsign_gaussian_0087,test,tgt_softsign_gaussian,softsign,gaussian,87,200687,0.5,1000,10,data/tasks/test_tgt_softsign_gaussian_0087.npz
test_tgt_softsign_gaussian_0088,test,tgt_softsign_gaussian,softsign,gaussian,88,200688,0.75,1000,10,data/tasks/test_tgt_softsign_gaussian_0088.npz
test_tgt_softsign_gaussian_0089,test,tgt_softsign_gaussian,softsign,gaussian,89,200689,1.0,1000,10,data/tasks/test_tgt_softsign_gaussian_0089.npz
test_tgt_softsign_gaussian_0090,test,tgt_softsign_gaussian,softsign,gaussian,90,200690,0.0,1000,10,data/tasks/test_tgt_softsign_gaussian_0090.npz
test_tgt_softsign_gaussian_0091,test,tgt_softsign_gaussian,softsign,gaussian,91,200691,0.25,1000,10,data/tasks/test_tgt_softsign_gaussian_0091.npz
test_tgt_softsign_gaussian_0092,test,tgt_softsign_gaussian,softsign,gaussian,92,200692,0.5,1000,10,data/tasks/test_tgt_softsign_gaussian_0092.npz
test_tgt_softsign_gaussian_0093,test,tgt_softsign_gaussian,softsign,gaussian,93,200693,0.75,1000,10,data/tasks/test_tgt_softsign_gaussian_0093.npz
test_tgt_softsign_gaussian_0094,test,tgt_softsign_gaussian,softsign,gaussian,94,200694,1.0,1000,10,data/tasks/test_tgt_softsign_gaussian_0094.npz
test_tgt_softsign_gaussian_0095,test,tgt_softsign_gaussian,softsign,gaussian,95,200695,0.0,1000,10,data/tasks/test_tgt_softsign_gaussian_0095.npz
test_tgt_softsign_gaussian_0096,test,tgt_softsign_gaussian,softsign,gaussian,96,200696,0.25,1000,10,data/tasks/test_tgt_softsign_gaussian_0096.npz
test_tgt_softsign_gaussian_0097,test,tgt_softsign_gaussian,softsign,gaussian,97,200697,0.5,1000,10,data/tasks/test_tgt_softsign_gaussian_0097.npz
test_tgt_softsign_gaussian_0098,test,tgt_softsign_gaussian,softsign,gaussian,98,200698,0.75,1000,10,data/tasks/test_tgt_softsign_gaussian_0098.npz
test_tgt_softsign_gaussian_0099,test,tgt_softsign_gaussian,softsign,gaussian,99,200699,1.0,1000,10,data/tasks/test_tgt_softsign_gaussian_0099.npz
test_tgt_softsign_gaussian_0100,test,tgt_softsign_gaussian,softsign,gaussian,100,200700,0.0,1000,10,data/tasks/test_tgt_softsign_gaussian_0100.npz
test_tgt_softsign_gaussian_0101,test,tgt_softsign_gaussian,softsign,gaussian,101,200701,0.25,1000,10,data/tasks/test_tgt_softsign_gaussian_0101.npz
test_tgt_softsign_gaussian_0102,test,tgt_softsign_gaussian,softsign,gaussian,102,200702,0.5,1000,10,data/tasks/test_tgt_softsign_gaussian_0102.npz
test_tgt_softsign_gaussian_0103,test,tgt_softsign_gaussian,softsign,gaussian,103,200703,0.75,1000,10,data/tasks/test_tgt_softsign_gaussian_0103.npz
test_tgt_softsign_gaussian_0104,test,tgt_softsign_gaussian,softsign,gaussian,104,200704,1.0,1000,10,data/tasks/test_tgt_softsign_gaussian_0104.npz
test_tgt_softsign_gaussian_0105,test,tgt_softsign_gaussian,softsign,gaussian,105,200705,0.0,1000,10,data/tasks/test_tgt_softsign_gaussian_0105.npz
test_tgt_softsign_gaussian_0106,test,tgt_softsign_gaussian,softsign,gaussian,106,200706,0.25,1000,10,data/tasks/test_tgt_softsign_gaussian_0106.npz
test_tgt_softsign_gaussian_0107,test,tgt_softsign_gaussian,softsign,gaussian,107,200707,0.5,1000,10,data/tasks/test_tgt_softsign_gaussian_0107.npz
test_tgt_softsign_gaussian_0108,test,tgt_softsign_gaussian,softsign,gaussian,108,200708,0.75,1000,10,data/tasks/test_tgt_softsign_gaussian_0108.npz
test_tgt_softsign_gaussian_0109,test,tgt_softsign_gaussian,softsign,gaussian,109,200709,1.0,1000,10,data/tasks/test_tgt_softsign_gaussian_0109.npz
test_tgt_softsign_gaussian_0110,test,tgt_softsign_gaussian,softsign,gaussian,110,200710,0.0,1000,10,data/tasks/test_tgt_softsign_gaussian_0110.npz
test_tgt_softsign_gaussian_0111,test,tgt_softsign_gaussian,softsign,gaussian,111,200711,0.25,1000,10,data/tasks/test_tgt_softsign_gaussian_0111.npz
test_tgt_softsign_gaussian_0112,test,tgt_softsign_gaussian,softsign,gaussian,112,200712,0.5,1000,10,data/tasks/test_tgt_softsign_gaussian_0112.npz
test_tgt_softsign_gaussian_0113,test,tgt_softsign_gaussian,softsign,gaussian,113,200713,0.75,1000,10,data/tasks/test_tgt_softsign_gaussian_0113.npz
test_tgt_softsign_gaussian_0114,test,tgt_softsign_gaussian,softsign,gaussian,114,200714,1.0,1000,10,data/tasks/test_tgt_softsign_gaussian_0114.npz
test_tgt_softsign_gaussian_0115,test,tgt_softsign_gaussian,softsign,gaussian,115,200715,0.0,1000,10,data/tasks/test_tgt_softsign_gaussian_0115.npz
test_tgt_softsign_gaussian_0116,test,tgt_softsign_gaussian,softsign,gaussian,116,200716,0.25,1000,10,data/tasks/test_tgt_softsign_gaussian_0116.npz
test_tgt_softsign_gaussian_0117,test,tgt_softsign_gaussian,softsign,gaussian,117,200717,0.5,1000,10,data/tasks/test_tgt_softsign_gaussian_0117.npz
test_tgt_softsign_gaussian_0118,test,tgt_softsign_gaussian,softsign,gaussian,118,200718,0.75,1000,10,data/tasks/test_tgt_softsign_gaussian_0118.npz
test_tgt_softsign_gaussian_0119,test,tgt_softsign_gaussian,softsign,gaussian,119,200719,1.0,1000,10,data/tasks/test_tgt_softsign_gaussian_0119.npz
test_tgt_softsign_gaussian_0120,test,tgt_softsign_gaussian,softsign,gaussian,120,200720,0.0,1000,10,data/tasks/test_tgt_softsign_gaussian_0120.npz
test_tgt_softsign_gaussian_0121,test,tgt_softsign_gaussian,softsign,gaussian,121,200721,0.25,1000,10,data/tasks/test_tgt_softsign_gaussian_0121.npz
test_tgt_softsign_gaussian_0122,test,tgt_softsign_gaussian,softsign,gaussian,122,200722,0.5,1000,10,data/tasks/test_tgt_softsign_gaussian_0122.npz
test_tgt_softsign_gaussian_0123,test,tgt_softsign_gaussian,softsign,gaussian,123,200723,0.75,1000,10,data/tasks/test_tgt_softsign_gaussian_0123.npz
test_tgt_softsign_gaussian_0124,test,tgt_softsign_gaussian,softsign,gaussian,124,200724,1.0,1000,10,data/tasks/test_tgt_softsign_gaussian_0124.npz
test_tgt_softsign_gaussian_0125,test,tgt_softsign_gaussian,softsign,gaussian,125,200725,0.0,1000,10,data/tasks/test_tgt_softsign_gaussian_0125.npz
test_tgt_softsign_gaussian_0126,test,tgt_softsign_gaussian,softsign,gaussian,126,200726,0.25,1000,10,data/tasks/test_tgt_softsign_gaussian_0126.npz
test_tgt_softsign_gaussian_0127,test,tgt_softsign_gaussian,softsign,gaussian,127,200727,0.5,1000,10,data/tasks/test_tgt_softsign_gaussian_0127.npz
test_tgt_softsign_gaussian_0128,test,tgt_softsign_gaussian,softsign,gaussian,128,200728,0.75,1000,10,data/tasks/test_tgt_softsign_gaussian_0128.npz
test_tgt_softsign_gaussian_0129,test,tgt_softsign_gaussian,softsign,gaussian,129,200729,1.0,1000,10,data/tasks/test_tgt_softsign_gaussian_0129.npz
test_tgt_softsign_gaussian_0130,test,tgt_softsign_gaussian,softsign,gaussian,130,200730,0.0,1000,10,data/tasks/test_tgt_softsign_gaussian_0130.npz
test_tgt_softsign_gaussian_0131,test,tgt_softsign_gaussian,softsign,gaussian,131,200731,0.25,1000,10,data/tasks/test_tgt_softsign_gaussian_0131.npz
test_tgt_softsign_gaussian_0132,test,tgt_softsign_gaussian,softsign,gaussian,132,200732,0.5,1000,10,data/tasks/test_tgt_softsign_gaussian_0132.npz
test_tgt_softsign_gaussian_0133,test,tgt_softsign_gaussian,softsign,gaussian,133,200733,0.75,1000,10,data/tasks/test_tgt_softsign_gaussian_0133.npz
test_tgt_softsign_gaussian_0134,test,tgt_softsign_gaussian,softsign,gaussian,134,200734,1.0,1000,10,data/tasks/test_tgt_softsign_gaussian_0134.npz
test_tgt_softsign_gaussian_0135,test,tgt_softsign_gaussian,softsign,gaussian,135,200735,0.0,1000,10,data/tasks/test_tgt_softsign_gaussian_0135.npz
test_tgt_softsign_gaussian_0136,test,tgt_softsign_gaussian,softsign,gaussian,136,200736,0.25,1000,10,data/tasks/test_tgt_softsign_gaussian_0136.npz
test_tgt_softsign_gaussian_0137,test,tgt_softsign_gaussian,softsign,gaussian,137,200737,0.5,1000,10,data/tasks/test_tgt_softsign_gaussian_0137.npz
test_tgt_softsign_gaussian_0138,test,tgt_softsign_gaussian,softsign,gaussian,138,200738,0.75,1000,10,data/tasks/test_tgt_softsign_gaussian_0138.npz
test_tgt_softsign_gaussian_0139,test,tgt_softsign_gaussian,softsign,gaussian,139,200739,1.0,1000,10,data/tasks/test_tgt_softsign_gaussian_0139.npz
test_tgt_softsign_gaussian_0140,test,tgt_softsign_gaussian,softsign,gaussian,140,200740,0.0,1000,10,data/tasks/test_tgt_softsign_gaussian_0140.npz
test_tgt_softsign_gaussian_0141,test,tgt_softsign_gaussian,softsign,gaussian,141,200741,0.25,1000,10,data/tasks/test_tgt_softsign_gaussian_0141.npz
test_tgt_softsign_gaussian_0142,test,tgt_softsign_gaussian,softsign,gaussian,142,200742,0.5,1000,10,data/tasks/test_tgt_softsign_gaussian_0142.npz
test_tgt_softsign_gaussian_0143,test,tgt_softsign_gaussian,softsign,gaussian,143,200743,0.75,1000,10,data/tasks/test_tgt_softsign_gaussian_0143.npz
test_tgt_softsign_gaussian_0144,test,tgt_softsign_gaussian,softsign,gaussian,144,200744,1.0,1000,10,data/tasks/test_tgt_softsign_gaussian_0144.npz
test_tgt_softsign_gaussian_0145,test,tgt_softsign_gaussian,softsign,gaussian,145,200745,0.0,1000,10,data/tasks/test_tgt_softsign_gaussian_0145.npz
test_tgt_softsign_gaussian_0146,test,tgt_softsign_gaussian,softsign,gaussian,146,200746,0.25,1000,10,data/tasks/test_tgt_softsign_gaussian_0146.npz
test_tgt_softsign_gaussian_0147,test,tgt_softsign_gaussian,softsign,gaussian,147,200747,0.5,1000,10,data/tasks/test_tgt_softsign_gaussian_0147.npz
test_tgt_softsign_gaussian_0148,test,tgt_softsign_gaussian,softsign,gaussian,148,200748,0.75,1000,10,data/tasks/test_tgt_softsign_gaussian_0148.npz
test_tgt_softsign_gaussian_0149,test,tgt_softsign_gaussian,softsign,gaussian,149,200749,1.0,1000,10,data/tasks/test_tgt_softsign_gaussian_0149.npz
test_tgt_softsign_gaussian_0150,test,tgt_softsign_gaussian,softsign,gaussian,150,200750,0.0,1000,10,data/tasks/test_tgt_softsign_gaussian_0150.npz
test_tgt_softsign_gaussian_0151,test,tgt_softsign_gaussian,softsign,gaussian,151,200751,0.25,1000,10,data/tasks/test_tgt_softsign_gaussian_0151.npz
test_tgt_softsign_gaussian_0152,test,tgt_softsign_gaussian,softsign,gaussian,152,200752,0.5,1000,10,data/tasks/test_tgt_softsign_gaussian_0152.npz
test_tgt_softsign_gaussian_0153,test,tgt_softsign_gaussian,softsign,gaussian,153,200753,0.75,1000,10,data/tasks/test_tgt_softsign_gaussian_0153.npz
test_tgt_softsign_gaussian_0154,test,tgt_softsign_gaussian,softsign,gaussian,154,200754,1.0,1000,10,data/tasks/test_tgt_softsign_gaussian_0154.npz
test_tgt_softsign_gaussian_0155,test,tgt_softsign_gaussian,softsign,gaussian,155,200755,0.0,1000,10,data/tasks/test_tgt_softsign_gaussian_0155.npz
test_tgt_softsign_gaussian_0156,test,tgt_softsign_gaussian,softsign,gaussian,156,200756,0.25,1000,10,data/tasks/test_tgt_softsign_gaussian_0156.npz
test_tgt_softsign_gaussian_0157,test,tgt_softsign_gaussian,softsign,gaussian,157,200757,0.5,1000,10,data/tasks/test_tgt_softsign_gaussian_0157.npz
test_tgt_softsign_gaussian_0158,test,tgt_softsign_gaussian,softsign,gaussian,158,200758,0.75,1000,10,data/tasks/test_tgt_softsign_gaussian_0158.npz
test_tgt_softsign_gaussian_0159,test,tgt_softsign_gaussian,softsign,gaussian,159,200759,1.0,1000,10,data/tasks/test_tgt_softsign_gaussian_0159.npz
test_tgt_softsign_gaussian_0160,test,tgt_softsign_gaussian,softsign,gaussian,160,200760,0.0,1000,10,data/tasks/test_tgt_softsign_gaussian_0160.npz
test_tgt_softsign_gaussian_0161,test,tgt_softsign_gaussian,softsign,gaussian,161,200761,0.25,1000,10,data/tasks/test_tgt_softsign_gaussian_0161.npz
test_tgt_softsign_gaussian_0162,test,tgt_softsign_gaussian,softsign,gaussian,162,200762,0.5,1000,10,data/tasks/test_tgt_softsign_gaussian_0162.npz
test_tgt_softsign_gaussian_0163,test,tgt_softsign_gaussian,softsign,gaussian,163,200763,0.75,1000,10,data/tasks/test_tgt_softsign_gaussian_0163.npz
test_tgt_softsign_gaussian_0164,test,tgt_softsign_gaussian,softsign,gaussian,164,200764,1.0,1000,10,data/tasks/test_tgt_softsign_gaussian_0164.npz
test_tgt_softsign_gaussian_0165,test,tgt_softsign_gaussian,softsign,gaussian,165,200765,0.0,1000,10,data/tasks/test_tgt_softsign_gaussian_0165.npz
test_tgt_softsign_gaussian_0166,test,tgt_softsign_gaussian,softsign,gaussian,166,200766,0.25,1000,10,data/tasks/test_tgt_softsign_gaussian_0166.npz
test_tgt_softsign_gaussian_0167,test,tgt_softsign_gaussian,softsign,gaussian,167,200767,0.5,1000,10,data/tasks/test_tgt_softsign_gaussian_0167.npz
test_tgt_softsign_gaussian_0168,test,tgt_softsign_gaussian,softsign,gaussian,168,200768,0.75,1000,10,data/tasks/test_tgt_softsign_gaussian_0168.npz
test_tgt_softsign_gaussian_0169,test,tgt_softsign_gaussian,softsign,gaussian,169,200769,1.0,1000,10,data/tasks/test_tgt_softsign_gaussian_0169.npz
test_tgt_softsign_gaussian_0170,test,tgt_softsign_gaussian,softsign,gaussian,170,200770,0.0,1000,10,data/tasks/test_tgt_softsign_gaussian_0170.npz
test_tgt_softsign_gaussian_0171,test,tgt_softsign_gaussian,softsign,gaussian,171,200771,0.25,1000,10,data/tasks/test_tgt_softsign_gaussian_0171.npz
test_tgt_softsign_gaussian_0172,test,tgt_softsign_gaussian,softsign,gaussian,172,200772,0.5,1000,10,data/tasks/test_tgt_softsign_gaussian_0172.npz
test_tgt_softsign_gaussian_0173,test,tgt_softsign_gaussian,softsign,gaussian,173,200773,0.75,1000,10,data/tasks/test_tgt_softsign_gaussian_0173.npz
test_tgt_softsign_gaussian_0174,test,tgt_softsign_gaussian,softsign,gaussian,174,200774,1.0,1000,10,data/tasks/test_tgt_softsign_gaussian_0174.npz
test_tgt_softsign_gaussian_0175,test,tgt_softsign_gaussian,softsign,gaussian,175,200775,0.0,1000,10,data/tasks/test_tgt_softsign_gaussian_0175.npz
test_tgt_softsign_gaussian_0176,test,tgt_softsign_gaussian,softsign,gaussian,176,200776,0.25,1000,10,data/tasks/test_tgt_softsign_gaussian_0176.npz
test_tgt_softsign_gaussian_0177,test,tgt_softsign_gaussian,softsign,gaussian,177,200777,0.5,1000,10,data/tasks/test_tgt_softsign_gaussian_0177.npz
test_tgt_softsign_gaussian_0178,test,tgt_softsign_gaussian,softsign,gaussian,178,200778,0.75,1000,10,data/tasks/test_tgt_softsign_gaussian_0178.npz
test_tgt_softsign_gaussian_0179,test,tgt_softsign_gaussian,softsign,gaussian,179,200779,1.0,1000,10,data/tasks/test_tgt_softsign_gaussian_0179.npz
test_tgt_softsign_gaussian_0180,test,tgt_softsign_gaussian,softsign,gaussian,180,200780,0.0,1000,10,data/tasks/test_tgt_softsign_gaussian_0180.npz
test_tgt_softsign_gaussian_0181,test,tgt_softsign_gaussian,softsign,gaussian,181,200781,0.25,1000,10,data/tasks/test_tgt_softsign_gaussian_0181.npz
test_tgt_softsign_gaussian_0182,test,tgt_softsign_gaussian,softsign,gaussian,182,200782,0.5,1000,10,data/tasks/test_tgt_softsign_gaussian_0182.npz
test_tgt_softsign_gaussian_0183,test,tgt_softsign_gaussian,softsign,gaussian,183,200783,0.75,1000,10,data/tasks/test_tgt_softsign_gaussian_0183.npz
test_tgt_softsign_gaussian_0184,test,tgt_softsign_gaussian,softsign,gaussian,184,200784,1.0,1000,10,data/tasks/test_tgt_softsign_gaussian_0184.npz
test_tgt_softsign_gaussian_0185,test,tgt_softsign_gaussian,softsign,gaussian,185,200785,0.0,1000,10,data/tasks/test_tgt_softsign_gaussian_0185.npz
test_tgt_softsign_gaussian_0186,test,tgt_softsign_gaussian,softsign,gaussian,186,200786,0.25,1000,10,data/tasks/test_tgt_softsign_gaussian_0186.npz
test_tgt_softsign_gaussian_0187,test,tgt_softsign_gaussian,softsign,gaussian,187,200787,0.5,1000,10,data/tasks/test_tgt_softsign_gaussian_0187.npz
test_tgt_softsign_gaussian_0188,test,tgt_softsign_gaussian,softsign,gaussian,188,200788,0.75,1000,10,data/tasks/test_tgt_softsign_gaussian_0188.npz
test_tgt_softsign_gaussian_0189,test,tgt_softsign_gaussian,softsign,gaussian,189,200789,1.0,1000,10,data/tasks/test_tgt_softsign_gaussian_0189.npz
test_tgt_softsign_gaussian_0190,test,tgt_softsign_gaussian,softsign,gaussian,190,200790,0.0,1000,10,data/tasks/test_tgt_softsign_gaussian_0190.npz
test_tgt_softsign_gaussian_0191,test,tgt_softsign_gaussian,softsign,gaussian,191,200791,0.25,1000,10,data/tasks/test_tgt_softsign_gaussian_0191.npz
test_tgt_softsign_gaussian_0192,test,tgt_softsign_gaussian,softsign,gaussian,192,200792,0.5,1000,10,data/tasks/test_tgt_softsign_gaussian_0192.npz
test_tgt_softsign_gaussian_0193,test,tgt_softsign_gaussian,softsign,gaussian,193,200793,0.75,1000,10,data/tasks/test_tgt_softsign_gaussian_0193.npz
test_tgt_softsign_gaussian_0194,test,tgt_softsign_gaussian,softsign,gaussian,194,200794,1.0,1000,10,data/tasks/test_tgt_softsign_gaussian_0194.npz
test_tgt_softsign_gaussian_0195,test,tgt_softsign_gaussian,softsign,gaussian,195,200795,0.0,1000,10,data/tasks/test_tgt_softsign_gaussian_0195.npz
test_tgt_softsign_gaussian_0196,test,tgt_softsign_gaussian,softsign,gaussian,196,200796,0.25,1000,10,data/tasks/test_tgt_softsign_gaussian_0196.npz
test_tgt_softsign_gaussian_0197,test,tgt_softsign_gaussian,softsign,gaussian,197,200797,0.5,1000,10,data/tasks/test_tgt_softsign_gaussian_0197.npz
test_tgt_softsign_gaussian_0198,test,tgt_softsign_gaussian,softsign,gaussian,198,200798,0.75,1000,10,data/tasks/test_tgt_softsign_gaussian_0198.npz
test_tgt_softsign_gaussian_0199,test,tgt_softsign_gaussian,softsign,gaussian,199,200799,1.0,1000,10,data/tasks/test_tgt_softsign_gaussian_0199.npz
test_tgt_softsign_gaussian_0200,test,tgt_softsign_gaussian,softsign,gaussian,200,200800,0.0,1000,10,data/tasks/test_tgt_softsign_gaussian_0200.npz
test_tgt_softsign_gaussian_0201,test,tgt_softsign_gaussian,softsign,gaussian,201,200801,0.25,1000,10,data/tasks/test_tgt_softsign_gaussian_0201.npz
test_tgt_softsign_gaussian_0202,test,tgt_softsign_gaussian,softsign,gaussian,202,200802,0.5,1000,10,data/tasks/test_tgt_softsign_gaussian_0202.npz
test_tgt_softsign_gaussian_0203,test,tgt_softsign_gaussian,softsign,gaussian,203,200803,0.75,1000,10,data/tasks/test_tgt_softsign_gaussian_0203.npz
test_tgt_softsign_gaussian_0204,test,tgt_softsign_gaussian,softsign,gaussian,204,200804,1.0,1000,10,data/tasks/test_tgt_softsign_gaussian_0204.npz
test_tgt_softsign_gaussian_0205,test,tgt_softsign_gaussian,softsign,gaussian,205,200805,0.0,1000,10,data/tasks/test_tgt_softsign_gaussian_0205.npz
test_tgt_softsign_gaussian_0206,test,tgt_softsign_gaussian,softsign,gaussian,206,200806,0.25,1000,10,data/tasks/test_tgt_softsign_gaussian_0206.npz
test_tgt_softsign_gaussian_0207,test,tgt_softsign_gaussian,softsign,gaussian,207,200807,0.5,1000,10,data/tasks/test_tgt_softsign_gaussian_0207.npz
test_tgt_softsign_gaussian_0208,test,tgt_softsign_gaussian,softsign,gaussian,208,200808,0.75,1000,10,data/tasks/test_tgt_softsign_gaussian_0208.npz
test_tgt_softsign_gaussian_0209,test,tgt_softsign_gaussian,softsign,gaussian,209,200809,1.0,1000,10,data/tasks/test_tgt_softsign_gaussian_0209.npz
test_tgt_softsign_gaussian_0210,test,tgt_softsign_gaussian,softsign,gaussian,210,200810,0.0,1000,10,data/tasks/test_tgt_softsign_gaussian_0210.npz
test_tgt_softsign_gaussian_0211,test,tgt_softsign_gaussian,softsign,gaussian,211,200811,0.25,1000,10,data/tasks/test_tgt_softsign_gaussian_0211.npz
test_tgt_softsign_gaussian_0212,test,tgt_softsign_gaussian,softsign,gaussian,212,200812,0.5,1000,10,data/tasks/test_tgt_softsign_gaussian_0212.npz
test_tgt_softsign_gaussian_0213,test,tgt_softsign_gaussian,softsign,gaussian,213,200813,0.75,1000,10,data/tasks/test_tgt_softsign_gaussian_0213.npz
test_tgt_softsign_gaussian_0214,test,tgt_softsign_gaussian,softsign,gaussian,214,200814,1.0,1000,10,data/tasks/test_tgt_softsign_gaussian_0214.npz
test_tgt_softsign_gaussian_0215,test,tgt_softsign_gaussian,softsign,gaussian,215,200815,0.0,1000,10,data/tasks/test_tgt_softsign_gaussian_0215.npz
test_tgt_softsign_gaussian_0216,test,tgt_softsign_gaussian,softsign,gaussian,216,200816,0.25,1000,10,data/tasks/test_tgt_softsign_gaussian_0216.npz
test_tgt_softsign_gaussian_0217,test,tgt_softsign_gaussian,softsign,gaussian,217,200817,0.5,1000,10,data/tasks/test_tgt_softsign_gaussian_0217.npz
test_tgt_softsign_gaussian_0218,test,tgt_softsign_gaussian,softsign,gaussian,218,200818,0.75,1000,10,data/tasks/test_tgt_softsign_gaussian_0218.npz
test_tgt_softsign_gaussian_0219,test,tgt_softsign_gaussian,softsign,gaussian,219,200819,1.0,1000,10,data/tasks/test_tgt_softsign_gaussian_0219.npz
test_tgt_softsign_gaussian_0220,test,tgt_softsign_gaussian,softsign,gaussian,220,200820,0.0,1000,10,data/tasks/test_tgt_softsign_gaussian_0220.npz
test_tgt_softsign_gaussian_0221,test,tgt_softsign_gaussian,softsign,gaussian,221,200821,0.25,1000,10,data/tasks/test_tgt_softsign_gaussian_0221.npz
test_tgt_softsign_gaussian_0222,test,tgt_softsign_gaussian,softsign,gaussian,222,200822,0.5,1000,10,data/tasks/test_tgt_softsign_gaussian_0222.npz
test_tgt_softsign_gaussian_0223,test,tgt_softsign_gaussian,softsign,gaussian,223,200823,0.75,1000,10,data/tasks/test_tgt_softsign_gaussian_0223.npz
test_tgt_softsign_gaussian_0224,test,tgt_softsign_gaussian,softsign,gaussian,224,200824,1.0,1000,10,data/tasks/test_tgt_softsign_gaussian_0224.npz
test_tgt_softsign_gaussian_0225,test,tgt_softsign_gaussian,softsign,gaussian,225,200825,0.0,1000,10,data/tasks/test_tgt_softsign_gaussian_0225.npz
test_tgt_softsign_gaussian_0226,test,tgt_softsign_gaussian,softsign,gaussian,226,200826,0.25,1000,10,data/tasks/test_tgt_softsign_gaussian_0226.npz
test_tgt_softsign_gaussian_0227,test,tgt_softsign_gaussian,softsign,gaussian,227,200827,0.5,1000,10,data/tasks/test_tgt_softsign_gaussian_0227.npz
test_tgt_softsign_gaussian_0228,test,tgt_softsign_gaussian,softsign,gaussian,228,200828,0.75,1000,10,data/tasks/test_tgt_softsign_gaussian_0228.npz
test_tgt_softsign_gaussian_0229,test,tgt_softsign_gaussian,softsign,gaussian,229,200829,1.0,1000,10,data/tasks/test_tgt_softsign_gaussian_0229.npz
test_tgt_softsign_gaussian_0230,test,tgt_softsign_gaussian,softsign,gaussian,230,200830,0.0,1000,10,data/tasks/test_tgt_softsign_gaussian_0230.npz
test_tgt_softsign_gaussian_0231,test,tgt_softsign_gaussian,softsign,gaussian,231,200831,0.25,1000,10,data/tasks/test_tgt_softsign_gaussian_0231.npz
test_tgt_softsign_gaussian_0232,test,tgt_softsign_gaussian,softsign,gaussian,232,200832,0.5,1000,10,data/tasks/test_tgt_softsign_gaussian_0232.npz
test_tgt_softsign_gaussian_0233,test,tgt_softsign_gaussian,softsign,gaussian,233,200833,0.75,1000,10,data/tasks/test_tgt_softsign_gaussian_0233.npz
test_tgt_softsign_gaussian_0234,test,tgt_softsign_gaussian,softsign,gaussian,234,200834,1.0,1000,10,data/tasks/test_tgt_softsign_gaussian_0234.npz
test_tgt_softsign_gaussian_0235,test,tgt_softsign_gaussian,softsign,gaussian,235,200835,0.0,1000,10,data/tasks/test_tgt_softsign_gaussian_0235.npz
test_tgt_softsign_gaussian_0236,test,tgt_softsign_gaussian,softsign,gaussian,236,200836,0.25,1000,10,data/tasks/test_tgt_softsign_gaussian_0236.npz
test_tgt_softsign_gaussian_0237,test,tgt_softsign_gaussian,softsign,gaussian,237,200837,0.5,1000,10,data/tasks/test_tgt_softsign_gaussian_0237.npz
test_tgt_softsign_gaussian_0238,test,tgt_softsign_gaussian,softsign,gaussian,238,200838,0.75,1000,10,data/tasks/test_tgt_softsign_gaussian_0238.npz
test_tgt_softsign_gaussian_0239,test,tgt_softsign_gaussian,softsign,gaussian,239,200839,1.0,1000,10,data/tasks/test_tgt_softsign_gaussian_0239.npz
test_tgt_softsign_gaussian_0240,test,tgt_softsign_gaussian,softsign,gaussian,240,200840,0.0,1000,10,data/tasks/test_tgt_softsign_gaussian_0240.npz
test_tgt_softsign_gaussian_0241,test,tgt_softsign_gaussian,softsign,gaussian,241,200841,0.25,1000,10,data/tasks/test_tgt_softsign_gaussian_0241.npz
test_tgt_softsign_gaussian_0242,test,tgt_softsign_gaussian,softsign,gaussian,242,200842,0.5,1000,10,data/tasks/test_tgt_softsign_gaussian_0242.npz
test_tgt_softsign_gaussian_0243,test,tgt_softsign_gaussian,softsign,gaussian,243,200843,0.75,1000,10,data/tasks/test_tgt_softsign_gaussian_0243.npz
test_tgt_softsign_gaussian_0244,test,tgt_softsign_gaussian,softsign,gaussian,244,200844,1.0,1000,10,data/tasks/test_tgt_softsign_gaussian_0244.npz
test_tgt_softsign_gaussian_0245,test,tgt_softsign_gaussian,softsign,gaussian,245,200845,0.0,1000,10,data/tasks/test_tgt_softsign_gaussian_0245.npz
test_tgt_softsign_gaussian_0246,test,tgt_softsign_gaussian,softsign,gaussian,246,200846,0.25,1000,10,data/tasks/test_tgt_softsign_gaussian_0246.npz
test_tgt_softsign_gaussian_0247,test,tgt_softsign_gaussian,softsign,gaussian,247,200847,0.5,1000,10,data/tasks/test_tgt_softsign_gaussian_0247.npz
test_tgt_softsign_gaussian_0248,test,tgt_softsign_gaussian,softsign,gaussian,248,200848,0.75,1000,10,data/tasks/test_tgt_softsign_gaussian_0248.npz
test_tgt_softsign_gaussian_0249,test,tgt_softsign_gaussian,softsign,gaussian,249,200849,1.0,1000,10,data/tasks/test_tgt_softsign_gaussian_0249.npz
test_tgt_softsign_gaussian_0250,test,tgt_softsign_gaussian,softsign,gaussian,250,200850,0.0,1000,10,data/tasks/test_tgt_softsign_gaussian_0250.npz
test_tgt_softsign_gaussian_0251,test,tgt_softsign_gaussian,softsign,gaussian,251,200851,0.25,1000,10,data/tasks/test_tgt_softsign_gaussian_0251.npz
test_tgt_softsign_gaussian_0252,test,tgt_softsign_gaussian,softsign,gaussian,252,200852,0.5,1000,10,data/tasks/test_tgt_softsign_gaussian_0252.npz
test_tgt_softsign_gaussian_0253,test,tgt_softsign_gaussian,softsign,gaussian,253,200853,0.75,1000,10,data/tasks/test_tgt_softsign_gaussian_0253.npz
test_tgt_softsign_gaussian_0254,test,tgt_softsign_gaussian,softsign,gaussian,254,200854,1.0,1000,10,data/tasks/test_tgt_softsign_gaussian_0254.npz
test_tgt_softsign_gaussian_0255,test,tgt_softsign_gaussian,softsign,gaussian,255,200855,0.0,1000,10,data/tasks/test_tgt_softsign_gaussian_0255.npz
test_tgt_softsign_gaussian_0256,test,tgt_softsign_gaussian,softsign,gaussian,256,200856,0.25,1000,10,data/tasks/test_tgt_softsign_gaussian_0256.npz
test_tgt_softsign_gaussian_0257,test,tgt_softsign_gaussian,softsign,gaussian,257,200857,0.5,1000,10,data/tasks/test_tgt_softsign_gaussian_0257.npz
test_tgt_softsign_gaussian_0258,test,tgt_softsign_gaussian,softsign,gaussian,258,200858,0.75,1000,10,data/tasks/test_tgt_softsign_gaussian_0258.npz
test_tgt_softsign_gaussian_0259,test,tgt_softsign_gaussian,softsign,gaussian,259,200859,1.0,1000,10,data/tasks/test_tgt_softsign_gaussian_0259.npz
test_tgt_softsign_gaussian_0260,test,tgt_softsign_gaussian,softsign,gaussian,260,200860,0.0,1000,10,data/tasks/test_tgt_softsign_gaussian_0260.npz
test_tgt_softsign_gaussian_0261,test,tgt_softsign_gaussian,softsign,gaussian,261,200861,0.25,1000,10,data/tasks/test_tgt_softsign_gaussian_0261.npz
test_tgt_softsign_gaussian_0262,test,tgt_softsign_gaussian,softsign,gaussian,262,200862,0.5,1000,10,data/tasks/test_tgt_softsign_gaussian_0262.npz
test_tgt_softsign_gaussian_0263,test,tgt_softsign_gaussian,softsign,gaussian,263,200863,0.75,1000,10,data/tasks/test_tgt_softsign_gaussian_0263.npz
test_tgt_softsign_gaussian_0264,test,tgt_softsign_gaussian,softsign,gaussian,264,200864,1.0,1000,10,data/tasks/test_tgt_softsign_gaussian_0264.npz
test_tgt_softsign_gaussian_0265,test,tgt_softsign_gaussian,softsign,gaussian,265,200865,0.0,1000,10,data/tasks/test_tgt_softsign_gaussian_0265.npz
test_tgt_softsign_gaussian_0266,test,tgt_softsign_gaussian,softsign,gaussian,266,200866,0.25,1000,10,data/tasks/test_tgt_softsign_gaussian_0266.npz
test_tgt_softsign_gaussian_0267,test,tgt_softsign_gaussian,softsign,gaussian,267,200867,0.5,1000,10,data/tasks/test_tgt_softsign_gaussian_0267.npz
test_tgt_softsign_gaussian_0268,test,tgt_softsign_gaussian,softsign,gaussian,268,200868,0.75,1000,10,data/tasks/test_tgt_softsign_gaussian_0268.npz
test_tgt_softsign_gaussian_0269,test,tgt_softsign_gaussian,softsign,gaussian,269,200869,1.0,1000,10,data/tasks/test_tgt_softsign_gaussian_0269.npz
test_tgt_softsign_gaussian_0270,test,tgt_softsign_gaussian,softsign,gaussian,270,200870,0.0,1000,10,data/tasks/test_tgt_softsign_gaussian_0270.npz
test_tgt_softsign_gaussian_0271,test,tgt_softsign_gaussian,softsign,gaussian,271,200871,0.25,1000,10,data/tasks/test_tgt_softsign_gaussian_0271.npz
test_tgt_softsign_gaussian_0272,test,tgt_softsign_gaussian,softsign,gaussian,272,200872,0.5,1000,10,data/tasks/test_tgt_softsign_gaussian_0272.npz
test_tgt_softsign_gaussian_0273,test,tgt_softsign_gaussian,softsign,gaussian,273,200873,0.75,1000,10,data/tasks/test_tgt_softsign_gaussian_0273.npz
test_tgt_softsign_gaussian_0274,test,tgt_softsign_gaussian,softsign,gaussian,274,200874,1.0,1000,10,data/tasks/test_tgt_softsign_gaussian_0274.npz
test_tgt_softsign_gaussian_0275,test,tgt_softsign_gaussian,softsign,gaussian,275,200875,0.0,1000,10,data/tasks/test_tgt_softsign_gaussian_0275.npz
test_tgt_softsign_gaussian_0276,test,tgt_softsign_gaussian,softsign,gaussian,276,200876,0.25,1000,10,data/tasks/test_tgt_softsign_gaussian_0276.npz
test_tgt_softsign_gaussian_0277,test,tgt_softsign_gaussian,softsign,gaussian,277,200877,0.5,1000,10,data/tasks/test_tgt_softsign_gaussian_0277.npz
test_tgt_softsign_gaussian_0278,test,tgt_softsign_gaussian,softsign,gaussian,278,200878,0.75,1000,10,data/tasks/test_tgt_softsign_gaussian_0278.npz
test_tgt_softsign_gaussian_0279,test,tgt_softsign_gaussian,softsign,gaussian,279,200879,1.0,1000,10,data/tasks/test_tgt_softsign_gaussian_0279.npz
test_tgt_softsign_gaussian_0280,test,tgt_softsign_gaussian,softsign,gaussian,280,200880,0.0,1000,10,data/tasks/test_tgt_softsign_gaussian_0280.npz
test_tgt_softsign_gaussian_0281,test,tgt_softsign_gaussian,softsign,gaussian,281,200881,0.25,1000,10,data/tasks/test_tgt_softsign_gaussian_0281.npz
test_tgt_softsign_gaussian_0282,test,tgt_softsign_gaussian,softsign,gaussian,282,200882,0.5,1000,10,data/tasks/test_tgt_softsign_gaussian_0282.npz
test_tgt_softsign_gaussian_0283,test,tgt_softsign_gaussian,softsign,gaussian,283,200883,0.75,1000,10,data/tasks/test_tgt_softsign_gaussian_0283.npz
test_tgt_softsign_gaussian_0284,test,tgt_softsign_gaussian,softsign,gaussian,284,200884,1.0,1000,10,data/tasks/test_tgt_softsign_gaussian_0284.npz
test_tgt_softsign_gaussian_0285,test,tgt_softsign_gaussian,softsign,gaussian,285,200885,0.0,1000,10,data/tasks/test_tgt_softsign_gaussian_0285.npz
test_tgt_softsign_gaussian_0286,test,tgt_softsign_gaussian,softsign,gaussian,286,200886,0.25,1000,10,data/tasks/test_tgt_softsign_gaussian_0286.npz
test_tgt_softsign_gaussian_0287,test,tgt_softsign_gaussian,softsign,gaussian,287,200887,0.5,1000,10,data/tasks/test_tgt_softsign_gaussian_0287.npz
test_tgt_softsign_gaussian_0288,test,tgt_softsign_gaussian,softsign,gaussian,288,200888,0.75,1000,10,data/tasks/test_tgt_softsign_gaussian_0288.npz
test_tgt_softsign_gaussian_0289,test,tgt_softsign_gaussian,softsign,gaussian,289,200889,1.0,1000,10,data/tasks/test_tgt_softsign_gaussian_0289.npz
test_tgt_softsign_gaussian_0290,test,tgt_softsign_gaussian,softsign,gaussian,290,200890,0.0,1000,10,data/tasks/test_tgt_softsign_gaussian_0290.npz
test_tgt_softsign_gaussian_0291,test,tgt_softsign_gaussian,softsign,gaussian,291,200891,0.25,1000,10,data/tasks/test_tgt_softsign_gaussian_0291.npz
test_tgt_softsign_gaussian_0292,test,tgt_softsign_gaussian,softsign,gaussian,292,200892,0.5,1000,10,data/tasks/test_tgt_softsign_gaussian_0292.npz
test_tgt_softsign_gaussian_0293,test,tgt_softsign_gaussian,softsign,gaussian,293,200893,0.75,1000,10,data/tasks/test_tgt_softsign_gaussian_0293.npz
test_tgt_softsign_gaussian_0294,test,tgt_softsign_gaussian,softsign,gaussian,294,200894,1.0,1000,10,data/tasks/test_tgt_softsign_gaussian_0294.npz
test_tgt_softsign_gaussian_0295,test,tgt_softsign_gaussian,softsign,gaussian,295,200895,0.0,1000,10,data/tasks/test_tgt_softsign_gaussian_0295.npz
test_tgt_softsign_gaussian_0296,test,tgt_softsign_gaussian,softsign,gaussian,296,200896,0.25,1000,10,data/tasks/test_tgt_softsign_gaussian_0296.npz
test_tgt_softsign_gaussian_0297,test,tgt_softsign_gaussian,softsign,gaussian,297,200897,0.5,1000,10,data/tasks/test_tgt_softsign_gaussian_0297.npz
test_tgt_softsign_gaussian_0298,test,tgt_softsign_gaussian,softsign,gaussian,298,200898,0.75,1000,10,data/tasks/test_tgt_softsign_gaussian_0298.npz
test_tgt_softsign_gaussian_0299,test,tgt_softsign_gaussian,softsign,gaussian,299,200899,1.0,1000,10,data/tasks/test_tgt_softsign_gaussian_0299.npz
test_tgt_sine_laplace_0000,test,tgt_sine_laplace,sine,laplace,0,200900,0.0,1000,10,data/tasks/test_tgt_sine_laplace_0000.npz
test_tgt_sine_laplace_0001,test,tgt_sine_laplace,sine,laplace,1,200901,0.25,1000,10,data/tasks/test_tgt_sine_laplace_0001.npz
test_tgt_sine_laplace_0002,test,tgt_sine_laplace,sine,laplace,2,200902,0.5,1000,10,data/tasks/test_tgt_sine_laplace_0002.npz
test_tgt_sine_laplace_0003,test,tgt_sine_laplace,sine,laplace,3,200903,0.75,1000,10,data/tasks/test_tgt_sine_laplace_0003.npz
test_tgt_sine_laplace_0004,test,tgt_sine_laplace,sine,laplace,4,200904,1.0,1000,10,data/tasks/test_tgt_sine_laplace_0004.npz
test_tgt_sine_laplace_0005,test,tgt_sine_laplace,sine,laplace,5,200905,0.0,1000,10,data/tasks/test_tgt_sine_laplace_0005.npz
test_tgt_sine_laplace_0006,test,tgt_sine_laplace,sine,laplace,6,200906,0.25,1000,10,data/tasks/test_tgt_sine_laplace_0006.npz
test_tgt_sine_laplace_0007,test,tgt_sine_laplace,sine,laplace,7,200907,0.5,1000,10,data/tasks/test_tgt_sine_laplace_0007.npz
test_tgt_sine_laplace_0008,test,tgt_sine_laplace,sine,laplace,8,200908,0.75,1000,10,data/tasks/test_tgt_sine_laplace_0008.npz
test_tgt_sine_laplace_0009,test,tgt_sine_laplace,sine,laplace,9,200909,1.0,1000,10,data/tasks/test_tgt_sine_laplace_0009.npz
test_tgt_sine_laplace_0010,test,tgt_sine_laplace,sine,laplace,10,200910,0.0,1000,10,data/tasks/test_tgt_sine_laplace_0010.npz
test_tgt_sine_laplace_0011,test,tgt_sine_laplace,sine,laplace,11,200911,0.25,1000,10,data/tasks/test_tgt_sine_laplace_0011.npz
test_tgt_sine_laplace_0012,test,tgt_sine_laplace,sine,laplace,12,200912,0.5,1000,10,data/tasks/test_tgt_sine_laplace_0012.npz
test_tgt_sine_laplace_0013,test,tgt_sine_laplace,sine,laplace,13,200913,0.75,1000,10,data/tasks/test_tgt_sine_laplace_0013.npz
test_tgt_sine_laplace_0014,test,tgt_sine_laplace,sine,laplace,14,200914,1.0,1000,10,data/tasks/test_tgt_sine_laplace_0014.npz
test_tgt_sine_laplace_0015,test,tgt_sine_laplace,sine,laplace,15,200915,0.0,1000,10,data/tasks/test_tgt_sine_laplace_0015.npz
test_tgt_sine_laplace_0016,test,tgt_sine_laplace,sine,laplace,16,200916,0.25,1000,10,data/tasks/test_tgt_sine_laplace_0016.npz
test_tgt_sine_laplace_0017,test,tgt_sine_laplace,sine,laplace,17,200917,0.5,1000,10,data/tasks/test_tgt_sine_laplace_0017.npz
test_tgt_sine_laplace_0018,test,tgt_sine_laplace,sine,laplace,18,200918,0.75,1000,10,data/tasks/test_tgt_sine_laplace_0018.npz
test_tgt_sine_laplace_0019,test,tgt_sine_laplace,sine,laplace,19,200919,1.0,1000,10,data/tasks/test_tgt_sine_laplace_0019.npz
test_tgt_sine_laplace_0020,test,tgt_sine_laplace,sine,laplace,20,200920,0.0,1000,10,data/tasks/test_tgt_sine_laplace_0020.npz
test_tgt_sine_laplace_0021,test,tgt_sine_laplace,sine,laplace,21,200921,0.25,1000,10,data/tasks/test_tgt_sine_laplace_0021.npz
test_tgt_sine_laplace_0022,test,tgt_sine_laplace,sine,laplace,22,200922,0.5,1000,10,data/tasks/test_tgt_sine_laplace_0022.npz
test_tgt_sine_laplace_0023,test,tgt_sine_laplace,sine,laplace,23,200923,0.75,1000,10,data/tasks/test_tgt_sine_laplace_0023.npz
test_tgt_sine_laplace_0024,test,tgt_sine_laplace,sine,laplace,24,200924,1.0,1000,10,data/tasks/test_tgt_sine_laplace_0024.npz
test_tgt_sine_laplace_0025,test,tgt_sine_laplace,sine,laplace,25,200925,0.0,1000,10,data/tasks/test_tgt_sine_laplace_0025.npz
test_tgt_sine_laplace_0026,test,tgt_sine_laplace,sine,laplace,26,200926,0.25,1000,10,data/tasks/test_tgt_sine_laplace_0026.npz
test_tgt_sine_laplace_0027,test,tgt_sine_laplace,sine,laplace,27,200927,0.5,1000,10,data/tasks/test_tgt_sine_laplace_0027.npz
test_tgt_sine_laplace_0028,test,tgt_sine_laplace,sine,laplace,28,200928,0.75,1000,10,data/tasks/test_tgt_sine_laplace_0028.npz
test_tgt_sine_laplace_0029,test,tgt_sine_laplace,sine,laplace,29,200929,1.0,1000,10,data/tasks/test_tgt_sine_laplace_0029.npz
test_tgt_sine_laplace_0030,test,tgt_sine_laplace,sine,laplace,30,200930,0.0,1000,10,data/tasks/test_tgt_sine_laplace_0030.npz
test_tgt_sine_laplace_0031,test,tgt_sine_laplace,sine,laplace,31,200931,0.25,1000,10,data/tasks/test_tgt_sine_laplace_0031.npz
test_tgt_sine_laplace_0032,test,tgt_sine_laplace,sine,laplace,32,200932,0.5,1000,10,data/tasks/test_tgt_sine_laplace_0032.npz
test_tgt_sine_laplace_0033,test,tgt_sine_laplace,sine,laplace,33,200933,0.75,1000,10,data/tasks/test_tgt_sine_laplace_0033.npz
test_tgt_sine_laplace_0034,test,tgt_sine_laplace,sine,laplace,34,200934,1.0,1000,10,data/tasks/test_tgt_sine_laplace_0034.npz
test_tgt_sine_laplace_0035,test,tgt_sine_laplace,sine,laplace,35,200935,0.0,1000,10,data/tasks/test_tgt_sine_laplace_0035.npz
test_tgt_sine_laplace_0036,test,tgt_sine_laplace,sine,laplace,36,200936,0.25,1000,10,data/tasks/test_tgt_sine_laplace_0036.npz
test_tgt_sine_laplace_0037,test,tgt_sine_laplace,sine,laplace,37,200937,0.5,1000,10,data/tasks/test_tgt_sine_laplace_0037.npz
test_tgt_sine_laplace_0038,test,tgt_sine_laplace,sine,laplace,38,200938,0.75,1000,10,data/tasks/test_tgt_sine_laplace_0038.npz
test_tgt_sine_laplace_0039,test,tgt_sine_laplace,sine,laplace,39,200939,1.0,1000,10,data/tasks/test_tgt_sine_laplace_0039.npz
test_tgt_sine_laplace_0040,test,tgt_sine_laplace,sine,laplace,40,200940,0.0,1000,10,data/tasks/test_tgt_sine_laplace_0040.npz
test_tgt_sine_laplace_0041,test,tgt_sine_laplace,sine,laplace,41,200941,0.25,1000,10,data/tasks/test_tgt_sine_laplace_0041.npz
test_tgt_sine_laplace_0042,test,tgt_sine_laplace,sine,laplace,42,200942,0.5,1000,10,data/tasks/test_tgt_sine_laplace_0042.npz
test_tgt_sine_laplace_0043,test,tgt_sine_laplace,sine,laplace,43,200943,0.75,1000,10,data/tasks/test_tgt_sine_laplace_0043.npz
test_tgt_sine_laplace_0044,test,tgt_sine_laplace,sine,laplace,44,200944,1.0,1000,10,data/tasks/test_tgt_sine_laplace_0044.npz
test_tgt_sine_laplace_0045,test,tgt_sine_laplace,sine,laplace,45,200945,0.0,1000,10,data/tasks/test_tgt_sine_laplace_0045.npz
test_tgt_sine_laplace_0046,test,tgt_sine_laplace,sine,laplace,46,200946,0.25,1000,10,data/tasks/test_tgt_sine_laplace_0046.npz
test_tgt_sine_laplace_0047,test,tgt_sine_laplace,sine,laplace,47,200947,0.5,1000,10,data/tasks/test_tgt_sine_laplace_0047.npz
test_tgt_sine_laplace_0048,test,tgt_sine_laplace,sine,laplace,48,200948,0.75,1000,10,data/tasks/test_tgt_sine_laplace_0048.npz
test_tgt_sine_laplace_0049,test,tgt_sine_laplace,sine,laplace,49,200949,1.0,1000,10,data/tasks/test_tgt_sine_laplace_0049.npz
test_tgt_sine_laplace_0050,test,tgt_sine_laplace,sine,laplace,50,200950,0.0,1000,10,data/tasks/test_tgt_sine_laplace_0050.npz
test_tgt_sine_laplace_0051,test,tgt_sine_laplace,sine,laplace,51,200951,0.25,1000,10,data/tasks/test_tgt_sine_laplace_0051.npz
test_tgt_sine_laplace_0052,test,tgt_sine_laplace,sine,laplace,52,200952,0.5,1000,10,data/tasks/test_tgt_sine_laplace_0052.npz
test_tgt_sine_laplace_0053,test,tgt_sine_laplace,sine,laplace,53,200953,0.75,1000,10,data/tasks/test_tgt_sine_laplace_0053.npz
test_tgt_sine_laplace_0054,test,tgt_sine_laplace,sine,laplace,54,200954,1.0,1000,10,data/tasks/test_tgt_sine_laplace_0054.npz
test_tgt_sine_laplace_0055,test,tgt_sine_laplace,sine,laplace,55,200955,0.0,1000,10,data/tasks/test_tgt_sine_laplace_0055.npz
test_tgt_sine_laplace_0056,test,tgt_sine_laplace,sine,laplace,56,200956,0.25,1000,10,data/tasks/test_tgt_sine_laplace_0056.npz
test_tgt_sine_laplace_0057,test,tgt_sine_laplace,sine,laplace,57,200957,0.5,1000,10,data/tasks/test_tgt_sine_laplace_0057.npz
test_tgt_sine_laplace_0058,test,tgt_sine_laplace,sine,laplace,58,200958,0.75,1000,10,data/tasks/test_tgt_sine_laplace_0058.npz
test_tgt_sine_laplace_0059,test,tgt_sine_laplace,sine,laplace,59,200959,1.0,1000,10,data/tasks/test_tgt_sine_laplace_0059.npz
test_tgt_sine_laplace_0060,test,tgt_sine_laplace,sine,laplace,60,200960,0.0,1000,10,data/tasks/test_tgt_sine_laplace_0060.npz
test_tgt_sine_laplace_0061,test,tgt_sine_laplace,sine,laplace,61,200961,0.25,1000,10,data/tasks/test_tgt_sine_laplace_0061.npz
test_tgt_sine_laplace_0062,test,tgt_sine_laplace,sine,laplace,62,200962,0.5,1000,10,data/tasks/test_tgt_sine_laplace_0062.npz
test_tgt_sine_laplace_0063,test,tgt_sine_laplace,sine,laplace,63,200963,0.75,1000,10,data/tasks/test_tgt_sine_laplace_0063.npz
test_tgt_sine_laplace_0064,test,tgt_sine_laplace,sine,laplace,64,200964,1.0,1000,10,data/tasks/test_tgt_sine_laplace_0064.npz
test_tgt_sine_laplace_0065,test,tgt_sine_laplace,sine,laplace,65,200965,0.0,1000,10,data/tasks/test_tgt_sine_laplace_0065.npz
test_tgt_sine_laplace_0066,test,tgt_sine_laplace,sine,laplace,66,200966,0.25,1000,10,data/tasks/test_tgt_sine_laplace_0066.npz
test_tgt_sine_laplace_0067,test,tgt_sine_laplace,sine,laplace,67,200967,0.5,1000,10,data/tasks/test_tgt_sine_laplace_0067.npz
test_tgt_sine_laplace_0068,test,tgt_sine_laplace,sine,laplace,68,200968,0.75,1000,10,data/tasks/test_tgt_sine_laplace_0068.npz
test_tgt_sine_laplace_0069,test,tgt_sine_laplace,sine,laplace,69,200969,1.0,1000,10,data/tasks/test_tgt_sine_laplace_0069.npz
test_tgt_sine_laplace_0070,test,tgt_sine_laplace,sine,laplace,70,200970,0.0,1000,10,data/tasks/test_tgt_sine_laplace_0070.npz
test_tgt_sine_laplace_0071,test,tgt_sine_laplace,sine,laplace,71,200971,0.25,1000,10,data/tasks/test_tgt_sine_laplace_0071.npz
test_tgt_sine_laplace_0072,test,tgt_sine_laplace,sine,laplace,72,200972,0.5,1000,10,data/tasks/test_tgt_sine_laplace_0072.npz
test_tgt_sine_laplace_0073,test,tgt_sine_laplace,sine,laplace,73,200973,0.75,1000,10,data/tasks/test_tgt_sine_laplace_0073.npz
test_tgt_sine_laplace_0074,test,tgt_sine_laplace,sine,laplace,74,200974,1.0,1000,10,data/tasks/test_tgt_sine_laplace_0074.npz
test_tgt_sine_laplace_0075,test,tgt_sine_laplace,sine,laplace,75,200975,0.0,1000,10,data/tasks/test_tgt_sine_laplace_0075.npz
test_tgt_sine_laplace_0076,test,tgt_sine_laplace,sine,laplace,76,200976,0.25,1000,10,data/tasks/test_tgt_sine_laplace_0076.npz
test_tgt_sine_laplace_0077,test,tgt_sine_laplace,sine,laplace,77,200977,0.5,1000,10,data/tasks/test_tgt_sine_laplace_0077.npz
test_tgt_sine_laplace_0078,test,tgt_sine_laplace,sine,laplace,78,200978,0.75,1000,10,data/tasks/test_tgt_sine_laplace_0078.npz
test_tgt_sine_laplace_0079,test,tgt_sine_laplace,sine,laplace,79,200979,1.0,1000,10,data/tasks/test_tgt_sine_laplace_0079.npz
test_tgt_sine_laplace_0080,test,tgt_sine_laplace,sine,laplace,80,200980,0.0,1000,10,data/tasks/test_tgt_sine_laplace_0080.npz
test_tgt_sine_laplace_0081,test,tgt_sine_laplace,sine,laplace,81,200981,0.25,1000,10,data/tasks/test_tgt_sine_laplace_0081.npz
test_tgt_sine_laplace_0082,test,tgt_sine_laplace,sine,laplace,82,200982,0.5,1000,10,data/tasks/test_tgt_sine_laplace_0082.npz
test_tgt_sine_laplace_0083,test,tgt_sine_laplace,sine,laplace,83,200983,0.75,1000,10,data/tasks/test_tgt_sine_laplace_0083.npz
test_tgt_sine_laplace_0084,test,tgt_sine_laplace,sine,laplace,84,200984,1.0,1000,10,data/tasks/test_tgt_sine_laplace_0084.npz
test_tgt_sine_laplace_0085,test,tgt_sine_laplace,sine,laplace,85,200985,0.0,1000,10,data/tasks/test_tgt_sine_laplace_0085.npz
test_tgt_sine_laplace_0086,test,tgt_sine_laplace,sine,laplace,86,200986,0.25,1000,10,data/tasks/test_tgt_sine_laplace_0086.npz
test_tgt_sine_laplace_0087,test,tgt_sine_laplace,sine,laplace,87,200987,0.5,1000,10,data/tasks/test_tgt_sine_laplace_0087.npz
test_tgt_sine_laplace_0088,test,tgt_sine_laplace,sine,laplace,88,200988,0.75,1000,10,data/tasks/test_tgt_sine_laplace_0088.npz
test_tgt_sine_laplace_0089,test,tgt_sine_laplace,sine,laplace,89,200989,1.0,1000,10,data/tasks/test_tgt_sine_laplace_0089.npz
test_tgt_sine_laplace_0090,test,tgt_sine_laplace,sine,laplace,90,200990,0.0,1000,10,data/tasks/test_tgt_sine_laplace_0090.npz
test_tgt_sine_laplace_0091,test,tgt_sine_laplace,sine,laplace,91,200991,0.25,1000,10,data/tasks/test_tgt_sine_laplace_0091.npz
test_tgt_sine_laplace_0092,test,tgt_sine_laplace,sine,laplace,92,200992,0.5,1000,10,data/tasks/test_tgt_sine_laplace_0092.npz
test_tgt_sine_laplace_0093,test,tgt_sine_laplace,sine,laplace,93,200993,0.75,1000,10,data/tasks/test_tgt_sine_laplace_0093.npz
test_tgt_sine_laplace_0094,test,tgt_sine_laplace,sine,laplace,94,200994,1.0,1000,10,data/tasks/test_tgt_sine_laplace_0094.npz
test_tgt_sine_laplace_0095,test,tgt_sine_laplace,sine,laplace,95,200995,0.0,1000,10,data/tasks/test_tgt_sine_laplace_0095.npz
test_tgt_sine_laplace_0096,test,tgt_sine_laplace,sine,laplace,96,200996,0.25,1000,10,data/tasks/test_tgt_sine_laplace_0096.npz
test_tgt_sine_laplace_0097,test,tgt_sine_laplace,sine,laplace,97,200997,0.5,1000,10,data/tasks/test_tgt_sine_laplace_0097.npz
test_tgt_sine_laplace_0098,test,tgt_sine_laplace,sine,laplace,98,200998,0.75,1000,10,data/tasks/test_tgt_sine_laplace_0098.npz
test_tgt_sine_laplace_0099,test,tgt_sine_laplace,sine,laplace,99,200999,1.0,1000,10,data/tasks/test_tgt_sine_laplace_0099.npz
test_tgt_sine_laplace_0100,test,tgt_sine_laplace,sine,laplace,100,201000,0.0,1000,10,data/tasks/test_tgt_sine_laplace_0100.npz
test_tgt_sine_laplace_0101,test,tgt_sine_laplace,sine,laplace,101,201001,0.25,1000,10,data/tasks/test_tgt_sine_laplace_0101.npz
test_tgt_sine_laplace_0102,test,tgt_sine_laplace,sine,laplace,102,201002,0.5,1000,10,data/tasks/test_tgt_sine_laplace_0102.npz
test_tgt_sine_laplace_0103,test,tgt_sine_laplace,sine,laplace,103,201003,0.75,1000,10,data/tasks/test_tgt_sine_laplace_0103.npz
test_tgt_sine_laplace_0104,test,tgt_sine_laplace,sine,laplace,104,201004,1.0,1000,10,data/tasks/test_tgt_sine_laplace_0104.npz
test_tgt_sine_laplace_0105,test,tgt_sine_laplace,sine,laplace,105,201005,0.0,1000,10,data/tasks/test_tgt_sine_laplace_0105.npz
test_tgt_sine_laplace_0106,test,tgt_sine_laplace,sine,laplace,106,201006,0.25,1000,10,data/tasks/test_tgt_sine_laplace_0106.npz
test_tgt_sine_laplace_0107,test,tgt_sine_laplace,sine,laplace,107,201007,0.5,1000,10,data/tasks/test_tgt_sine_laplace_0107.npz
test_tgt_sine_laplace_0108,test,tgt_sine_laplace,sine,laplace,108,201008,0.75,1000,10,data/tasks/test_tgt_sine_laplace_0108.npz
test_tgt_sine_laplace_0109,test,tgt_sine_laplace,sine,laplace,109,201009,1.0,1000,10,data/tasks/test_tgt_sine_laplace_0109.npz
test_tgt_sine_laplace_0110,test,tgt_sine_laplace,sine,laplace,110,201010,0.0,1000,10,data/tasks/test_tgt_sine_laplace_0110.npz
test_tgt_sine_laplace_0111,test,tgt_sine_laplace,sine,laplace,111,201011,0.25,1000,10,data/tasks/test_tgt_sine_laplace_0111.npz
test_tgt_sine_laplace_0112,test,tgt_sine_laplace,sine,laplace,112,201012,0.5,1000,10,data/tasks/test_tgt_sine_laplace_0112.npz
test_tgt_sine_laplace_0113,test,tgt_sine_laplace,sine,laplace,113,201013,0.75,1000,10,data/tasks/test_tgt_sine_laplace_0113.npz
test_tgt_sine_laplace_0114,test,tgt_sine_laplace,sine,laplace,114,201014,1.0,1000,10,data/tasks/test_tgt_sine_laplace_0114.npz
test_tgt_sine_laplace_0115,test,tgt_sine_laplace,sine,laplace,115,201015,0.0,1000,10,data/tasks/test_tgt_sine_laplace_0115.npz
test_tgt_sine_laplace_0116,test,tgt_sine_laplace,sine,laplace,116,201016,0.25,1000,10,data/tasks/test_tgt_sine_laplace_0116.npz
test_tgt_sine_laplace_0117,test,tgt_sine_laplace,sine,laplace,117,201017,0.5,1000,10,data/tasks/test_tgt_sine_laplace_0117.npz
test_tgt_sine_laplace_0118,test,tgt_sine_laplace,sine,laplace,118,201018,0.75,1000,10,data/tasks/test_tgt_sine_laplace_0118.npz
test_tgt_sine_laplace_0119,test,tgt_sine_laplace,sine,laplace,119,201019,1.0,1000,10,data/tasks/test_tgt_sine_laplace_0119.npz
test_tgt_sine_laplace_0120,test,tgt_sine_laplace,sine,laplace,120,201020,0.0,1000,10,data/tasks/test_tgt_sine_laplace_0120.npz
test_tgt_sine_laplace_0121,test,tgt_sine_laplace,sine,laplace,121,201021,0.25,1000,10,data/tasks/test_tgt_sine_laplace_0121.npz
test_tgt_sine_laplace_0122,test,tgt_sine_laplace,sine,laplace,122,201022,0.5,1000,10,data/tasks/test_tgt_sine_laplace_0122.npz
test_tgt_sine_laplace_0123,test,tgt_sine_laplace,sine,laplace,123,201023,0.75,1000,10,data/tasks/test_tgt_sine_laplace_0123.npz
test_tgt_sine_laplace_0124,test,tgt_sine_laplace,sine,laplace,124,201024,1.0,1000,10,data/tasks/test_tgt_sine_laplace_0124.npz
test_tgt_sine_laplace_0125,test,tgt_sine_laplace,sine,laplace,125,201025,0.0,1000,10,data/tasks/test_tgt_sine_laplace_0125.npz
test_tgt_sine_laplace_0126,test,tgt_sine_laplace,sine,laplace,126,201026,0.25,1000,10,data/tasks/test_tgt_sine_laplace_0126.npz
test_tgt_sine_laplace_0127,test,tgt_sine_laplace,sine,laplace,127,201027,0.5,1000,10,data/tasks/test_tgt_sine_laplace_0127.npz
test_tgt_sine_laplace_0128,test,tgt_sine_laplace,sine,laplace,128,201028,0.75,1000,10,data/tasks/test_tgt_sine_laplace_0128.npz
test_tgt_sine_laplace_0129,test,tgt_sine_laplace,sine,laplace,129,201029,1.0,1000,10,data/tasks/test_tgt_sine_laplace_0129.npz
test_tgt_sine_laplace_0130,test,tgt_sine_laplace,sine,laplace,130,201030,0.0,1000,10,data/tasks/test_tgt_sine_laplace_0130.npz
test_tgt_sine_laplace_0131,test,tgt_sine_laplace,sine,laplace,131,201031,0.25,1000,10,data/tasks/test_tgt_sine_laplace_0131.npz
test_tgt_sine_laplace_0132,test,tgt_sine_laplace,sine,laplace,132,201032,0.5,1000,10,data/tasks/test_tgt_sine_laplace_0132.npz
test_tgt_sine_laplace_0133,test,tgt_sine_laplace,sine,laplace,133,201033,0.75,1000,10,data/tasks/test_tgt_sine_laplace_0133.npz
test_tgt_sine_laplace_0134,test,tgt_sine_laplace,sine,laplace,134,201034,1.0,1000,10,data/tasks/test_tgt_sine_laplace_0134.npz
test_tgt_sine_laplace_0135,test,tgt_sine_laplace,sine,laplace,135,201035,0.0,1000,10,data/tasks/test_tgt_sine_laplace_0135.npz
test_tgt_sine_laplace_0136,test,tgt_sine_laplace,sine,laplace,136,201036,0.25,1000,10,data/tasks/test_tgt_sine_laplace_0136.npz
test_tgt_sine_laplace_0137,test,tgt_sine_laplace,sine,laplace,137,201037,0.5,1000,10,data/tasks/test_tgt_sine_laplace_0137.npz
test_tgt_sine_laplace_0138,test,tgt_sine_laplace,sine,laplace,138,201038,0.75,1000,10,data/tasks/test_tgt_sine_laplace_0138.npz
test_tgt_sine_laplace_0139,test,tgt_sine_laplace,sine,laplace,139,201039,1.0,1000,10,data/tasks/test_tgt_sine_laplace_0139.npz
test_tgt_sine_laplace_0140,test,tgt_sine_laplace,sine,laplace,140,201040,0.0,1000,10,data/tasks/test_tgt_sine_laplace_0140.npz
test_tgt_sine_laplace_0141,test,tgt_sine_laplace,sine,laplace,141,201041,0.25,1000,10,data/tasks/test_tgt_sine_laplace_0141.npz
test_tgt_sine_laplace_0142,test,tgt_sine_laplace,sine,laplace,142,201042,0.5,1000,10,data/tasks/test_tgt_sine_laplace_0142.npz
test_tgt_sine_laplace_0143,test,tgt_sine_laplace,sine,laplace,143,201043,0.75,1000,10,data/tasks/test_tgt_sine_laplace_0143.npz
test_tgt_sine_laplace_0144,test,tgt_sine_laplace,sine,laplace,144,201044,1.0,1000,10,data/tasks/test_tgt_sine_laplace_0144.npz
test_tgt_sine_laplace_0145,test,tgt_sine_laplace,sine,laplace,145,201045,0.0,1000,10,data/tasks/test_tgt_sine_laplace_0145.npz
test_tgt_sine_laplace_0146,test,tgt_sine_laplace,sine,laplace,146,201046,0.25,1000,10,data/tasks/test_tgt_sine_laplace_0146.npz
test_tgt_sine_laplace_0147,test,tgt_sine_laplace,sine,laplace,147,201047,0.5,1000,10,data/tasks/test_tgt_sine_laplace_0147.npz
test_tgt_sine_laplace_0148,test,tgt_sine_laplace,sine,laplace,148,201048,0.75,1000,10,data/tasks/test_tgt_sine_laplace_0148.npz
test_tgt_sine_laplace_0149,test,tgt_sine_laplace,sine,laplace,149,201049,1.0,1000,10,data/tasks/test_tgt_sine_laplace_0149.npz
test_tgt_sine_laplace_0150,test,tgt_sine_laplace,sine,laplace,150,201050,0.0,1000,10,data/tasks/test_tgt_sine_laplace_0150.npz
test_tgt_sine_laplace_0151,test,tgt_sine_laplace,sine,laplace,151,201051,0.25,1000,10,data/tasks/test_tgt_sine_laplace_0151.npz
test_tgt_sine_laplace_0152,test,tgt_sine_laplace,sine,laplace,152,201052,0.5,1000,10,data/tasks/test_tgt_sine_laplace_0152.npz
test_tgt_sine_laplace_0153,test,tgt_sine_laplace,sine,laplace,153,201053,0.75,1000,10,data/tasks/test_tgt_sine_laplace_0153.npz
test_tgt_sine_laplace_0154,test,tgt_sine_laplace,sine,laplace,154,201054,1.0,1000,10,data/tasks/test_tgt_sine_laplace_0154.npz
test_tgt_sine_laplace_0155,test,tgt_sine_laplace,sine,laplace,155,201055,0.0,1000,10,data/tasks/test_tgt_sine_laplace_0155.npz
test_tgt_sine_laplace_0156,test,tgt_sine_laplace,sine,laplace,156,201056,0.25,1000,10,data/tasks/test_tgt_sine_laplace_0156.npz
test_tgt_sine_laplace_0157,test,tgt_sine_laplace,sine,laplace,157,201057,0.5,1000,10,data/tasks/test_tgt_sine_laplace_0157.npz
test_tgt_sine_laplace_0158,test,tgt_sine_laplace,sine,laplace,158,201058,0.75,1000,10,data/tasks/test_tgt_sine_laplace_0158.npz
test_tgt_sine_laplace_0159,test,tgt_sine_laplace,sine,laplace,159,201059,1.0,1000,10,data/tasks/test_tgt_sine_laplace_0159.npz
test_tgt_sine_laplace_0160,test,tgt_sine_laplace,sine,laplace,160,201060,0.0,1000,10,data/tasks/test_tgt_sine_laplace_0160.npz
test_tgt_sine_laplace_0161,test,tgt_sine_laplace,sine,laplace,161,201061,0.25,1000,10,data/tasks/test_tgt_sine_laplace_0161.npz
test_tgt_sine_laplace_0162,test,tgt_sine_laplace,sine,laplace,162,201062,0.5,1000,10,data/tasks/test_tgt_sine_laplace_0162.npz
test_tgt_sine_laplace_0163,test,tgt_sine_laplace,sine,laplace,163,201063,0.75,1000,10,data/tasks/test_tgt_sine_laplace_0163.npz
test_tgt_sine_laplace_0164,test,tgt_sine_laplace,sine,laplace,164,201064,1.0,1000,10,data/tasks/test_tgt_sine_laplace_0164.npz
test_tgt_sine_laplace_0165,test,tgt_sine_laplace,sine,laplace,165,201065,0.0,1000,10,data/tasks/test_tgt_sine_laplace_0165.npz
test_tgt_sine_laplace_0166,test,tgt_sine_laplace,sine,laplace,166,201066,0.25,1000,10,data/tasks/test_tgt_sine_laplace_0166.npz
test_tgt_sine_laplace_0167,test,tgt_sine_laplace,sine,laplace,167,201067,0.5,1000,10,data/tasks/test_tgt_sine_laplace_0167.npz
test_tgt_sine_laplace_0168,test,tgt_sine_laplace,sine,laplace,168,201068,0.75,1000,10,data/tasks/test_tgt_sine_laplace_0168.npz
test_tgt_sine_laplace_0169,test,tgt_sine_laplace,sine,laplace,169,201069,1.0,1000,10,data/tasks/test_tgt_sine_laplace_0169.npz
test_tgt_sine_laplace_0170,test,tgt_sine_laplace,sine,laplace,170,201070,0.0,1000,10,data/tasks/test_tgt_sine_laplace_0170.npz
test_tgt_sine_laplace_0171,test,tgt_sine_laplace,sine,laplace,171,201071,0.25,1000,10,data/tasks/test_tgt_sine_laplace_0171.npz
test_tgt_sine_laplace_0172,test,tgt_sine_laplace,sine,laplace,172,201072,0.5,1000,10,data/tasks/test_tgt_sine_laplace_0172.npz
test_tgt_sine_laplace_0173,test,tgt_sine_laplace,sine,laplace,173,201073,0.75,1000,10,data/tasks/test_tgt_sine_laplace_0173.npz
test_tgt_sine_laplace_0174,test,tgt_sine_laplace,sine,laplace,174,201074,1.0,1000,10,data/tasks/test_tgt_sine_laplace_0174.npz
test_tgt_sine_laplace_0175,test,tgt_sine_laplace,sine,laplace,175,201075,0.0,1000,10,data/tasks/test_tgt_sine_laplace_0175.npz
test_tgt_sine_laplace_0176,test,tgt_sine_laplace,sine,laplace,176,201076,0.25,1000,10,data/tasks/test_tgt_sine_laplace_0176.npz
test_tgt_sine_laplace_0177,test,tgt_sine_laplace,sine,laplace,177,201077,0.5,1000,10,data/tasks/test_tgt_sine_laplace_0177.npz
test_tgt_sine_laplace_0178,test,tgt_sine_laplace,sine,laplace,178,201078,0.75,1000,10,data/tasks/test_tgt_sine_laplace_0178.npz
test_tgt_sine_laplace_0179,test,tgt_sine_laplace,sine,laplace,179,201079,1.0,1000,10,data/tasks/test_tgt_sine_laplace_0179.npz
test_tgt_sine_laplace_0180,test,tgt_sine_laplace,sine,laplace,180,201080,0.0,1000,10,data/tasks/test_tgt_sine_laplace_0180.npz
test_tgt_sine_laplace_0181,test,tgt_sine_laplace,sine,laplace,181,201081,0.25,1000,10,data/tasks/test_tgt_sine_laplace_0181.npz
test_tgt_sine_laplace_0182,test,tgt_sine_laplace,sine,laplace,182,201082,0.5,1000,10,data/tasks/test_tgt_sine_laplace_0182.npz
test_tgt_sine_laplace_0183,test,tgt_sine_laplace,sine,laplace,183,201083,0.75,1000,10,data/tasks/test_tgt_sine_laplace_0183.npz
test_tgt_sine_laplace_0184,test,tgt_sine_laplace,sine,laplace,184,201084,1.0,1000,10,data/tasks/test_tgt_sine_laplace_0184.npz
test_tgt_sine_laplace_0185,test,tgt_sine_laplace,sine,laplace,185,201085,0.0,1000,10,data/tasks/test_tgt_sine_laplace_0185.npz
test_tgt_sine_laplace_0186,test,tgt_sine_laplace,sine,laplace,186,201086,0.25,1000,10,data/tasks/test_tgt_sine_laplace_0186.npz
test_tgt_sine_laplace_0187,test,tgt_sine_laplace,sine,laplace,187,201087,0.5,1000,10,data/tasks/test_tgt_sine_laplace_0187.npz
test_tgt_sine_laplace_0188,test,tgt_sine_laplace,sine,laplace,188,201088,0.75,1000,10,data/tasks/test_tgt_sine_laplace_0188.npz
test_tgt_sine_laplace_0189,test,tgt_sine_laplace,sine,laplace,189,201089,1.0,1000,10,data/tasks/test_tgt_sine_laplace_0189.npz
test_tgt_sine_laplace_0190,test,tgt_sine_laplace,sine,laplace,190,201090,0.0,1000,10,data/tasks/test_tgt_sine_laplace_0190.npz
test_tgt_sine_laplace_0191,test,tgt_sine_laplace,sine,laplace,191,201091,0.25,1000,10,data/tasks/test_tgt_sine_laplace_0191.npz
test_tgt_sine_laplace_0192,test,tgt_sine_laplace,sine,laplace,192,201092,0.5,1000,10,data/tasks/test_tgt_sine_laplace_0192.npz
test_tgt_sine_laplace_0193,test,tgt_sine_laplace,sine,laplace,193,201093,0.75,1000,10,data/tasks/test_tgt_sine_laplace_0193.npz
test_tgt_sine_laplace_0194,test,tgt_sine_laplace,sine,laplace,194,201094,1.0,1000,10,data/tasks/test_tgt_sine_laplace_0194.npz
test_tgt_sine_laplace_0195,test,tgt_sine_laplace,sine,laplace,195,201095,0.0,1000,10,data/tasks/test_tgt_sine_laplace_0195.npz
test_tgt_sine_laplace_0196,test,tgt_sine_laplace,sine,laplace,196,201096,0.25,1000,10,data/tasks/test_tgt_sine_laplace_0196.npz
test_tgt_sine_laplace_0197,test,tgt_sine_laplace,sine,laplace,197,201097,0.5,1000,10,data/tasks/test_tgt_sine_laplace_0197.npz
test_tgt_sine_laplace_0198,test,tgt_sine_laplace,sine,laplace,198,201098,0.75,1000,10,data/tasks/test_tgt_sine_laplace_0198.npz
test_tgt_sine_laplace_0199,test,tgt_sine_laplace,sine,laplace,199,201099,1.0,1000,10,data/tasks/test_tgt_sine_laplace_0199.npz
test_tgt_sine_laplace_0200,test,tgt_sine_laplace,sine,laplace,200,201100,0.0,1000,10,data/tasks/test_tgt_sine_laplace_0200.npz
test_tgt_sine_laplace_0201,test,tgt_sine_laplace,sine,laplace,201,201101,0.25,1000,10,data/tasks/test_tgt_sine_laplace_0201.npz
test_tgt_sine_laplace_0202,test,tgt_sine_laplace,sine,laplace,202,201102,0.5,1000,10,data/tasks/test_tgt_sine_laplace_0202.npz
test_tgt_sine_laplace_0203,test,tgt_sine_laplace,sine,laplace,203,201103,0.75,1000,10,data/tasks/test_tgt_sine_laplace_0203.npz
test_tgt_sine_laplace_0204,test,tgt_sine_laplace,sine,laplace,204,201104,1.0,1000,10,data/tasks/test_tgt_sine_laplace_0204.npz
test_tgt_sine_laplace_0205,test,tgt_sine_laplace,sine,laplace,205,201105,0.0,1000,10,data/tasks/test_tgt_sine_laplace_0205.npz
test_tgt_sine_laplace_0206,test,tgt_sine_laplace,sine,laplace,206,201106,0.25,1000,10,data/tasks/test_tgt_sine_laplace_0206.npz
test_tgt_sine_laplace_0207,test,tgt_sine_laplace,sine,laplace,207,201107,0.5,1000,10,data/tasks/test_tgt_sine_laplace_0207.npz
test_tgt_sine_laplace_0208,test,tgt_sine_laplace,sine,laplace,208,201108,0.75,1000,10,data/tasks/test_tgt_sine_laplace_0208.npz
test_tgt_sine_laplace_0209,test,tgt_sine_laplace,sine,laplace,209,201109,1.0,1000,10,data/tasks/test_tgt_sine_laplace_0209.npz
test_tgt_sine_laplace_0210,test,tgt_sine_laplace,sine,laplace,210,201110,0.0,1000,10,data/tasks/test_tgt_sine_laplace_0210.npz
test_tgt_sine_laplace_0211,test,tgt_sine_laplace,sine,laplace,211,201111,0.25,1000,10,data/tasks/test_tgt_sine_laplace_0211.npz
test_tgt_sine_laplace_0212,test,tgt_sine_laplace,sine,laplace,212,201112,0.5,1000,10,data/tasks/test_tgt_sine_laplace_0212.npz
test_tgt_sine_laplace_0213,test,tgt_sine_laplace,sine,laplace,213,201113,0.75,1000,10,data/tasks/test_tgt_sine_laplace_0213.npz
test_tgt_sine_laplace_0214,test,tgt_sine_laplace,sine,laplace,214,201114,1.0,1000,10,data/tasks/test_tgt_sine_laplace_0214.npz
test_tgt_sine_laplace_0215,test,tgt_sine_laplace,sine,laplace,215,201115,0.0,1000,10,data/tasks/test_tgt_sine_laplace_0215.npz
test_tgt_sine_laplace_0216,test,tgt_sine_laplace,sine,laplace,216,201116,0.25,1000,10,data/tasks/test_tgt_sine_laplace_0216.npz
test_tgt_sine_laplace_0217,test,tgt_sine_laplace,sine,laplace,217,201117,0.5,1000,10,data/tasks/test_tgt_sine_laplace_0217.npz
test_tgt_sine_laplace_0218,test,tgt_sine_laplace,sine,laplace,218,201118,0.75,1000,10,data/tasks/test_tgt_sine_laplace_0218.npz
test_tgt_sine_laplace_0219,test,tgt_sine_laplace,sine,laplace,219,201119,1.0,1000,10,data/tasks/test_tgt_sine_laplace_0219.npz
test_tgt_sine_laplace_0220,test,tgt_sine_laplace,sine,laplace,220,201120,0.0,1000,10,data/tasks/test_tgt_sine_laplace_0220.npz
test_tgt_sine_laplace_0221,test,tgt_sine_laplace,sine,laplace,221,201121,0.25,1000,10,data/tasks/test_tgt_sine_laplace_0221.npz
test_tgt_sine_laplace_0222,test,tgt_sine_laplace,sine,laplace,222,201122,0.5,1000,10,data/tasks/test_tgt_sine_laplace_0222.npz
test_tgt_sine_laplace_0223,test,tgt_sine_laplace,sine,laplace,223,201123,0.75,1000,10,data/tasks/test_tgt_sine_laplace_0223.npz
test_tgt_sine_laplace_0224,test,tgt_sine_laplace,sine,laplace,224,201124,1.0,1000,10,data/tasks/test_tgt_sine_laplace_0224.npz
test_tgt_sine_laplace_0225,test,tgt_sine_laplace,sine,laplace,225,201125,0.0,1000,10,data/tasks/test_tgt_sine_laplace_0225.npz
test_tgt_sine_laplace_0226,test,tgt_sine_laplace,sine,laplace,226,201126,0.25,1000,10,data/tasks/test_tgt_sine_laplace_0226.npz
test_tgt_sine_laplace_0227,test,tgt_sine_laplace,sine,laplace,227,201127,0.5,1000,10,data/tasks/test_tgt_sine_laplace_0227.npz
test_tgt_sine_laplace_0228,test,tgt_sine_laplace,sine,laplace,228,201128,0.75,1000,10,data/tasks/test_tgt_sine_laplace_0228.npz
test_tgt_sine_laplace_0229,test,tgt_sine_laplace,sine,laplace,229,201129,1.0,1000,10,data/tasks/test_tgt_sine_laplace_0229.npz
test_tgt_sine_laplace_0230,test,tgt_sine_laplace,sine,laplace,230,201130,0.0,1000,10,data/tasks/test_tgt_sine_laplace_0230.npz
test_tgt_sine_laplace_0231,test,tgt_sine_laplace,sine,laplace,231,201131,0.25,1000,10,data/tasks/test_tgt_sine_laplace_0231.npz
test_tgt_sine_laplace_0232,test,tgt_sine_laplace,sine,laplace,232,201132,0.5,1000,10,data/tasks/test_tgt_sine_laplace_0232.npz
test_tgt_sine_laplace_0233,test,tgt_sine_laplace,sine,laplace,233,201133,0.75,1000,10,data/tasks/test_tgt_sine_laplace_0233.npz
test_tgt_sine_laplace_0234,test,tgt_sine_laplace,sine,laplace,234,201134,1.0,1000,10,data/tasks/test_tgt_sine_laplace_0234.npz
test_tgt_sine_laplace_0235,test,tgt_sine_laplace,sine,laplace,235,201135,0.0,1000,10,data/tasks/test_tgt_sine_laplace_0235.npz
test_tgt_sine_laplace_0236,test,tgt_sine_laplace,sine,laplace,236,201136,0.25,1000,10,data/tasks/test_tgt_sine_laplace_0236.npz
test_tgt_sine_laplace_0237,test,tgt_sine_laplace,sine,laplace,237,201137,0.5,1000,10,data/tasks/test_tgt_sine_laplace_0237.npz
test_tgt_sine_laplace_0238,test,tgt_sine_laplace,sine,laplace,238,201138,0.75,1000,10,data/tasks/test_tgt_sine_laplace_0238.npz
test_tgt_sine_laplace_0239,test,tgt_sine_laplace,sine,laplace,239,201139,1.0,1000,10,data/tasks/test_tgt_sine_laplace_0239.npz
test_tgt_sine_laplace_0240,test,tgt_sine_laplace,sine,laplace,240,201140,0.0,1000,10,data/tasks/test_tgt_sine_laplace_0240.npz
test_tgt_sine_laplace_0241,test,tgt_sine_laplace,sine,laplace,241,201141,0.25,1000,10,data/tasks/test_tgt_sine_laplace_0241.npz
test_tgt_sine_laplace_0242,test,tgt_sine_laplace,sine,laplace,242,201142,0.5,1000,10,data/tasks/test_tgt_sine_laplace_0242.npz
test_tgt_sine_laplace_0243,test,tgt_sine_laplace,sine,laplace,243,201143,0.75,1000,10,data/tasks/test_tgt_sine_laplace_0243.npz
test_tgt_sine_laplace_0244,test,tgt_sine_laplace,sine,laplace,244,201144,1.0,1000,10,data/tasks/test_tgt_sine_laplace_0244.npz
test_tgt_sine_laplace_0245,test,tgt_sine_laplace,sine,laplace,245,201145,0.0,1000,10,data/tasks/test_tgt_sine_laplace_0245.npz
test_tgt_sine_laplace_0246,test,tgt_sine_laplace,sine,laplace,246,201146,0.25,1000,10,data/tasks/test_tgt_sine_laplace_0246.npz
test_tgt_sine_laplace_0247,test,tgt_sine_laplace,sine,laplace,247,201147,0.5,1000,10,data/tasks/test_tgt_sine_laplace_0247.npz
test_tgt_sine_laplace_0248,test,tgt_sine_laplace,sine,laplace,248,201148,0.75,1000,10,data/tasks/test_tgt_sine_laplace_0248.npz
test_tgt_sine_laplace_0249,test,tgt_sine_laplace,sine,laplace,249,201149,1.0,1000,10,data/tasks/test_tgt_sine_laplace_0249.npz
test_tgt_sine_laplace_0250,test,tgt_sine_laplace,sine,laplace,250,201150,0.0,1000,10,data/tasks/test_tgt_sine_laplace_0250.npz
test_tgt_sine_laplace_0251,test,tgt_sine_laplace,sine,laplace,251,201151,0.25,1000,10,data/tasks/test_tgt_sine_laplace_0251.npz
test_tgt_sine_laplace_0252,test,tgt_sine_laplace,sine,laplace,252,201152,0.5,1000,10,data/tasks/test_tgt_sine_laplace_0252.npz
test_tgt_sine_laplace_0253,test,tgt_sine_laplace,sine,laplace,253,201153,0.75,1000,10,data/tasks/test_tgt_sine_laplace_0253.npz
test_tgt_sine_laplace_0254,test,tgt_sine_laplace,sine,laplace,254,201154,1.0,1000,10,data/tasks/test_tgt_sine_laplace_0254.npz
test_tgt_sine_laplace_0255,test,tgt_sine_laplace,sine,laplace,255,201155,0.0,1000,10,data/tasks/test_tgt_sine_laplace_0255.npz
test_tgt_sine_laplace_0256,test,tgt_sine_laplace,sine,laplace,256,201156,0.25,1000,10,data/tasks/test_tgt_sine_laplace_0256.npz
test_tgt_sine_laplace_0257,test,tgt_sine_laplace,sine,laplace,257,201157,0.5,1000,10,data/tasks/test_tgt_sine_laplace_0257.npz
test_tgt_sine_laplace_0258,test,tgt_sine_laplace,sine,laplace,258,201158,0.75,1000,10,data/tasks/test_tgt_sine_laplace_0258.npz
test_tgt_sine_laplace_0259,test,tgt_sine_laplace,sine,laplace,259,201159,1.0,1000,10,data/tasks/test_tgt_sine_laplace_0259.npz
test_tgt_sine_laplace_0260,test,tgt_sine_laplace,sine,laplace,260,201160,0.0,1000,10,data/tasks/test_tgt_sine_laplace_0260.npz
test_tgt_sine_laplace_0261,test,tgt_sine_laplace,sine,laplace,261,201161,0.25,1000,10,data/tasks/test_tgt_sine_laplace_0261.npz
test_tgt_sine_laplace_0262,test,tgt_sine_laplace,sine,laplace,262,201162,0.5,1000,10,data/tasks/test_tgt_sine_laplace_0262.npz
test_tgt_sine_laplace_0263,test,tgt_sine_laplace,sine,laplace,263,201163,0.75,1000,10,data/tasks/test_tgt_sine_laplace_0263.npz
test_tgt_sine_laplace_0264,test,tgt_sine_laplace,sine,laplace,264,201164,1.0,1000,10,data/tasks/test_tgt_sine_laplace_0264.npz
test_tgt_sine_laplace_0265,test,tgt_sine_laplace,sine,laplace,265,201165,0.0,1000,10,data/tasks/test_tgt_sine_laplace_0265.npz
test_tgt_sine_laplace_0266,test,tgt_sine_laplace,sine,laplace,266,201166,0.25,1000,10,data/tasks/test_tgt_sine_laplace_0266.npz
test_tgt_sine_laplace_0267,test,tgt_sine_laplace,sine,laplace,267,201167,0.5,1000,10,data/tasks/test_tgt_sine_laplace_0267.npz
test_tgt_sine_laplace_0268,test,tgt_sine_laplace,sine,laplace,268,201168,0.75,1000,10,data/tasks/test_tgt_sine_laplace_0268.npz
test_tgt_sine_laplace_0269,test,tgt_sine_laplace,sine,laplace,269,201169,1.0,1000,10,data/tasks/test_tgt_sine_laplace_0269.npz
test_tgt_sine_laplace_0270,test,tgt_sine_laplace,sine,laplace,270,201170,0.0,1000,10,data/tasks/test_tgt_sine_laplace_0270.npz
test_tgt_sine_laplace_0271,test,tgt_sine_laplace,sine,laplace,271,201171,0.25,1000,10,data/tasks/test_tgt_sine_laplace_0271.npz
test_tgt_sine_laplace_0272,test,tgt_sine_laplace,sine,laplace,272,201172,0.5,1000,10,data/tasks/test_tgt_sine_laplace_0272.npz
test_tgt_sine_laplace_0273,test,tgt_sine_laplace,sine,laplace,273,201173,0.75,1000,10,data/tasks/test_tgt_sine_laplace_0273.npz
test_tgt_sine_laplace_0274,test,tgt_sine_laplace,sine,laplace,274,201174,1.0,1000,10,data/tasks/test_tgt_sine_laplace_0274.npz
test_tgt_sine_laplace_0275,test,tgt_sine_laplace,sine,laplace,275,201175,0.0,1000,10,data/tasks/test_tgt_sine_laplace_0275.npz
test_tgt_sine_laplace_0276,test,tgt_sine_laplace,sine,laplace,276,201176,0.25,1000,10,data/tasks/test_tgt_sine_laplace_0276.npz
test_tgt_sine_laplace_0277,test,tgt_sine_laplace,sine,laplace,277,201177,0.5,1000,10,data/tasks/test_tgt_sine_laplace_0277.npz
test_tgt_sine_laplace_0278,test,tgt_sine_laplace,sine,laplace,278,201178,0.75,1000,10,data/tasks/test_tgt_sine_laplace_0278.npz
test_tgt_sine_laplace_0279,test,tgt_sine_laplace,sine,laplace,279,201179,1.0,1000,10,data/tasks/test_tgt_sine_laplace_0279.npz
test_tgt_sine_laplace_0280,test,tgt_sine_laplace,sine,laplace,280,201180,0.0,1000,10,data/tasks/test_tgt_sine_laplace_0280.npz
test_tgt_sine_laplace_0281,test,tgt_sine_laplace,sine,laplace,281,201181,0.25,1000,10,data/tasks/test_tgt_sine_laplace_0281.npz
test_tgt_sine_laplace_0282,test,tgt_sine_laplace,sine,laplace,282,201182,0.5,1000,10,data/tasks/test_tgt_sine_laplace_0282.npz
test_tgt_sine_laplace_0283,test,tgt_sine_laplace,sine,laplace,283,201183,0.75,1000,10,data/tasks/test_tgt_sine_laplace_0283.npz
test_tgt_sine_laplace_0284,test,tgt_sine_laplace,sine,laplace,284,201184,1.0,1000,10,data/tasks/test_tgt_sine_laplace_0284.npz
test_tgt_sine_laplace_0285,test,tgt_sine_laplace,sine,laplace,285,201185,0.0,1000,10,data/tasks/test_tgt_sine_laplace_0285.npz
test_tgt_sine_laplace_0286,test,tgt_sine_laplace,sine,laplace,286,201186,0.25,1000,10,data/tasks/test_tgt_sine_laplace_0286.npz
test_tgt_sine_laplace_0287,test,tgt_sine_laplace,sine,laplace,287,201187,0.5,1000,10,data/tasks/test_tgt_sine_laplace_0287.npz
test_tgt_sine_laplace_0288,test,tgt_sine_laplace,sine,laplace,288,201188,0.75,1000,10,data/tasks/test_tgt_sine_laplace_0288.npz
test_tgt_sine_laplace_0289,test,tgt_sine_laplace,sine,laplace,289,201189,1.0,1000,10,data/tasks/test_tgt_sine_laplace_0289.npz
test_tgt_sine_laplace_0290,test,tgt_sine_laplace,sine,laplace,290,201190,0.0,1000,10,data/tasks/test_tgt_sine_laplace_0290.npz
test_tgt_sine_laplace_0291,test,tgt_sine_laplace,sine,laplace,291,201191,0.25,1000,10,data/tasks/test_tgt_sine_laplace_0291.npz
test_tgt_sine_laplace_0292,test,tgt_sine_laplace,sine,laplace,292,201192,0.5,1000,10,data/tasks/test_tgt_sine_laplace_0292.npz
test_tgt_sine_laplace_0293,test,tgt_sine_laplace,sine,laplace,293,201193,0.75,1000,10,data/tasks/test_tgt_sine_laplace_0293.npz
test_tgt_sine_laplace_0294,test,tgt_sine_laplace,sine,laplace,294,201194,1.0,1000,10,data/tasks/test_tgt_sine_laplace_0294.npz
test_tgt_sine_laplace_0295,test,tgt_sine_laplace,sine,laplace,295,201195,0.0,1000,10,data/tasks/test_tgt_sine_laplace_0295.npz
test_tgt_sine_laplace_0296,test,tgt_sine_laplace,sine,laplace,296,201196,0.25,1000,10,data/tasks/test_tgt_sine_laplace_0296.npz
test_tgt_sine_laplace_0297,test,tgt_sine_laplace,sine,laplace,297,201197,0.5,1000,10,data/tasks/test_tgt_sine_laplace_0297.npz
test_tgt_sine_laplace_0298,test,tgt_sine_laplace,sine,laplace,298,201198,0.75,1000,10,data/tasks/test_tgt_sine_laplace_0298.npz
test_tgt_sine_laplace_0299,test,tgt_sine_laplace,sine,laplace,299,201199,1.0,1000,10,data/tasks/test_tgt_sine_laplace_0299.npz
test_tgt_rff_exponential_0000,test,tgt_rff_exponential,rff,exponential,0,201200,0.0,1000,10,data/tasks/test_tgt_rff_exponential_0000.npz
test_tgt_rff_exponential_0001,test,tgt_rff_exponential,rff,exponential,1,201201,0.25,1000,10,data/tasks/test_tgt_rff_exponential_0001.npz
test_tgt_rff_exponential_0002,test,tgt_rff_exponential,rff,exponential,2,201202,0.5,1000,10,data/tasks/test_tgt_rff_exponential_0002.npz
test_tgt_rff_exponential_0003,test,tgt_rff_exponential,rff,exponential,3,201203,0.75,1000,10,data/tasks/test_tgt_rff_exponential_0003.npz
test_tgt_rff_exponential_0004,test,tgt_rff_exponential,rff,exponential,4,201204,1.0,1000,10,data/tasks/test_tgt_rff_exponential_0004.npz
test_tgt_rff_exponential_0005,test,tgt_rff_exponential,rff,exponential,5,201205,0.0,1000,10,data/tasks/test_tgt_rff_exponential_0005.npz
test_tgt_rff_exponential_0006,test,tgt_rff_exponential,rff,exponential,6,201206,0.25,1000,10,data/tasks/test_tgt_rff_exponential_0006.npz
test_tgt_rff_exponential_0007,test,tgt_rff_exponential,rff,exponential,7,201207,0.5,1000,10,data/tasks/test_tgt_rff_exponential_0007.npz
test_tgt_rff_exponential_0008,test,tgt_rff_exponential,rff,exponential,8,201208,0.75,1000,10,data/tasks/test_tgt_rff_exponential_0008.npz
test_tgt_rff_exponential_0009,test,tgt_rff_exponential,rff,exponential,9,201209,1.0,1000,10,data/tasks/test_tgt_rff_exponential_0009.npz
test_tgt_rff_exponential_0010,test,tgt_rff_exponential,rff,exponential,10,201210,0.0,1000,10,data/tasks/test_tgt_rff_exponential_0010.npz
test_tgt_rff_exponential_0011,test,tgt_rff_exponential,rff,exponential,11,201211,0.25,1000,10,data/tasks/test_tgt_rff_exponential_0011.npz
test_tgt_rff_exponential_0012,test,tgt_rff_exponential,rff,exponential,12,201212,0.5,1000,10,data/tasks/test_tgt_rff_exponential_0012.npz
test_tgt_rff_exponential_0013,test,tgt_rff_exponential,rff,exponential,13,201213,0.75,1000,10,data/tasks/test_tgt_rff_exponential_0013.npz
test_tgt_rff_exponential_0014,test,tgt_rff_exponential,rff,exponential,14,201214,1.0,1000,10,data/tasks/test_tgt_rff_exponential_0014.npz
test_tgt_rff_exponential_0015,test,tgt_rff_exponential,rff,exponential,15,201215,0.0,1000,10,data/tasks/test_tgt_rff_exponential_0015.npz
test_tgt_rff_exponential_0016,test,tgt_rff_exponential,rff,exponential,16,201216,0.25,1000,10,data/tasks/test_tgt_rff_exponential_0016.npz
test_tgt_rff_exponential_0017,test,tgt_rff_exponential,rff,exponential,17,201217,0.5,1000,10,data/tasks/test_tgt_rff_exponential_0017.npz
test_tgt_rff_exponential_0018,test,tgt_rff_exponential,rff,exponential,18,201218,0.75,1000,10,data/tasks/test_tgt_rff_exponential_0018.npz
test_tgt_rff_exponential_0019,test,tgt_rff_exponential,rff,exponential,19,201219,1.0,1000,10,data/tasks/test_tgt_rff_exponential_0019.npz
test_tgt_rff_exponential_0020,test,tgt_rff_exponential,rff,exponential,20,201220,0.0,1000,10,data/tasks/test_tgt_rff_exponential_0020.npz
test_tgt_rff_exponential_0021,test,tgt_rff_exponential,rff,exponential,21,201221,0.25,1000,10,data/tasks/test_tgt_rff_exponential_0021.npz
test_tgt_rff_exponential_0022,test,tgt_rff_exponential,rff,exponential,22,201222,0.5,1000,10,data/tasks/test_tgt_rff_exponential_0022.npz
test_tgt_rff_exponential_0023,test,tgt_rff_exponential,rff,exponential,23,201223,0.75,1000,10,data/tasks/test_tgt_rff_exponential_0023.npz
test_tgt_rff_exponential_0024,test,tgt_rff_exponential,rff,exponential,24,201224,1.0,1000,10,data/tasks/test_tgt_rff_exponential_0024.npz
test_tgt_rff_exponential_0025,test,tgt_rff_exponential,rff,exponential,25,201225,0.0,1000,10,data/tasks/test_tgt_rff_exponential_0025.npz
test_tgt_rff_exponential_0026,test,tgt_rff_exponential,rff,exponential,26,201226,0.25,1000,10,data/tasks/test_tgt_rff_exponential_0026.npz
test_tgt_rff_exponential_0027,test,tgt_rff_exponential,rff,exponential,27,201227,0.5,1000,10,data/tasks/test_tgt_rff_exponential_0027.npz
test_tgt_rff_exponential_0028,test,tgt_rff_exponential,rff,exponential,28,201228,0.75,1000,10,data/tasks/test_tgt_rff_exponential_0028.npz
test_tgt_rff_exponential_0029,test,tgt_rff_exponential,rff,exponential,29,201229,1.0,1000,10,data/tasks/test_tgt_rff_exponential_0029.npz
test_tgt_rff_exponential_0030,test,tgt_rff_exponential,rff,exponential,30,201230,0.0,1000,10,data/tasks/test_tgt_rff_exponential_0030.npz
test_tgt_rff_exponential_0031,test,tgt_rff_exponential,rff,exponential,31,201231,0.25,1000,10,data/tasks/test_tgt_rff_exponential_0031.npz
test_tgt_rff_exponential_0032,test,tgt_rff_exponential,rff,exponential,32,201232,0.5,1000,10,data/tasks/test_tgt_rff_exponential_0032.npz
test_tgt_rff_exponential_0033,test,tgt_rff_exponential,rff,exponential,33,201233,0.75,1000,10,data/tasks/test_tgt_rff_exponential_0033.npz
test_tgt_rff_exponential_0034,test,tgt_rff_exponential,rff,exponential,34,201234,1.0,1000,10,data/tasks/test_tgt_rff_exponential_0034.npz
test_tgt_rff_exponential_0035,test,tgt_rff_exponential,rff,exponential,35,201235,0.0,1000,10,data/tasks/test_tgt_rff_exponential_0035.npz
test_tgt_rff_exponential_0036,test,tgt_rff_exponential,rff,exponential,36,201236,0.25,1000,10,data/tasks/test_tgt_rff_exponential_0036.npz
test_tgt_rff_exponential_0037,test,tgt_rff_exponential,rff,exponential,37,201237,0.5,1000,10,data/tasks/test_tgt_rff_exponential_0037.npz
test_tgt_rff_exponential_0038,test,tgt_rff_exponential,rff,exponential,38,201238,0.75,1000,10,data/tasks/test_tgt_rff_exponential_0038.npz
test_tgt_rff_exponential_0039,test,tgt_rff_exponential,rff,exponential,39,201239,1.0,1000,10,data/tasks/test_tgt_rff_exponential_0039.npz
test_tgt_rff_exponential_0040,test,tgt_rff_exponential,rff,exponential,40,201240,0.0,1000,10,data/tasks/test_tgt_rff_exponential_0040.npz
test_tgt_rff_exponential_0041,test,tgt_rff_exponential,rff,exponential,41,201241,0.25,1000,10,data/tasks/test_tgt_rff_exponential_0041.npz
test_tgt_rff_exponential_0042,test,tgt_rff_exponential,rff,exponential,42,201242,0.5,1000,10,data/tasks/test_tgt_rff_exponential_0042.npz
test_tgt_rff_exponential_0043,test,tgt_rff_exponential,rff,exponential,43,201243,0.75,1000,10,data/tasks/test_tgt_rff_exponential_0043.npz
test_tgt_rff_exponential_0044,test,tgt_rff_exponential,rff,exponential,44,201244,1.0,1000,10,data/tasks/test_tgt_rff_exponential_0044.npz
test_tgt_rff_exponential_0045,test,tgt_rff_exponential,rff,exponential,45,201245,0.0,1000,10,data/tasks/test_tgt_rff_exponential_0045.npz
test_tgt_rff_exponential_0046,test,tgt_rff_exponential,rff,exponential,46,201246,0.25,1000,10,data/tasks/test_tgt_rff_exponential_0046.npz
test_tgt_rff_exponential_0047,test,tgt_rff_exponential,rff,exponential,47,201247,0.5,1000,10,data/tasks/test_tgt_rff_exponential_0047.npz
test_tgt_rff_exponential_0048,test,tgt_rff_exponential,rff,exponential,48,201248,0.75,1000,10,data/tasks/test_tgt_rff_exponential_0048.npz
test_tgt_rff_exponential_0049,test,tgt_rff_exponential,rff,exponential,49,201249,1.0,1000,10,data/tasks/test_tgt_rff_exponential_0049.npz
test_tgt_rff_exponential_0050,test,tgt_rff_exponential,rff,exponential,50,201250,0.0,1000,10,data/tasks/test_tgt_rff_exponential_0050.npz
test_tgt_rff_exponential_0051,test,tgt_rff_exponential,rff,exponential,51,201251,0.25,1000,10,data/tasks/test_tgt_rff_exponential_0051.npz
test_tgt_rff_exponential_0052,test,tgt_rff_exponential,rff,exponential,52,201252,0.5,1000,10,data/tasks/test_tgt_rff_exponential_0052.npz
test_tgt_rff_exponential_0053,test,tgt_rff_exponential,rff,exponential,53,201253,0.75,1000,10,data/tasks/test_tgt_rff_exponential_0053.npz
test_tgt_rff_exponential_0054,test,tgt_rff_exponential,rff,exponential,54,201254,1.0,1000,10,data/tasks/test_tgt_rff_exponential_0054.npz
test_tgt_rff_exponential_0055,test,tgt_rff_exponential,rff,exponential,55,201255,0.0,1000,10,data/tasks/test_tgt_rff_exponential_0055.npz
test_tgt_rff_exponential_0056,test,tgt_rff_exponential,rff,exponential,56,201256,0.25,1000,10,data/tasks/test_tgt_rff_exponential_0056.npz
test_tgt_rff_exponential_0057,test,tgt_rff_exponential,rff,exponential,57,201257,0.5,1000,10,data/tasks/test_tgt_rff_exponential_0057.npz
test_tgt_rff_exponential_0058,test,tgt_rff_exponential,rff,exponential,58,201258,0.75,1000,10,data/tasks/test_tgt_rff_exponential_0058.npz
test_tgt_rff_exponential_0059,test,tgt_rff_exponential,rff,exponential,59,201259,1.0,1000,10,data/tasks/test_tgt_rff_exponential_0059.npz
test_tgt_rff_exponential_0060,test,tgt_rff_exponential,rff,exponential,60,201260,0.0,1000,10,data/tasks/test_tgt_rff_exponential_0060.npz
test_tgt_rff_exponential_0061,test,tgt_rff_exponential,rff,exponential,61,201261,0.25,1000,10,data/tasks/test_tgt_rff_exponential_0061.npz
test_tgt_rff_exponential_0062,test,tgt_rff_exponential,rff,exponential,62,201262,0.5,1000,10,data/tasks/test_tgt_rff_exponential_0062.npz
test_tgt_rff_exponential_0063,test,tgt_rff_exponential,rff,exponential,63,201263,0.75,1000,10,data/tasks/test_tgt_rff_exponential_0063.npz
test_tgt_rff_exponential_0064,test,tgt_rff_exponential,rff,exponential,64,201264,1.0,1000,10,data/tasks/test_tgt_rff_exponential_0064.npz
test_tgt_rff_exponential_0065,test,tgt_rff_exponential,rff,exponential,65,201265,0.0,1000,10,data/tasks/test_tgt_rff_exponential_0065.npz
test_tgt_rff_exponential_0066,test,tgt_rff_exponential,rff,exponential,66,201266,0.25,1000,10,data/tasks/test_tgt_rff_exponential_0066.npz
test_tgt_rff_exponential_0067,test,tgt_rff_exponential,rff,exponential,67,201267,0.5,1000,10,data/tasks/test_tgt_rff_exponential_0067.npz
test_tgt_rff_exponential_0068,test,tgt_rff_exponential,rff,exponential,68,201268,0.75,1000,10,data/tasks/test_tgt_rff_exponential_0068.npz
test_tgt_rff_exponential_0069,test,tgt_rff_exponential,rff,exponential,69,201269,1.0,1000,10,data/tasks/test_tgt_rff_exponential_0069.npz
test_tgt_rff_exponential_0070,test,tgt_rff_exponential,rff,exponential,70,201270,0.0,1000,10,data/tasks/test_tgt_rff_exponential_0070.npz
test_tgt_rff_exponential_0071,test,tgt_rff_exponential,rff,exponential,71,201271,0.25,1000,10,data/tasks/test_tgt_rff_exponential_0071.npz
test_tgt_rff_exponential_0072,test,tgt_rff_exponential,rff,exponential,72,201272,0.5,1000,10,data/tasks/test_tgt_rff_exponential_0072.npz
test_tgt_rff_exponential_0073,test,tgt_rff_exponential,rff,exponential,73,201273,0.75,1000,10,data/tasks/test_tgt_rff_exponential_0073.npz
test_tgt_rff_exponential_0074,test,tgt_rff_exponential,rff,exponential,74,201274,1.0,1000,10,data/tasks/test_tgt_rff_exponential_0074.npz
test_tgt_rff_exponential_0075,test,tgt_rff_exponential,rff,exponential,75,201275,0.0,1000,10,data/tasks/test_tgt_rff_exponential_0075.npz
test_tgt_rff_exponential_0076,test,tgt_rff_exponential,rff,exponential,76,201276,0.25,1000,10,data/tasks/test_tgt_rff_exponential_0076.npz
test_tgt_rff_exponential_0077,test,tgt_rff_exponential,rff,exponential,77,201277,0.5,1000,10,data/tasks/test_tgt_rff_exponential_0077.npz
test_tgt_rff_exponential_0078,test,tgt_rff_exponential,rff,exponential,78,201278,0.75,1000,10,data/tasks/test_tgt_rff_exponential_0078.npz
test_tgt_rff_exponential_0079,test,tgt_rff_exponential,rff,exponential,79,201279,1.0,1000,10,data/tasks/test_tgt_rff_exponential_0079.npz
test_tgt_rff_exponential_0080,test,tgt_rff_exponential,rff,exponential,80,201280,0.0,1000,10,data/tasks/test_tgt_rff_exponential_0080.npz
test_tgt_rff_exponential_0081,test,tgt_rff_exponential,rff,exponential,81,201281,0.25,1000,10,data/tasks/test_tgt_rff_exponential_0081.npz
test_tgt_rff_exponential_0082,test,tgt_rff_exponential,rff,exponential,82,201282,0.5,1000,10,data/tasks/test_tgt_rff_exponential_0082.npz
test_tgt_rff_exponential_0083,test,tgt_rff_exponential,rff,exponential,83,201283,0.75,1000,10,data/tasks/test_tgt_rff_exponential_0083.npz
test_tgt_rff_exponential_0084,test,tgt_rff_exponential,rff,exponential,84,201284,1.0,1000,10,data/tasks/test_tgt_rff_exponential_0084.npz
test_tgt_rff_exponential_0085,test,tgt_rff_exponential,rff,exponential,85,201285,0.0,1000,10,data/tasks/test_tgt_rff_exponential_0085.npz
test_tgt_rff_exponential_0086,test,tgt_rff_exponential,rff,exponential,86,201286,0.25,1000,10,data/tasks/test_tgt_rff_exponential_0086.npz
test_tgt_rff_exponential_0087,test,tgt_rff_exponential,rff,exponential,87,201287,0.5,1000,10,data/tasks/test_tgt_rff_exponential_0087.npz
test_tgt_rff_exponential_0088,test,tgt_rff_exponential,rff,exponential,88,201288,0.75,1000,10,data/tasks/test_tgt_rff_exponential_0088.npz
test_tgt_rff_exponential_0089,test,tgt_rff_exponential,rff,exponential,89,201289,1.0,1000,10,data/tasks/test_tgt_rff_exponential_0089.npz
test_tgt_rff_exponential_0090,test,tgt_rff_exponential,rff,exponential,90,201290,0.0,1000,10,data/tasks/test_tgt_rff_exponential_0090.npz
test_tgt_rff_exponential_0091,test,tgt_rff_exponential,rff,exponential,91,201291,0.25,1000,10,data/tasks/test_tgt_rff_exponential_0091.npz
test_tgt_rff_exponential_0092,test,tgt_rff_exponential,rff,exponential,92,201292,0.5,1000,10,data/tasks/test_tgt_rff_exponential_0092.npz
test_tgt_rff_exponential_0093,test,tgt_rff_exponential,rff,exponential,93,201293,0.75,1000,10,data/tasks/test_tgt_rff_exponential_0093.npz
test_tgt_rff_exponential_0094,test,tgt_rff_exponential,rff,exponential,94,201294,1.0,1000,10,data/tasks/test_tgt_rff_exponential_0094.npz
test_tgt_rff_exponential_0095,test,tgt_rff_exponential,rff,exponential,95,201295,0.0,1000,10,data/tasks/test_tgt_rff_exponential_0095.npz
test_tgt_rff_exponential_0096,test,tgt_rff_exponential,rff,exponential,96,201296,0.25,1000,10,data/tasks/test_tgt_rff_exponential_0096.npz
test_tgt_rff_exponential_0097,test,tgt_rff_exponential,rff,exponential,97,201297,0.5,1000,10,data/tasks/test_tgt_rff_exponential_0097.npz
test_tgt_rff_exponential_0098,test,tgt_rff_exponential,rff,exponential,98,201298,0.75,1000,10,data/tasks/test_tgt_rff_exponential_0098.npz
test_tgt_rff_exponential_0099,test,tgt_rff_exponential,rff,exponential,99,201299,1.0,1000,10,data/tasks/test_tgt_rff_exponential_0099.npz
test_tgt_rff_exponential_0100,test,tgt_rff_exponential,rff,exponential,100,201300,0.0,1000,10,data/tasks/test_tgt_rff_exponential_0100.npz
test_tgt_rff_exponential_0101,test,tgt_rff_exponential,rff,exponential,101,201301,0.25,1000,10,data/tasks/test_tgt_rff_exponential_0101.npz
test_tgt_rff_exponential_0102,test,tgt_rff_exponential,rff,exponential,102,201302,0.5,1000,10,data/tasks/test_tgt_rff_exponential_0102.npz
test_tgt_rff_exponential_0103,test,tgt_rff_exponential,rff,exponential,103,201303,0.75,1000,10,data/tasks/test_tgt_rff_exponential_0103.npz
test_tgt_rff_exponential_0104,test,tgt_rff_exponential,rff,exponential,104,201304,1.0,1000,10,data/tasks/test_tgt_rff_exponential_0104.npz
test_tgt_rff_exponential_0105,test,tgt_rff_exponential,rff,exponential,105,201305,0.0,1000,10,data/tasks/test_tgt_rff_exponential_0105.npz
test_tgt_rff_exponential_0106,test,tgt_rff_exponential,rff,exponential,106,201306,0.25,1000,10,data/tasks/test_tgt_rff_exponential_0106.npz
test_tgt_rff_exponential_0107,test,tgt_rff_exponential,rff,exponential,107,201307,0.5,1000,10,data/tasks/test_tgt_rff_exponential_0107.npz
test_tgt_rff_exponential_0108,test,tgt_rff_exponential,rff,exponential,108,201308,0.75,1000,10,data/tasks/test_tgt_rff_exponential_0108.npz
test_tgt_rff_exponential_0109,test,tgt_rff_exponential,rff,exponential,109,201309,1.0,1000,10,data/tasks/test_tgt_rff_exponential_0109.npz
test_tgt_rff_exponential_0110,test,tgt_rff_exponential,rff,exponential,110,201310,0.0,1000,10,data/tasks/test_tgt_rff_exponential_0110.npz
test_tgt_rff_exponential_0111,test,tgt_rff_exponential,rff,exponential,111,201311,0.25,1000,10,data/tasks/test_tgt_rff_exponential_0111.npz
test_tgt_rff_exponential_0112,test,tgt_rff_exponential,rff,exponential,112,201312,0.5,1000,10,data/tasks/test_tgt_rff_exponential_0112.npz
test_tgt_rff_exponential_0113,test,tgt_rff_exponential,rff,exponential,113,201313,0.75,1000,10,data/tasks/test_tgt_rff_exponential_0113.npz
test_tgt_rff_exponential_0114,test,tgt_rff_exponential,rff,exponential,114,201314,1.0,1000,10,data/tasks/test_tgt_rff_exponential_0114.npz
test_tgt_rff_exponential_0115,test,tgt_rff_exponential,rff,exponential,115,201315,0.0,1000,10,data/tasks/test_tgt_rff_exponential_0115.npz
test_tgt_rff_exponential_0116,test,tgt_rff_exponential,rff,exponential,116,201316,0.25,1000,10,data/tasks/test_tgt_rff_exponential_0116.npz
test_tgt_rff_exponential_0117,test,tgt_rff_exponential,rff,exponential,117,201317,0.5,1000,10,data/tasks/test_tgt_rff_exponential_0117.npz
test_tgt_rff_exponential_0118,test,tgt_rff_exponential,rff,exponential,118,201318,0.75,1000,10,data/tasks/test_tgt_rff_exponential_0118.npz
test_tgt_rff_exponential_0119,test,tgt_rff_exponential,rff,exponential,119,201319,1.0,1000,10,data/tasks/test_tgt_rff_exponential_0119.npz
test_tgt_rff_exponential_0120,test,tgt_rff_exponential,rff,exponential,120,201320,0.0,1000,10,data/tasks/test_tgt_rff_exponential_0120.npz
test_tgt_rff_exponential_0121,test,tgt_rff_exponential,rff,exponential,121,201321,0.25,1000,10,data/tasks/test_tgt_rff_exponential_0121.npz
test_tgt_rff_exponential_0122,test,tgt_rff_exponential,rff,exponential,122,201322,0.5,1000,10,data/tasks/test_tgt_rff_exponential_0122.npz
test_tgt_rff_exponential_0123,test,tgt_rff_exponential,rff,exponential,123,201323,0.75,1000,10,data/tasks/test_tgt_rff_exponential_0123.npz
test_tgt_rff_exponential_0124,test,tgt_rff_exponential,rff,exponential,124,201324,1.0,1000,10,data/tasks/test_tgt_rff_exponential_0124.npz
test_tgt_rff_exponential_0125,test,tgt_rff_exponential,rff,exponential,125,201325,0.0,1000,10,data/tasks/test_tgt_rff_exponential_0125.npz
test_tgt_rff_exponential_0126,test,tgt_rff_exponential,rff,exponential,126,201326,0.25,1000,10,data/tasks/test_tgt_rff_exponential_0126.npz
test_tgt_rff_exponential_0127,test,tgt_rff_exponential,rff,exponential,127,201327,0.5,1000,10,data/tasks/test_tgt_rff_exponential_0127.npz
test_tgt_rff_exponential_0128,test,tgt_rff_exponential,rff,exponential,128,201328,0.75,1000,10,data/tasks/test_tgt_rff_exponential_0128.npz
test_tgt_rff_exponential_0129,test,tgt_rff_exponential,rff,exponential,129,201329,1.0,1000,10,data/tasks/test_tgt_rff_exponential_0129.npz
test_tgt_rff_exponential_0130,test,tgt_rff_exponential,rff,exponential,130,201330,0.0,1000,10,data/tasks/test_tgt_rff_exponential_0130.npz
test_tgt_rff_exponential_0131,test,tgt_rff_exponential,rff,exponential,131,201331,0.25,1000,10,data/tasks/test_tgt_rff_exponential_0131.npz
test_tgt_rff_exponential_0132,test,tgt_rff_exponential,rff,exponential,132,201332,0.5,1000,10,data/tasks/test_tgt_rff_exponential_0132.npz
test_tgt_rff_exponential_0133,test,tgt_rff_exponential,rff,exponential,133,201333,0.75,1000,10,data/tasks/test_tgt_rff_exponential_0133.npz
test_tgt_rff_exponential_0134,test,tgt_rff_exponential,rff,exponential,134,201334,1.0,1000,10,data/tasks/test_tgt_rff_exponential_0134.npz
test_tgt_rff_exponential_0135,test,tgt_rff_exponential,rff,exponential,135,201335,0.0,1000,10,data/tasks/test_tgt_rff_exponential_0135.npz
test_tgt_rff_exponential_0136,test,tgt_rff_exponential,rff,exponential,136,201336,0.25,1000,10,data/tasks/test_tgt_rff_exponential_0136.npz
test_tgt_rff_exponential_0137,test,tgt_rff_exponential,rff,exponential,137,201337,0.5,1000,10,data/tasks/test_tgt_rff_exponential_0137.npz
test_tgt_rff_exponential_0138,test,tgt_rff_exponential,rff,exponential,138,201338,0.75,1000,10,data/tasks/test_tgt_rff_exponential_0138.npz
test_tgt_rff_exponential_0139,test,tgt_rff_exponential,rff,exponential,139,201339,1.0,1000,10,data/tasks/test_tgt_rff_exponential_0139.npz
test_tgt_rff_exponential_0140,test,tgt_rff_exponential,rff,exponential,140,201340,0.0,1000,10,data/tasks/test_tgt_rff_exponential_0140.npz
test_tgt_rff_exponential_0141,test,tgt_rff_exponential,rff,exponential,141,201341,0.25,1000,10,data/tasks/test_tgt_rff_exponential_0141.npz
test_tgt_rff_exponential_0142,test,tgt_rff_exponential,rff,exponential,142,201342,0.5,1000,10,data/tasks/test_tgt_rff_exponential_0142.npz
test_tgt_rff_exponential_0143,test,tgt_rff_exponential,rff,exponential,143,201343,0.75,1000,10,data/tasks/test_tgt_rff_exponential_0143.npz
test_tgt_rff_exponential_0144,test,tgt_rff_exponential,rff,exponential,144,201344,1.0,1000,10,data/tasks/test_tgt_rff_exponential_0144.npz
test_tgt_rff_exponential_0145,test,tgt_rff_exponential,rff,exponential,145,201345,0.0,1000,10,data/tasks/test_tgt_rff_exponential_0145.npz
test_tgt_rff_exponential_0146,test,tgt_rff_exponential,rff,exponential,146,201346,0.25,1000,10,data/tasks/test_tgt_rff_exponential_0146.npz
test_tgt_rff_exponential_0147,test,tgt_rff_exponential,rff,exponential,147,201347,0.5,1000,10,data/tasks/test_tgt_rff_exponential_0147.npz
test_tgt_rff_exponential_0148,test,tgt_rff_exponential,rff,exponential,148,201348,0.75,1000,10,data/tasks/test_tgt_rff_exponential_0148.npz
test_tgt_rff_exponential_0149,test,tgt_rff_exponential,rff,exponential,149,201349,1.0,1000,10,data/tasks/test_tgt_rff_exponential_0149.npz
test_tgt_rff_exponential_0150,test,tgt_rff_exponential,rff,exponential,150,201350,0.0,1000,10,data/tasks/test_tgt_rff_exponential_0150.npz
test_tgt_rff_exponential_0151,test,tgt_rff_exponential,rff,exponential,151,201351,0.25,1000,10,data/tasks/test_tgt_rff_exponential_0151.npz
test_tgt_rff_exponential_0152,test,tgt_rff_exponential,rff,exponential,152,201352,0.5,1000,10,data/tasks/test_tgt_rff_exponential_0152.npz
test_tgt_rff_exponential_0153,test,tgt_rff_exponential,rff,exponential,153,201353,0.75,1000,10,data/tasks/test_tgt_rff_exponential_0153.npz
test_tgt_rff_exponential_0154,test,tgt_rff_exponential,rff,exponential,154,201354,1.0,1000,10,data/tasks/test_tgt_rff_exponential_0154.npz
test_tgt_rff_exponential_0155,test,tgt_rff_exponential,rff,exponential,155,201355,0.0,1000,10,data/tasks/test_tgt_rff_exponential_0155.npz
test_tgt_rff_exponential_0156,test,tgt_rff_exponential,rff,exponential,156,201356,0.25,1000,10,data/tasks/test_tgt_rff_exponential_0156.npz
test_tgt_rff_exponential_0157,test,tgt_rff_exponential,rff,exponential,157,201357,0.5,1000,10,data/tasks/test_tgt_rff_exponential_0157.npz
test_tgt_rff_exponential_0158,test,tgt_rff_exponential,rff,exponential,158,201358,0.75,1000,10,data/tasks/test_tgt_rff_exponential_0158.npz
test_tgt_rff_exponential_0159,test,tgt_rff_exponential,rff,exponential,159,201359,1.0,1000,10,data/tasks/test_tgt_rff_exponential_0159.npz
test_tgt_rff_exponential_0160,test,tgt_rff_exponential,rff,exponential,160,201360,0.0,1000,10,data/tasks/test_tgt_rff_exponential_0160.npz
test_tgt_rff_exponential_0161,test,tgt_rff_exponential,rff,exponential,161,201361,0.25,1000,10,data/tasks/test_tgt_rff_exponential_0161.npz
test_tgt_rff_exponential_0162,test,tgt_rff_exponential,rff,exponential,162,201362,0.5,1000,10,data/tasks/test_tgt_rff_exponential_0162.npz
test_tgt_rff_exponential_0163,test,tgt_rff_exponential,rff,exponential,163,201363,0.75,1000,10,data/tasks/test_tgt_rff_exponential_0163.npz
test_tgt_rff_exponential_0164,test,tgt_rff_exponential,rff,exponential,164,201364,1.0,1000,10,data/tasks/test_tgt_rff_exponential_0164.npz
test_tgt_rff_exponential_0165,test,tgt_rff_exponential,rff,exponential,165,201365,0.0,1000,10,data/tasks/test_tgt_rff_exponential_0165.npz
test_tgt_rff_exponential_0166,test,tgt_rff_exponential,rff,exponential,166,201366,0.25,1000,10,data/tasks/test_tgt_rff_exponential_0166.npz
test_tgt_rff_exponential_0167,test,tgt_rff_exponential,rff,exponential,167,201367,0.5,1000,10,data/tasks/test_tgt_rff_exponential_0167.npz
test_tgt_rff_exponential_0168,test,tgt_rff_exponential,rff,exponential,168,201368,0.75,1000,10,data/tasks/test_tgt_rff_exponential_0168.npz
test_tgt_rff_exponential_0169,test,tgt_rff_exponential,rff,exponential,169,201369,1.0,1000,10,data/tasks/test_tgt_rff_exponential_0169.npz
test_tgt_rff_exponential_0170,test,tgt_rff_exponential,rff,exponential,170,201370,0.0,1000,10,data/tasks/test_tgt_rff_exponential_0170.npz
test_tgt_rff_exponential_0171,test,tgt_rff_exponential,rff,exponential,171,201371,0.25,1000,10,data/tasks/test_tgt_rff_exponential_0171.npz
test_tgt_rff_exponential_0172,test,tgt_rff_exponential,rff,exponential,172,201372,0.5,1000,10,data/tasks/test_tgt_rff_exponential_0172.npz
test_tgt_rff_exponential_0173,test,tgt_rff_exponential,rff,exponential,173,201373,0.75,1000,10,data/tasks/test_tgt_rff_exponential_0173.npz
test_tgt_rff_exponential_0174,test,tgt_rff_exponential,rff,exponential,174,201374,1.0,1000,10,data/tasks/test_tgt_rff_exponential_0174.npz
test_tgt_rff_exponential_0175,test,tgt_rff_exponential,rff,exponential,175,201375,0.0,1000,10,data/tasks/test_tgt_rff_exponential_0175.npz
test_tgt_rff_exponential_0176,test,tgt_rff_exponential,rff,exponential,176,201376,0.25,1000,10,data/tasks/test_tgt_rff_exponential_0176.npz
test_tgt_rff_exponential_0177,test,tgt_rff_exponential,rff,exponential,177,201377,0.5,1000,10,data/tasks/test_tgt_rff_exponential_0177.npz
test_tgt_rff_exponential_0178,test,tgt_rff_exponential,rff,exponential,178,201378,0.75,1000,10,data/tasks/test_tgt_rff_exponential_0178.npz
test_tgt_rff_exponential_0179,test,tgt_rff_exponential,rff,exponential,179,201379,1.0,1000,10,data/tasks/test_tgt_rff_exponential_0179.npz
test_tgt_rff_exponential_0180,test,tgt_rff_exponential,rff,exponential,180,201380,0.0,1000,10,data/tasks/test_tgt_rff_exponential_0180.npz
test_tgt_rff_exponential_0181,test,tgt_rff_exponential,rff,exponential,181,201381,0.25,1000,10,data/tasks/test_tgt_rff_exponential_0181.npz
test_tgt_rff_exponential_0182,test,tgt_rff_exponential,rff,exponential,182,201382,0.5,1000,10,data/tasks/test_tgt_rff_exponential_0182.npz
test_tgt_rff_exponential_0183,test,tgt_rff_exponential,rff,exponential,183,201383,0.75,1000,10,data/tasks/test_tgt_rff_exponential_0183.npz
test_tgt_rff_exponential_0184,test,tgt_rff_exponential,rff,exponential,184,201384,1.0,1000,10,data/tasks/test_tgt_rff_exponential_0184.npz
test_tgt_rff_exponential_0185,test,tgt_rff_exponential,rff,exponential,185,201385,0.0,1000,10,data/tasks/test_tgt_rff_exponential_0185.npz
test_tgt_rff_exponential_0186,test,tgt_rff_exponential,rff,exponential,186,201386,0.25,1000,10,data/tasks/test_tgt_rff_exponential_0186.npz
test_tgt_rff_exponential_0187,test,tgt_rff_exponential,rff,exponential,187,201387,0.5,1000,10,data/tasks/test_tgt_rff_exponential_0187.npz
test_tgt_rff_exponential_0188,test,tgt_rff_exponential,rff,exponential,188,201388,0.75,1000,10,data/tasks/test_tgt_rff_exponential_0188.npz
test_tgt_rff_exponential_0189,test,tgt_rff_exponential,rff,exponential,189,201389,1.0,1000,10,data/tasks/test_tgt_rff_exponential_0189.npz
test_tgt_rff_exponential_0190,test,tgt_rff_exponential,rff,exponential,190,201390,0.0,1000,10,data/tasks/test_tgt_rff_exponential_0190.npz
test_tgt_rff_exponential_0191,test,tgt_rff_exponential,rff,exponential,191,201391,0.25,1000,10,data/tasks/test_tgt_rff_exponential_0191.npz
test_tgt_rff_exponential_0192,test,tgt_rff_exponential,rff,exponential,192,201392,0.5,1000,10,data/tasks/test_tgt_rff_exponential_0192.npz
test_tgt_rff_exponential_0193,test,tgt_rff_exponential,rff,exponential,193,201393,0.75,1000,10,data/tasks/test_tgt_rff_exponential_0193.npz
test_tgt_rff_exponential_0194,test,tgt_rff_exponential,rff,exponential,194,201394,1.0,1000,10,data/tasks/test_tgt_rff_exponential_0194.npz
test_tgt_rff_exponential_0195,test,tgt_rff_exponential,rff,exponential,195,201395,0.0,1000,10,data/tasks/test_tgt_rff_exponential_0195.npz
test_tgt_rff_exponential_0196,test,tgt_rff_exponential,rff,exponential,196,201396,0.25,1000,10,data/tasks/test_tgt_rff_exponential_0196.npz
test_tgt_rff_exponential_0197,test,tgt_rff_exponential,rff,exponential,197,201397,0.5,1000,10,data/tasks/test_tgt_rff_exponential_0197.npz
test_tgt_rff_exponential_0198,test,tgt_rff_exponential,rff,exponential,198,201398,0.75,1000,10,data/tasks/test_tgt_rff_exponential_0198.npz
test_tgt_rff_exponential_0199,test,tgt_rff_exponential,rff,exponential,199,201399,1.0,1000,10,data/tasks/test_tgt_rff_exponential_0199.npz
test_tgt_rff_exponential_0200,test,tgt_rff_exponential,rff,exponential,200,201400,0.0,1000,10,data/tasks/test_tgt_rff_exponential_0200.npz
test_tgt_rff_exponential_0201,test,tgt_rff_exponential,rff,exponential,201,201401,0.25,1000,10,data/tasks/test_tgt_rff_exponential_0201.npz
test_tgt_rff_exponential_0202,test,tgt_rff_exponential,rff,exponential,202,201402,0.5,1000,10,data/tasks/test_tgt_rff_exponential_0202.npz
test_tgt_rff_exponential_0203,test,tgt_rff_exponential,rff,exponential,203,201403,0.75,1000,10,data/tasks/test_tgt_rff_exponential_0203.npz
test_tgt_rff_exponential_0204,test,tgt_rff_exponential,rff,exponential,204,201404,1.0,1000,10,data/tasks/test_tgt_rff_exponential_0204.npz
test_tgt_rff_exponential_0205,test,tgt_rff_exponential,rff,exponential,205,201405,0.0,1000,10,data/tasks/test_tgt_rff_exponential_0205.npz
test_tgt_rff_exponential_0206,test,tgt_rff_exponential,rff,exponential,206,201406,0.25,1000,10,data/tasks/test_tgt_rff_exponential_0206.npz
test_tgt_rff_exponential_0207,test,tgt_rff_exponential,rff,exponential,207,201407,0.5,1000,10,data/tasks/test_tgt_rff_exponential_0207.npz
test_tgt_rff_exponential_0208,test,tgt_rff_exponential,rff,exponential,208,201408,0.75,1000,10,data/tasks/test_tgt_rff_exponential_0208.npz
test_tgt_rff_exponential_0209,test,tgt_rff_exponential,rff,exponential,209,201409,1.0,1000,10,data/tasks/test_tgt_rff_exponential_0209.npz
test_tgt_rff_exponential_0210,test,tgt_rff_exponential,rff,exponential,210,201410,0.0,1000,10,data/tasks/test_tgt_rff_exponential_0210.npz
test_tgt_rff_exponential_0211,test,tgt_rff_exponential,rff,exponential,211,201411,0.25,1000,10,data/tasks/test_tgt_rff_exponential_0211.npz
test_tgt_rff_exponential_0212,test,tgt_rff_exponential,rff,exponential,212,201412,0.5,1000,10,data/tasks/test_tgt_rff_exponential_0212.npz
test_tgt_rff_exponential_0213,test,tgt_rff_exponential,rff,exponential,213,201413,0.75,1000,10,data/tasks/test_tgt_rff_exponential_0213.npz
test_tgt_rff_exponential_0214,test,tgt_rff_exponential,rff,exponential,214,201414,1.0,1000,10,data/tasks/test_tgt_rff_exponential_0214.npz
test_tgt_rff_exponential_0215,test,tgt_rff_exponential,rff,exponential,215,201415,0.0,1000,10,data/tasks/test_tgt_rff_exponential_0215.npz
test_tgt_rff_exponential_0216,test,tgt_rff_exponential,rff,exponential,216,201416,0.25,1000,10,data/tasks/test_tgt_rff_exponential_0216.npz
test_tgt_rff_exponential_0217,test,tgt_rff_exponential,rff,exponential,217,201417,0.5,1000,10,data/tasks/test_tgt_rff_exponential_0217.npz
test_tgt_rff_exponential_0218,test,tgt_rff_exponential,rff,exponential,218,201418,0.75,1000,10,data/tasks/test_tgt_rff_exponential_0218.npz
test_tgt_rff_exponential_0219,test,tgt_rff_exponential,rff,exponential,219,201419,1.0,1000,10,data/tasks/test_tgt_rff_exponential_0219.npz
test_tgt_rff_exponential_0220,test,tgt_rff_exponential,rff,exponential,220,201420,0.0,1000,10,data/tasks/test_tgt_rff_exponential_0220.npz
test_tgt_rff_exponential_0221,test,tgt_rff_exponential,rff,exponential,221,201421,0.25,1000,10,data/tasks/test_tgt_rff_exponential_0221.npz
test_tgt_rff_exponential_0222,test,tgt_rff_exponential,rff,exponential,222,201422,0.5,1000,10,data/tasks/test_tgt_rff_exponential_0222.npz
test_tgt_rff_exponential_0223,test,tgt_rff_exponential,rff,exponential,223,201423,0.75,1000,10,data/tasks/test_tgt_rff_exponential_0223.npz
test_tgt_rff_exponential_0224,test,tgt_rff_exponential,rff,exponential,224,201424,1.0,1000,10,data/tasks/test_tgt_rff_exponential_0224.npz
test_tgt_rff_exponential_0225,test,tgt_rff_exponential,rff,exponential,225,201425,0.0,1000,10,data/tasks/test_tgt_rff_exponential_0225.npz
test_tgt_rff_exponential_0226,test,tgt_rff_exponential,rff,exponential,226,201426,0.25,1000,10,data/tasks/test_tgt_rff_exponential_0226.npz
test_tgt_rff_exponential_0227,test,tgt_rff_exponential,rff,exponential,227,201427,0.5,1000,10,data/tasks/test_tgt_rff_exponential_0227.npz
test_tgt_rff_exponential_0228,test,tgt_rff_exponential,rff,exponential,228,201428,0.75,1000,10,data/tasks/test_tgt_rff_exponential_0228.npz
test_tgt_rff_exponential_0229,test,tgt_rff_exponential,rff,exponential,229,201429,1.0,1000,10,data/tasks/test_tgt_rff_exponential_0229.npz
test_tgt_rff_exponential_0230,test,tgt_rff_exponential,rff,exponential,230,201430,0.0,1000,10,data/tasks/test_tgt_rff_exponential_0230.npz
test_tgt_rff_exponential_0231,test,tgt_rff_exponential,rff,exponential,231,201431,0.25,1000,10,data/tasks/test_tgt_rff_exponential_0231.npz
test_tgt_rff_exponential_0232,test,tgt_rff_exponential,rff,exponential,232,201432,0.5,1000,10,data/tasks/test_tgt_rff_exponential_0232.npz
test_tgt_rff_exponential_0233,test,tgt_rff_exponential,rff,exponential,233,201433,0.75,1000,10,data/tasks/test_tgt_rff_exponential_0233.npz
test_tgt_rff_exponential_0234,test,tgt_rff_exponential,rff,exponential,234,201434,1.0,1000,10,data/tasks/test_tgt_rff_exponential_0234.npz
test_tgt_rff_exponential_0235,test,tgt_rff_exponential,rff,exponential,235,201435,0.0,1000,10,data/tasks/test_tgt_rff_exponential_0235.npz
test_tgt_rff_exponential_0236,test,tgt_rff_exponential,rff,exponential,236,201436,0.25,1000,10,data/tasks/test_tgt_rff_exponential_0236.npz
test_tgt_rff_exponential_0237,test,tgt_rff_exponential,rff,exponential,237,201437,0.5,1000,10,data/tasks/test_tgt_rff_exponential_0237.npz
test_tgt_rff_exponential_0238,test,tgt_rff_exponential,rff,exponential,238,201438,0.75,1000,10,data/tasks/test_tgt_rff_exponential_0238.npz
test_tgt_rff_exponential_0239,test,tgt_rff_exponential,rff,exponential,239,201439,1.0,1000,10,data/tasks/test_tgt_rff_exponential_0239.npz
test_tgt_rff_exponential_0240,test,tgt_rff_exponential,rff,exponential,240,201440,0.0,1000,10,data/tasks/test_tgt_rff_exponential_0240.npz
test_tgt_rff_exponential_0241,test,tgt_rff_exponential,rff,exponential,241,201441,0.25,1000,10,data/tasks/test_tgt_rff_exponential_0241.npz
test_tgt_rff_exponential_0242,test,tgt_rff_exponential,rff,exponential,242,201442,0.5,1000,10,data/tasks/test_tgt_rff_exponential_0242.npz
test_tgt_rff_exponential_0243,test,tgt_rff_exponential,rff,exponential,243,201443,0.75,1000,10,data/tasks/test_tgt_rff_exponential_0243.npz
test_tgt_rff_exponential_0244,test,tgt_rff_exponential,rff,exponential,244,201444,1.0,1000,10,data/tasks/test_tgt_rff_exponential_0244.npz
test_tgt_rff_exponential_0245,test,tgt_rff_exponential,rff,exponential,245,201445,0.0,1000,10,data/tasks/test_tgt_rff_exponential_0245.npz
test_tgt_rff_exponential_0246,test,tgt_rff_exponential,rff,exponential,246,201446,0.25,1000,10,data/tasks/test_tgt_rff_exponential_0246.npz
test_tgt_rff_exponential_0247,test,tgt_rff_exponential,rff,exponential,247,201447,0.5,1000,10,data/tasks/test_tgt_rff_exponential_0247.npz
test_tgt_rff_exponential_0248,test,tgt_rff_exponential,rff,exponential,248,201448,0.75,1000,10,data/tasks/test_tgt_rff_exponential_0248.npz
test_tgt_rff_exponential_0249,test,tgt_rff_exponential,rff,exponential,249,201449,1.0,1000,10,data/tasks/test_tgt_rff_exponential_0249.npz
test_tgt_rff_exponential_0250,test,tgt_rff_exponential,rff,exponential,250,201450,0.0,1000,10,data/tasks/test_tgt_rff_exponential_0250.npz
test_tgt_rff_exponential_0251,test,tgt_rff_exponential,rff,exponential,251,201451,0.25,1000,10,data/tasks/test_tgt_rff_exponential_0251.npz
test_tgt_rff_exponential_0252,test,tgt_rff_exponential,rff,exponential,252,201452,0.5,1000,10,data/tasks/test_tgt_rff_exponential_0252.npz
test_tgt_rff_exponential_0253,test,tgt_rff_exponential,rff,exponential,253,201453,0.75,1000,10,data/tasks/test_tgt_rff_exponential_0253.npz
test_tgt_rff_exponential_0254,test,tgt_rff_exponential,rff,exponential,254,201454,1.0,1000,10,data/tasks/test_tgt_rff_exponential_0254.npz
test_tgt_rff_exponential_0255,test,tgt_rff_exponential,rff,exponential,255,201455,0.0,1000,10,data/tasks/test_tgt_rff_exponential_0255.npz
test_tgt_rff_exponential_0256,test,tgt_rff_exponential,rff,exponential,256,201456,0.25,1000,10,data/tasks/test_tgt_rff_exponential_0256.npz
test_tgt_rff_exponential_0257,test,tgt_rff_exponential,rff,exponential,257,201457,0.5,1000,10,data/tasks/test_tgt_rff_exponential_0257.npz
test_tgt_rff_exponential_0258,test,tgt_rff_exponential,rff,exponential,258,201458,0.75,1000,10,data/tasks/test_tgt_rff_exponential_0258.npz
test_tgt_rff_exponential_0259,test,tgt_rff_exponential,rff,exponential,259,201459,1.0,1000,10,data/tasks/test_tgt_rff_exponential_0259.npz
test_tgt_rff_exponential_0260,test,tgt_rff_exponential,rff,exponential,260,201460,0.0,1000,10,data/tasks/test_tgt_rff_exponential_0260.npz
test_tgt_rff_exponential_0261,test,tgt_rff_exponential,rff,exponential,261,201461,0.25,1000,10,data/tasks/test_tgt_rff_exponential_0261.npz
test_tgt_rff_exponential_0262,test,tgt_rff_exponential,rff,exponential,262,201462,0.5,1000,10,data/tasks/test_tgt_rff_exponential_0262.npz
test_tgt_rff_exponential_0263,test,tgt_rff_exponential,rff,exponential,263,201463,0.75,1000,10,data/tasks/test_tgt_rff_exponential_0263.npz
test_tgt_rff_exponential_0264,test,tgt_rff_exponential,rff,exponential,264,201464,1.0,1000,10,data/tasks/test_tgt_rff_exponential_0264.npz
test_tgt_rff_exponential_0265,test,tgt_rff_exponential,rff,exponential,265,201465,0.0,1000,10,data/tasks/test_tgt_rff_exponential_0265.npz
test_tgt_rff_exponential_0266,test,tgt_rff_exponential,rff,exponential,266,201466,0.25,1000,10,data/tasks/test_tgt_rff_exponential_0266.npz
test_tgt_rff_exponential_0267,test,tgt_rff_exponential,rff,exponential,267,201467,0.5,1000,10,data/tasks/test_tgt_rff_exponential_0267.npz
test_tgt_rff_exponential_0268,test,tgt_rff_exponential,rff,exponential,268,201468,0.75,1000,10,data/tasks/test_tgt_rff_exponential_0268.npz
test_tgt_rff_exponential_0269,test,tgt_rff_exponential,rff,exponential,269,201469,1.0,1000,10,data/tasks/test_tgt_rff_exponential_0269.npz
test_tgt_rff_exponential_0270,test,tgt_rff_exponential,rff,exponential,270,201470,0.0,1000,10,data/tasks/test_tgt_rff_exponential_0270.npz
test_tgt_rff_exponential_0271,test,tgt_rff_exponential,rff,exponential,271,201471,0.25,1000,10,data/tasks/test_tgt_rff_exponential_0271.npz
test_tgt_rff_exponential_0272,test,tgt_rff_exponential,rff,exponential,272,201472,0.5,1000,10,data/tasks/test_tgt_rff_exponential_0272.npz
test_tgt_rff_exponential_0273,test,tgt_rff_exponential,rff,exponential,273,201473,0.75,1000,10,data/tasks/test_tgt_rff_exponential_0273.npz
test_tgt_rff_exponential_0274,test,tgt_rff_exponential,rff,exponential,274,201474,1.0,1000,10,data/tasks/test_tgt_rff_exponential_0274.npz
test_tgt_rff_exponential_0275,test,tgt_rff_exponential,rff,exponential,275,201475,0.0,1000,10,data/tasks/test_tgt_rff_exponential_0275.npz
test_tgt_rff_exponential_0276,test,tgt_rff_exponential,rff,exponential,276,201476,0.25,1000,10,data/tasks/test_tgt_rff_exponential_0276.npz
test_tgt_rff_exponential_0277,test,tgt_rff_exponential,rff,exponential,277,201477,0.5,1000,10,data/tasks/test_tgt_rff_exponential_0277.npz
test_tgt_rff_exponential_0278,test,tgt_rff_exponential,rff,exponential,278,201478,0.75,1000,10,data/tasks/test_tgt_rff_exponential_0278.npz
test_tgt_rff_exponential_0279,test,tgt_rff_exponential,rff,exponential,279,201479,1.0,1000,10,data/tasks/test_tgt_rff_exponential_0279.npz
test_tgt_rff_exponential_0280,test,tgt_rff_exponential,rff,exponential,280,201480,0.0,1000,10,data/tasks/test_tgt_rff_exponential_0280.npz
test_tgt_rff_exponential_0281,test,tgt_rff_exponential,rff,exponential,281,201481,0.25,1000,10,data/tasks/test_tgt_rff_exponential_0281.npz
test_tgt_rff_exponential_0282,test,tgt_rff_exponential,rff,exponential,282,201482,0.5,1000,10,data/tasks/test_tgt_rff_exponential_0282.npz
test_tgt_rff_exponential_0283,test,tgt_rff_exponential,rff,exponential,283,201483,0.75,1000,10,data/tasks/test_tgt_rff_exponential_0283.npz
test_tgt_rff_exponential_0284,test,tgt_rff_exponential,rff,exponential,284,201484,1.0,1000,10,data/tasks/test_tgt_rff_exponential_0284.npz
test_tgt_rff_exponential_0285,test,tgt_rff_exponential,rff,exponential,285,201485,0.0,1000,10,data/tasks/test_tgt_rff_exponential_0285.npz
test_tgt_rff_exponential_0286,test,tgt_rff_exponential,rff,exponential,286,201486,0.25,1000,10,data/tasks/test_tgt_rff_exponential_0286.npz
test_tgt_rff_exponential_0287,test,tgt_rff_exponential,rff,exponential,287,201487,0.5,1000,10,data/tasks/test_tgt_rff_exponential_0287.npz
test_tgt_rff_exponential_0288,test,tgt_rff_exponential,rff,exponential,288,201488,0.75,1000,10,data/tasks/test_tgt_rff_exponential_0288.npz
test_tgt_rff_exponential_0289,test,tgt_rff_exponential,rff,exponential,289,201489,1.0,1000,10,data/tasks/test_tgt_rff_exponential_0289.npz
test_tgt_rff_exponential_0290,test,tgt_rff_exponential,rff,exponential,290,201490,0.0,1000,10,data/tasks/test_tgt_rff_exponential_0290.npz
test_tgt_rff_exponential_0291,test,tgt_rff_exponential,rff,exponential,291,201491,0.25,1000,10,data/tasks/test_tgt_rff_exponential_0291.npz
test_tgt_rff_exponential_0292,test,tgt_rff_exponential,rff,exponential,292,201492,0.5,1000,10,data/tasks/test_tgt_rff_exponential_0292.npz
test_tgt_rff_exponential_0293,test,tgt_rff_exponential,rff,exponential,293,201493,0.75,1000,10,data/tasks/test_tgt_rff_exponential_0293.npz
test_tgt_rff_exponential_0294,test,tgt_rff_exponential,rff,exponential,294,201494,1.0,1000,10,data/tasks/test_tgt_rff_exponential_0294.npz
test_tgt_rff_exponential_0295,test,tgt_rff_exponential,rff,exponential,295,201495,0.0,1000,10,data/tasks/test_tgt_rff_exponential_0295.npz
test_tgt_rff_exponential_0296,test,tgt_rff_exponential,rff,exponential,296,201496,0.25,1000,10,data/tasks/test_tgt_rff_exponential_0296.npz
test_tgt_rff_exponential_0297,test,tgt_rff_exponential,rff,exponential,297,201497,0.5,1000,10,data/tasks/test_tgt_rff_exponential_0297.npz
test_tgt_rff_exponential_0298,test,tgt_rff_exponential,rff,exponential,298,201498,0.75,1000,10,data/tasks/test_tgt_rff_exponential_0298.npz
test_tgt_rff_exponential_0299,test,tgt_rff_exponential,rff,exponential,299,201499,1.0,1000,10,data/tasks/test_tgt_rff_exponential_0299.npz
test_tgt_interaction_exponential_0000,test,tgt_interaction_exponential,interaction,exponential,0,201500,0.0,1000,10,data/tasks/test_tgt_interaction_exponential_0000.npz
test_tgt_interaction_exponential_0001,test,tgt_interaction_exponential,interaction,exponential,1,201501,0.25,1000,10,data/tasks/test_tgt_interaction_exponential_0001.npz
test_tgt_interaction_exponential_0002,test,tgt_interaction_exponential,interaction,exponential,2,201502,0.5,1000,10,data/tasks/test_tgt_interaction_exponential_0002.npz
test_tgt_interaction_exponential_0003,test,tgt_interaction_exponential,interaction,exponential,3,201503,0.75,1000,10,data/tasks/test_tgt_interaction_exponential_0003.npz
test_tgt_interaction_exponential_0004,test,tgt_interaction_exponential,interaction,exponential,4,201504,1.0,1000,10,data/tasks/test_tgt_interaction_exponential_0004.npz
test_tgt_interaction_exponential_0005,test,tgt_interaction_exponential,interaction,exponential,5,201505,0.0,1000,10,data/tasks/test_tgt_interaction_exponential_0005.npz
test_tgt_interaction_exponential_0006,test,tgt_interaction_exponential,interaction,exponential,6,201506,0.25,1000,10,data/tasks/test_tgt_interaction_exponential_0006.npz
test_tgt_interaction_exponential_0007,test,tgt_interaction_exponential,interaction,exponential,7,201507,0.5,1000,10,data/tasks/test_tgt_interaction_exponential_0007.npz
test_tgt_interaction_exponential_0008,test,tgt_interaction_exponential,interaction,exponential,8,201508,0.75,1000,10,data/tasks/test_tgt_interaction_exponential_0008.npz
test_tgt_interaction_exponential_0009,test,tgt_interaction_exponential,interaction,exponential,9,201509,1.0,1000,10,data/tasks/test_tgt_interaction_exponential_0009.npz
test_tgt_interaction_exponential_0010,test,tgt_interaction_exponential,interaction,exponential,10,201510,0.0,1000,10,data/tasks/test_tgt_interaction_exponential_0010.npz
test_tgt_interaction_exponential_0011,test,tgt_interaction_exponential,interaction,exponential,11,201511,0.25,1000,10,data/tasks/test_tgt_interaction_exponential_0011.npz
test_tgt_interaction_exponential_0012,test,tgt_interaction_exponential,interaction,exponential,12,201512,0.5,1000,10,data/tasks/test_tgt_interaction_exponential_0012.npz
test_tgt_interaction_exponential_0013,test,tgt_interaction_exponential,interaction,exponential,13,201513,0.75,1000,10,data/tasks/test_tgt_interaction_exponential_0013.npz
test_tgt_interaction_exponential_0014,test,tgt_interaction_exponential,interaction,exponential,14,201514,1.0,1000,10,data/tasks/test_tgt_interaction_exponential_0014.npz
test_tgt_interaction_exponential_0015,test,tgt_interaction_exponential,interaction,exponential,15,201515,0.0,1000,10,data/tasks/test_tgt_interaction_exponential_0015.npz
test_tgt_interaction_exponential_0016,test,tgt_interaction_exponential,interaction,exponential,16,201516,0.25,1000,10,data/tasks/test_tgt_interaction_exponential_0016.npz
test_tgt_interaction_exponential_0017,test,tgt_interaction_exponential,interaction,exponential,17,201517,0.5,1000,10,data/tasks/test_tgt_interaction_exponential_0017.npz
test_tgt_interaction_exponential_0018,test,tgt_interaction_exponential,interaction,exponential,18,201518,0.75,1000,10,data/tasks/test_tgt_interaction_exponential_0018.npz
test_tgt_interaction_exponential_0019,test,tgt_interaction_exponential,interaction,exponential,19,201519,1.0,1000,10,data/tasks/test_tgt_interaction_exponential_0019.npz
test_tgt_interaction_exponential_0020,test,tgt_interaction_exponential,interaction,exponential,20,201520,0.0,1000,10,data/tasks/test_tgt_interaction_exponential_0020.npz
test_tgt_interaction_exponential_0021,test,tgt_interaction_exponential,interaction,exponential,21,201521,0.25,1000,10,data/tasks/test_tgt_interaction_exponential_0021.npz
test_tgt_interaction_exponential_0022,test,tgt_interaction_exponential,interaction,exponential,22,201522,0.5,1000,10,data/tasks/test_tgt_interaction_exponential_0022.npz
test_tgt_interaction_exponential_0023,test,tgt_interaction_exponential,interaction,exponential,23,201523,0.75,1000,10,data/tasks/test_tgt_interaction_exponential_0023.npz
test_tgt_interaction_exponential_0024,test,tgt_interaction_exponential,interaction,exponential,24,201524,1.0,1000,10,data/tasks/test_tgt_interaction_exponential_0024.npz
test_tgt_interaction_exponential_0025,test,tgt_interaction_exponential,interaction,exponential,25,201525,0.0,1000,10,data/tasks/test_tgt_interaction_exponential_0025.npz
test_tgt_interaction_exponential_0026,test,tgt_interaction_exponential,interaction,exponential,26,201526,0.25,1000,10,data/tasks/test_tgt_interaction_exponential_0026.npz
test_tgt_interaction_exponential_0027,test,tgt_interaction_exponential,interaction,exponential,27,201527,0.5,1000,10,data/tasks/test_tgt_interaction_exponential_0027.npz
test_tgt_interaction_exponential_0028,test,tgt_interaction_exponential,interaction,exponential,28,201528,0.75,1000,10,data/tasks/test_tgt_interaction_exponential_0028.npz
test_tgt_interaction_exponential_0029,test,tgt_interaction_exponential,interaction,exponential,29,201529,1.0,1000,10,data/tasks/test_tgt_interaction_exponential_0029.npz
test_tgt_interaction_exponential_0030,test,tgt_interaction_exponential,interaction,exponential,30,201530,0.0,1000,10,data/tasks/test_tgt_interaction_exponential_0030.npz
test_tgt_interaction_exponential_0031,test,tgt_interaction_exponential,interaction,exponential,31,201531,0.25,1000,10,data/tasks/test_tgt_interaction_exponential_0031.npz
test_tgt_interaction_exponential_0032,test,tgt_interaction_exponential,interaction,exponential,32,201532,0.5,1000,10,data/tasks/test_tgt_interaction_exponential_0032.npz
test_tgt_interaction_exponential_0033,test,tgt_interaction_exponential,interaction,exponential,33,201533,0.75,1000,10,data/tasks/test_tgt_interaction_exponential_0033.npz
test_tgt_interaction_exponential_0034,test,tgt_interaction_exponential,interaction,exponential,34,201534,1.0,1000,10,data/tasks/test_tgt_interaction_exponential_0034.npz
test_tgt_interaction_exponential_0035,test,tgt_interaction_exponential,interaction,exponential,35,201535,0.0,1000,10,data/tasks/test_tgt_interaction_exponential_0035.npz
test_tgt_interaction_exponential_0036,test,tgt_interaction_exponential,interaction,exponential,36,201536,0.25,1000,10,data/tasks/test_tgt_interaction_exponential_0036.npz
test_tgt_interaction_exponential_0037,test,tgt_interaction_exponential,interaction,exponential,37,201537,0.5,1000,10,data/tasks/test_tgt_interaction_exponential_0037.npz
test_tgt_interaction_exponential_0038,test,tgt_interaction_exponential,interaction,exponential,38,201538,0.75,1000,10,data/tasks/test_tgt_interaction_exponential_0038.npz
test_tgt_interaction_exponential_0039,test,tgt_interaction_exponential,interaction,exponential,39,201539,1.0,1000,10,data/tasks/test_tgt_interaction_exponential_0039.npz
test_tgt_interaction_exponential_0040,test,tgt_interaction_exponential,interaction,exponential,40,201540,0.0,1000,10,data/tasks/test_tgt_interaction_exponential_0040.npz
test_tgt_interaction_exponential_0041,test,tgt_interaction_exponential,interaction,exponential,41,201541,0.25,1000,10,data/tasks/test_tgt_interaction_exponential_0041.npz
test_tgt_interaction_exponential_0042,test,tgt_interaction_exponential,interaction,exponential,42,201542,0.5,1000,10,data/tasks/test_tgt_interaction_exponential_0042.npz
test_tgt_interaction_exponential_0043,test,tgt_interaction_exponential,interaction,exponential,43,201543,0.75,1000,10,data/tasks/test_tgt_interaction_exponential_0043.npz
test_tgt_interaction_exponential_0044,test,tgt_interaction_exponential,interaction,exponential,44,201544,1.0,1000,10,data/tasks/test_tgt_interaction_exponential_0044.npz
test_tgt_interaction_exponential_0045,test,tgt_interaction_exponential,interaction,exponential,45,201545,0.0,1000,10,data/tasks/test_tgt_interaction_exponential_0045.npz
test_tgt_interaction_exponential_0046,test,tgt_interaction_exponential,interaction,exponential,46,201546,0.25,1000,10,data/tasks/test_tgt_interaction_exponential_0046.npz
test_tgt_interaction_exponential_0047,test,tgt_interaction_exponential,interaction,exponential,47,201547,0.5,1000,10,data/tasks/test_tgt_interaction_exponential_0047.npz
test_tgt_interaction_exponential_0048,test,tgt_interaction_exponential,interaction,exponential,48,201548,0.75,1000,10,data/tasks/test_tgt_interaction_exponential_0048.npz
test_tgt_interaction_exponential_0049,test,tgt_interaction_exponential,interaction,exponential,49,201549,1.0,1000,10,data/tasks/test_tgt_interaction_exponential_0049.npz
test_tgt_interaction_exponential_0050,test,tgt_interaction_exponential,interaction,exponential,50,201550,0.0,1000,10,data/tasks/test_tgt_interaction_exponential_0050.npz
test_tgt_interaction_exponential_0051,test,tgt_interaction_exponential,interaction,exponential,51,201551,0.25,1000,10,data/tasks/test_tgt_interaction_exponential_0051.npz
test_tgt_interaction_exponential_0052,test,tgt_interaction_exponential,interaction,exponential,52,201552,0.5,1000,10,data/tasks/test_tgt_interaction_exponential_0052.npz
test_tgt_interaction_exponential_0053,test,tgt_interaction_exponential,interaction,exponential,53,201553,0.75,1000,10,data/tasks/test_tgt_interaction_exponential_0053.npz
test_tgt_interaction_exponential_0054,test,tgt_interaction_exponential,interaction,exponential,54,201554,1.0,1000,10,data/tasks/test_tgt_interaction_exponential_0054.npz
test_tgt_interaction_exponential_0055,test,tgt_interaction_exponential,interaction,exponential,55,201555,0.0,1000,10,data/tasks/test_tgt_interaction_exponential_0055.npz
test_tgt_interaction_exponential_0056,test,tgt_interaction_exponential,interaction,exponential,56,201556,0.25,1000,10,data/tasks/test_tgt_interaction_exponential_0056.npz
test_tgt_interaction_exponential_0057,test,tgt_interaction_exponential,interaction,exponential,57,201557,0.5,1000,10,data/tasks/test_tgt_interaction_exponential_0057.npz
test_tgt_interaction_exponential_0058,test,tgt_interaction_exponential,interaction,exponential,58,201558,0.75,1000,10,data/tasks/test_tgt_interaction_exponential_0058.npz
test_tgt_interaction_exponential_0059,test,tgt_interaction_exponential,interaction,exponential,59,201559,1.0,1000,10,data/tasks/test_tgt_interaction_exponential_0059.npz
test_tgt_interaction_exponential_0060,test,tgt_interaction_exponential,interaction,exponential,60,201560,0.0,1000,10,data/tasks/test_tgt_interaction_exponential_0060.npz
test_tgt_interaction_exponential_0061,test,tgt_interaction_exponential,interaction,exponential,61,201561,0.25,1000,10,data/tasks/test_tgt_interaction_exponential_0061.npz
test_tgt_interaction_exponential_0062,test,tgt_interaction_exponential,interaction,exponential,62,201562,0.5,1000,10,data/tasks/test_tgt_interaction_exponential_0062.npz
test_tgt_interaction_exponential_0063,test,tgt_interaction_exponential,interaction,exponential,63,201563,0.75,1000,10,data/tasks/test_tgt_interaction_exponential_0063.npz
test_tgt_interaction_exponential_0064,test,tgt_interaction_exponential,interaction,exponential,64,201564,1.0,1000,10,data/tasks/test_tgt_interaction_exponential_0064.npz
test_tgt_interaction_exponential_0065,test,tgt_interaction_exponential,interaction,exponential,65,201565,0.0,1000,10,data/tasks/test_tgt_interaction_exponential_0065.npz
test_tgt_interaction_exponential_0066,test,tgt_interaction_exponential,interaction,exponential,66,201566,0.25,1000,10,data/tasks/test_tgt_interaction_exponential_0066.npz
test_tgt_interaction_exponential_0067,test,tgt_interaction_exponential,interaction,exponential,67,201567,0.5,1000,10,data/tasks/test_tgt_interaction_exponential_0067.npz
test_tgt_interaction_exponential_0068,test,tgt_interaction_exponential,interaction,exponential,68,201568,0.75,1000,10,data/tasks/test_tgt_interaction_exponential_0068.npz
test_tgt_interaction_exponential_0069,test,tgt_interaction_exponential,interaction,exponential,69,201569,1.0,1000,10,data/tasks/test_tgt_interaction_exponential_0069.npz
test_tgt_interaction_exponential_0070,test,tgt_interaction_exponential,interaction,exponential,70,201570,0.0,1000,10,data/tasks/test_tgt_interaction_exponential_0070.npz
test_tgt_interaction_exponential_0071,test,tgt_interaction_exponential,interaction,exponential,71,201571,0.25,1000,10,data/tasks/test_tgt_interaction_exponential_0071.npz
test_tgt_interaction_exponential_0072,test,tgt_interaction_exponential,interaction,exponential,72,201572,0.5,1000,10,data/tasks/test_tgt_interaction_exponential_0072.npz
test_tgt_interaction_exponential_0073,test,tgt_interaction_exponential,interaction,exponential,73,201573,0.75,1000,10,data/tasks/test_tgt_interaction_exponential_0073.npz
test_tgt_interaction_exponential_0074,test,tgt_interaction_exponential,interaction,exponential,74,201574,1.0,1000,10,data/tasks/test_tgt_interaction_exponential_0074.npz
test_tgt_interaction_exponential_0075,test,tgt_interaction_exponential,interaction,exponential,75,201575,0.0,1000,10,data/tasks/test_tgt_interaction_exponential_0075.npz
test_tgt_interaction_exponential_0076,test,tgt_interaction_exponential,interaction,exponential,76,201576,0.25,1000,10,data/tasks/test_tgt_interaction_exponential_0076.npz
test_tgt_interaction_exponential_0077,test,tgt_interaction_exponential,interaction,exponential,77,201577,0.5,1000,10,data/tasks/test_tgt_interaction_exponential_0077.npz
test_tgt_interaction_exponential_0078,test,tgt_interaction_exponential,interaction,exponential,78,201578,0.75,1000,10,data/tasks/test_tgt_interaction_exponential_0078.npz
test_tgt_interaction_exponential_0079,test,tgt_interaction_exponential,interaction,exponential,79,201579,1.0,1000,10,data/tasks/test_tgt_interaction_exponential_0079.npz
test_tgt_interaction_exponential_0080,test,tgt_interaction_exponential,interaction,exponential,80,201580,0.0,1000,10,data/tasks/test_tgt_interaction_exponential_0080.npz
test_tgt_interaction_exponential_0081,test,tgt_interaction_exponential,interaction,exponential,81,201581,0.25,1000,10,data/tasks/test_tgt_interaction_exponential_0081.npz
test_tgt_interaction_exponential_0082,test,tgt_interaction_exponential,interaction,exponential,82,201582,0.5,1000,10,data/tasks/test_tgt_interaction_exponential_0082.npz
test_tgt_interaction_exponential_0083,test,tgt_interaction_exponential,interaction,exponential,83,201583,0.75,1000,10,data/tasks/test_tgt_interaction_exponential_0083.npz
test_tgt_interaction_exponential_0084,test,tgt_interaction_exponential,interaction,exponential,84,201584,1.0,1000,10,data/tasks/test_tgt_interaction_exponential_0084.npz
test_tgt_interaction_exponential_0085,test,tgt_interaction_exponential,interaction,exponential,85,201585,0.0,1000,10,data/tasks/test_tgt_interaction_exponential_0085.npz
test_tgt_interaction_exponential_0086,test,tgt_interaction_exponential,interaction,exponential,86,201586,0.25,1000,10,data/tasks/test_tgt_interaction_exponential_0086.npz
test_tgt_interaction_exponential_0087,test,tgt_interaction_exponential,interaction,exponential,87,201587,0.5,1000,10,data/tasks/test_tgt_interaction_exponential_0087.npz
test_tgt_interaction_exponential_0088,test,tgt_interaction_exponential,interaction,exponential,88,201588,0.75,1000,10,data/tasks/test_tgt_interaction_exponential_0088.npz
test_tgt_interaction_exponential_0089,test,tgt_interaction_exponential,interaction,exponential,89,201589,1.0,1000,10,data/tasks/test_tgt_interaction_exponential_0089.npz
test_tgt_interaction_exponential_0090,test,tgt_interaction_exponential,interaction,exponential,90,201590,0.0,1000,10,data/tasks/test_tgt_interaction_exponential_0090.npz
test_tgt_interaction_exponential_0091,test,tgt_interaction_exponential,interaction,exponential,91,201591,0.25,1000,10,data/tasks/test_tgt_interaction_exponential_0091.npz
test_tgt_interaction_exponential_0092,test,tgt_interaction_exponential,interaction,exponential,92,201592,0.5,1000,10,data/tasks/test_tgt_interaction_exponential_0092.npz
test_tgt_interaction_exponential_0093,test,tgt_interaction_exponential,interaction,exponential,93,201593,0.75,1000,10,data/tasks/test_tgt_interaction_exponential_0093.npz
test_tgt_interaction_exponential_0094,test,tgt_interaction_exponential,interaction,exponential,94,201594,1.0,1000,10,data/tasks/test_tgt_interaction_exponential_0094.npz
test_tgt_interaction_exponential_0095,test,tgt_interaction_exponential,interaction,exponential,95,201595,0.0,1000,10,data/tasks/test_tgt_interaction_exponential_0095.npz
test_tgt_interaction_exponential_0096,test,tgt_interaction_exponential,interaction,exponential,96,201596,0.25,1000,10,data/tasks/test_tgt_interaction_exponential_0096.npz
test_tgt_interaction_exponential_0097,test,tgt_interaction_exponential,interaction,exponential,97,201597,0.5,1000,10,data/tasks/test_tgt_interaction_exponential_0097.npz
test_tgt_interaction_exponential_0098,test,tgt_interaction_exponential,interaction,exponential,98,201598,0.75,1000,10,data/tasks/test_tgt_interaction_exponential_0098.npz
test_tgt_interaction_exponential_0099,test,tgt_interaction_exponential,interaction,exponential,99,201599,1.0,1000,10,data/tasks/test_tgt_interaction_exponential_0099.npz
test_tgt_interaction_exponential_0100,test,tgt_interaction_exponential,interaction,exponential,100,201600,0.0,1000,10,data/tasks/test_tgt_interaction_exponential_0100.npz
test_tgt_interaction_exponential_0101,test,tgt_interaction_exponential,interaction,exponential,101,201601,0.25,1000,10,data/tasks/test_tgt_interaction_exponential_0101.npz
test_tgt_interaction_exponential_0102,test,tgt_interaction_exponential,interaction,exponential,102,201602,0.5,1000,10,data/tasks/test_tgt_interaction_exponential_0102.npz
test_tgt_interaction_exponential_0103,test,tgt_interaction_exponential,interaction,exponential,103,201603,0.75,1000,10,data/tasks/test_tgt_interaction_exponential_0103.npz
test_tgt_interaction_exponential_0104,test,tgt_interaction_exponential,interaction,exponential,104,201604,1.0,1000,10,data/tasks/test_tgt_interaction_exponential_0104.npz
test_tgt_interaction_exponential_0105,test,tgt_interaction_exponential,interaction,exponential,105,201605,0.0,1000,10,data/tasks/test_tgt_interaction_exponential_0105.npz
test_tgt_interaction_exponential_0106,test,tgt_interaction_exponential,interaction,exponential,106,201606,0.25,1000,10,data/tasks/test_tgt_interaction_exponential_0106.npz
test_tgt_interaction_exponential_0107,test,tgt_interaction_exponential,interaction,exponential,107,201607,0.5,1000,10,data/tasks/test_tgt_interaction_exponential_0107.npz
test_tgt_interaction_exponential_0108,test,tgt_interaction_exponential,interaction,exponential,108,201608,0.75,1000,10,data/tasks/test_tgt_interaction_exponential_0108.npz
test_tgt_interaction_exponential_0109,test,tgt_interaction_exponential,interaction,exponential,109,201609,1.0,1000,10,data/tasks/test_tgt_interaction_exponential_0109.npz
test_tgt_interaction_exponential_0110,test,tgt_interaction_exponential,interaction,exponential,110,201610,0.0,1000,10,data/tasks/test_tgt_interaction_exponential_0110.npz
test_tgt_interaction_exponential_0111,test,tgt_interaction_exponential,interaction,exponential,111,201611,0.25,1000,10,data/tasks/test_tgt_interaction_exponential_0111.npz
test_tgt_interaction_exponential_0112,test,tgt_interaction_exponential,interaction,exponential,112,201612,0.5,1000,10,data/tasks/test_tgt_interaction_exponential_0112.npz
test_tgt_interaction_exponential_0113,test,tgt_interaction_exponential,interaction,exponential,113,201613,0.75,1000,10,data/tasks/test_tgt_interaction_exponential_0113.npz
test_tgt_interaction_exponential_0114,test,tgt_interaction_exponential,interaction,exponential,114,201614,1.0,1000,10,data/tasks/test_tgt_interaction_exponential_0114.npz
test_tgt_interaction_exponential_0115,test,tgt_interaction_exponential,interaction,exponential,115,201615,0.0,1000,10,data/tasks/test_tgt_interaction_exponential_0115.npz
test_tgt_interaction_exponential_0116,test,tgt_interaction_exponential,interaction,exponential,116,201616,0.25,1000,10,data/tasks/test_tgt_interaction_exponential_0116.npz
test_tgt_interaction_exponential_0117,test,tgt_interaction_exponential,interaction,exponential,117,201617,0.5,1000,10,data/tasks/test_tgt_interaction_exponential_0117.npz
test_tgt_interaction_exponential_0118,test,tgt_interaction_exponential,interaction,exponential,118,201618,0.75,1000,10,data/tasks/test_tgt_interaction_exponential_0118.npz
test_tgt_interaction_exponential_0119,test,tgt_interaction_exponential,interaction,exponential,119,201619,1.0,1000,10,data/tasks/test_tgt_interaction_exponential_0119.npz
test_tgt_interaction_exponential_0120,test,tgt_interaction_exponential,interaction,exponential,120,201620,0.0,1000,10,data/tasks/test_tgt_interaction_exponential_0120.npz
test_tgt_interaction_exponential_0121,test,tgt_interaction_exponential,interaction,exponential,121,201621,0.25,1000,10,data/tasks/test_tgt_interaction_exponential_0121.npz
test_tgt_interaction_exponential_0122,test,tgt_interaction_exponential,interaction,exponential,122,201622,0.5,1000,10,data/tasks/test_tgt_interaction_exponential_0122.npz
test_tgt_interaction_exponential_0123,test,tgt_interaction_exponential,interaction,exponential,123,201623,0.75,1000,10,data/tasks/test_tgt_interaction_exponential_0123.npz
test_tgt_interaction_exponential_0124,test,tgt_interaction_exponential,interaction,exponential,124,201624,1.0,1000,10,data/tasks/test_tgt_interaction_exponential_0124.npz
test_tgt_interaction_exponential_0125,test,tgt_interaction_exponential,interaction,exponential,125,201625,0.0,1000,10,data/tasks/test_tgt_interaction_exponential_0125.npz
test_tgt_interaction_exponential_0126,test,tgt_interaction_exponential,interaction,exponential,126,201626,0.25,1000,10,data/tasks/test_tgt_interaction_exponential_0126.npz
test_tgt_interaction_exponential_0127,test,tgt_interaction_exponential,interaction,exponential,127,201627,0.5,1000,10,data/tasks/test_tgt_interaction_exponential_0127.npz
test_tgt_interaction_exponential_0128,test,tgt_interaction_exponential,interaction,exponential,128,201628,0.75,1000,10,data/tasks/test_tgt_interaction_exponential_0128.npz
test_tgt_interaction_exponential_0129,test,tgt_interaction_exponential,interaction,exponential,129,201629,1.0,1000,10,data/tasks/test_tgt_interaction_exponential_0129.npz
test_tgt_interaction_exponential_0130,test,tgt_interaction_exponential,interaction,exponential,130,201630,0.0,1000,10,data/tasks/test_tgt_interaction_exponential_0130.npz
test_tgt_interaction_exponential_0131,test,tgt_interaction_exponential,interaction,exponential,131,201631,0.25,1000,10,data/tasks/test_tgt_interaction_exponential_0131.npz
test_tgt_interaction_exponential_0132,test,tgt_interaction_exponential,interaction,exponential,132,201632,0.5,1000,10,data/tasks/test_tgt_interaction_exponential_0132.npz
test_tgt_interaction_exponential_0133,test,tgt_interaction_exponential,interaction,exponential,133,201633,0.75,1000,10,data/tasks/test_tgt_interaction_exponential_0133.npz
test_tgt_interaction_exponential_0134,test,tgt_interaction_exponential,interaction,exponential,134,201634,1.0,1000,10,data/tasks/test_tgt_interaction_exponential_0134.npz
test_tgt_interaction_exponential_0135,test,tgt_interaction_exponential,interaction,exponential,135,201635,0.0,1000,10,data/tasks/test_tgt_interaction_exponential_0135.npz
test_tgt_interaction_exponential_0136,test,tgt_interaction_exponential,interaction,exponential,136,201636,0.25,1000,10,data/tasks/test_tgt_interaction_exponential_0136.npz
test_tgt_interaction_exponential_0137,test,tgt_interaction_exponential,interaction,exponential,137,201637,0.5,1000,10,data/tasks/test_tgt_interaction_exponential_0137.npz
test_tgt_interaction_exponential_0138,test,tgt_interaction_exponential,interaction,exponential,138,201638,0.75,1000,10,data/tasks/test_tgt_interaction_exponential_0138.npz
test_tgt_interaction_exponential_0139,test,tgt_interaction_exponential,interaction,exponential,139,201639,1.0,1000,10,data/tasks/test_tgt_interaction_exponential_0139.npz
test_tgt_interaction_exponential_0140,test,tgt_interaction_exponential,interaction,exponential,140,201640,0.0,1000,10,data/tasks/test_tgt_interaction_exponential_0140.npz
test_tgt_interaction_exponential_0141,test,tgt_interaction_exponential,interaction,exponential,141,201641,0.25,1000,10,data/tasks/test_tgt_interaction_exponential_0141.npz
test_tgt_interaction_exponential_0142,test,tgt_interaction_exponential,interaction,exponential,142,201642,0.5,1000,10,data/tasks/test_tgt_interaction_exponential_0142.npz
test_tgt_interaction_exponential_0143,test,tgt_interaction_exponential,interaction,exponential,143,201643,0.75,1000,10,data/tasks/test_tgt_interaction_exponential_0143.npz
test_tgt_interaction_exponential_0144,test,tgt_interaction_exponential,interaction,exponential,144,201644,1.0,1000,10,data/tasks/test_tgt_interaction_exponential_0144.npz
test_tgt_interaction_exponential_0145,test,tgt_interaction_exponential,interaction,exponential,145,201645,0.0,1000,10,data/tasks/test_tgt_interaction_exponential_0145.npz
test_tgt_interaction_exponential_0146,test,tgt_interaction_exponential,interaction,exponential,146,201646,0.25,1000,10,data/tasks/test_tgt_interaction_exponential_0146.npz
test_tgt_interaction_exponential_0147,test,tgt_interaction_exponential,interaction,exponential,147,201647,0.5,1000,10,data/tasks/test_tgt_interaction_exponential_0147.npz
test_tgt_interaction_exponential_0148,test,tgt_interaction_exponential,interaction,exponential,148,201648,0.75,1000,10,data/tasks/test_tgt_interaction_exponential_0148.npz
test_tgt_interaction_exponential_0149,test,tgt_interaction_exponential,interaction,exponential,149,201649,1.0,1000,10,data/tasks/test_tgt_interaction_exponential_0149.npz
test_tgt_interaction_exponential_0150,test,tgt_interaction_exponential,interaction,exponential,150,201650,0.0,1000,10,data/tasks/test_tgt_interaction_exponential_0150.npz
test_tgt_interaction_exponential_0151,test,tgt_interaction_exponential,interaction,exponential,151,201651,0.25,1000,10,data/tasks/test_tgt_interaction_exponential_0151.npz
test_tgt_interaction_exponential_0152,test,tgt_interaction_exponential,interaction,exponential,152,201652,0.5,1000,10,data/tasks/test_tgt_interaction_exponential_0152.npz
test_tgt_interaction_exponential_0153,test,tgt_interaction_exponential,interaction,exponential,153,201653,0.75,1000,10,data/tasks/test_tgt_interaction_exponential_0153.npz
test_tgt_interaction_exponential_0154,test,tgt_interaction_exponential,interaction,exponential,154,201654,1.0,1000,10,data/tasks/test_tgt_interaction_exponential_0154.npz
test_tgt_interaction_exponential_0155,test,tgt_interaction_exponential,interaction,exponential,155,201655,0.0,1000,10,data/tasks/test_tgt_interaction_exponential_0155.npz
test_tgt_interaction_exponential_0156,test,tgt_interaction_exponential,interaction,exponential,156,201656,0.25,1000,10,data/tasks/test_tgt_interaction_exponential_0156.npz
test_tgt_interaction_exponential_0157,test,tgt_interaction_exponential,interaction,exponential,157,201657,0.5,1000,10,data/tasks/test_tgt_interaction_exponential_0157.npz
test_tgt_interaction_exponential_0158,test,tgt_interaction_exponential,interaction,exponential,158,201658,0.75,1000,10,data/tasks/test_tgt_interaction_exponential_0158.npz
test_tgt_interaction_exponential_0159,test,tgt_interaction_exponential,interaction,exponential,159,201659,1.0,1000,10,data/tasks/test_tgt_interaction_exponential_0159.npz
test_tgt_interaction_exponential_0160,test,tgt_interaction_exponential,interaction,exponential,160,201660,0.0,1000,10,data/tasks/test_tgt_interaction_exponential_0160.npz
test_tgt_interaction_exponential_0161,test,tgt_interaction_exponential,interaction,exponential,161,201661,0.25,1000,10,data/tasks/test_tgt_interaction_exponential_0161.npz
test_tgt_interaction_exponential_0162,test,tgt_interaction_exponential,interaction,exponential,162,201662,0.5,1000,10,data/tasks/test_tgt_interaction_exponential_0162.npz
test_tgt_interaction_exponential_0163,test,tgt_interaction_exponential,interaction,exponential,163,201663,0.75,1000,10,data/tasks/test_tgt_interaction_exponential_0163.npz
test_tgt_interaction_exponential_0164,test,tgt_interaction_exponential,interaction,exponential,164,201664,1.0,1000,10,data/tasks/test_tgt_interaction_exponential_0164.npz
test_tgt_interaction_exponential_0165,test,tgt_interaction_exponential,interaction,exponential,165,201665,0.0,1000,10,data/tasks/test_tgt_interaction_exponential_0165.npz
test_tgt_interaction_exponential_0166,test,tgt_interaction_exponential,interaction,exponential,166,201666,0.25,1000,10,data/tasks/test_tgt_interaction_exponential_0166.npz
test_tgt_interaction_exponential_0167,test,tgt_interaction_exponential,interaction,exponential,167,201667,0.5,1000,10,data/tasks/test_tgt_interaction_exponential_0167.npz
test_tgt_interaction_exponential_0168,test,tgt_interaction_exponential,interaction,exponential,168,201668,0.75,1000,10,data/tasks/test_tgt_interaction_exponential_0168.npz
test_tgt_interaction_exponential_0169,test,tgt_interaction_exponential,interaction,exponential,169,201669,1.0,1000,10,data/tasks/test_tgt_interaction_exponential_0169.npz
test_tgt_interaction_exponential_0170,test,tgt_interaction_exponential,interaction,exponential,170,201670,0.0,1000,10,data/tasks/test_tgt_interaction_exponential_0170.npz
test_tgt_interaction_exponential_0171,test,tgt_interaction_exponential,interaction,exponential,171,201671,0.25,1000,10,data/tasks/test_tgt_interaction_exponential_0171.npz
test_tgt_interaction_exponential_0172,test,tgt_interaction_exponential,interaction,exponential,172,201672,0.5,1000,10,data/tasks/test_tgt_interaction_exponential_0172.npz
test_tgt_interaction_exponential_0173,test,tgt_interaction_exponential,interaction,exponential,173,201673,0.75,1000,10,data/tasks/test_tgt_interaction_exponential_0173.npz
test_tgt_interaction_exponential_0174,test,tgt_interaction_exponential,interaction,exponential,174,201674,1.0,1000,10,data/tasks/test_tgt_interaction_exponential_0174.npz
test_tgt_interaction_exponential_0175,test,tgt_interaction_exponential,interaction,exponential,175,201675,0.0,1000,10,data/tasks/test_tgt_interaction_exponential_0175.npz
test_tgt_interaction_exponential_0176,test,tgt_interaction_exponential,interaction,exponential,176,201676,0.25,1000,10,data/tasks/test_tgt_interaction_exponential_0176.npz
test_tgt_interaction_exponential_0177,test,tgt_interaction_exponential,interaction,exponential,177,201677,0.5,1000,10,data/tasks/test_tgt_interaction_exponential_0177.npz
test_tgt_interaction_exponential_0178,test,tgt_interaction_exponential,interaction,exponential,178,201678,0.75,1000,10,data/tasks/test_tgt_interaction_exponential_0178.npz
test_tgt_interaction_exponential_0179,test,tgt_interaction_exponential,interaction,exponential,179,201679,1.0,1000,10,data/tasks/test_tgt_interaction_exponential_0179.npz
test_tgt_interaction_exponential_0180,test,tgt_interaction_exponential,interaction,exponential,180,201680,0.0,1000,10,data/tasks/test_tgt_interaction_exponential_0180.npz
test_tgt_interaction_exponential_0181,test,tgt_interaction_exponential,interaction,exponential,181,201681,0.25,1000,10,data/tasks/test_tgt_interaction_exponential_0181.npz
test_tgt_interaction_exponential_0182,test,tgt_interaction_exponential,interaction,exponential,182,201682,0.5,1000,10,data/tasks/test_tgt_interaction_exponential_0182.npz
test_tgt_interaction_exponential_0183,test,tgt_interaction_exponential,interaction,exponential,183,201683,0.75,1000,10,data/tasks/test_tgt_interaction_exponential_0183.npz
test_tgt_interaction_exponential_0184,test,tgt_interaction_exponential,interaction,exponential,184,201684,1.0,1000,10,data/tasks/test_tgt_interaction_exponential_0184.npz
test_tgt_interaction_exponential_0185,test,tgt_interaction_exponential,interaction,exponential,185,201685,0.0,1000,10,data/tasks/test_tgt_interaction_exponential_0185.npz
test_tgt_interaction_exponential_0186,test,tgt_interaction_exponential,interaction,exponential,186,201686,0.25,1000,10,data/tasks/test_tgt_interaction_exponential_0186.npz
test_tgt_interaction_exponential_0187,test,tgt_interaction_exponential,interaction,exponential,187,201687,0.5,1000,10,data/tasks/test_tgt_interaction_exponential_0187.npz
test_tgt_interaction_exponential_0188,test,tgt_interaction_exponential,interaction,exponential,188,201688,0.75,1000,10,data/tasks/test_tgt_interaction_exponential_0188.npz
test_tgt_interaction_exponential_0189,test,tgt_interaction_exponential,interaction,exponential,189,201689,1.0,1000,10,data/tasks/test_tgt_interaction_exponential_0189.npz
test_tgt_interaction_exponential_0190,test,tgt_interaction_exponential,interaction,exponential,190,201690,0.0,1000,10,data/tasks/test_tgt_interaction_exponential_0190.npz
test_tgt_interaction_exponential_0191,test,tgt_interaction_exponential,interaction,exponential,191,201691,0.25,1000,10,data/tasks/test_tgt_interaction_exponential_0191.npz
test_tgt_interaction_exponential_0192,test,tgt_interaction_exponential,interaction,exponential,192,201692,0.5,1000,10,data/tasks/test_tgt_interaction_exponential_0192.npz
test_tgt_interaction_exponential_0193,test,tgt_interaction_exponential,interaction,exponential,193,201693,0.75,1000,10,data/tasks/test_tgt_interaction_exponential_0193.npz
test_tgt_interaction_exponential_0194,test,tgt_interaction_exponential,interaction,exponential,194,201694,1.0,1000,10,data/tasks/test_tgt_interaction_exponential_0194.npz
test_tgt_interaction_exponential_0195,test,tgt_interaction_exponential,interaction,exponential,195,201695,0.0,1000,10,data/tasks/test_tgt_interaction_exponential_0195.npz
test_tgt_interaction_exponential_0196,test,tgt_interaction_exponential,interaction,exponential,196,201696,0.25,1000,10,data/tasks/test_tgt_interaction_exponential_0196.npz
test_tgt_interaction_exponential_0197,test,tgt_interaction_exponential,interaction,exponential,197,201697,0.5,1000,10,data/tasks/test_tgt_interaction_exponential_0197.npz
test_tgt_interaction_exponential_0198,test,tgt_interaction_exponential,interaction,exponential,198,201698,0.75,1000,10,data/tasks/test_tgt_interaction_exponential_0198.npz
test_tgt_interaction_exponential_0199,test,tgt_interaction_exponential,interaction,exponential,199,201699,1.0,1000,10,data/tasks/test_tgt_interaction_exponential_0199.npz
test_tgt_interaction_exponential_0200,test,tgt_interaction_exponential,interaction,exponential,200,201700,0.0,1000,10,data/tasks/test_tgt_interaction_exponential_0200.npz
test_tgt_interaction_exponential_0201,test,tgt_interaction_exponential,interaction,exponential,201,201701,0.25,1000,10,data/tasks/test_tgt_interaction_exponential_0201.npz
test_tgt_interaction_exponential_0202,test,tgt_interaction_exponential,interaction,exponential,202,201702,0.5,1000,10,data/tasks/test_tgt_interaction_exponential_0202.npz
test_tgt_interaction_exponential_0203,test,tgt_interaction_exponential,interaction,exponential,203,201703,0.75,1000,10,data/tasks/test_tgt_interaction_exponential_0203.npz
test_tgt_interaction_exponential_0204,test,tgt_interaction_exponential,interaction,exponential,204,201704,1.0,1000,10,data/tasks/test_tgt_interaction_exponential_0204.npz
test_tgt_interaction_exponential_0205,test,tgt_interaction_exponential,interaction,exponential,205,201705,0.0,1000,10,data/tasks/test_tgt_interaction_exponential_0205.npz
test_tgt_interaction_exponential_0206,test,tgt_interaction_exponential,interaction,exponential,206,201706,0.25,1000,10,data/tasks/test_tgt_interaction_exponential_0206.npz
test_tgt_interaction_exponential_0207,test,tgt_interaction_exponential,interaction,exponential,207,201707,0.5,1000,10,data/tasks/test_tgt_interaction_exponential_0207.npz
test_tgt_interaction_exponential_0208,test,tgt_interaction_exponential,interaction,exponential,208,201708,0.75,1000,10,data/tasks/test_tgt_interaction_exponential_0208.npz
test_tgt_interaction_exponential_0209,test,tgt_interaction_exponential,interaction,exponential,209,201709,1.0,1000,10,data/tasks/test_tgt_interaction_exponential_0209.npz
test_tgt_interaction_exponential_0210,test,tgt_interaction_exponential,interaction,exponential,210,201710,0.0,1000,10,data/tasks/test_tgt_interaction_exponential_0210.npz
test_tgt_interaction_exponential_0211,test,tgt_interaction_exponential,interaction,exponential,211,201711,0.25,1000,10,data/tasks/test_tgt_interaction_exponential_0211.npz
test_tgt_interaction_exponential_0212,test,tgt_interaction_exponential,interaction,exponential,212,201712,0.5,1000,10,data/tasks/test_tgt_interaction_exponential_0212.npz
test_tgt_interaction_exponential_0213,test,tgt_interaction_exponential,interaction,exponential,213,201713,0.75,1000,10,data/tasks/test_tgt_interaction_exponential_0213.npz
test_tgt_interaction_exponential_0214,test,tgt_interaction_exponential,interaction,exponential,214,201714,1.0,1000,10,data/tasks/test_tgt_interaction_exponential_0214.npz
test_tgt_interaction_exponential_0215,test,tgt_interaction_exponential,interaction,exponential,215,201715,0.0,1000,10,data/tasks/test_tgt_interaction_exponential_0215.npz
test_tgt_interaction_exponential_0216,test,tgt_interaction_exponential,interaction,exponential,216,201716,0.25,1000,10,data/tasks/test_tgt_interaction_exponential_0216.npz
test_tgt_interaction_exponential_0217,test,tgt_interaction_exponential,interaction,exponential,217,201717,0.5,1000,10,data/tasks/test_tgt_interaction_exponential_0217.npz
test_tgt_interaction_exponential_0218,test,tgt_interaction_exponential,interaction,exponential,218,201718,0.75,1000,10,data/tasks/test_tgt_interaction_exponential_0218.npz
test_tgt_interaction_exponential_0219,test,tgt_interaction_exponential,interaction,exponential,219,201719,1.0,1000,10,data/tasks/test_tgt_interaction_exponential_0219.npz
test_tgt_interaction_exponential_0220,test,tgt_interaction_exponential,interaction,exponential,220,201720,0.0,1000,10,data/tasks/test_tgt_interaction_exponential_0220.npz
test_tgt_interaction_exponential_0221,test,tgt_interaction_exponential,interaction,exponential,221,201721,0.25,1000,10,data/tasks/test_tgt_interaction_exponential_0221.npz
test_tgt_interaction_exponential_0222,test,tgt_interaction_exponential,interaction,exponential,222,201722,0.5,1000,10,data/tasks/test_tgt_interaction_exponential_0222.npz
test_tgt_interaction_exponential_0223,test,tgt_interaction_exponential,interaction,exponential,223,201723,0.75,1000,10,data/tasks/test_tgt_interaction_exponential_0223.npz
test_tgt_interaction_exponential_0224,test,tgt_interaction_exponential,interaction,exponential,224,201724,1.0,1000,10,data/tasks/test_tgt_interaction_exponential_0224.npz
test_tgt_interaction_exponential_0225,test,tgt_interaction_exponential,interaction,exponential,225,201725,0.0,1000,10,data/tasks/test_tgt_interaction_exponential_0225.npz
test_tgt_interaction_exponential_0226,test,tgt_interaction_exponential,interaction,exponential,226,201726,0.25,1000,10,data/tasks/test_tgt_interaction_exponential_0226.npz
test_tgt_interaction_exponential_0227,test,tgt_interaction_exponential,interaction,exponential,227,201727,0.5,1000,10,data/tasks/test_tgt_interaction_exponential_0227.npz
test_tgt_interaction_exponential_0228,test,tgt_interaction_exponential,interaction,exponential,228,201728,0.75,1000,10,data/tasks/test_tgt_interaction_exponential_0228.npz
test_tgt_interaction_exponential_0229,test,tgt_interaction_exponential,interaction,exponential,229,201729,1.0,1000,10,data/tasks/test_tgt_interaction_exponential_0229.npz
test_tgt_interaction_exponential_0230,test,tgt_interaction_exponential,interaction,exponential,230,201730,0.0,1000,10,data/tasks/test_tgt_interaction_exponential_0230.npz
test_tgt_interaction_exponential_0231,test,tgt_interaction_exponential,interaction,exponential,231,201731,0.25,1000,10,data/tasks/test_tgt_interaction_exponential_0231.npz
test_tgt_interaction_exponential_0232,test,tgt_interaction_exponential,interaction,exponential,232,201732,0.5,1000,10,data/tasks/test_tgt_interaction_exponential_0232.npz
test_tgt_interaction_exponential_0233,test,tgt_interaction_exponential,interaction,exponential,233,201733,0.75,1000,10,data/tasks/test_tgt_interaction_exponential_0233.npz
test_tgt_interaction_exponential_0234,test,tgt_interaction_exponential,interaction,exponential,234,201734,1.0,1000,10,data/tasks/test_tgt_interaction_exponential_0234.npz
test_tgt_interaction_exponential_0235,test,tgt_interaction_exponential,interaction,exponential,235,201735,0.0,1000,10,data/tasks/test_tgt_interaction_exponential_0235.npz
test_tgt_interaction_exponential_0236,test,tgt_interaction_exponential,interaction,exponential,236,201736,0.25,1000,10,data/tasks/test_tgt_interaction_exponential_0236.npz
test_tgt_interaction_exponential_0237,test,tgt_interaction_exponential,interaction,exponential,237,201737,0.5,1000,10,data/tasks/test_tgt_interaction_exponential_0237.npz
test_tgt_interaction_exponential_0238,test,tgt_interaction_exponential,interaction,exponential,238,201738,0.75,1000,10,data/tasks/test_tgt_interaction_exponential_0238.npz
test_tgt_interaction_exponential_0239,test,tgt_interaction_exponential,interaction,exponential,239,201739,1.0,1000,10,data/tasks/test_tgt_interaction_exponential_0239.npz
test_tgt_interaction_exponential_0240,test,tgt_interaction_exponential,interaction,exponential,240,201740,0.0,1000,10,data/tasks/test_tgt_interaction_exponential_0240.npz
test_tgt_interaction_exponential_0241,test,tgt_interaction_exponential,interaction,exponential,241,201741,0.25,1000,10,data/tasks/test_tgt_interaction_exponential_0241.npz
test_tgt_interaction_exponential_0242,test,tgt_interaction_exponential,interaction,exponential,242,201742,0.5,1000,10,data/tasks/test_tgt_interaction_exponential_0242.npz
test_tgt_interaction_exponential_0243,test,tgt_interaction_exponential,interaction,exponential,243,201743,0.75,1000,10,data/tasks/test_tgt_interaction_exponential_0243.npz
test_tgt_interaction_exponential_0244,test,tgt_interaction_exponential,interaction,exponential,244,201744,1.0,1000,10,data/tasks/test_tgt_interaction_exponential_0244.npz
test_tgt_interaction_exponential_0245,test,tgt_interaction_exponential,interaction,exponential,245,201745,0.0,1000,10,data/tasks/test_tgt_interaction_exponential_0245.npz
test_tgt_interaction_exponential_0246,test,tgt_interaction_exponential,interaction,exponential,246,201746,0.25,1000,10,data/tasks/test_tgt_interaction_exponential_0246.npz
test_tgt_interaction_exponential_0247,test,tgt_interaction_exponential,interaction,exponential,247,201747,0.5,1000,10,data/tasks/test_tgt_interaction_exponential_0247.npz
test_tgt_interaction_exponential_0248,test,tgt_interaction_exponential,interaction,exponential,248,201748,0.75,1000,10,data/tasks/test_tgt_interaction_exponential_0248.npz
test_tgt_interaction_exponential_0249,test,tgt_interaction_exponential,interaction,exponential,249,201749,1.0,1000,10,data/tasks/test_tgt_interaction_exponential_0249.npz
test_tgt_interaction_exponential_0250,test,tgt_interaction_exponential,interaction,exponential,250,201750,0.0,1000,10,data/tasks/test_tgt_interaction_exponential_0250.npz
test_tgt_interaction_exponential_0251,test,tgt_interaction_exponential,interaction,exponential,251,201751,0.25,1000,10,data/tasks/test_tgt_interaction_exponential_0251.npz
test_tgt_interaction_exponential_0252,test,tgt_interaction_exponential,interaction,exponential,252,201752,0.5,1000,10,data/tasks/test_tgt_interaction_exponential_0252.npz
test_tgt_interaction_exponential_0253,test,tgt_interaction_exponential,interaction,exponential,253,201753,0.75,1000,10,data/tasks/test_tgt_interaction_exponential_0253.npz
test_tgt_interaction_exponential_0254,test,tgt_interaction_exponential,interaction,exponential,254,201754,1.0,1000,10,data/tasks/test_tgt_interaction_exponential_0254.npz
test_tgt_interaction_exponential_0255,test,tgt_interaction_exponential,interaction,exponential,255,201755,0.0,1000,10,data/tasks/test_tgt_interaction_exponential_0255.npz
test_tgt_interaction_exponential_0256,test,tgt_interaction_exponential,interaction,exponential,256,201756,0.25,1000,10,data/tasks/test_tgt_interaction_exponential_0256.npz
test_tgt_interaction_exponential_0257,test,tgt_interaction_exponential,interaction,exponential,257,201757,0.5,1000,10,data/tasks/test_tgt_interaction_exponential_0257.npz
test_tgt_interaction_exponential_0258,test,tgt_interaction_exponential,interaction,exponential,258,201758,0.75,1000,10,data/tasks/test_tgt_interaction_exponential_0258.npz
test_tgt_interaction_exponential_0259,test,tgt_interaction_exponential,interaction,exponential,259,201759,1.0,1000,10,data/tasks/test_tgt_interaction_exponential_0259.npz
test_tgt_interaction_exponential_0260,test,tgt_interaction_exponential,interaction,exponential,260,201760,0.0,1000,10,data/tasks/test_tgt_interaction_exponential_0260.npz
test_tgt_interaction_exponential_0261,test,tgt_interaction_exponential,interaction,exponential,261,201761,0.25,1000,10,data/tasks/test_tgt_interaction_exponential_0261.npz
test_tgt_interaction_exponential_0262,test,tgt_interaction_exponential,interaction,exponential,262,201762,0.5,1000,10,data/tasks/test_tgt_interaction_exponential_0262.npz
test_tgt_interaction_exponential_0263,test,tgt_interaction_exponential,interaction,exponential,263,201763,0.75,1000,10,data/tasks/test_tgt_interaction_exponential_0263.npz
test_tgt_interaction_exponential_0264,test,tgt_interaction_exponential,interaction,exponential,264,201764,1.0,1000,10,data/tasks/test_tgt_interaction_exponential_0264.npz
test_tgt_interaction_exponential_0265,test,tgt_interaction_exponential,interaction,exponential,265,201765,0.0,1000,10,data/tasks/test_tgt_interaction_exponential_0265.npz
test_tgt_interaction_exponential_0266,test,tgt_interaction_exponential,interaction,exponential,266,201766,0.25,1000,10,data/tasks/test_tgt_interaction_exponential_0266.npz
test_tgt_interaction_exponential_0267,test,tgt_interaction_exponential,interaction,exponential,267,201767,0.5,1000,10,data/tasks/test_tgt_interaction_exponential_0267.npz
test_tgt_interaction_exponential_0268,test,tgt_interaction_exponential,interaction,exponential,268,201768,0.75,1000,10,data/tasks/test_tgt_interaction_exponential_0268.npz
test_tgt_interaction_exponential_0269,test,tgt_interaction_exponential,interaction,exponential,269,201769,1.0,1000,10,data/tasks/test_tgt_interaction_exponential_0269.npz
test_tgt_interaction_exponential_0270,test,tgt_interaction_exponential,interaction,exponential,270,201770,0.0,1000,10,data/tasks/test_tgt_interaction_exponential_0270.npz
test_tgt_interaction_exponential_0271,test,tgt_interaction_exponential,interaction,exponential,271,201771,0.25,1000,10,data/tasks/test_tgt_interaction_exponential_0271.npz
test_tgt_interaction_exponential_0272,test,tgt_interaction_exponential,interaction,exponential,272,201772,0.5,1000,10,data/tasks/test_tgt_interaction_exponential_0272.npz
test_tgt_interaction_exponential_0273,test,tgt_interaction_exponential,interaction,exponential,273,201773,0.75,1000,10,data/tasks/test_tgt_interaction_exponential_0273.npz
test_tgt_interaction_exponential_0274,test,tgt_interaction_exponential,interaction,exponential,274,201774,1.0,1000,10,data/tasks/test_tgt_interaction_exponential_0274.npz
test_tgt_interaction_exponential_0275,test,tgt_interaction_exponential,interaction,exponential,275,201775,0.0,1000,10,data/tasks/test_tgt_interaction_exponential_0275.npz
test_tgt_interaction_exponential_0276,test,tgt_interaction_exponential,interaction,exponential,276,201776,0.25,1000,10,data/tasks/test_tgt_interaction_exponential_0276.npz
test_tgt_interaction_exponential_0277,test,tgt_interaction_exponential,interaction,exponential,277,201777,0.5,1000,10,data/tasks/test_tgt_interaction_exponential_0277.npz
test_tgt_interaction_exponential_0278,test,tgt_interaction_exponential,interaction,exponential,278,201778,0.75,1000,10,data/tasks/test_tgt_interaction_exponential_0278.npz
test_tgt_interaction_exponential_0279,test,tgt_interaction_exponential,interaction,exponential,279,201779,1.0,1000,10,data/tasks/test_tgt_interaction_exponential_0279.npz
test_tgt_interaction_exponential_0280,test,tgt_interaction_exponential,interaction,exponential,280,201780,0.0,1000,10,data/tasks/test_tgt_interaction_exponential_0280.npz
test_tgt_interaction_exponential_0281,test,tgt_interaction_exponential,interaction,exponential,281,201781,0.25,1000,10,data/tasks/test_tgt_interaction_exponential_0281.npz
test_tgt_interaction_exponential_0282,test,tgt_interaction_exponential,interaction,exponential,282,201782,0.5,1000,10,data/tasks/test_tgt_interaction_exponential_0282.npz
test_tgt_interaction_exponential_0283,test,tgt_interaction_exponential,interaction,exponential,283,201783,0.75,1000,10,data/tasks/test_tgt_interaction_exponential_0283.npz
test_tgt_interaction_exponential_0284,test,tgt_interaction_exponential,interaction,exponential,284,201784,1.0,1000,10,data/tasks/test_tgt_interaction_exponential_0284.npz
test_tgt_interaction_exponential_0285,test,tgt_interaction_exponential,interaction,exponential,285,201785,0.0,1000,10,data/tasks/test_tgt_interaction_exponential_0285.npz
test_tgt_interaction_exponential_0286,test,tgt_interaction_exponential,interaction,exponential,286,201786,0.25,1000,10,data/tasks/test_tgt_interaction_exponential_0286.npz
test_tgt_interaction_exponential_0287,test,tgt_interaction_exponential,interaction,exponential,287,201787,0.5,1000,10,data/tasks/test_tgt_interaction_exponential_0287.npz
test_tgt_interaction_exponential_0288,test,tgt_interaction_exponential,interaction,exponential,288,201788,0.75,1000,10,data/tasks/test_tgt_interaction_exponential_0288.npz
test_tgt_interaction_exponential_0289,test,tgt_interaction_exponential,interaction,exponential,289,201789,1.0,1000,10,data/tasks/test_tgt_interaction_exponential_0289.npz
test_tgt_interaction_exponential_0290,test,tgt_interaction_exponential,interaction,exponential,290,201790,0.0,1000,10,data/tasks/test_tgt_interaction_exponential_0290.npz
test_tgt_interaction_exponential_0291,test,tgt_interaction_exponential,interaction,exponential,291,201791,0.25,1000,10,data/tasks/test_tgt_interaction_exponential_0291.npz
test_tgt_interaction_exponential_0292,test,tgt_interaction_exponential,interaction,exponential,292,201792,0.5,1000,10,data/tasks/test_tgt_interaction_exponential_0292.npz
test_tgt_interaction_exponential_0293,test,tgt_interaction_exponential,interaction,exponential,293,201793,0.75,1000,10,data/tasks/test_tgt_interaction_exponential_0293.npz
test_tgt_interaction_exponential_0294,test,tgt_interaction_exponential,interaction,exponential,294,201794,1.0,1000,10,data/tasks/test_tgt_interaction_exponential_0294.npz
test_tgt_interaction_exponential_0295,test,tgt_interaction_exponential,interaction,exponential,295,201795,0.0,1000,10,data/tasks/test_tgt_interaction_exponential_0295.npz
test_tgt_interaction_exponential_0296,test,tgt_interaction_exponential,interaction,exponential,296,201796,0.25,1000,10,data/tasks/test_tgt_interaction_exponential_0296.npz
test_tgt_interaction_exponential_0297,test,tgt_interaction_exponential,interaction,exponential,297,201797,0.5,1000,10,data/tasks/test_tgt_interaction_exponential_0297.npz
test_tgt_interaction_exponential_0298,test,tgt_interaction_exponential,interaction,exponential,298,201798,0.75,1000,10,data/tasks/test_tgt_interaction_exponential_0298.npz
test_tgt_interaction_exponential_0299,test,tgt_interaction_exponential,interaction,exponential,299,201799,1.0,1000,10,data/tasks/test_tgt_interaction_exponential_0299.npz
